git_commit,implementation,implementation_description,sequence_length,rows,columns,dtype,scale,warmups,iterations,sample_index,latency_us,launch_block_size,compile_warmups,gpu_name,compute_capability,pytorch_version,cuda_version,timestamp
8f07d7628872550df76990a4fc711d1c84c14c8b,row_serial,one-thread-per-row custom CUDA; header-only CUDA 12.8 compatibility include applied,128,1024,128,float32,0.125,25,100,0,176.09600722789764,,0,Tesla T4,7.5,2.11.0+cu128,12.8,2026-08-23T19:14:24.529277+00:00
8f07d7628872550df76990a4fc711d1c84c14c8b,row_serial,one-thread-per-row custom CUDA; header-only CUDA 12.8 compatibility include applied,128,1024,128,float32,0.125,25,100,1,156.95999562740326,,0,Tesla T4,7.5,2.11.0+cu128,12.8,2026-08-23T19:14:24.529277+00:00
8f07d7628872550df76990a4fc711d1c84c14c8b,row_serial,one-thread-per-row custom CUDA; header-only CUDA 12.8 compatibility include applied,128,1024,128,float32,0.125,25,100,2,168.16000640392303,,0,Tesla T4,7.5,2.11.0+cu128,12.8,2026-08-23T19:14:24.529277+00:00
8f07d7628872550df76990a4fc711d1c84c14c8b,row_serial,one-thread-per-row custom CUDA; header-only CUDA 12.8 compatibility include applied,128,1024,128,float32,0.125,25,100,3,153.9520025253296,,0,Tesla T4,7.5,2.11.0+cu128,12.8,2026-08-23T19:14:24.529277+00:00
8f07d7628872550df76990a4fc711d1c84c14c8b,row_serial,one-thread-per-row custom CUDA; header-only CUDA 12.8 compatibility include applied,128,1024,128,float32,0.125,25,100,4,151.5199989080429,,0,Tesla T4,7.5,2.11.0+cu128,12.8,2026-08-23T19:14:24.529277+00:00
8f07d7628872550df76990a4fc711d1c84c14c8b,row_serial,one-thread-per-row custom CUDA; header-only CUDA 12.8 compatibility include applied,128,1024,128,float32,0.125,25,100,5,150.84800124168396,,0,Tesla T4,7.5,2.11.0+cu128,12.8,2026-08-23T19:14:24.529277+00:00
8f07d7628872550df76990a4fc711d1c84c14c8b,row_serial,one-thread-per-row custom CUDA; header-only CUDA 12.8 compatibility include applied,128,1024,128,float32,0.125,25,100,6,151.16800367832184,,0,Tesla T4,7.5,2.11.0+cu128,12.8,2026-08-23T19:14:24.529277+00:00
8f07d7628872550df76990a4fc711d1c84c14c8b,row_serial,one-thread-per-row custom CUDA; header-only CUDA 12.8 compatibility include applied,128,1024,128,float32,0.125,25,100,7,164.06400501728058,,0,Tesla T4,7.5,2.11.0+cu128,12.8,2026-08-23T19:14:24.529277+00:00
8f07d7628872550df76990a4fc711d1c84c14c8b,row_serial,one-thread-per-row custom CUDA; header-only CUDA 12.8 compatibility include applied,128,1024,128,float32,0.125,25,100,8,149.50400590896606,,0,Tesla T4,7.5,2.11.0+cu128,12.8,2026-08-23T19:14:24.529277+00:00
8f07d7628872550df76990a4fc711d1c84c14c8b,row_serial,one-thread-per-row custom CUDA; header-only CUDA 12.8 compatibility include applied,128,1024,128,float32,0.125,25,100,9,151.5520066022873,,0,Tesla T4,7.5,2.11.0+cu128,12.8,2026-08-23T19:14:24.529277+00:00
8f07d7628872550df76990a4fc711d1c84c14c8b,row_serial,one-thread-per-row custom CUDA; header-only CUDA 12.8 compatibility include applied,128,1024,128,float32,0.125,25,100,10,150.14399588108063,,0,Tesla T4,7.5,2.11.0+cu128,12.8,2026-08-23T19:14:24.529277+00:00
8f07d7628872550df76990a4fc711d1c84c14c8b,row_serial,one-thread-per-row custom CUDA; header-only CUDA 12.8 compatibility include applied,128,1024,128,float32,0.125,25,100,11,149.47199821472168,,0,Tesla T4,7.5,2.11.0+cu128,12.8,2026-08-23T19:14:24.529277+00:00
8f07d7628872550df76990a4fc711d1c84c14c8b,row_serial,one-thread-per-row custom CUDA; header-only CUDA 12.8 compatibility include applied,128,1024,128,float32,0.125,25,100,12,149.24800395965576,,0,Tesla T4,7.5,2.11.0+cu128,12.8,2026-08-23T19:14:24.529277+00:00
8f07d7628872550df76990a4fc711d1c84c14c8b,row_serial,one-thread-per-row custom CUDA; header-only CUDA 12.8 compatibility include applied,128,1024,128,float32,0.125,25,100,13,161.53599321842194,,0,Tesla T4,7.5,2.11.0+cu128,12.8,2026-08-23T19:14:24.529277+00:00
8f07d7628872550df76990a4fc711d1c84c14c8b,row_serial,one-thread-per-row custom CUDA; header-only CUDA 12.8 compatibility include applied,128,1024,128,float32,0.125,25,100,14,149.56800639629364,,0,Tesla T4,7.5,2.11.0+cu128,12.8,2026-08-23T19:14:24.529277+00:00
8f07d7628872550df76990a4fc711d1c84c14c8b,row_serial,one-thread-per-row custom CUDA; header-only CUDA 12.8 compatibility include applied,128,1024,128,float32,0.125,25,100,15,149.50400590896606,,0,Tesla T4,7.5,2.11.0+cu128,12.8,2026-08-23T19:14:24.529277+00:00
8f07d7628872550df76990a4fc711d1c84c14c8b,row_serial,one-thread-per-row custom CUDA; header-only CUDA 12.8 compatibility include applied,128,1024,128,float32,0.125,25,100,16,149.72800016403198,,0,Tesla T4,7.5,2.11.0+cu128,12.8,2026-08-23T19:14:24.529277+00:00
8f07d7628872550df76990a4fc711d1c84c14c8b,row_serial,one-thread-per-row custom CUDA; header-only CUDA 12.8 compatibility include applied,128,1024,128,float32,0.125,25,100,17,149.56800639629364,,0,Tesla T4,7.5,2.11.0+cu128,12.8,2026-08-23T19:14:24.529277+00:00
8f07d7628872550df76990a4fc711d1c84c14c8b,row_serial,one-thread-per-row custom CUDA; header-only CUDA 12.8 compatibility include applied,128,1024,128,float32,0.125,25,100,18,149.4079977273941,,0,Tesla T4,7.5,2.11.0+cu128,12.8,2026-08-23T19:14:24.529277+00:00
8f07d7628872550df76990a4fc711d1c84c14c8b,row_serial,one-thread-per-row custom CUDA; header-only CUDA 12.8 compatibility include applied,128,1024,128,float32,0.125,25,100,19,159.7760021686554,,0,Tesla T4,7.5,2.11.0+cu128,12.8,2026-08-23T19:14:24.529277+00:00
8f07d7628872550df76990a4fc711d1c84c14c8b,row_serial,one-thread-per-row custom CUDA; header-only CUDA 12.8 compatibility include applied,128,1024,128,float32,0.125,25,100,20,149.9200016260147,,0,Tesla T4,7.5,2.11.0+cu128,12.8,2026-08-23T19:14:24.529277+00:00
8f07d7628872550df76990a4fc711d1c84c14c8b,row_serial,one-thread-per-row custom CUDA; header-only CUDA 12.8 compatibility include applied,128,1024,128,float32,0.125,25,100,21,149.53599870204926,,0,Tesla T4,7.5,2.11.0+cu128,12.8,2026-08-23T19:14:24.529277+00:00
8f07d7628872550df76990a4fc711d1c84c14c8b,row_serial,one-thread-per-row custom CUDA; header-only CUDA 12.8 compatibility include applied,128,1024,128,float32,0.125,25,100,22,150.84800124168396,,0,Tesla T4,7.5,2.11.0+cu128,12.8,2026-08-23T19:14:24.529277+00:00
8f07d7628872550df76990a4fc711d1c84c14c8b,row_serial,one-thread-per-row custom CUDA; header-only CUDA 12.8 compatibility include applied,128,1024,128,float32,0.125,25,100,23,147.74399995803833,,0,Tesla T4,7.5,2.11.0+cu128,12.8,2026-08-23T19:14:24.529277+00:00
8f07d7628872550df76990a4fc711d1c84c14c8b,row_serial,one-thread-per-row custom CUDA; header-only CUDA 12.8 compatibility include applied,128,1024,128,float32,0.125,25,100,24,149.50400590896606,,0,Tesla T4,7.5,2.11.0+cu128,12.8,2026-08-23T19:14:24.529277+00:00
8f07d7628872550df76990a4fc711d1c84c14c8b,row_serial,one-thread-per-row custom CUDA; header-only CUDA 12.8 compatibility include applied,128,1024,128,float32,0.125,25,100,25,158.01599621772766,,0,Tesla T4,7.5,2.11.0+cu128,12.8,2026-08-23T19:14:24.529277+00:00
8f07d7628872550df76990a4fc711d1c84c14c8b,row_serial,one-thread-per-row custom CUDA; header-only CUDA 12.8 compatibility include applied,128,1024,128,float32,0.125,25,100,26,149.50400590896606,,0,Tesla T4,7.5,2.11.0+cu128,12.8,2026-08-23T19:14:24.529277+00:00
8f07d7628872550df76990a4fc711d1c84c14c8b,row_serial,one-thread-per-row custom CUDA; header-only CUDA 12.8 compatibility include applied,128,1024,128,float32,0.125,25,100,27,151.5199989080429,,0,Tesla T4,7.5,2.11.0+cu128,12.8,2026-08-23T19:14:24.529277+00:00
8f07d7628872550df76990a4fc711d1c84c14c8b,row_serial,one-thread-per-row custom CUDA; header-only CUDA 12.8 compatibility include applied,128,1024,128,float32,0.125,25,100,28,150.84800124168396,,0,Tesla T4,7.5,2.11.0+cu128,12.8,2026-08-23T19:14:24.529277+00:00
8f07d7628872550df76990a4fc711d1c84c14c8b,row_serial,one-thread-per-row custom CUDA; header-only CUDA 12.8 compatibility include applied,128,1024,128,float32,0.125,25,100,29,149.50400590896606,,0,Tesla T4,7.5,2.11.0+cu128,12.8,2026-08-23T19:14:24.529277+00:00
8f07d7628872550df76990a4fc711d1c84c14c8b,row_serial,one-thread-per-row custom CUDA; header-only CUDA 12.8 compatibility include applied,128,1024,128,float32,0.125,25,100,30,149.6639996767044,,0,Tesla T4,7.5,2.11.0+cu128,12.8,2026-08-23T19:14:24.529277+00:00
8f07d7628872550df76990a4fc711d1c84c14c8b,row_serial,one-thread-per-row custom CUDA; header-only CUDA 12.8 compatibility include applied,128,1024,128,float32,0.125,25,100,31,152.8320014476776,,0,Tesla T4,7.5,2.11.0+cu128,12.8,2026-08-23T19:14:24.529277+00:00
8f07d7628872550df76990a4fc711d1c84c14c8b,row_serial,one-thread-per-row custom CUDA; header-only CUDA 12.8 compatibility include applied,128,1024,128,float32,0.125,25,100,32,149.47199821472168,,0,Tesla T4,7.5,2.11.0+cu128,12.8,2026-08-23T19:14:24.529277+00:00
8f07d7628872550df76990a4fc711d1c84c14c8b,row_serial,one-thread-per-row custom CUDA; header-only CUDA 12.8 compatibility include applied,128,1024,128,float32,0.125,25,100,33,149.6639996767044,,0,Tesla T4,7.5,2.11.0+cu128,12.8,2026-08-23T19:14:24.529277+00:00
8f07d7628872550df76990a4fc711d1c84c14c8b,row_serial,one-thread-per-row custom CUDA; header-only CUDA 12.8 compatibility include applied,128,1024,128,float32,0.125,25,100,34,149.34399724006653,,0,Tesla T4,7.5,2.11.0+cu128,12.8,2026-08-23T19:14:24.529277+00:00
8f07d7628872550df76990a4fc711d1c84c14c8b,row_serial,one-thread-per-row custom CUDA; header-only CUDA 12.8 compatibility include applied,128,1024,128,float32,0.125,25,100,35,149.34399724006653,,0,Tesla T4,7.5,2.11.0+cu128,12.8,2026-08-23T19:14:24.529277+00:00
8f07d7628872550df76990a4fc711d1c84c14c8b,row_serial,one-thread-per-row custom CUDA; header-only CUDA 12.8 compatibility include applied,128,1024,128,float32,0.125,25,100,36,147.48799800872803,,0,Tesla T4,7.5,2.11.0+cu128,12.8,2026-08-23T19:14:24.529277+00:00
8f07d7628872550df76990a4fc711d1c84c14c8b,row_serial,one-thread-per-row custom CUDA; header-only CUDA 12.8 compatibility include applied,128,1024,128,float32,0.125,25,100,37,151.45599842071533,,0,Tesla T4,7.5,2.11.0+cu128,12.8,2026-08-23T19:14:24.529277+00:00
8f07d7628872550df76990a4fc711d1c84c14c8b,row_serial,one-thread-per-row custom CUDA; header-only CUDA 12.8 compatibility include applied,128,1024,128,float32,0.125,25,100,38,149.50400590896606,,0,Tesla T4,7.5,2.11.0+cu128,12.8,2026-08-23T19:14:24.529277+00:00
8f07d7628872550df76990a4fc711d1c84c14c8b,row_serial,one-thread-per-row custom CUDA; header-only CUDA 12.8 compatibility include applied,128,1024,128,float32,0.125,25,100,39,149.50400590896606,,0,Tesla T4,7.5,2.11.0+cu128,12.8,2026-08-23T19:14:24.529277+00:00
8f07d7628872550df76990a4fc711d1c84c14c8b,row_serial,one-thread-per-row custom CUDA; header-only CUDA 12.8 compatibility include applied,128,1024,128,float32,0.125,25,100,40,149.31200444698334,,0,Tesla T4,7.5,2.11.0+cu128,12.8,2026-08-23T19:14:24.529277+00:00
8f07d7628872550df76990a4fc711d1c84c14c8b,row_serial,one-thread-per-row custom CUDA; header-only CUDA 12.8 compatibility include applied,128,1024,128,float32,0.125,25,100,41,150.84800124168396,,0,Tesla T4,7.5,2.11.0+cu128,12.8,2026-08-23T19:14:24.529277+00:00
8f07d7628872550df76990a4fc711d1c84c14c8b,row_serial,one-thread-per-row custom CUDA; header-only CUDA 12.8 compatibility include applied,128,1024,128,float32,0.125,25,100,42,151.8079936504364,,0,Tesla T4,7.5,2.11.0+cu128,12.8,2026-08-23T19:14:24.529277+00:00
8f07d7628872550df76990a4fc711d1c84c14c8b,row_serial,one-thread-per-row custom CUDA; header-only CUDA 12.8 compatibility include applied,128,1024,128,float32,0.125,25,100,43,150.36800503730774,,0,Tesla T4,7.5,2.11.0+cu128,12.8,2026-08-23T19:14:24.529277+00:00
8f07d7628872550df76990a4fc711d1c84c14c8b,row_serial,one-thread-per-row custom CUDA; header-only CUDA 12.8 compatibility include applied,128,1024,128,float32,0.125,25,100,44,149.05600249767303,,0,Tesla T4,7.5,2.11.0+cu128,12.8,2026-08-23T19:14:24.529277+00:00
8f07d7628872550df76990a4fc711d1c84c14c8b,row_serial,one-thread-per-row custom CUDA; header-only CUDA 12.8 compatibility include applied,128,1024,128,float32,0.125,25,100,45,147.74399995803833,,0,Tesla T4,7.5,2.11.0+cu128,12.8,2026-08-23T19:14:24.529277+00:00
8f07d7628872550df76990a4fc711d1c84c14c8b,row_serial,one-thread-per-row custom CUDA; header-only CUDA 12.8 compatibility include applied,128,1024,128,float32,0.125,25,100,46,149.88799393177032,,0,Tesla T4,7.5,2.11.0+cu128,12.8,2026-08-23T19:14:24.529277+00:00
8f07d7628872550df76990a4fc711d1c84c14c8b,row_serial,one-thread-per-row custom CUDA; header-only CUDA 12.8 compatibility include applied,128,1024,128,float32,0.125,25,100,47,147.67999947071075,,0,Tesla T4,7.5,2.11.0+cu128,12.8,2026-08-23T19:14:24.529277+00:00
8f07d7628872550df76990a4fc711d1c84c14c8b,row_serial,one-thread-per-row custom CUDA; header-only CUDA 12.8 compatibility include applied,128,1024,128,float32,0.125,25,100,48,151.5520066022873,,0,Tesla T4,7.5,2.11.0+cu128,12.8,2026-08-23T19:14:24.529277+00:00
8f07d7628872550df76990a4fc711d1c84c14c8b,row_serial,one-thread-per-row custom CUDA; header-only CUDA 12.8 compatibility include applied,128,1024,128,float32,0.125,25,100,49,149.50400590896606,,0,Tesla T4,7.5,2.11.0+cu128,12.8,2026-08-23T19:14:24.529277+00:00
8f07d7628872550df76990a4fc711d1c84c14c8b,row_serial,one-thread-per-row custom CUDA; header-only CUDA 12.8 compatibility include applied,128,1024,128,float32,0.125,25,100,50,150.52799880504608,,0,Tesla T4,7.5,2.11.0+cu128,12.8,2026-08-23T19:14:24.529277+00:00
8f07d7628872550df76990a4fc711d1c84c14c8b,row_serial,one-thread-per-row custom CUDA; header-only CUDA 12.8 compatibility include applied,128,1024,128,float32,0.125,25,100,51,149.85600113868713,,0,Tesla T4,7.5,2.11.0+cu128,12.8,2026-08-23T19:14:24.529277+00:00
8f07d7628872550df76990a4fc711d1c84c14c8b,row_serial,one-thread-per-row custom CUDA; header-only CUDA 12.8 compatibility include applied,128,1024,128,float32,0.125,25,100,52,149.27999675273895,,0,Tesla T4,7.5,2.11.0+cu128,12.8,2026-08-23T19:14:24.529277+00:00
8f07d7628872550df76990a4fc711d1c84c14c8b,row_serial,one-thread-per-row custom CUDA; header-only CUDA 12.8 compatibility include applied,128,1024,128,float32,0.125,25,100,53,149.47199821472168,,0,Tesla T4,7.5,2.11.0+cu128,12.8,2026-08-23T19:14:24.529277+00:00
8f07d7628872550df76990a4fc711d1c84c14c8b,row_serial,one-thread-per-row custom CUDA; header-only CUDA 12.8 compatibility include applied,128,1024,128,float32,0.125,25,100,54,174.0799993276596,,0,Tesla T4,7.5,2.11.0+cu128,12.8,2026-08-23T19:14:24.529277+00:00
8f07d7628872550df76990a4fc711d1c84c14c8b,row_serial,one-thread-per-row custom CUDA; header-only CUDA 12.8 compatibility include applied,128,1024,128,float32,0.125,25,100,55,151.58399939537048,,0,Tesla T4,7.5,2.11.0+cu128,12.8,2026-08-23T19:14:24.529277+00:00
8f07d7628872550df76990a4fc711d1c84c14c8b,row_serial,one-thread-per-row custom CUDA; header-only CUDA 12.8 compatibility include applied,128,1024,128,float32,0.125,25,100,56,149.75999295711517,,0,Tesla T4,7.5,2.11.0+cu128,12.8,2026-08-23T19:14:24.529277+00:00
8f07d7628872550df76990a4fc711d1c84c14c8b,row_serial,one-thread-per-row custom CUDA; header-only CUDA 12.8 compatibility include applied,128,1024,128,float32,0.125,25,100,57,150.07999539375305,,0,Tesla T4,7.5,2.11.0+cu128,12.8,2026-08-23T19:14:24.529277+00:00
8f07d7628872550df76990a4fc711d1c84c14c8b,row_serial,one-thread-per-row custom CUDA; header-only CUDA 12.8 compatibility include applied,128,1024,128,float32,0.125,25,100,58,151.8079936504364,,0,Tesla T4,7.5,2.11.0+cu128,12.8,2026-08-23T19:14:24.529277+00:00
8f07d7628872550df76990a4fc711d1c84c14c8b,row_serial,one-thread-per-row custom CUDA; header-only CUDA 12.8 compatibility include applied,128,1024,128,float32,0.125,25,100,59,150.11200308799744,,0,Tesla T4,7.5,2.11.0+cu128,12.8,2026-08-23T19:14:24.529277+00:00
8f07d7628872550df76990a4fc711d1c84c14c8b,row_serial,one-thread-per-row custom CUDA; header-only CUDA 12.8 compatibility include applied,128,1024,128,float32,0.125,25,100,60,162.6880019903183,,0,Tesla T4,7.5,2.11.0+cu128,12.8,2026-08-23T19:14:24.529277+00:00
8f07d7628872550df76990a4fc711d1c84c14c8b,row_serial,one-thread-per-row custom CUDA; header-only CUDA 12.8 compatibility include applied,128,1024,128,float32,0.125,25,100,61,152.99199521541595,,0,Tesla T4,7.5,2.11.0+cu128,12.8,2026-08-23T19:14:24.529277+00:00
8f07d7628872550df76990a4fc711d1c84c14c8b,row_serial,one-thread-per-row custom CUDA; header-only CUDA 12.8 compatibility include applied,128,1024,128,float32,0.125,25,100,62,152.6080071926117,,0,Tesla T4,7.5,2.11.0+cu128,12.8,2026-08-23T19:14:24.529277+00:00
8f07d7628872550df76990a4fc711d1c84c14c8b,row_serial,one-thread-per-row custom CUDA; header-only CUDA 12.8 compatibility include applied,128,1024,128,float32,0.125,25,100,63,150.176003575325,,0,Tesla T4,7.5,2.11.0+cu128,12.8,2026-08-23T19:14:24.529277+00:00
8f07d7628872550df76990a4fc711d1c84c14c8b,row_serial,one-thread-per-row custom CUDA; header-only CUDA 12.8 compatibility include applied,128,1024,128,float32,0.125,25,100,64,150.33599734306335,,0,Tesla T4,7.5,2.11.0+cu128,12.8,2026-08-23T19:14:24.529277+00:00
8f07d7628872550df76990a4fc711d1c84c14c8b,row_serial,one-thread-per-row custom CUDA; header-only CUDA 12.8 compatibility include applied,128,1024,128,float32,0.125,25,100,65,151.5520066022873,,0,Tesla T4,7.5,2.11.0+cu128,12.8,2026-08-23T19:14:24.529277+00:00
8f07d7628872550df76990a4fc711d1c84c14c8b,row_serial,one-thread-per-row custom CUDA; header-only CUDA 12.8 compatibility include applied,128,1024,128,float32,0.125,25,100,66,164.32000696659088,,0,Tesla T4,7.5,2.11.0+cu128,12.8,2026-08-23T19:14:24.529277+00:00
8f07d7628872550df76990a4fc711d1c84c14c8b,row_serial,one-thread-per-row custom CUDA; header-only CUDA 12.8 compatibility include applied,128,1024,128,float32,0.125,25,100,67,149.75999295711517,,0,Tesla T4,7.5,2.11.0+cu128,12.8,2026-08-23T19:14:24.529277+00:00
8f07d7628872550df76990a4fc711d1c84c14c8b,row_serial,one-thread-per-row custom CUDA; header-only CUDA 12.8 compatibility include applied,128,1024,128,float32,0.125,25,100,68,149.53599870204926,,0,Tesla T4,7.5,2.11.0+cu128,12.8,2026-08-23T19:14:24.529277+00:00
8f07d7628872550df76990a4fc711d1c84c14c8b,row_serial,one-thread-per-row custom CUDA; header-only CUDA 12.8 compatibility include applied,128,1024,128,float32,0.125,25,100,69,149.1519957780838,,0,Tesla T4,7.5,2.11.0+cu128,12.8,2026-08-23T19:14:24.529277+00:00
8f07d7628872550df76990a4fc711d1c84c14c8b,row_serial,one-thread-per-row custom CUDA; header-only CUDA 12.8 compatibility include applied,128,1024,128,float32,0.125,25,100,70,149.24800395965576,,0,Tesla T4,7.5,2.11.0+cu128,12.8,2026-08-23T19:14:24.529277+00:00
8f07d7628872550df76990a4fc711d1c84c14c8b,row_serial,one-thread-per-row custom CUDA; header-only CUDA 12.8 compatibility include applied,128,1024,128,float32,0.125,25,100,71,149.53599870204926,,0,Tesla T4,7.5,2.11.0+cu128,12.8,2026-08-23T19:14:24.529277+00:00
8f07d7628872550df76990a4fc711d1c84c14c8b,row_serial,one-thread-per-row custom CUDA; header-only CUDA 12.8 compatibility include applied,128,1024,128,float32,0.125,25,100,72,151.36000514030457,,0,Tesla T4,7.5,2.11.0+cu128,12.8,2026-08-23T19:14:24.529277+00:00
8f07d7628872550df76990a4fc711d1c84c14c8b,row_serial,one-thread-per-row custom CUDA; header-only CUDA 12.8 compatibility include applied,128,1024,128,float32,0.125,25,100,73,149.1840034723282,,0,Tesla T4,7.5,2.11.0+cu128,12.8,2026-08-23T19:14:24.529277+00:00
8f07d7628872550df76990a4fc711d1c84c14c8b,row_serial,one-thread-per-row custom CUDA; header-only CUDA 12.8 compatibility include applied,128,1024,128,float32,0.125,25,100,74,149.53599870204926,,0,Tesla T4,7.5,2.11.0+cu128,12.8,2026-08-23T19:14:24.529277+00:00
8f07d7628872550df76990a4fc711d1c84c14c8b,row_serial,one-thread-per-row custom CUDA; header-only CUDA 12.8 compatibility include applied,128,1024,128,float32,0.125,25,100,75,149.53599870204926,,0,Tesla T4,7.5,2.11.0+cu128,12.8,2026-08-23T19:14:24.529277+00:00
8f07d7628872550df76990a4fc711d1c84c14c8b,row_serial,one-thread-per-row custom CUDA; header-only CUDA 12.8 compatibility include applied,128,1024,128,float32,0.125,25,100,76,150.68799257278442,,0,Tesla T4,7.5,2.11.0+cu128,12.8,2026-08-23T19:14:24.529277+00:00
8f07d7628872550df76990a4fc711d1c84c14c8b,row_serial,one-thread-per-row custom CUDA; header-only CUDA 12.8 compatibility include applied,128,1024,128,float32,0.125,25,100,77,149.3760049343109,,0,Tesla T4,7.5,2.11.0+cu128,12.8,2026-08-23T19:14:24.529277+00:00
8f07d7628872550df76990a4fc711d1c84c14c8b,row_serial,one-thread-per-row custom CUDA; header-only CUDA 12.8 compatibility include applied,128,1024,128,float32,0.125,25,100,78,151.5520066022873,,0,Tesla T4,7.5,2.11.0+cu128,12.8,2026-08-23T19:14:24.529277+00:00
8f07d7628872550df76990a4fc711d1c84c14c8b,row_serial,one-thread-per-row custom CUDA; header-only CUDA 12.8 compatibility include applied,128,1024,128,float32,0.125,25,100,79,149.50400590896606,,0,Tesla T4,7.5,2.11.0+cu128,12.8,2026-08-23T19:14:24.529277+00:00
8f07d7628872550df76990a4fc711d1c84c14c8b,row_serial,one-thread-per-row custom CUDA; header-only CUDA 12.8 compatibility include applied,128,1024,128,float32,0.125,25,100,80,150.56000649929047,,0,Tesla T4,7.5,2.11.0+cu128,12.8,2026-08-23T19:14:24.529277+00:00
8f07d7628872550df76990a4fc711d1c84c14c8b,row_serial,one-thread-per-row custom CUDA; header-only CUDA 12.8 compatibility include applied,128,1024,128,float32,0.125,25,100,81,147.96799421310425,,0,Tesla T4,7.5,2.11.0+cu128,12.8,2026-08-23T19:14:24.529277+00:00
8f07d7628872550df76990a4fc711d1c84c14c8b,row_serial,one-thread-per-row custom CUDA; header-only CUDA 12.8 compatibility include applied,128,1024,128,float32,0.125,25,100,82,149.50400590896606,,0,Tesla T4,7.5,2.11.0+cu128,12.8,2026-08-23T19:14:24.529277+00:00
8f07d7628872550df76990a4fc711d1c84c14c8b,row_serial,one-thread-per-row custom CUDA; header-only CUDA 12.8 compatibility include applied,128,1024,128,float32,0.125,25,100,83,149.47199821472168,,0,Tesla T4,7.5,2.11.0+cu128,12.8,2026-08-23T19:14:24.529277+00:00
8f07d7628872550df76990a4fc711d1c84c14c8b,row_serial,one-thread-per-row custom CUDA; header-only CUDA 12.8 compatibility include applied,128,1024,128,float32,0.125,25,100,84,151.5520066022873,,0,Tesla T4,7.5,2.11.0+cu128,12.8,2026-08-23T19:14:24.529277+00:00
8f07d7628872550df76990a4fc711d1c84c14c8b,row_serial,one-thread-per-row custom CUDA; header-only CUDA 12.8 compatibility include applied,128,1024,128,float32,0.125,25,100,85,149.50400590896606,,0,Tesla T4,7.5,2.11.0+cu128,12.8,2026-08-23T19:14:24.529277+00:00
8f07d7628872550df76990a4fc711d1c84c14c8b,row_serial,one-thread-per-row custom CUDA; header-only CUDA 12.8 compatibility include applied,128,1024,128,float32,0.125,25,100,86,149.47199821472168,,0,Tesla T4,7.5,2.11.0+cu128,12.8,2026-08-23T19:14:24.529277+00:00
8f07d7628872550df76990a4fc711d1c84c14c8b,row_serial,one-thread-per-row custom CUDA; header-only CUDA 12.8 compatibility include applied,128,1024,128,float32,0.125,25,100,87,149.50400590896606,,0,Tesla T4,7.5,2.11.0+cu128,12.8,2026-08-23T19:14:24.529277+00:00
8f07d7628872550df76990a4fc711d1c84c14c8b,row_serial,one-thread-per-row custom CUDA; header-only CUDA 12.8 compatibility include applied,128,1024,128,float32,0.125,25,100,88,148.95999431610107,,0,Tesla T4,7.5,2.11.0+cu128,12.8,2026-08-23T19:14:24.529277+00:00
8f07d7628872550df76990a4fc711d1c84c14c8b,row_serial,one-thread-per-row custom CUDA; header-only CUDA 12.8 compatibility include applied,128,1024,128,float32,0.125,25,100,89,148.19200336933136,,0,Tesla T4,7.5,2.11.0+cu128,12.8,2026-08-23T19:14:24.529277+00:00
8f07d7628872550df76990a4fc711d1c84c14c8b,row_serial,one-thread-per-row custom CUDA; header-only CUDA 12.8 compatibility include applied,128,1024,128,float32,0.125,25,100,90,149.59999918937683,,0,Tesla T4,7.5,2.11.0+cu128,12.8,2026-08-23T19:14:24.529277+00:00
8f07d7628872550df76990a4fc711d1c84c14c8b,row_serial,one-thread-per-row custom CUDA; header-only CUDA 12.8 compatibility include applied,128,1024,128,float32,0.125,25,100,91,149.50400590896606,,0,Tesla T4,7.5,2.11.0+cu128,12.8,2026-08-23T19:14:24.529277+00:00
8f07d7628872550df76990a4fc711d1c84c14c8b,row_serial,one-thread-per-row custom CUDA; header-only CUDA 12.8 compatibility include applied,128,1024,128,float32,0.125,25,100,92,149.50400590896606,,0,Tesla T4,7.5,2.11.0+cu128,12.8,2026-08-23T19:14:24.529277+00:00
8f07d7628872550df76990a4fc711d1c84c14c8b,row_serial,one-thread-per-row custom CUDA; header-only CUDA 12.8 compatibility include applied,128,1024,128,float32,0.125,25,100,93,149.34399724006653,,0,Tesla T4,7.5,2.11.0+cu128,12.8,2026-08-23T19:14:24.529277+00:00
8f07d7628872550df76990a4fc711d1c84c14c8b,row_serial,one-thread-per-row custom CUDA; header-only CUDA 12.8 compatibility include applied,128,1024,128,float32,0.125,25,100,94,148.95999431610107,,0,Tesla T4,7.5,2.11.0+cu128,12.8,2026-08-23T19:14:24.529277+00:00
8f07d7628872550df76990a4fc711d1c84c14c8b,row_serial,one-thread-per-row custom CUDA; header-only CUDA 12.8 compatibility include applied,128,1024,128,float32,0.125,25,100,95,149.50400590896606,,0,Tesla T4,7.5,2.11.0+cu128,12.8,2026-08-23T19:14:24.529277+00:00
8f07d7628872550df76990a4fc711d1c84c14c8b,row_serial,one-thread-per-row custom CUDA; header-only CUDA 12.8 compatibility include applied,128,1024,128,float32,0.125,25,100,96,163.83999586105347,,0,Tesla T4,7.5,2.11.0+cu128,12.8,2026-08-23T19:14:24.529277+00:00
8f07d7628872550df76990a4fc711d1c84c14c8b,row_serial,one-thread-per-row custom CUDA; header-only CUDA 12.8 compatibility include applied,128,1024,128,float32,0.125,25,100,97,150.30400454998016,,0,Tesla T4,7.5,2.11.0+cu128,12.8,2026-08-23T19:14:24.529277+00:00
8f07d7628872550df76990a4fc711d1c84c14c8b,row_serial,one-thread-per-row custom CUDA; header-only CUDA 12.8 compatibility include applied,128,1024,128,float32,0.125,25,100,98,150.68799257278442,,0,Tesla T4,7.5,2.11.0+cu128,12.8,2026-08-23T19:14:24.529277+00:00
8f07d7628872550df76990a4fc711d1c84c14c8b,row_serial,one-thread-per-row custom CUDA; header-only CUDA 12.8 compatibility include applied,128,1024,128,float32,0.125,25,100,99,149.59999918937683,,0,Tesla T4,7.5,2.11.0+cu128,12.8,2026-08-23T19:14:24.529277+00:00
8f07d7628872550df76990a4fc711d1c84c14c8b,row_serial,one-thread-per-row custom CUDA; header-only CUDA 12.8 compatibility include applied,255,2040,255,float32,0.125,25,100,0,395.32798528671265,,0,Tesla T4,7.5,2.11.0+cu128,12.8,2026-08-23T19:14:27.044869+00:00
8f07d7628872550df76990a4fc711d1c84c14c8b,row_serial,one-thread-per-row custom CUDA; header-only CUDA 12.8 compatibility include applied,255,2040,255,float32,0.125,25,100,1,377.02399492263794,,0,Tesla T4,7.5,2.11.0+cu128,12.8,2026-08-23T19:14:27.044869+00:00
8f07d7628872550df76990a4fc711d1c84c14c8b,row_serial,one-thread-per-row custom CUDA; header-only CUDA 12.8 compatibility include applied,255,2040,255,float32,0.125,25,100,2,372.76801466941833,,0,Tesla T4,7.5,2.11.0+cu128,12.8,2026-08-23T19:14:27.044869+00:00
8f07d7628872550df76990a4fc711d1c84c14c8b,row_serial,one-thread-per-row custom CUDA; header-only CUDA 12.8 compatibility include applied,255,2040,255,float32,0.125,25,100,3,374.81600046157837,,0,Tesla T4,7.5,2.11.0+cu128,12.8,2026-08-23T19:14:27.044869+00:00
8f07d7628872550df76990a4fc711d1c84c14c8b,row_serial,one-thread-per-row custom CUDA; header-only CUDA 12.8 compatibility include applied,255,2040,255,float32,0.125,25,100,4,370.04798650741577,,0,Tesla T4,7.5,2.11.0+cu128,12.8,2026-08-23T19:14:27.044869+00:00
8f07d7628872550df76990a4fc711d1c84c14c8b,row_serial,one-thread-per-row custom CUDA; header-only CUDA 12.8 compatibility include applied,255,2040,255,float32,0.125,25,100,5,371.4880049228668,,0,Tesla T4,7.5,2.11.0+cu128,12.8,2026-08-23T19:14:27.044869+00:00
8f07d7628872550df76990a4fc711d1c84c14c8b,row_serial,one-thread-per-row custom CUDA; header-only CUDA 12.8 compatibility include applied,255,2040,255,float32,0.125,25,100,6,372.70399928092957,,0,Tesla T4,7.5,2.11.0+cu128,12.8,2026-08-23T19:14:27.044869+00:00
8f07d7628872550df76990a4fc711d1c84c14c8b,row_serial,one-thread-per-row custom CUDA; header-only CUDA 12.8 compatibility include applied,255,2040,255,float32,0.125,25,100,7,370.7199990749359,,0,Tesla T4,7.5,2.11.0+cu128,12.8,2026-08-23T19:14:27.044869+00:00
8f07d7628872550df76990a4fc711d1c84c14c8b,row_serial,one-thread-per-row custom CUDA; header-only CUDA 12.8 compatibility include applied,255,2040,255,float32,0.125,25,100,8,376.76799297332764,,0,Tesla T4,7.5,2.11.0+cu128,12.8,2026-08-23T19:14:27.044869+00:00
8f07d7628872550df76990a4fc711d1c84c14c8b,row_serial,one-thread-per-row custom CUDA; header-only CUDA 12.8 compatibility include applied,255,2040,255,float32,0.125,25,100,9,371.3279962539673,,0,Tesla T4,7.5,2.11.0+cu128,12.8,2026-08-23T19:14:27.044869+00:00
8f07d7628872550df76990a4fc711d1c84c14c8b,row_serial,one-thread-per-row custom CUDA; header-only CUDA 12.8 compatibility include applied,255,2040,255,float32,0.125,25,100,10,372.0639944076538,,0,Tesla T4,7.5,2.11.0+cu128,12.8,2026-08-23T19:14:27.044869+00:00
8f07d7628872550df76990a4fc711d1c84c14c8b,row_serial,one-thread-per-row custom CUDA; header-only CUDA 12.8 compatibility include applied,255,2040,255,float32,0.125,25,100,11,375.2639889717102,,0,Tesla T4,7.5,2.11.0+cu128,12.8,2026-08-23T19:14:27.044869+00:00
8f07d7628872550df76990a4fc711d1c84c14c8b,row_serial,one-thread-per-row custom CUDA; header-only CUDA 12.8 compatibility include applied,255,2040,255,float32,0.125,25,100,12,371.45599722862244,,0,Tesla T4,7.5,2.11.0+cu128,12.8,2026-08-23T19:14:27.044869+00:00
8f07d7628872550df76990a4fc711d1c84c14c8b,row_serial,one-thread-per-row custom CUDA; header-only CUDA 12.8 compatibility include applied,255,2040,255,float32,0.125,25,100,13,372.5759983062744,,0,Tesla T4,7.5,2.11.0+cu128,12.8,2026-08-23T19:14:27.044869+00:00
8f07d7628872550df76990a4fc711d1c84c14c8b,row_serial,one-thread-per-row custom CUDA; header-only CUDA 12.8 compatibility include applied,255,2040,255,float32,0.125,25,100,14,370.6879913806915,,0,Tesla T4,7.5,2.11.0+cu128,12.8,2026-08-23T19:14:27.044869+00:00
8f07d7628872550df76990a4fc711d1c84c14c8b,row_serial,one-thread-per-row custom CUDA; header-only CUDA 12.8 compatibility include applied,255,2040,255,float32,0.125,25,100,15,368.99200081825256,,0,Tesla T4,7.5,2.11.0+cu128,12.8,2026-08-23T19:14:27.044869+00:00
8f07d7628872550df76990a4fc711d1c84c14c8b,row_serial,one-thread-per-row custom CUDA; header-only CUDA 12.8 compatibility include applied,255,2040,255,float32,0.125,25,100,16,371.071994304657,,0,Tesla T4,7.5,2.11.0+cu128,12.8,2026-08-23T19:14:27.044869+00:00
8f07d7628872550df76990a4fc711d1c84c14c8b,row_serial,one-thread-per-row custom CUDA; header-only CUDA 12.8 compatibility include applied,255,2040,255,float32,0.125,25,100,17,369.376003742218,,0,Tesla T4,7.5,2.11.0+cu128,12.8,2026-08-23T19:14:27.044869+00:00
8f07d7628872550df76990a4fc711d1c84c14c8b,row_serial,one-thread-per-row custom CUDA; header-only CUDA 12.8 compatibility include applied,255,2040,255,float32,0.125,25,100,18,371.13600969314575,,0,Tesla T4,7.5,2.11.0+cu128,12.8,2026-08-23T19:14:27.044869+00:00
8f07d7628872550df76990a4fc711d1c84c14c8b,row_serial,one-thread-per-row custom CUDA; header-only CUDA 12.8 compatibility include applied,255,2040,255,float32,0.125,25,100,19,371.10400199890137,,0,Tesla T4,7.5,2.11.0+cu128,12.8,2026-08-23T19:14:27.044869+00:00
8f07d7628872550df76990a4fc711d1c84c14c8b,row_serial,one-thread-per-row custom CUDA; header-only CUDA 12.8 compatibility include applied,255,2040,255,float32,0.125,25,100,20,370.3039884567261,,0,Tesla T4,7.5,2.11.0+cu128,12.8,2026-08-23T19:14:27.044869+00:00
8f07d7628872550df76990a4fc711d1c84c14c8b,row_serial,one-thread-per-row custom CUDA; header-only CUDA 12.8 compatibility include applied,255,2040,255,float32,0.125,25,100,21,387.4880075454712,,0,Tesla T4,7.5,2.11.0+cu128,12.8,2026-08-23T19:14:27.044869+00:00
8f07d7628872550df76990a4fc711d1c84c14c8b,row_serial,one-thread-per-row custom CUDA; header-only CUDA 12.8 compatibility include applied,255,2040,255,float32,0.125,25,100,22,371.071994304657,,0,Tesla T4,7.5,2.11.0+cu128,12.8,2026-08-23T19:14:27.044869+00:00
8f07d7628872550df76990a4fc711d1c84c14c8b,row_serial,one-thread-per-row custom CUDA; header-only CUDA 12.8 compatibility include applied,255,2040,255,float32,0.125,25,100,23,372.3520040512085,,0,Tesla T4,7.5,2.11.0+cu128,12.8,2026-08-23T19:14:27.044869+00:00
8f07d7628872550df76990a4fc711d1c84c14c8b,row_serial,one-thread-per-row custom CUDA; header-only CUDA 12.8 compatibility include applied,255,2040,255,float32,0.125,25,100,24,370.5280125141144,,0,Tesla T4,7.5,2.11.0+cu128,12.8,2026-08-23T19:14:27.044869+00:00
8f07d7628872550df76990a4fc711d1c84c14c8b,row_serial,one-thread-per-row custom CUDA; header-only CUDA 12.8 compatibility include applied,255,2040,255,float32,0.125,25,100,25,368.73599886894226,,0,Tesla T4,7.5,2.11.0+cu128,12.8,2026-08-23T19:14:27.044869+00:00
8f07d7628872550df76990a4fc711d1c84c14c8b,row_serial,one-thread-per-row custom CUDA; header-only CUDA 12.8 compatibility include applied,255,2040,255,float32,0.125,25,100,26,382.1119964122772,,0,Tesla T4,7.5,2.11.0+cu128,12.8,2026-08-23T19:14:27.044869+00:00
8f07d7628872550df76990a4fc711d1c84c14c8b,row_serial,one-thread-per-row custom CUDA; header-only CUDA 12.8 compatibility include applied,255,2040,255,float32,0.125,25,100,27,371.93599343299866,,0,Tesla T4,7.5,2.11.0+cu128,12.8,2026-08-23T19:14:27.044869+00:00
8f07d7628872550df76990a4fc711d1c84c14c8b,row_serial,one-thread-per-row custom CUDA; header-only CUDA 12.8 compatibility include applied,255,2040,255,float32,0.125,25,100,28,372.0639944076538,,0,Tesla T4,7.5,2.11.0+cu128,12.8,2026-08-23T19:14:27.044869+00:00
8f07d7628872550df76990a4fc711d1c84c14c8b,row_serial,one-thread-per-row custom CUDA; header-only CUDA 12.8 compatibility include applied,255,2040,255,float32,0.125,25,100,29,372.19199538230896,,0,Tesla T4,7.5,2.11.0+cu128,12.8,2026-08-23T19:14:27.044869+00:00
8f07d7628872550df76990a4fc711d1c84c14c8b,row_serial,one-thread-per-row custom CUDA; header-only CUDA 12.8 compatibility include applied,255,2040,255,float32,0.125,25,100,30,372.76801466941833,,0,Tesla T4,7.5,2.11.0+cu128,12.8,2026-08-23T19:14:27.044869+00:00
8f07d7628872550df76990a4fc711d1c84c14c8b,row_serial,one-thread-per-row custom CUDA; header-only CUDA 12.8 compatibility include applied,255,2040,255,float32,0.125,25,100,31,389.47200775146484,,0,Tesla T4,7.5,2.11.0+cu128,12.8,2026-08-23T19:14:27.044869+00:00
8f07d7628872550df76990a4fc711d1c84c14c8b,row_serial,one-thread-per-row custom CUDA; header-only CUDA 12.8 compatibility include applied,255,2040,255,float32,0.125,25,100,32,368.6400055885315,,0,Tesla T4,7.5,2.11.0+cu128,12.8,2026-08-23T19:14:27.044869+00:00
8f07d7628872550df76990a4fc711d1c84c14c8b,row_serial,one-thread-per-row custom CUDA; header-only CUDA 12.8 compatibility include applied,255,2040,255,float32,0.125,25,100,33,370.65601348876953,,0,Tesla T4,7.5,2.11.0+cu128,12.8,2026-08-23T19:14:27.044869+00:00
8f07d7628872550df76990a4fc711d1c84c14c8b,row_serial,one-thread-per-row custom CUDA; header-only CUDA 12.8 compatibility include applied,255,2040,255,float32,0.125,25,100,34,371.2959885597229,,0,Tesla T4,7.5,2.11.0+cu128,12.8,2026-08-23T19:14:27.044869+00:00
8f07d7628872550df76990a4fc711d1c84c14c8b,row_serial,one-thread-per-row custom CUDA; header-only CUDA 12.8 compatibility include applied,255,2040,255,float32,0.125,25,100,35,371.7440068721771,,0,Tesla T4,7.5,2.11.0+cu128,12.8,2026-08-23T19:14:27.044869+00:00
8f07d7628872550df76990a4fc711d1c84c14c8b,row_serial,one-thread-per-row custom CUDA; header-only CUDA 12.8 compatibility include applied,255,2040,255,float32,0.125,25,100,36,372.6400136947632,,0,Tesla T4,7.5,2.11.0+cu128,12.8,2026-08-23T19:14:27.044869+00:00
8f07d7628872550df76990a4fc711d1c84c14c8b,row_serial,one-thread-per-row custom CUDA; header-only CUDA 12.8 compatibility include applied,255,2040,255,float32,0.125,25,100,37,372.73600697517395,,0,Tesla T4,7.5,2.11.0+cu128,12.8,2026-08-23T19:14:27.044869+00:00
8f07d7628872550df76990a4fc711d1c84c14c8b,row_serial,one-thread-per-row custom CUDA; header-only CUDA 12.8 compatibility include applied,255,2040,255,float32,0.125,25,100,38,369.34399604797363,,0,Tesla T4,7.5,2.11.0+cu128,12.8,2026-08-23T19:14:27.044869+00:00
8f07d7628872550df76990a4fc711d1c84c14c8b,row_serial,one-thread-per-row custom CUDA; header-only CUDA 12.8 compatibility include applied,255,2040,255,float32,0.125,25,100,39,374.783992767334,,0,Tesla T4,7.5,2.11.0+cu128,12.8,2026-08-23T19:14:27.044869+00:00
8f07d7628872550df76990a4fc711d1c84c14c8b,row_serial,one-thread-per-row custom CUDA; header-only CUDA 12.8 compatibility include applied,255,2040,255,float32,0.125,25,100,40,370.33599615097046,,0,Tesla T4,7.5,2.11.0+cu128,12.8,2026-08-23T19:14:27.044869+00:00
8f07d7628872550df76990a4fc711d1c84c14c8b,row_serial,one-thread-per-row custom CUDA; header-only CUDA 12.8 compatibility include applied,255,2040,255,float32,0.125,25,100,41,370.65601348876953,,0,Tesla T4,7.5,2.11.0+cu128,12.8,2026-08-23T19:14:27.044869+00:00
8f07d7628872550df76990a4fc711d1c84c14c8b,row_serial,one-thread-per-row custom CUDA; header-only CUDA 12.8 compatibility include applied,255,2040,255,float32,0.125,25,100,42,370.0160086154938,,0,Tesla T4,7.5,2.11.0+cu128,12.8,2026-08-23T19:14:27.044869+00:00
8f07d7628872550df76990a4fc711d1c84c14c8b,row_serial,one-thread-per-row custom CUDA; header-only CUDA 12.8 compatibility include applied,255,2040,255,float32,0.125,25,100,43,370.7199990749359,,0,Tesla T4,7.5,2.11.0+cu128,12.8,2026-08-23T19:14:27.044869+00:00
8f07d7628872550df76990a4fc711d1c84c14c8b,row_serial,one-thread-per-row custom CUDA; header-only CUDA 12.8 compatibility include applied,255,2040,255,float32,0.125,25,100,44,373.79199266433716,,0,Tesla T4,7.5,2.11.0+cu128,12.8,2026-08-23T19:14:27.044869+00:00
8f07d7628872550df76990a4fc711d1c84c14c8b,row_serial,one-thread-per-row custom CUDA; header-only CUDA 12.8 compatibility include applied,255,2040,255,float32,0.125,25,100,45,370.62400579452515,,0,Tesla T4,7.5,2.11.0+cu128,12.8,2026-08-23T19:14:27.044869+00:00
8f07d7628872550df76990a4fc711d1c84c14c8b,row_serial,one-thread-per-row custom CUDA; header-only CUDA 12.8 compatibility include applied,255,2040,255,float32,0.125,25,100,46,370.04798650741577,,0,Tesla T4,7.5,2.11.0+cu128,12.8,2026-08-23T19:14:27.044869+00:00
8f07d7628872550df76990a4fc711d1c84c14c8b,row_serial,one-thread-per-row custom CUDA; header-only CUDA 12.8 compatibility include applied,255,2040,255,float32,0.125,25,100,47,370.91198563575745,,0,Tesla T4,7.5,2.11.0+cu128,12.8,2026-08-23T19:14:27.044869+00:00
8f07d7628872550df76990a4fc711d1c84c14c8b,row_serial,one-thread-per-row custom CUDA; header-only CUDA 12.8 compatibility include applied,255,2040,255,float32,0.125,25,100,48,371.0080087184906,,0,Tesla T4,7.5,2.11.0+cu128,12.8,2026-08-23T19:14:27.044869+00:00
8f07d7628872550df76990a4fc711d1c84c14c8b,row_serial,one-thread-per-row custom CUDA; header-only CUDA 12.8 compatibility include applied,255,2040,255,float32,0.125,25,100,49,372.76801466941833,,0,Tesla T4,7.5,2.11.0+cu128,12.8,2026-08-23T19:14:27.044869+00:00
8f07d7628872550df76990a4fc711d1c84c14c8b,row_serial,one-thread-per-row custom CUDA; header-only CUDA 12.8 compatibility include applied,255,2040,255,float32,0.125,25,100,50,370.65601348876953,,0,Tesla T4,7.5,2.11.0+cu128,12.8,2026-08-23T19:14:27.044869+00:00
8f07d7628872550df76990a4fc711d1c84c14c8b,row_serial,one-thread-per-row custom CUDA; header-only CUDA 12.8 compatibility include applied,255,2040,255,float32,0.125,25,100,51,370.4639971256256,,0,Tesla T4,7.5,2.11.0+cu128,12.8,2026-08-23T19:14:27.044869+00:00
8f07d7628872550df76990a4fc711d1c84c14c8b,row_serial,one-thread-per-row custom CUDA; header-only CUDA 12.8 compatibility include applied,255,2040,255,float32,0.125,25,100,52,370.6879913806915,,0,Tesla T4,7.5,2.11.0+cu128,12.8,2026-08-23T19:14:27.044869+00:00
8f07d7628872550df76990a4fc711d1c84c14c8b,row_serial,one-thread-per-row custom CUDA; header-only CUDA 12.8 compatibility include applied,255,2040,255,float32,0.125,25,100,53,370.7520067691803,,0,Tesla T4,7.5,2.11.0+cu128,12.8,2026-08-23T19:14:27.044869+00:00
8f07d7628872550df76990a4fc711d1c84c14c8b,row_serial,one-thread-per-row custom CUDA; header-only CUDA 12.8 compatibility include applied,255,2040,255,float32,0.125,25,100,54,371.3279962539673,,0,Tesla T4,7.5,2.11.0+cu128,12.8,2026-08-23T19:14:27.044869+00:00
8f07d7628872550df76990a4fc711d1c84c14c8b,row_serial,one-thread-per-row custom CUDA; header-only CUDA 12.8 compatibility include applied,255,2040,255,float32,0.125,25,100,55,369.59999799728394,,0,Tesla T4,7.5,2.11.0+cu128,12.8,2026-08-23T19:14:27.044869+00:00
8f07d7628872550df76990a4fc711d1c84c14c8b,row_serial,one-thread-per-row custom CUDA; header-only CUDA 12.8 compatibility include applied,255,2040,255,float32,0.125,25,100,56,367.3279881477356,,0,Tesla T4,7.5,2.11.0+cu128,12.8,2026-08-23T19:14:27.044869+00:00
8f07d7628872550df76990a4fc711d1c84c14c8b,row_serial,one-thread-per-row custom CUDA; header-only CUDA 12.8 compatibility include applied,255,2040,255,float32,0.125,25,100,57,371.0080087184906,,0,Tesla T4,7.5,2.11.0+cu128,12.8,2026-08-23T19:14:27.044869+00:00
8f07d7628872550df76990a4fc711d1c84c14c8b,row_serial,one-thread-per-row custom CUDA; header-only CUDA 12.8 compatibility include applied,255,2040,255,float32,0.125,25,100,58,370.9760010242462,,0,Tesla T4,7.5,2.11.0+cu128,12.8,2026-08-23T19:14:27.044869+00:00
8f07d7628872550df76990a4fc711d1c84c14c8b,row_serial,one-thread-per-row custom CUDA; header-only CUDA 12.8 compatibility include applied,255,2040,255,float32,0.125,25,100,59,383.55201482772827,,0,Tesla T4,7.5,2.11.0+cu128,12.8,2026-08-23T19:14:27.044869+00:00
8f07d7628872550df76990a4fc711d1c84c14c8b,row_serial,one-thread-per-row custom CUDA; header-only CUDA 12.8 compatibility include applied,255,2040,255,float32,0.125,25,100,60,373.1839954853058,,0,Tesla T4,7.5,2.11.0+cu128,12.8,2026-08-23T19:14:27.044869+00:00
8f07d7628872550df76990a4fc711d1c84c14c8b,row_serial,one-thread-per-row custom CUDA; header-only CUDA 12.8 compatibility include applied,255,2040,255,float32,0.125,25,100,61,373.63201379776,,0,Tesla T4,7.5,2.11.0+cu128,12.8,2026-08-23T19:14:27.044869+00:00
8f07d7628872550df76990a4fc711d1c84c14c8b,row_serial,one-thread-per-row custom CUDA; header-only CUDA 12.8 compatibility include applied,255,2040,255,float32,0.125,25,100,62,375.39198994636536,,0,Tesla T4,7.5,2.11.0+cu128,12.8,2026-08-23T19:14:27.044869+00:00
8f07d7628872550df76990a4fc711d1c84c14c8b,row_serial,one-thread-per-row custom CUDA; header-only CUDA 12.8 compatibility include applied,255,2040,255,float32,0.125,25,100,63,373.3440041542053,,0,Tesla T4,7.5,2.11.0+cu128,12.8,2026-08-23T19:14:27.044869+00:00
8f07d7628872550df76990a4fc711d1c84c14c8b,row_serial,one-thread-per-row custom CUDA; header-only CUDA 12.8 compatibility include applied,255,2040,255,float32,0.125,25,100,64,373.3760118484497,,0,Tesla T4,7.5,2.11.0+cu128,12.8,2026-08-23T19:14:27.044869+00:00
8f07d7628872550df76990a4fc711d1c84c14c8b,row_serial,one-thread-per-row custom CUDA; header-only CUDA 12.8 compatibility include applied,255,2040,255,float32,0.125,25,100,65,370.6879913806915,,0,Tesla T4,7.5,2.11.0+cu128,12.8,2026-08-23T19:14:27.044869+00:00
8f07d7628872550df76990a4fc711d1c84c14c8b,row_serial,one-thread-per-row custom CUDA; header-only CUDA 12.8 compatibility include applied,255,2040,255,float32,0.125,25,100,66,370.40001153945923,,0,Tesla T4,7.5,2.11.0+cu128,12.8,2026-08-23T19:14:27.044869+00:00
8f07d7628872550df76990a4fc711d1c84c14c8b,row_serial,one-thread-per-row custom CUDA; header-only CUDA 12.8 compatibility include applied,255,2040,255,float32,0.125,25,100,67,370.6879913806915,,0,Tesla T4,7.5,2.11.0+cu128,12.8,2026-08-23T19:14:27.044869+00:00
8f07d7628872550df76990a4fc711d1c84c14c8b,row_serial,one-thread-per-row custom CUDA; header-only CUDA 12.8 compatibility include applied,255,2040,255,float32,0.125,25,100,68,368.6720132827759,,0,Tesla T4,7.5,2.11.0+cu128,12.8,2026-08-23T19:14:27.044869+00:00
8f07d7628872550df76990a4fc711d1c84c14c8b,row_serial,one-thread-per-row custom CUDA; header-only CUDA 12.8 compatibility include applied,255,2040,255,float32,0.125,25,100,69,384.8640024662018,,0,Tesla T4,7.5,2.11.0+cu128,12.8,2026-08-23T19:14:27.044869+00:00
8f07d7628872550df76990a4fc711d1c84c14c8b,row_serial,one-thread-per-row custom CUDA; header-only CUDA 12.8 compatibility include applied,255,2040,255,float32,0.125,25,100,70,370.7199990749359,,0,Tesla T4,7.5,2.11.0+cu128,12.8,2026-08-23T19:14:27.044869+00:00
8f07d7628872550df76990a4fc711d1c84c14c8b,row_serial,one-thread-per-row custom CUDA; header-only CUDA 12.8 compatibility include applied,255,2040,255,float32,0.125,25,100,71,370.6879913806915,,0,Tesla T4,7.5,2.11.0+cu128,12.8,2026-08-23T19:14:27.044869+00:00
8f07d7628872550df76990a4fc711d1c84c14c8b,row_serial,one-thread-per-row custom CUDA; header-only CUDA 12.8 compatibility include applied,255,2040,255,float32,0.125,25,100,72,370.5599904060364,,0,Tesla T4,7.5,2.11.0+cu128,12.8,2026-08-23T19:14:27.044869+00:00
8f07d7628872550df76990a4fc711d1c84c14c8b,row_serial,one-thread-per-row custom CUDA; header-only CUDA 12.8 compatibility include applied,255,2040,255,float32,0.125,25,100,73,370.6879913806915,,0,Tesla T4,7.5,2.11.0+cu128,12.8,2026-08-23T19:14:27.044869+00:00
8f07d7628872550df76990a4fc711d1c84c14c8b,row_serial,one-thread-per-row custom CUDA; header-only CUDA 12.8 compatibility include applied,255,2040,255,float32,0.125,25,100,74,370.65601348876953,,0,Tesla T4,7.5,2.11.0+cu128,12.8,2026-08-23T19:14:27.044869+00:00
8f07d7628872550df76990a4fc711d1c84c14c8b,row_serial,one-thread-per-row custom CUDA; header-only CUDA 12.8 compatibility include applied,255,2040,255,float32,0.125,25,100,75,370.7199990749359,,0,Tesla T4,7.5,2.11.0+cu128,12.8,2026-08-23T19:14:27.044869+00:00
8f07d7628872550df76990a4fc711d1c84c14c8b,row_serial,one-thread-per-row custom CUDA; header-only CUDA 12.8 compatibility include applied,255,2040,255,float32,0.125,25,100,76,370.1759874820709,,0,Tesla T4,7.5,2.11.0+cu128,12.8,2026-08-23T19:14:27.044869+00:00
8f07d7628872550df76990a4fc711d1c84c14c8b,row_serial,one-thread-per-row custom CUDA; header-only CUDA 12.8 compatibility include applied,255,2040,255,float32,0.125,25,100,77,371.2320029735565,,0,Tesla T4,7.5,2.11.0+cu128,12.8,2026-08-23T19:14:27.044869+00:00
8f07d7628872550df76990a4fc711d1c84c14c8b,row_serial,one-thread-per-row custom CUDA; header-only CUDA 12.8 compatibility include applied,255,2040,255,float32,0.125,25,100,78,371.2320029735565,,0,Tesla T4,7.5,2.11.0+cu128,12.8,2026-08-23T19:14:27.044869+00:00
8f07d7628872550df76990a4fc711d1c84c14c8b,row_serial,one-thread-per-row custom CUDA; header-only CUDA 12.8 compatibility include applied,255,2040,255,float32,0.125,25,100,79,369.9199855327606,,0,Tesla T4,7.5,2.11.0+cu128,12.8,2026-08-23T19:14:27.044869+00:00
8f07d7628872550df76990a4fc711d1c84c14c8b,row_serial,one-thread-per-row custom CUDA; header-only CUDA 12.8 compatibility include applied,255,2040,255,float32,0.125,25,100,80,374.81600046157837,,0,Tesla T4,7.5,2.11.0+cu128,12.8,2026-08-23T19:14:27.044869+00:00
8f07d7628872550df76990a4fc711d1c84c14c8b,row_serial,one-thread-per-row custom CUDA; header-only CUDA 12.8 compatibility include applied,255,2040,255,float32,0.125,25,100,81,369.1520094871521,,0,Tesla T4,7.5,2.11.0+cu128,12.8,2026-08-23T19:14:27.044869+00:00
8f07d7628872550df76990a4fc711d1c84c14c8b,row_serial,one-thread-per-row custom CUDA; header-only CUDA 12.8 compatibility include applied,255,2040,255,float32,0.125,25,100,82,371.0399866104126,,0,Tesla T4,7.5,2.11.0+cu128,12.8,2026-08-23T19:14:27.044869+00:00
8f07d7628872550df76990a4fc711d1c84c14c8b,row_serial,one-thread-per-row custom CUDA; header-only CUDA 12.8 compatibility include applied,255,2040,255,float32,0.125,25,100,83,368.9279854297638,,0,Tesla T4,7.5,2.11.0+cu128,12.8,2026-08-23T19:14:27.044869+00:00
8f07d7628872550df76990a4fc711d1c84c14c8b,row_serial,one-thread-per-row custom CUDA; header-only CUDA 12.8 compatibility include applied,255,2040,255,float32,0.125,25,100,84,370.65601348876953,,0,Tesla T4,7.5,2.11.0+cu128,12.8,2026-08-23T19:14:27.044869+00:00
8f07d7628872550df76990a4fc711d1c84c14c8b,row_serial,one-thread-per-row custom CUDA; header-only CUDA 12.8 compatibility include applied,255,2040,255,float32,0.125,25,100,85,374.783992767334,,0,Tesla T4,7.5,2.11.0+cu128,12.8,2026-08-23T19:14:27.044869+00:00
8f07d7628872550df76990a4fc711d1c84c14c8b,row_serial,one-thread-per-row custom CUDA; header-only CUDA 12.8 compatibility include applied,255,2040,255,float32,0.125,25,100,86,373.4399974346161,,0,Tesla T4,7.5,2.11.0+cu128,12.8,2026-08-23T19:14:27.044869+00:00
8f07d7628872550df76990a4fc711d1c84c14c8b,row_serial,one-thread-per-row custom CUDA; header-only CUDA 12.8 compatibility include applied,255,2040,255,float32,0.125,25,100,87,374.0159869194031,,0,Tesla T4,7.5,2.11.0+cu128,12.8,2026-08-23T19:14:27.044869+00:00
8f07d7628872550df76990a4fc711d1c84c14c8b,row_serial,one-thread-per-row custom CUDA; header-only CUDA 12.8 compatibility include applied,255,2040,255,float32,0.125,25,100,88,374.783992767334,,0,Tesla T4,7.5,2.11.0+cu128,12.8,2026-08-23T19:14:27.044869+00:00
8f07d7628872550df76990a4fc711d1c84c14c8b,row_serial,one-thread-per-row custom CUDA; header-only CUDA 12.8 compatibility include applied,255,2040,255,float32,0.125,25,100,89,372.6719915866852,,0,Tesla T4,7.5,2.11.0+cu128,12.8,2026-08-23T19:14:27.044869+00:00
8f07d7628872550df76990a4fc711d1c84c14c8b,row_serial,one-thread-per-row custom CUDA; header-only CUDA 12.8 compatibility include applied,255,2040,255,float32,0.125,25,100,90,375.99998712539673,,0,Tesla T4,7.5,2.11.0+cu128,12.8,2026-08-23T19:14:27.044869+00:00
8f07d7628872550df76990a4fc711d1c84c14c8b,row_serial,one-thread-per-row custom CUDA; header-only CUDA 12.8 compatibility include applied,255,2040,255,float32,0.125,25,100,91,369.34399604797363,,0,Tesla T4,7.5,2.11.0+cu128,12.8,2026-08-23T19:14:27.044869+00:00
8f07d7628872550df76990a4fc711d1c84c14c8b,row_serial,one-thread-per-row custom CUDA; header-only CUDA 12.8 compatibility include applied,255,2040,255,float32,0.125,25,100,92,371.616005897522,,0,Tesla T4,7.5,2.11.0+cu128,12.8,2026-08-23T19:14:27.044869+00:00
8f07d7628872550df76990a4fc711d1c84c14c8b,row_serial,one-thread-per-row custom CUDA; header-only CUDA 12.8 compatibility include applied,255,2040,255,float32,0.125,25,100,93,369.24800276756287,,0,Tesla T4,7.5,2.11.0+cu128,12.8,2026-08-23T19:14:27.044869+00:00
8f07d7628872550df76990a4fc711d1c84c14c8b,row_serial,one-thread-per-row custom CUDA; header-only CUDA 12.8 compatibility include applied,255,2040,255,float32,0.125,25,100,94,370.40001153945923,,0,Tesla T4,7.5,2.11.0+cu128,12.8,2026-08-23T19:14:27.044869+00:00
8f07d7628872550df76990a4fc711d1c84c14c8b,row_serial,one-thread-per-row custom CUDA; header-only CUDA 12.8 compatibility include applied,255,2040,255,float32,0.125,25,100,95,372.79999256134033,,0,Tesla T4,7.5,2.11.0+cu128,12.8,2026-08-23T19:14:27.044869+00:00
8f07d7628872550df76990a4fc711d1c84c14c8b,row_serial,one-thread-per-row custom CUDA; header-only CUDA 12.8 compatibility include applied,255,2040,255,float32,0.125,25,100,96,372.0000088214874,,0,Tesla T4,7.5,2.11.0+cu128,12.8,2026-08-23T19:14:27.044869+00:00
8f07d7628872550df76990a4fc711d1c84c14c8b,row_serial,one-thread-per-row custom CUDA; header-only CUDA 12.8 compatibility include applied,255,2040,255,float32,0.125,25,100,97,372.76801466941833,,0,Tesla T4,7.5,2.11.0+cu128,12.8,2026-08-23T19:14:27.044869+00:00
8f07d7628872550df76990a4fc711d1c84c14c8b,row_serial,one-thread-per-row custom CUDA; header-only CUDA 12.8 compatibility include applied,255,2040,255,float32,0.125,25,100,98,372.54399061203003,,0,Tesla T4,7.5,2.11.0+cu128,12.8,2026-08-23T19:14:27.044869+00:00
8f07d7628872550df76990a4fc711d1c84c14c8b,row_serial,one-thread-per-row custom CUDA; header-only CUDA 12.8 compatibility include applied,255,2040,255,float32,0.125,25,100,99,369.82399225234985,,0,Tesla T4,7.5,2.11.0+cu128,12.8,2026-08-23T19:14:27.044869+00:00
8f07d7628872550df76990a4fc711d1c84c14c8b,row_serial,one-thread-per-row custom CUDA; header-only CUDA 12.8 compatibility include applied,512,4096,512,float32,0.125,25,100,0,1011.5840435028076,,0,Tesla T4,7.5,2.11.0+cu128,12.8,2026-08-23T19:14:29.589369+00:00
8f07d7628872550df76990a4fc711d1c84c14c8b,row_serial,one-thread-per-row custom CUDA; header-only CUDA 12.8 compatibility include applied,512,4096,512,float32,0.125,25,100,1,981.0240268707275,,0,Tesla T4,7.5,2.11.0+cu128,12.8,2026-08-23T19:14:29.589369+00:00
8f07d7628872550df76990a4fc711d1c84c14c8b,row_serial,one-thread-per-row custom CUDA; header-only CUDA 12.8 compatibility include applied,512,4096,512,float32,0.125,25,100,2,978.0480265617371,,0,Tesla T4,7.5,2.11.0+cu128,12.8,2026-08-23T19:14:29.589369+00:00
8f07d7628872550df76990a4fc711d1c84c14c8b,row_serial,one-thread-per-row custom CUDA; header-only CUDA 12.8 compatibility include applied,512,4096,512,float32,0.125,25,100,3,980.0959825515747,,0,Tesla T4,7.5,2.11.0+cu128,12.8,2026-08-23T19:14:29.589369+00:00
8f07d7628872550df76990a4fc711d1c84c14c8b,row_serial,one-thread-per-row custom CUDA; header-only CUDA 12.8 compatibility include applied,512,4096,512,float32,0.125,25,100,4,976.8959879875183,,0,Tesla T4,7.5,2.11.0+cu128,12.8,2026-08-23T19:14:29.589369+00:00
8f07d7628872550df76990a4fc711d1c84c14c8b,row_serial,one-thread-per-row custom CUDA; header-only CUDA 12.8 compatibility include applied,512,4096,512,float32,0.125,25,100,5,977.7600169181824,,0,Tesla T4,7.5,2.11.0+cu128,12.8,2026-08-23T19:14:29.589369+00:00
8f07d7628872550df76990a4fc711d1c84c14c8b,row_serial,one-thread-per-row custom CUDA; header-only CUDA 12.8 compatibility include applied,512,4096,512,float32,0.125,25,100,6,975.6479859352112,,0,Tesla T4,7.5,2.11.0+cu128,12.8,2026-08-23T19:14:29.589369+00:00
8f07d7628872550df76990a4fc711d1c84c14c8b,row_serial,one-thread-per-row custom CUDA; header-only CUDA 12.8 compatibility include applied,512,4096,512,float32,0.125,25,100,7,978.8479804992676,,0,Tesla T4,7.5,2.11.0+cu128,12.8,2026-08-23T19:14:29.589369+00:00
8f07d7628872550df76990a4fc711d1c84c14c8b,row_serial,one-thread-per-row custom CUDA; header-only CUDA 12.8 compatibility include applied,512,4096,512,float32,0.125,25,100,8,971.1679816246033,,0,Tesla T4,7.5,2.11.0+cu128,12.8,2026-08-23T19:14:29.589369+00:00
8f07d7628872550df76990a4fc711d1c84c14c8b,row_serial,one-thread-per-row custom CUDA; header-only CUDA 12.8 compatibility include applied,512,4096,512,float32,0.125,25,100,9,973.6639857292175,,0,Tesla T4,7.5,2.11.0+cu128,12.8,2026-08-23T19:14:29.589369+00:00
8f07d7628872550df76990a4fc711d1c84c14c8b,row_serial,one-thread-per-row custom CUDA; header-only CUDA 12.8 compatibility include applied,512,4096,512,float32,0.125,25,100,10,977.9520034790039,,0,Tesla T4,7.5,2.11.0+cu128,12.8,2026-08-23T19:14:29.589369+00:00
8f07d7628872550df76990a4fc711d1c84c14c8b,row_serial,one-thread-per-row custom CUDA; header-only CUDA 12.8 compatibility include applied,512,4096,512,float32,0.125,25,100,11,975.5839705467224,,0,Tesla T4,7.5,2.11.0+cu128,12.8,2026-08-23T19:14:29.589369+00:00
8f07d7628872550df76990a4fc711d1c84c14c8b,row_serial,one-thread-per-row custom CUDA; header-only CUDA 12.8 compatibility include applied,512,4096,512,float32,0.125,25,100,12,978.9760112762451,,0,Tesla T4,7.5,2.11.0+cu128,12.8,2026-08-23T19:14:29.589369+00:00
8f07d7628872550df76990a4fc711d1c84c14c8b,row_serial,one-thread-per-row custom CUDA; header-only CUDA 12.8 compatibility include applied,512,4096,512,float32,0.125,25,100,13,973.1199741363525,,0,Tesla T4,7.5,2.11.0+cu128,12.8,2026-08-23T19:14:29.589369+00:00
8f07d7628872550df76990a4fc711d1c84c14c8b,row_serial,one-thread-per-row custom CUDA; header-only CUDA 12.8 compatibility include applied,512,4096,512,float32,0.125,25,100,14,976.8959879875183,,0,Tesla T4,7.5,2.11.0+cu128,12.8,2026-08-23T19:14:29.589369+00:00
8f07d7628872550df76990a4fc711d1c84c14c8b,row_serial,one-thread-per-row custom CUDA; header-only CUDA 12.8 compatibility include applied,512,4096,512,float32,0.125,25,100,15,979.0080189704895,,0,Tesla T4,7.5,2.11.0+cu128,12.8,2026-08-23T19:14:29.589369+00:00
8f07d7628872550df76990a4fc711d1c84c14c8b,row_serial,one-thread-per-row custom CUDA; header-only CUDA 12.8 compatibility include applied,512,4096,512,float32,0.125,25,100,16,978.879988193512,,0,Tesla T4,7.5,2.11.0+cu128,12.8,2026-08-23T19:14:29.589369+00:00
8f07d7628872550df76990a4fc711d1c84c14c8b,row_serial,one-thread-per-row custom CUDA; header-only CUDA 12.8 compatibility include applied,512,4096,512,float32,0.125,25,100,17,975.9680032730103,,0,Tesla T4,7.5,2.11.0+cu128,12.8,2026-08-23T19:14:29.589369+00:00
8f07d7628872550df76990a4fc711d1c84c14c8b,row_serial,one-thread-per-row custom CUDA; header-only CUDA 12.8 compatibility include applied,512,4096,512,float32,0.125,25,100,18,980.1920056343079,,0,Tesla T4,7.5,2.11.0+cu128,12.8,2026-08-23T19:14:29.589369+00:00
8f07d7628872550df76990a4fc711d1c84c14c8b,row_serial,one-thread-per-row custom CUDA; header-only CUDA 12.8 compatibility include applied,512,4096,512,float32,0.125,25,100,19,975.8080244064331,,0,Tesla T4,7.5,2.11.0+cu128,12.8,2026-08-23T19:14:29.589369+00:00
8f07d7628872550df76990a4fc711d1c84c14c8b,row_serial,one-thread-per-row custom CUDA; header-only CUDA 12.8 compatibility include applied,512,4096,512,float32,0.125,25,100,20,974.7200012207031,,0,Tesla T4,7.5,2.11.0+cu128,12.8,2026-08-23T19:14:29.589369+00:00
8f07d7628872550df76990a4fc711d1c84c14c8b,row_serial,one-thread-per-row custom CUDA; header-only CUDA 12.8 compatibility include applied,512,4096,512,float32,0.125,25,100,21,974.8799800872803,,0,Tesla T4,7.5,2.11.0+cu128,12.8,2026-08-23T19:14:29.589369+00:00
8f07d7628872550df76990a4fc711d1c84c14c8b,row_serial,one-thread-per-row custom CUDA; header-only CUDA 12.8 compatibility include applied,512,4096,512,float32,0.125,25,100,22,974.8479723930359,,0,Tesla T4,7.5,2.11.0+cu128,12.8,2026-08-23T19:14:29.589369+00:00
8f07d7628872550df76990a4fc711d1c84c14c8b,row_serial,one-thread-per-row custom CUDA; header-only CUDA 12.8 compatibility include applied,512,4096,512,float32,0.125,25,100,23,975.8080244064331,,0,Tesla T4,7.5,2.11.0+cu128,12.8,2026-08-23T19:14:29.589369+00:00
8f07d7628872550df76990a4fc711d1c84c14c8b,row_serial,one-thread-per-row custom CUDA; header-only CUDA 12.8 compatibility include applied,512,4096,512,float32,0.125,25,100,24,976.0640263557434,,0,Tesla T4,7.5,2.11.0+cu128,12.8,2026-08-23T19:14:29.589369+00:00
8f07d7628872550df76990a4fc711d1c84c14c8b,row_serial,one-thread-per-row custom CUDA; header-only CUDA 12.8 compatibility include applied,512,4096,512,float32,0.125,25,100,25,978.9440035820007,,0,Tesla T4,7.5,2.11.0+cu128,12.8,2026-08-23T19:14:29.589369+00:00
8f07d7628872550df76990a4fc711d1c84c14c8b,row_serial,one-thread-per-row custom CUDA; header-only CUDA 12.8 compatibility include applied,512,4096,512,float32,0.125,25,100,26,976.7680168151855,,0,Tesla T4,7.5,2.11.0+cu128,12.8,2026-08-23T19:14:29.589369+00:00
8f07d7628872550df76990a4fc711d1c84c14c8b,row_serial,one-thread-per-row custom CUDA; header-only CUDA 12.8 compatibility include applied,512,4096,512,float32,0.125,25,100,27,978.655993938446,,0,Tesla T4,7.5,2.11.0+cu128,12.8,2026-08-23T19:14:29.589369+00:00
8f07d7628872550df76990a4fc711d1c84c14c8b,row_serial,one-thread-per-row custom CUDA; header-only CUDA 12.8 compatibility include applied,512,4096,512,float32,0.125,25,100,28,975.4239916801453,,0,Tesla T4,7.5,2.11.0+cu128,12.8,2026-08-23T19:14:29.589369+00:00
8f07d7628872550df76990a4fc711d1c84c14c8b,row_serial,one-thread-per-row custom CUDA; header-only CUDA 12.8 compatibility include applied,512,4096,512,float32,0.125,25,100,29,985.0879907608032,,0,Tesla T4,7.5,2.11.0+cu128,12.8,2026-08-23T19:14:29.589369+00:00
8f07d7628872550df76990a4fc711d1c84c14c8b,row_serial,one-thread-per-row custom CUDA; header-only CUDA 12.8 compatibility include applied,512,4096,512,float32,0.125,25,100,30,978.9440035820007,,0,Tesla T4,7.5,2.11.0+cu128,12.8,2026-08-23T19:14:29.589369+00:00
8f07d7628872550df76990a4fc711d1c84c14c8b,row_serial,one-thread-per-row custom CUDA; header-only CUDA 12.8 compatibility include applied,512,4096,512,float32,0.125,25,100,31,980.2560210227966,,0,Tesla T4,7.5,2.11.0+cu128,12.8,2026-08-23T19:14:29.589369+00:00
8f07d7628872550df76990a4fc711d1c84c14c8b,row_serial,one-thread-per-row custom CUDA; header-only CUDA 12.8 compatibility include applied,512,4096,512,float32,0.125,25,100,32,976.7040014266968,,0,Tesla T4,7.5,2.11.0+cu128,12.8,2026-08-23T19:14:29.589369+00:00
8f07d7628872550df76990a4fc711d1c84c14c8b,row_serial,one-thread-per-row custom CUDA; header-only CUDA 12.8 compatibility include applied,512,4096,512,float32,0.125,25,100,33,978.9119958877563,,0,Tesla T4,7.5,2.11.0+cu128,12.8,2026-08-23T19:14:29.589369+00:00
8f07d7628872550df76990a4fc711d1c84c14c8b,row_serial,one-thread-per-row custom CUDA; header-only CUDA 12.8 compatibility include applied,512,4096,512,float32,0.125,25,100,34,976.8639802932739,,0,Tesla T4,7.5,2.11.0+cu128,12.8,2026-08-23T19:14:29.589369+00:00
8f07d7628872550df76990a4fc711d1c84c14c8b,row_serial,one-thread-per-row custom CUDA; header-only CUDA 12.8 compatibility include applied,512,4096,512,float32,0.125,25,100,35,978.9440035820007,,0,Tesla T4,7.5,2.11.0+cu128,12.8,2026-08-23T19:14:29.589369+00:00
8f07d7628872550df76990a4fc711d1c84c14c8b,row_serial,one-thread-per-row custom CUDA; header-only CUDA 12.8 compatibility include applied,512,4096,512,float32,0.125,25,100,36,974.8799800872803,,0,Tesla T4,7.5,2.11.0+cu128,12.8,2026-08-23T19:14:29.589369+00:00
8f07d7628872550df76990a4fc711d1c84c14c8b,row_serial,one-thread-per-row custom CUDA; header-only CUDA 12.8 compatibility include applied,512,4096,512,float32,0.125,25,100,37,975.2320051193237,,0,Tesla T4,7.5,2.11.0+cu128,12.8,2026-08-23T19:14:29.589369+00:00
8f07d7628872550df76990a4fc711d1c84c14c8b,row_serial,one-thread-per-row custom CUDA; header-only CUDA 12.8 compatibility include applied,512,4096,512,float32,0.125,25,100,38,978.3999919891357,,0,Tesla T4,7.5,2.11.0+cu128,12.8,2026-08-23T19:14:29.589369+00:00
8f07d7628872550df76990a4fc711d1c84c14c8b,row_serial,one-thread-per-row custom CUDA; header-only CUDA 12.8 compatibility include applied,512,4096,512,float32,0.125,25,100,39,977.2480130195618,,0,Tesla T4,7.5,2.11.0+cu128,12.8,2026-08-23T19:14:29.589369+00:00
8f07d7628872550df76990a4fc711d1c84c14c8b,row_serial,one-thread-per-row custom CUDA; header-only CUDA 12.8 compatibility include applied,512,4096,512,float32,0.125,25,100,40,976.1599898338318,,0,Tesla T4,7.5,2.11.0+cu128,12.8,2026-08-23T19:14:29.589369+00:00
8f07d7628872550df76990a4fc711d1c84c14c8b,row_serial,one-thread-per-row custom CUDA; header-only CUDA 12.8 compatibility include applied,512,4096,512,float32,0.125,25,100,41,976.3200283050537,,0,Tesla T4,7.5,2.11.0+cu128,12.8,2026-08-23T19:14:29.589369+00:00
8f07d7628872550df76990a4fc711d1c84c14c8b,row_serial,one-thread-per-row custom CUDA; header-only CUDA 12.8 compatibility include applied,512,4096,512,float32,0.125,25,100,42,980.9920191764832,,0,Tesla T4,7.5,2.11.0+cu128,12.8,2026-08-23T19:14:29.589369+00:00
8f07d7628872550df76990a4fc711d1c84c14c8b,row_serial,one-thread-per-row custom CUDA; header-only CUDA 12.8 compatibility include applied,512,4096,512,float32,0.125,25,100,43,979.0400266647339,,0,Tesla T4,7.5,2.11.0+cu128,12.8,2026-08-23T19:14:29.589369+00:00
8f07d7628872550df76990a4fc711d1c84c14c8b,row_serial,one-thread-per-row custom CUDA; header-only CUDA 12.8 compatibility include applied,512,4096,512,float32,0.125,25,100,44,975.1039743423462,,0,Tesla T4,7.5,2.11.0+cu128,12.8,2026-08-23T19:14:29.589369+00:00
8f07d7628872550df76990a4fc711d1c84c14c8b,row_serial,one-thread-per-row custom CUDA; header-only CUDA 12.8 compatibility include applied,512,4096,512,float32,0.125,25,100,45,980.0959825515747,,0,Tesla T4,7.5,2.11.0+cu128,12.8,2026-08-23T19:14:29.589369+00:00
8f07d7628872550df76990a4fc711d1c84c14c8b,row_serial,one-thread-per-row custom CUDA; header-only CUDA 12.8 compatibility include applied,512,4096,512,float32,0.125,25,100,46,977.1519899368286,,0,Tesla T4,7.5,2.11.0+cu128,12.8,2026-08-23T19:14:29.589369+00:00
8f07d7628872550df76990a4fc711d1c84c14c8b,row_serial,one-thread-per-row custom CUDA; header-only CUDA 12.8 compatibility include applied,512,4096,512,float32,0.125,25,100,47,972.8000164031982,,0,Tesla T4,7.5,2.11.0+cu128,12.8,2026-08-23T19:14:29.589369+00:00
8f07d7628872550df76990a4fc711d1c84c14c8b,row_serial,one-thread-per-row custom CUDA; header-only CUDA 12.8 compatibility include applied,512,4096,512,float32,0.125,25,100,48,978.8479804992676,,0,Tesla T4,7.5,2.11.0+cu128,12.8,2026-08-23T19:14:29.589369+00:00
8f07d7628872550df76990a4fc711d1c84c14c8b,row_serial,one-thread-per-row custom CUDA; header-only CUDA 12.8 compatibility include applied,512,4096,512,float32,0.125,25,100,49,972.9599952697754,,0,Tesla T4,7.5,2.11.0+cu128,12.8,2026-08-23T19:14:29.589369+00:00
8f07d7628872550df76990a4fc711d1c84c14c8b,row_serial,one-thread-per-row custom CUDA; header-only CUDA 12.8 compatibility include applied,512,4096,512,float32,0.125,25,100,50,976.8639802932739,,0,Tesla T4,7.5,2.11.0+cu128,12.8,2026-08-23T19:14:29.589369+00:00
8f07d7628872550df76990a4fc711d1c84c14c8b,row_serial,one-thread-per-row custom CUDA; header-only CUDA 12.8 compatibility include applied,512,4096,512,float32,0.125,25,100,51,979.1039824485779,,0,Tesla T4,7.5,2.11.0+cu128,12.8,2026-08-23T19:14:29.589369+00:00
8f07d7628872550df76990a4fc711d1c84c14c8b,row_serial,one-thread-per-row custom CUDA; header-only CUDA 12.8 compatibility include applied,512,4096,512,float32,0.125,25,100,52,976.5440225601196,,0,Tesla T4,7.5,2.11.0+cu128,12.8,2026-08-23T19:14:29.589369+00:00
8f07d7628872550df76990a4fc711d1c84c14c8b,row_serial,one-thread-per-row custom CUDA; header-only CUDA 12.8 compatibility include applied,512,4096,512,float32,0.125,25,100,53,978.9440035820007,,0,Tesla T4,7.5,2.11.0+cu128,12.8,2026-08-23T19:14:29.589369+00:00
8f07d7628872550df76990a4fc711d1c84c14c8b,row_serial,one-thread-per-row custom CUDA; header-only CUDA 12.8 compatibility include applied,512,4096,512,float32,0.125,25,100,54,974.6879935264587,,0,Tesla T4,7.5,2.11.0+cu128,12.8,2026-08-23T19:14:29.589369+00:00
8f07d7628872550df76990a4fc711d1c84c14c8b,row_serial,one-thread-per-row custom CUDA; header-only CUDA 12.8 compatibility include applied,512,4096,512,float32,0.125,25,100,55,976.8959879875183,,0,Tesla T4,7.5,2.11.0+cu128,12.8,2026-08-23T19:14:29.589369+00:00
8f07d7628872550df76990a4fc711d1c84c14c8b,row_serial,one-thread-per-row custom CUDA; header-only CUDA 12.8 compatibility include applied,512,4096,512,float32,0.125,25,100,56,980.1279902458191,,0,Tesla T4,7.5,2.11.0+cu128,12.8,2026-08-23T19:14:29.589369+00:00
8f07d7628872550df76990a4fc711d1c84c14c8b,row_serial,one-thread-per-row custom CUDA; header-only CUDA 12.8 compatibility include applied,512,4096,512,float32,0.125,25,100,57,974.560022354126,,0,Tesla T4,7.5,2.11.0+cu128,12.8,2026-08-23T19:14:29.589369+00:00
8f07d7628872550df76990a4fc711d1c84c14c8b,row_serial,one-thread-per-row custom CUDA; header-only CUDA 12.8 compatibility include applied,512,4096,512,float32,0.125,25,100,58,983.5839867591858,,0,Tesla T4,7.5,2.11.0+cu128,12.8,2026-08-23T19:14:29.589369+00:00
8f07d7628872550df76990a4fc711d1c84c14c8b,row_serial,one-thread-per-row custom CUDA; header-only CUDA 12.8 compatibility include applied,512,4096,512,float32,0.125,25,100,59,973.7280011177063,,0,Tesla T4,7.5,2.11.0+cu128,12.8,2026-08-23T19:14:29.589369+00:00
8f07d7628872550df76990a4fc711d1c84c14c8b,row_serial,one-thread-per-row custom CUDA; header-only CUDA 12.8 compatibility include applied,512,4096,512,float32,0.125,25,100,60,975.0080108642578,,0,Tesla T4,7.5,2.11.0+cu128,12.8,2026-08-23T19:14:29.589369+00:00
8f07d7628872550df76990a4fc711d1c84c14c8b,row_serial,one-thread-per-row custom CUDA; header-only CUDA 12.8 compatibility include applied,512,4096,512,float32,0.125,25,100,61,974.7200012207031,,0,Tesla T4,7.5,2.11.0+cu128,12.8,2026-08-23T19:14:29.589369+00:00
8f07d7628872550df76990a4fc711d1c84c14c8b,row_serial,one-thread-per-row custom CUDA; header-only CUDA 12.8 compatibility include applied,512,4096,512,float32,0.125,25,100,62,989.2160296440125,,0,Tesla T4,7.5,2.11.0+cu128,12.8,2026-08-23T19:14:29.589369+00:00
8f07d7628872550df76990a4fc711d1c84c14c8b,row_serial,one-thread-per-row custom CUDA; header-only CUDA 12.8 compatibility include applied,512,4096,512,float32,0.125,25,100,63,982.912003993988,,0,Tesla T4,7.5,2.11.0+cu128,12.8,2026-08-23T19:14:29.589369+00:00
8f07d7628872550df76990a4fc711d1c84c14c8b,row_serial,one-thread-per-row custom CUDA; header-only CUDA 12.8 compatibility include applied,512,4096,512,float32,0.125,25,100,64,982.9440116882324,,0,Tesla T4,7.5,2.11.0+cu128,12.8,2026-08-23T19:14:29.589369+00:00
8f07d7628872550df76990a4fc711d1c84c14c8b,row_serial,one-thread-per-row custom CUDA; header-only CUDA 12.8 compatibility include applied,512,4096,512,float32,0.125,25,100,65,978.335976600647,,0,Tesla T4,7.5,2.11.0+cu128,12.8,2026-08-23T19:14:29.589369+00:00
8f07d7628872550df76990a4fc711d1c84c14c8b,row_serial,one-thread-per-row custom CUDA; header-only CUDA 12.8 compatibility include applied,512,4096,512,float32,0.125,25,100,66,978.9119958877563,,0,Tesla T4,7.5,2.11.0+cu128,12.8,2026-08-23T19:14:29.589369+00:00
8f07d7628872550df76990a4fc711d1c84c14c8b,row_serial,one-thread-per-row custom CUDA; header-only CUDA 12.8 compatibility include applied,512,4096,512,float32,0.125,25,100,67,975.0720262527466,,0,Tesla T4,7.5,2.11.0+cu128,12.8,2026-08-23T19:14:29.589369+00:00
8f07d7628872550df76990a4fc711d1c84c14c8b,row_serial,one-thread-per-row custom CUDA; header-only CUDA 12.8 compatibility include applied,512,4096,512,float32,0.125,25,100,68,976.6079783439636,,0,Tesla T4,7.5,2.11.0+cu128,12.8,2026-08-23T19:14:29.589369+00:00
8f07d7628872550df76990a4fc711d1c84c14c8b,row_serial,one-thread-per-row custom CUDA; header-only CUDA 12.8 compatibility include applied,512,4096,512,float32,0.125,25,100,69,978.0160188674927,,0,Tesla T4,7.5,2.11.0+cu128,12.8,2026-08-23T19:14:29.589369+00:00
8f07d7628872550df76990a4fc711d1c84c14c8b,row_serial,one-thread-per-row custom CUDA; header-only CUDA 12.8 compatibility include applied,512,4096,512,float32,0.125,25,100,70,978.879988193512,,0,Tesla T4,7.5,2.11.0+cu128,12.8,2026-08-23T19:14:29.589369+00:00
8f07d7628872550df76990a4fc711d1c84c14c8b,row_serial,one-thread-per-row custom CUDA; header-only CUDA 12.8 compatibility include applied,512,4096,512,float32,0.125,25,100,71,977.2480130195618,,0,Tesla T4,7.5,2.11.0+cu128,12.8,2026-08-23T19:14:29.589369+00:00
8f07d7628872550df76990a4fc711d1c84c14c8b,row_serial,one-thread-per-row custom CUDA; header-only CUDA 12.8 compatibility include applied,512,4096,512,float32,0.125,25,100,72,975.7120013237,,0,Tesla T4,7.5,2.11.0+cu128,12.8,2026-08-23T19:14:29.589369+00:00
8f07d7628872550df76990a4fc711d1c84c14c8b,row_serial,one-thread-per-row custom CUDA; header-only CUDA 12.8 compatibility include applied,512,4096,512,float32,0.125,25,100,73,976.8959879875183,,0,Tesla T4,7.5,2.11.0+cu128,12.8,2026-08-23T19:14:29.589369+00:00
8f07d7628872550df76990a4fc711d1c84c14c8b,row_serial,one-thread-per-row custom CUDA; header-only CUDA 12.8 compatibility include applied,512,4096,512,float32,0.125,25,100,74,985.3439927101135,,0,Tesla T4,7.5,2.11.0+cu128,12.8,2026-08-23T19:14:29.589369+00:00
8f07d7628872550df76990a4fc711d1c84c14c8b,row_serial,one-thread-per-row custom CUDA; header-only CUDA 12.8 compatibility include applied,512,4096,512,float32,0.125,25,100,75,984.5759868621826,,0,Tesla T4,7.5,2.11.0+cu128,12.8,2026-08-23T19:14:29.589369+00:00
8f07d7628872550df76990a4fc711d1c84c14c8b,row_serial,one-thread-per-row custom CUDA; header-only CUDA 12.8 compatibility include applied,512,4096,512,float32,0.125,25,100,76,974.9119877815247,,0,Tesla T4,7.5,2.11.0+cu128,12.8,2026-08-23T19:14:29.589369+00:00
8f07d7628872550df76990a4fc711d1c84c14c8b,row_serial,one-thread-per-row custom CUDA; header-only CUDA 12.8 compatibility include applied,512,4096,512,float32,0.125,25,100,77,983.9680194854736,,0,Tesla T4,7.5,2.11.0+cu128,12.8,2026-08-23T19:14:29.589369+00:00
8f07d7628872550df76990a4fc711d1c84c14c8b,row_serial,one-thread-per-row custom CUDA; header-only CUDA 12.8 compatibility include applied,512,4096,512,float32,0.125,25,100,78,987.1360063552856,,0,Tesla T4,7.5,2.11.0+cu128,12.8,2026-08-23T19:14:29.589369+00:00
8f07d7628872550df76990a4fc711d1c84c14c8b,row_serial,one-thread-per-row custom CUDA; header-only CUDA 12.8 compatibility include applied,512,4096,512,float32,0.125,25,100,79,982.4000000953674,,0,Tesla T4,7.5,2.11.0+cu128,12.8,2026-08-23T19:14:29.589369+00:00
8f07d7628872550df76990a4fc711d1c84c14c8b,row_serial,one-thread-per-row custom CUDA; header-only CUDA 12.8 compatibility include applied,512,4096,512,float32,0.125,25,100,80,976.8959879875183,,0,Tesla T4,7.5,2.11.0+cu128,12.8,2026-08-23T19:14:29.589369+00:00
8f07d7628872550df76990a4fc711d1c84c14c8b,row_serial,one-thread-per-row custom CUDA; header-only CUDA 12.8 compatibility include applied,512,4096,512,float32,0.125,25,100,81,976.9279956817627,,0,Tesla T4,7.5,2.11.0+cu128,12.8,2026-08-23T19:14:29.589369+00:00
8f07d7628872550df76990a4fc711d1c84c14c8b,row_serial,one-thread-per-row custom CUDA; header-only CUDA 12.8 compatibility include applied,512,4096,512,float32,0.125,25,100,82,988.7679815292358,,0,Tesla T4,7.5,2.11.0+cu128,12.8,2026-08-23T19:14:29.589369+00:00
8f07d7628872550df76990a4fc711d1c84c14c8b,row_serial,one-thread-per-row custom CUDA; header-only CUDA 12.8 compatibility include applied,512,4096,512,float32,0.125,25,100,83,981.5359711647034,,0,Tesla T4,7.5,2.11.0+cu128,12.8,2026-08-23T19:14:29.589369+00:00
8f07d7628872550df76990a4fc711d1c84c14c8b,row_serial,one-thread-per-row custom CUDA; header-only CUDA 12.8 compatibility include applied,512,4096,512,float32,0.125,25,100,84,976.8000245094299,,0,Tesla T4,7.5,2.11.0+cu128,12.8,2026-08-23T19:14:29.589369+00:00
8f07d7628872550df76990a4fc711d1c84c14c8b,row_serial,one-thread-per-row custom CUDA; header-only CUDA 12.8 compatibility include applied,512,4096,512,float32,0.125,25,100,85,981.3439846038818,,0,Tesla T4,7.5,2.11.0+cu128,12.8,2026-08-23T19:14:29.589369+00:00
8f07d7628872550df76990a4fc711d1c84c14c8b,row_serial,one-thread-per-row custom CUDA; header-only CUDA 12.8 compatibility include applied,512,4096,512,float32,0.125,25,100,86,977.0240187644958,,0,Tesla T4,7.5,2.11.0+cu128,12.8,2026-08-23T19:14:29.589369+00:00
8f07d7628872550df76990a4fc711d1c84c14c8b,row_serial,one-thread-per-row custom CUDA; header-only CUDA 12.8 compatibility include applied,512,4096,512,float32,0.125,25,100,87,976.8639802932739,,0,Tesla T4,7.5,2.11.0+cu128,12.8,2026-08-23T19:14:29.589369+00:00
8f07d7628872550df76990a4fc711d1c84c14c8b,row_serial,one-thread-per-row custom CUDA; header-only CUDA 12.8 compatibility include applied,512,4096,512,float32,0.125,25,100,88,979.0080189704895,,0,Tesla T4,7.5,2.11.0+cu128,12.8,2026-08-23T19:14:29.589369+00:00
8f07d7628872550df76990a4fc711d1c84c14c8b,row_serial,one-thread-per-row custom CUDA; header-only CUDA 12.8 compatibility include applied,512,4096,512,float32,0.125,25,100,89,987.9040122032166,,0,Tesla T4,7.5,2.11.0+cu128,12.8,2026-08-23T19:14:29.589369+00:00
8f07d7628872550df76990a4fc711d1c84c14c8b,row_serial,one-thread-per-row custom CUDA; header-only CUDA 12.8 compatibility include applied,512,4096,512,float32,0.125,25,100,90,976.9279956817627,,0,Tesla T4,7.5,2.11.0+cu128,12.8,2026-08-23T19:14:29.589369+00:00
8f07d7628872550df76990a4fc711d1c84c14c8b,row_serial,one-thread-per-row custom CUDA; header-only CUDA 12.8 compatibility include applied,512,4096,512,float32,0.125,25,100,91,974.2720127105713,,0,Tesla T4,7.5,2.11.0+cu128,12.8,2026-08-23T19:14:29.589369+00:00
8f07d7628872550df76990a4fc711d1c84c14c8b,row_serial,one-thread-per-row custom CUDA; header-only CUDA 12.8 compatibility include applied,512,4096,512,float32,0.125,25,100,92,992.9280281066895,,0,Tesla T4,7.5,2.11.0+cu128,12.8,2026-08-23T19:14:29.589369+00:00
8f07d7628872550df76990a4fc711d1c84c14c8b,row_serial,one-thread-per-row custom CUDA; header-only CUDA 12.8 compatibility include applied,512,4096,512,float32,0.125,25,100,93,977.4079918861389,,0,Tesla T4,7.5,2.11.0+cu128,12.8,2026-08-23T19:14:29.589369+00:00
8f07d7628872550df76990a4fc711d1c84c14c8b,row_serial,one-thread-per-row custom CUDA; header-only CUDA 12.8 compatibility include applied,512,4096,512,float32,0.125,25,100,94,976.9600033760071,,0,Tesla T4,7.5,2.11.0+cu128,12.8,2026-08-23T19:14:29.589369+00:00
8f07d7628872550df76990a4fc711d1c84c14c8b,row_serial,one-thread-per-row custom CUDA; header-only CUDA 12.8 compatibility include applied,512,4096,512,float32,0.125,25,100,95,987.0079755783081,,0,Tesla T4,7.5,2.11.0+cu128,12.8,2026-08-23T19:14:29.589369+00:00
8f07d7628872550df76990a4fc711d1c84c14c8b,row_serial,one-thread-per-row custom CUDA; header-only CUDA 12.8 compatibility include applied,512,4096,512,float32,0.125,25,100,96,977.1519899368286,,0,Tesla T4,7.5,2.11.0+cu128,12.8,2026-08-23T19:14:29.589369+00:00
8f07d7628872550df76990a4fc711d1c84c14c8b,row_serial,one-thread-per-row custom CUDA; header-only CUDA 12.8 compatibility include applied,512,4096,512,float32,0.125,25,100,97,983.3599925041199,,0,Tesla T4,7.5,2.11.0+cu128,12.8,2026-08-23T19:14:29.589369+00:00
8f07d7628872550df76990a4fc711d1c84c14c8b,row_serial,one-thread-per-row custom CUDA; header-only CUDA 12.8 compatibility include applied,512,4096,512,float32,0.125,25,100,98,973.6639857292175,,0,Tesla T4,7.5,2.11.0+cu128,12.8,2026-08-23T19:14:29.589369+00:00
8f07d7628872550df76990a4fc711d1c84c14c8b,row_serial,one-thread-per-row custom CUDA; header-only CUDA 12.8 compatibility include applied,512,4096,512,float32,0.125,25,100,99,981.0240268707275,,0,Tesla T4,7.5,2.11.0+cu128,12.8,2026-08-23T19:14:29.589369+00:00
8f07d7628872550df76990a4fc711d1c84c14c8b,row_serial,one-thread-per-row custom CUDA; header-only CUDA 12.8 compatibility include applied,768,6144,768,float32,0.125,25,100,0,2338.5279178619385,,0,Tesla T4,7.5,2.11.0+cu128,12.8,2026-08-23T19:14:32.178923+00:00
8f07d7628872550df76990a4fc711d1c84c14c8b,row_serial,one-thread-per-row custom CUDA; header-only CUDA 12.8 compatibility include applied,768,6144,768,float32,0.125,25,100,1,2306.0479164123535,,0,Tesla T4,7.5,2.11.0+cu128,12.8,2026-08-23T19:14:32.178923+00:00
8f07d7628872550df76990a4fc711d1c84c14c8b,row_serial,one-thread-per-row custom CUDA; header-only CUDA 12.8 compatibility include applied,768,6144,768,float32,0.125,25,100,2,2303.999900817871,,0,Tesla T4,7.5,2.11.0+cu128,12.8,2026-08-23T19:14:32.178923+00:00
8f07d7628872550df76990a4fc711d1c84c14c8b,row_serial,one-thread-per-row custom CUDA; header-only CUDA 12.8 compatibility include applied,768,6144,768,float32,0.125,25,100,3,2302.4001121520996,,0,Tesla T4,7.5,2.11.0+cu128,12.8,2026-08-23T19:14:32.178923+00:00
8f07d7628872550df76990a4fc711d1c84c14c8b,row_serial,one-thread-per-row custom CUDA; header-only CUDA 12.8 compatibility include applied,768,6144,768,float32,0.125,25,100,4,2300.0640869140625,,0,Tesla T4,7.5,2.11.0+cu128,12.8,2026-08-23T19:14:32.178923+00:00
8f07d7628872550df76990a4fc711d1c84c14c8b,row_serial,one-thread-per-row custom CUDA; header-only CUDA 12.8 compatibility include applied,768,6144,768,float32,0.125,25,100,5,2295.84002494812,,0,Tesla T4,7.5,2.11.0+cu128,12.8,2026-08-23T19:14:32.178923+00:00
8f07d7628872550df76990a4fc711d1c84c14c8b,row_serial,one-thread-per-row custom CUDA; header-only CUDA 12.8 compatibility include applied,768,6144,768,float32,0.125,25,100,6,2318.1440830230713,,0,Tesla T4,7.5,2.11.0+cu128,12.8,2026-08-23T19:14:32.178923+00:00
8f07d7628872550df76990a4fc711d1c84c14c8b,row_serial,one-thread-per-row custom CUDA; header-only CUDA 12.8 compatibility include applied,768,6144,768,float32,0.125,25,100,7,2299.8719215393066,,0,Tesla T4,7.5,2.11.0+cu128,12.8,2026-08-23T19:14:32.178923+00:00
8f07d7628872550df76990a4fc711d1c84c14c8b,row_serial,one-thread-per-row custom CUDA; header-only CUDA 12.8 compatibility include applied,768,6144,768,float32,0.125,25,100,8,2300.096035003662,,0,Tesla T4,7.5,2.11.0+cu128,12.8,2026-08-23T19:14:32.178923+00:00
8f07d7628872550df76990a4fc711d1c84c14c8b,row_serial,one-thread-per-row custom CUDA; header-only CUDA 12.8 compatibility include applied,768,6144,768,float32,0.125,25,100,9,2288.5119915008545,,0,Tesla T4,7.5,2.11.0+cu128,12.8,2026-08-23T19:14:32.178923+00:00
8f07d7628872550df76990a4fc711d1c84c14c8b,row_serial,one-thread-per-row custom CUDA; header-only CUDA 12.8 compatibility include applied,768,6144,768,float32,0.125,25,100,10,2290.1439666748047,,0,Tesla T4,7.5,2.11.0+cu128,12.8,2026-08-23T19:14:32.178923+00:00
8f07d7628872550df76990a4fc711d1c84c14c8b,row_serial,one-thread-per-row custom CUDA; header-only CUDA 12.8 compatibility include applied,768,6144,768,float32,0.125,25,100,11,2285.536050796509,,0,Tesla T4,7.5,2.11.0+cu128,12.8,2026-08-23T19:14:32.178923+00:00
8f07d7628872550df76990a4fc711d1c84c14c8b,row_serial,one-thread-per-row custom CUDA; header-only CUDA 12.8 compatibility include applied,768,6144,768,float32,0.125,25,100,12,2289.0241146087646,,0,Tesla T4,7.5,2.11.0+cu128,12.8,2026-08-23T19:14:32.178923+00:00
8f07d7628872550df76990a4fc711d1c84c14c8b,row_serial,one-thread-per-row custom CUDA; header-only CUDA 12.8 compatibility include applied,768,6144,768,float32,0.125,25,100,13,2095.072031021118,,0,Tesla T4,7.5,2.11.0+cu128,12.8,2026-08-23T19:14:32.178923+00:00
8f07d7628872550df76990a4fc711d1c84c14c8b,row_serial,one-thread-per-row custom CUDA; header-only CUDA 12.8 compatibility include applied,768,6144,768,float32,0.125,25,100,14,2101.3119220733643,,0,Tesla T4,7.5,2.11.0+cu128,12.8,2026-08-23T19:14:32.178923+00:00
8f07d7628872550df76990a4fc711d1c84c14c8b,row_serial,one-thread-per-row custom CUDA; header-only CUDA 12.8 compatibility include applied,768,6144,768,float32,0.125,25,100,15,2099.2000102996826,,0,Tesla T4,7.5,2.11.0+cu128,12.8,2026-08-23T19:14:32.178923+00:00
8f07d7628872550df76990a4fc711d1c84c14c8b,row_serial,one-thread-per-row custom CUDA; header-only CUDA 12.8 compatibility include applied,768,6144,768,float32,0.125,25,100,16,2095.0400829315186,,0,Tesla T4,7.5,2.11.0+cu128,12.8,2026-08-23T19:14:32.178923+00:00
8f07d7628872550df76990a4fc711d1c84c14c8b,row_serial,one-thread-per-row custom CUDA; header-only CUDA 12.8 compatibility include applied,768,6144,768,float32,0.125,25,100,17,2093.9199924468994,,0,Tesla T4,7.5,2.11.0+cu128,12.8,2026-08-23T19:14:32.178923+00:00
8f07d7628872550df76990a4fc711d1c84c14c8b,row_serial,one-thread-per-row custom CUDA; header-only CUDA 12.8 compatibility include applied,768,6144,768,float32,0.125,25,100,18,2097.088098526001,,0,Tesla T4,7.5,2.11.0+cu128,12.8,2026-08-23T19:14:32.178923+00:00
8f07d7628872550df76990a4fc711d1c84c14c8b,row_serial,one-thread-per-row custom CUDA; header-only CUDA 12.8 compatibility include applied,768,6144,768,float32,0.125,25,100,19,2103.679895401001,,0,Tesla T4,7.5,2.11.0+cu128,12.8,2026-08-23T19:14:32.178923+00:00
8f07d7628872550df76990a4fc711d1c84c14c8b,row_serial,one-thread-per-row custom CUDA; header-only CUDA 12.8 compatibility include applied,768,6144,768,float32,0.125,25,100,20,2097.3761081695557,,0,Tesla T4,7.5,2.11.0+cu128,12.8,2026-08-23T19:14:32.178923+00:00
8f07d7628872550df76990a4fc711d1c84c14c8b,row_serial,one-thread-per-row custom CUDA; header-only CUDA 12.8 compatibility include applied,768,6144,768,float32,0.125,25,100,21,2099.519968032837,,0,Tesla T4,7.5,2.11.0+cu128,12.8,2026-08-23T19:14:32.178923+00:00
8f07d7628872550df76990a4fc711d1c84c14c8b,row_serial,one-thread-per-row custom CUDA; header-only CUDA 12.8 compatibility include applied,768,6144,768,float32,0.125,25,100,22,2095.103979110718,,0,Tesla T4,7.5,2.11.0+cu128,12.8,2026-08-23T19:14:32.178923+00:00
8f07d7628872550df76990a4fc711d1c84c14c8b,row_serial,one-thread-per-row custom CUDA; header-only CUDA 12.8 compatibility include applied,768,6144,768,float32,0.125,25,100,23,2096.4479446411133,,0,Tesla T4,7.5,2.11.0+cu128,12.8,2026-08-23T19:14:32.178923+00:00
8f07d7628872550df76990a4fc711d1c84c14c8b,row_serial,one-thread-per-row custom CUDA; header-only CUDA 12.8 compatibility include applied,768,6144,768,float32,0.125,25,100,24,2097.6641178131104,,0,Tesla T4,7.5,2.11.0+cu128,12.8,2026-08-23T19:14:32.178923+00:00
8f07d7628872550df76990a4fc711d1c84c14c8b,row_serial,one-thread-per-row custom CUDA; header-only CUDA 12.8 compatibility include applied,768,6144,768,float32,0.125,25,100,25,2095.4880714416504,,0,Tesla T4,7.5,2.11.0+cu128,12.8,2026-08-23T19:14:32.178923+00:00
8f07d7628872550df76990a4fc711d1c84c14c8b,row_serial,one-thread-per-row custom CUDA; header-only CUDA 12.8 compatibility include applied,768,6144,768,float32,0.125,25,100,26,2099.168062210083,,0,Tesla T4,7.5,2.11.0+cu128,12.8,2026-08-23T19:14:32.178923+00:00
8f07d7628872550df76990a4fc711d1c84c14c8b,row_serial,one-thread-per-row custom CUDA; header-only CUDA 12.8 compatibility include applied,768,6144,768,float32,0.125,25,100,27,2096.4159965515137,,0,Tesla T4,7.5,2.11.0+cu128,12.8,2026-08-23T19:14:32.178923+00:00
8f07d7628872550df76990a4fc711d1c84c14c8b,row_serial,one-thread-per-row custom CUDA; header-only CUDA 12.8 compatibility include applied,768,6144,768,float32,0.125,25,100,28,2101.7279624938965,,0,Tesla T4,7.5,2.11.0+cu128,12.8,2026-08-23T19:14:32.178923+00:00
8f07d7628872550df76990a4fc711d1c84c14c8b,row_serial,one-thread-per-row custom CUDA; header-only CUDA 12.8 compatibility include applied,768,6144,768,float32,0.125,25,100,29,2095.2959060668945,,0,Tesla T4,7.5,2.11.0+cu128,12.8,2026-08-23T19:14:32.178923+00:00
8f07d7628872550df76990a4fc711d1c84c14c8b,row_serial,one-thread-per-row custom CUDA; header-only CUDA 12.8 compatibility include applied,768,6144,768,float32,0.125,25,100,30,2101.151943206787,,0,Tesla T4,7.5,2.11.0+cu128,12.8,2026-08-23T19:14:32.178923+00:00
8f07d7628872550df76990a4fc711d1c84c14c8b,row_serial,one-thread-per-row custom CUDA; header-only CUDA 12.8 compatibility include applied,768,6144,768,float32,0.125,25,100,31,2098.752021789551,,0,Tesla T4,7.5,2.11.0+cu128,12.8,2026-08-23T19:14:32.178923+00:00
8f07d7628872550df76990a4fc711d1c84c14c8b,row_serial,one-thread-per-row custom CUDA; header-only CUDA 12.8 compatibility include applied,768,6144,768,float32,0.125,25,100,32,2100.800037384033,,0,Tesla T4,7.5,2.11.0+cu128,12.8,2026-08-23T19:14:32.178923+00:00
8f07d7628872550df76990a4fc711d1c84c14c8b,row_serial,one-thread-per-row custom CUDA; header-only CUDA 12.8 compatibility include applied,768,6144,768,float32,0.125,25,100,33,2097.1519947052,,0,Tesla T4,7.5,2.11.0+cu128,12.8,2026-08-23T19:14:32.178923+00:00
8f07d7628872550df76990a4fc711d1c84c14c8b,row_serial,one-thread-per-row custom CUDA; header-only CUDA 12.8 compatibility include applied,768,6144,768,float32,0.125,25,100,34,2093.0559635162354,,0,Tesla T4,7.5,2.11.0+cu128,12.8,2026-08-23T19:14:32.178923+00:00
8f07d7628872550df76990a4fc711d1c84c14c8b,row_serial,one-thread-per-row custom CUDA; header-only CUDA 12.8 compatibility include applied,768,6144,768,float32,0.125,25,100,35,2098.464012145996,,0,Tesla T4,7.5,2.11.0+cu128,12.8,2026-08-23T19:14:32.178923+00:00
8f07d7628872550df76990a4fc711d1c84c14c8b,row_serial,one-thread-per-row custom CUDA; header-only CUDA 12.8 compatibility include applied,768,6144,768,float32,0.125,25,100,36,2093.503952026367,,0,Tesla T4,7.5,2.11.0+cu128,12.8,2026-08-23T19:14:32.178923+00:00
8f07d7628872550df76990a4fc711d1c84c14c8b,row_serial,one-thread-per-row custom CUDA; header-only CUDA 12.8 compatibility include applied,768,6144,768,float32,0.125,25,100,37,2093.247890472412,,0,Tesla T4,7.5,2.11.0+cu128,12.8,2026-08-23T19:14:32.178923+00:00
8f07d7628872550df76990a4fc711d1c84c14c8b,row_serial,one-thread-per-row custom CUDA; header-only CUDA 12.8 compatibility include applied,768,6144,768,float32,0.125,25,100,38,2115.648031234741,,0,Tesla T4,7.5,2.11.0+cu128,12.8,2026-08-23T19:14:32.178923+00:00
8f07d7628872550df76990a4fc711d1c84c14c8b,row_serial,one-thread-per-row custom CUDA; header-only CUDA 12.8 compatibility include applied,768,6144,768,float32,0.125,25,100,39,2095.103979110718,,0,Tesla T4,7.5,2.11.0+cu128,12.8,2026-08-23T19:14:32.178923+00:00
8f07d7628872550df76990a4fc711d1c84c14c8b,row_serial,one-thread-per-row custom CUDA; header-only CUDA 12.8 compatibility include applied,768,6144,768,float32,0.125,25,100,40,2109.2159748077393,,0,Tesla T4,7.5,2.11.0+cu128,12.8,2026-08-23T19:14:32.178923+00:00
8f07d7628872550df76990a4fc711d1c84c14c8b,row_serial,one-thread-per-row custom CUDA; header-only CUDA 12.8 compatibility include applied,768,6144,768,float32,0.125,25,100,41,2115.0081157684326,,0,Tesla T4,7.5,2.11.0+cu128,12.8,2026-08-23T19:14:32.178923+00:00
8f07d7628872550df76990a4fc711d1c84c14c8b,row_serial,one-thread-per-row custom CUDA; header-only CUDA 12.8 compatibility include applied,768,6144,768,float32,0.125,25,100,42,2115.488052368164,,0,Tesla T4,7.5,2.11.0+cu128,12.8,2026-08-23T19:14:32.178923+00:00
8f07d7628872550df76990a4fc711d1c84c14c8b,row_serial,one-thread-per-row custom CUDA; header-only CUDA 12.8 compatibility include applied,768,6144,768,float32,0.125,25,100,43,2110.0480556488037,,0,Tesla T4,7.5,2.11.0+cu128,12.8,2026-08-23T19:14:32.178923+00:00
8f07d7628872550df76990a4fc711d1c84c14c8b,row_serial,one-thread-per-row custom CUDA; header-only CUDA 12.8 compatibility include applied,768,6144,768,float32,0.125,25,100,44,2109.951972961426,,0,Tesla T4,7.5,2.11.0+cu128,12.8,2026-08-23T19:14:32.178923+00:00
8f07d7628872550df76990a4fc711d1c84c14c8b,row_serial,one-thread-per-row custom CUDA; header-only CUDA 12.8 compatibility include applied,768,6144,768,float32,0.125,25,100,45,2108.09588432312,,0,Tesla T4,7.5,2.11.0+cu128,12.8,2026-08-23T19:14:32.178923+00:00
8f07d7628872550df76990a4fc711d1c84c14c8b,row_serial,one-thread-per-row custom CUDA; header-only CUDA 12.8 compatibility include applied,768,6144,768,float32,0.125,25,100,46,2108.6080074310303,,0,Tesla T4,7.5,2.11.0+cu128,12.8,2026-08-23T19:14:32.178923+00:00
8f07d7628872550df76990a4fc711d1c84c14c8b,row_serial,one-thread-per-row custom CUDA; header-only CUDA 12.8 compatibility include applied,768,6144,768,float32,0.125,25,100,47,2118.3040142059326,,0,Tesla T4,7.5,2.11.0+cu128,12.8,2026-08-23T19:14:32.178923+00:00
8f07d7628872550df76990a4fc711d1c84c14c8b,row_serial,one-thread-per-row custom CUDA; header-only CUDA 12.8 compatibility include applied,768,6144,768,float32,0.125,25,100,48,2105.664014816284,,0,Tesla T4,7.5,2.11.0+cu128,12.8,2026-08-23T19:14:32.178923+00:00
8f07d7628872550df76990a4fc711d1c84c14c8b,row_serial,one-thread-per-row custom CUDA; header-only CUDA 12.8 compatibility include applied,768,6144,768,float32,0.125,25,100,49,2101.248025894165,,0,Tesla T4,7.5,2.11.0+cu128,12.8,2026-08-23T19:14:32.178923+00:00
8f07d7628872550df76990a4fc711d1c84c14c8b,row_serial,one-thread-per-row custom CUDA; header-only CUDA 12.8 compatibility include applied,768,6144,768,float32,0.125,25,100,50,2101.248025894165,,0,Tesla T4,7.5,2.11.0+cu128,12.8,2026-08-23T19:14:32.178923+00:00
8f07d7628872550df76990a4fc711d1c84c14c8b,row_serial,one-thread-per-row custom CUDA; header-only CUDA 12.8 compatibility include applied,768,6144,768,float32,0.125,25,100,51,2103.2960414886475,,0,Tesla T4,7.5,2.11.0+cu128,12.8,2026-08-23T19:14:32.178923+00:00
8f07d7628872550df76990a4fc711d1c84c14c8b,row_serial,one-thread-per-row custom CUDA; header-only CUDA 12.8 compatibility include applied,768,6144,768,float32,0.125,25,100,52,2111.583948135376,,0,Tesla T4,7.5,2.11.0+cu128,12.8,2026-08-23T19:14:32.178923+00:00
8f07d7628872550df76990a4fc711d1c84c14c8b,row_serial,one-thread-per-row custom CUDA; header-only CUDA 12.8 compatibility include applied,768,6144,768,float32,0.125,25,100,53,2105.056047439575,,0,Tesla T4,7.5,2.11.0+cu128,12.8,2026-08-23T19:14:32.178923+00:00
8f07d7628872550df76990a4fc711d1c84c14c8b,row_serial,one-thread-per-row custom CUDA; header-only CUDA 12.8 compatibility include applied,768,6144,768,float32,0.125,25,100,54,2112.0638847351074,,0,Tesla T4,7.5,2.11.0+cu128,12.8,2026-08-23T19:14:32.178923+00:00
8f07d7628872550df76990a4fc711d1c84c14c8b,row_serial,one-thread-per-row custom CUDA; header-only CUDA 12.8 compatibility include applied,768,6144,768,float32,0.125,25,100,55,2101.439952850342,,0,Tesla T4,7.5,2.11.0+cu128,12.8,2026-08-23T19:14:32.178923+00:00
8f07d7628872550df76990a4fc711d1c84c14c8b,row_serial,one-thread-per-row custom CUDA; header-only CUDA 12.8 compatibility include applied,768,6144,768,float32,0.125,25,100,56,2110.7840538024902,,0,Tesla T4,7.5,2.11.0+cu128,12.8,2026-08-23T19:14:32.178923+00:00
8f07d7628872550df76990a4fc711d1c84c14c8b,row_serial,one-thread-per-row custom CUDA; header-only CUDA 12.8 compatibility include applied,768,6144,768,float32,0.125,25,100,57,2093.600034713745,,0,Tesla T4,7.5,2.11.0+cu128,12.8,2026-08-23T19:14:32.178923+00:00
8f07d7628872550df76990a4fc711d1c84c14c8b,row_serial,one-thread-per-row custom CUDA; header-only CUDA 12.8 compatibility include applied,768,6144,768,float32,0.125,25,100,58,2127.7759075164795,,0,Tesla T4,7.5,2.11.0+cu128,12.8,2026-08-23T19:14:32.178923+00:00
8f07d7628872550df76990a4fc711d1c84c14c8b,row_serial,one-thread-per-row custom CUDA; header-only CUDA 12.8 compatibility include applied,768,6144,768,float32,0.125,25,100,59,2101.0239124298096,,0,Tesla T4,7.5,2.11.0+cu128,12.8,2026-08-23T19:14:32.178923+00:00
8f07d7628872550df76990a4fc711d1c84c14c8b,row_serial,one-thread-per-row custom CUDA; header-only CUDA 12.8 compatibility include applied,768,6144,768,float32,0.125,25,100,60,2099.679946899414,,0,Tesla T4,7.5,2.11.0+cu128,12.8,2026-08-23T19:14:32.178923+00:00
8f07d7628872550df76990a4fc711d1c84c14c8b,row_serial,one-thread-per-row custom CUDA; header-only CUDA 12.8 compatibility include applied,768,6144,768,float32,0.125,25,100,61,2094.9440002441406,,0,Tesla T4,7.5,2.11.0+cu128,12.8,2026-08-23T19:14:32.178923+00:00
8f07d7628872550df76990a4fc711d1c84c14c8b,row_serial,one-thread-per-row custom CUDA; header-only CUDA 12.8 compatibility include applied,768,6144,768,float32,0.125,25,100,62,2114.6559715270996,,0,Tesla T4,7.5,2.11.0+cu128,12.8,2026-08-23T19:14:32.178923+00:00
8f07d7628872550df76990a4fc711d1c84c14c8b,row_serial,one-thread-per-row custom CUDA; header-only CUDA 12.8 compatibility include applied,768,6144,768,float32,0.125,25,100,63,2097.2158908843994,,0,Tesla T4,7.5,2.11.0+cu128,12.8,2026-08-23T19:14:32.178923+00:00
8f07d7628872550df76990a4fc711d1c84c14c8b,row_serial,one-thread-per-row custom CUDA; header-only CUDA 12.8 compatibility include applied,768,6144,768,float32,0.125,25,100,64,2090.0158882141113,,0,Tesla T4,7.5,2.11.0+cu128,12.8,2026-08-23T19:14:32.178923+00:00
8f07d7628872550df76990a4fc711d1c84c14c8b,row_serial,one-thread-per-row custom CUDA; header-only CUDA 12.8 compatibility include applied,768,6144,768,float32,0.125,25,100,65,2100.4478931427,,0,Tesla T4,7.5,2.11.0+cu128,12.8,2026-08-23T19:14:32.178923+00:00
8f07d7628872550df76990a4fc711d1c84c14c8b,row_serial,one-thread-per-row custom CUDA; header-only CUDA 12.8 compatibility include applied,768,6144,768,float32,0.125,25,100,66,2093.600034713745,,0,Tesla T4,7.5,2.11.0+cu128,12.8,2026-08-23T19:14:32.178923+00:00
8f07d7628872550df76990a4fc711d1c84c14c8b,row_serial,one-thread-per-row custom CUDA; header-only CUDA 12.8 compatibility include applied,768,6144,768,float32,0.125,25,100,67,2091.0398960113525,,0,Tesla T4,7.5,2.11.0+cu128,12.8,2026-08-23T19:14:32.178923+00:00
8f07d7628872550df76990a4fc711d1c84c14c8b,row_serial,one-thread-per-row custom CUDA; header-only CUDA 12.8 compatibility include applied,768,6144,768,float32,0.125,25,100,68,2091.264009475708,,0,Tesla T4,7.5,2.11.0+cu128,12.8,2026-08-23T19:14:32.178923+00:00
8f07d7628872550df76990a4fc711d1c84c14c8b,row_serial,one-thread-per-row custom CUDA; header-only CUDA 12.8 compatibility include applied,768,6144,768,float32,0.125,25,100,69,2088.992118835449,,0,Tesla T4,7.5,2.11.0+cu128,12.8,2026-08-23T19:14:32.178923+00:00
8f07d7628872550df76990a4fc711d1c84c14c8b,row_serial,one-thread-per-row custom CUDA; header-only CUDA 12.8 compatibility include applied,768,6144,768,float32,0.125,25,100,70,2107.424020767212,,0,Tesla T4,7.5,2.11.0+cu128,12.8,2026-08-23T19:14:32.178923+00:00
8f07d7628872550df76990a4fc711d1c84c14c8b,row_serial,one-thread-per-row custom CUDA; header-only CUDA 12.8 compatibility include applied,768,6144,768,float32,0.125,25,100,71,2094.9759483337402,,0,Tesla T4,7.5,2.11.0+cu128,12.8,2026-08-23T19:14:32.178923+00:00
8f07d7628872550df76990a4fc711d1c84c14c8b,row_serial,one-thread-per-row custom CUDA; header-only CUDA 12.8 compatibility include applied,768,6144,768,float32,0.125,25,100,72,2095.6480503082275,,0,Tesla T4,7.5,2.11.0+cu128,12.8,2026-08-23T19:14:32.178923+00:00
8f07d7628872550df76990a4fc711d1c84c14c8b,row_serial,one-thread-per-row custom CUDA; header-only CUDA 12.8 compatibility include applied,768,6144,768,float32,0.125,25,100,73,2091.0398960113525,,0,Tesla T4,7.5,2.11.0+cu128,12.8,2026-08-23T19:14:32.178923+00:00
8f07d7628872550df76990a4fc711d1c84c14c8b,row_serial,one-thread-per-row custom CUDA; header-only CUDA 12.8 compatibility include applied,768,6144,768,float32,0.125,25,100,74,2091.104030609131,,0,Tesla T4,7.5,2.11.0+cu128,12.8,2026-08-23T19:14:32.178923+00:00
8f07d7628872550df76990a4fc711d1c84c14c8b,row_serial,one-thread-per-row custom CUDA; header-only CUDA 12.8 compatibility include applied,768,6144,768,float32,0.125,25,100,75,2096.8000888824463,,0,Tesla T4,7.5,2.11.0+cu128,12.8,2026-08-23T19:14:32.178923+00:00
8f07d7628872550df76990a4fc711d1c84c14c8b,row_serial,one-thread-per-row custom CUDA; header-only CUDA 12.8 compatibility include applied,768,6144,768,float32,0.125,25,100,76,2089.9839401245117,,0,Tesla T4,7.5,2.11.0+cu128,12.8,2026-08-23T19:14:32.178923+00:00
8f07d7628872550df76990a4fc711d1c84c14c8b,row_serial,one-thread-per-row custom CUDA; header-only CUDA 12.8 compatibility include applied,768,6144,768,float32,0.125,25,100,77,2095.103979110718,,0,Tesla T4,7.5,2.11.0+cu128,12.8,2026-08-23T19:14:32.178923+00:00
8f07d7628872550df76990a4fc711d1c84c14c8b,row_serial,one-thread-per-row custom CUDA; header-only CUDA 12.8 compatibility include applied,768,6144,768,float32,0.125,25,100,78,2095.936059951782,,0,Tesla T4,7.5,2.11.0+cu128,12.8,2026-08-23T19:14:32.178923+00:00
8f07d7628872550df76990a4fc711d1c84c14c8b,row_serial,one-thread-per-row custom CUDA; header-only CUDA 12.8 compatibility include applied,768,6144,768,float32,0.125,25,100,79,2091.6800498962402,,0,Tesla T4,7.5,2.11.0+cu128,12.8,2026-08-23T19:14:32.178923+00:00
8f07d7628872550df76990a4fc711d1c84c14c8b,row_serial,one-thread-per-row custom CUDA; header-only CUDA 12.8 compatibility include applied,768,6144,768,float32,0.125,25,100,80,2103.071928024292,,0,Tesla T4,7.5,2.11.0+cu128,12.8,2026-08-23T19:14:32.178923+00:00
8f07d7628872550df76990a4fc711d1c84c14c8b,row_serial,one-thread-per-row custom CUDA; header-only CUDA 12.8 compatibility include applied,768,6144,768,float32,0.125,25,100,81,2089.2159938812256,,0,Tesla T4,7.5,2.11.0+cu128,12.8,2026-08-23T19:14:32.178923+00:00
8f07d7628872550df76990a4fc711d1c84c14c8b,row_serial,one-thread-per-row custom CUDA; header-only CUDA 12.8 compatibility include applied,768,6144,768,float32,0.125,25,100,82,2091.4878845214844,,0,Tesla T4,7.5,2.11.0+cu128,12.8,2026-08-23T19:14:32.178923+00:00
8f07d7628872550df76990a4fc711d1c84c14c8b,row_serial,one-thread-per-row custom CUDA; header-only CUDA 12.8 compatibility include applied,768,6144,768,float32,0.125,25,100,83,2089.6639823913574,,0,Tesla T4,7.5,2.11.0+cu128,12.8,2026-08-23T19:14:32.178923+00:00
8f07d7628872550df76990a4fc711d1c84c14c8b,row_serial,one-thread-per-row custom CUDA; header-only CUDA 12.8 compatibility include applied,768,6144,768,float32,0.125,25,100,84,2101.792097091675,,0,Tesla T4,7.5,2.11.0+cu128,12.8,2026-08-23T19:14:32.178923+00:00
8f07d7628872550df76990a4fc711d1c84c14c8b,row_serial,one-thread-per-row custom CUDA; header-only CUDA 12.8 compatibility include applied,768,6144,768,float32,0.125,25,100,85,2106.5919399261475,,0,Tesla T4,7.5,2.11.0+cu128,12.8,2026-08-23T19:14:32.178923+00:00
8f07d7628872550df76990a4fc711d1c84c14c8b,row_serial,one-thread-per-row custom CUDA; header-only CUDA 12.8 compatibility include applied,768,6144,768,float32,0.125,25,100,86,2105.247974395752,,0,Tesla T4,7.5,2.11.0+cu128,12.8,2026-08-23T19:14:32.178923+00:00
8f07d7628872550df76990a4fc711d1c84c14c8b,row_serial,one-thread-per-row custom CUDA; header-only CUDA 12.8 compatibility include applied,768,6144,768,float32,0.125,25,100,87,2097.1839427948,,0,Tesla T4,7.5,2.11.0+cu128,12.8,2026-08-23T19:14:32.178923+00:00
8f07d7628872550df76990a4fc711d1c84c14c8b,row_serial,one-thread-per-row custom CUDA; header-only CUDA 12.8 compatibility include applied,768,6144,768,float32,0.125,25,100,88,2157.7279567718506,,0,Tesla T4,7.5,2.11.0+cu128,12.8,2026-08-23T19:14:32.178923+00:00
8f07d7628872550df76990a4fc711d1c84c14c8b,row_serial,one-thread-per-row custom CUDA; header-only CUDA 12.8 compatibility include applied,768,6144,768,float32,0.125,25,100,89,2109.5681190490723,,0,Tesla T4,7.5,2.11.0+cu128,12.8,2026-08-23T19:14:32.178923+00:00
8f07d7628872550df76990a4fc711d1c84c14c8b,row_serial,one-thread-per-row custom CUDA; header-only CUDA 12.8 compatibility include applied,768,6144,768,float32,0.125,25,100,90,2130.527973175049,,0,Tesla T4,7.5,2.11.0+cu128,12.8,2026-08-23T19:14:32.178923+00:00
8f07d7628872550df76990a4fc711d1c84c14c8b,row_serial,one-thread-per-row custom CUDA; header-only CUDA 12.8 compatibility include applied,768,6144,768,float32,0.125,25,100,91,2106.2400341033936,,0,Tesla T4,7.5,2.11.0+cu128,12.8,2026-08-23T19:14:32.178923+00:00
8f07d7628872550df76990a4fc711d1c84c14c8b,row_serial,one-thread-per-row custom CUDA; header-only CUDA 12.8 compatibility include applied,768,6144,768,float32,0.125,25,100,92,2104.6080589294434,,0,Tesla T4,7.5,2.11.0+cu128,12.8,2026-08-23T19:14:32.178923+00:00
8f07d7628872550df76990a4fc711d1c84c14c8b,row_serial,one-thread-per-row custom CUDA; header-only CUDA 12.8 compatibility include applied,768,6144,768,float32,0.125,25,100,93,2106.4000129699707,,0,Tesla T4,7.5,2.11.0+cu128,12.8,2026-08-23T19:14:32.178923+00:00
8f07d7628872550df76990a4fc711d1c84c14c8b,row_serial,one-thread-per-row custom CUDA; header-only CUDA 12.8 compatibility include applied,768,6144,768,float32,0.125,25,100,94,2105.760097503662,,0,Tesla T4,7.5,2.11.0+cu128,12.8,2026-08-23T19:14:32.178923+00:00
8f07d7628872550df76990a4fc711d1c84c14c8b,row_serial,one-thread-per-row custom CUDA; header-only CUDA 12.8 compatibility include applied,768,6144,768,float32,0.125,25,100,95,2111.2959384918213,,0,Tesla T4,7.5,2.11.0+cu128,12.8,2026-08-23T19:14:32.178923+00:00
8f07d7628872550df76990a4fc711d1c84c14c8b,row_serial,one-thread-per-row custom CUDA; header-only CUDA 12.8 compatibility include applied,768,6144,768,float32,0.125,25,100,96,2099.1039276123047,,0,Tesla T4,7.5,2.11.0+cu128,12.8,2026-08-23T19:14:32.178923+00:00
8f07d7628872550df76990a4fc711d1c84c14c8b,row_serial,one-thread-per-row custom CUDA; header-only CUDA 12.8 compatibility include applied,768,6144,768,float32,0.125,25,100,97,2129.2800903320312,,0,Tesla T4,7.5,2.11.0+cu128,12.8,2026-08-23T19:14:32.178923+00:00
8f07d7628872550df76990a4fc711d1c84c14c8b,row_serial,one-thread-per-row custom CUDA; header-only CUDA 12.8 compatibility include applied,768,6144,768,float32,0.125,25,100,98,2101.8240451812744,,0,Tesla T4,7.5,2.11.0+cu128,12.8,2026-08-23T19:14:32.178923+00:00
8f07d7628872550df76990a4fc711d1c84c14c8b,row_serial,one-thread-per-row custom CUDA; header-only CUDA 12.8 compatibility include applied,768,6144,768,float32,0.125,25,100,99,2100.480079650879,,0,Tesla T4,7.5,2.11.0+cu128,12.8,2026-08-23T19:14:32.178923+00:00
8f07d7628872550df76990a4fc711d1c84c14c8b,row_serial,one-thread-per-row custom CUDA; header-only CUDA 12.8 compatibility include applied,1024,8192,1024,float32,0.125,25,100,0,3592.1919345855713,,0,Tesla T4,7.5,2.11.0+cu128,12.8,2026-08-23T19:14:35.594179+00:00
8f07d7628872550df76990a4fc711d1c84c14c8b,row_serial,one-thread-per-row custom CUDA; header-only CUDA 12.8 compatibility include applied,1024,8192,1024,float32,0.125,25,100,1,3577.6000022888184,,0,Tesla T4,7.5,2.11.0+cu128,12.8,2026-08-23T19:14:35.594179+00:00
8f07d7628872550df76990a4fc711d1c84c14c8b,row_serial,one-thread-per-row custom CUDA; header-only CUDA 12.8 compatibility include applied,1024,8192,1024,float32,0.125,25,100,2,3562.527894973755,,0,Tesla T4,7.5,2.11.0+cu128,12.8,2026-08-23T19:14:35.594179+00:00
8f07d7628872550df76990a4fc711d1c84c14c8b,row_serial,one-thread-per-row custom CUDA; header-only CUDA 12.8 compatibility include applied,1024,8192,1024,float32,0.125,25,100,3,3580.512046813965,,0,Tesla T4,7.5,2.11.0+cu128,12.8,2026-08-23T19:14:35.594179+00:00
8f07d7628872550df76990a4fc711d1c84c14c8b,row_serial,one-thread-per-row custom CUDA; header-only CUDA 12.8 compatibility include applied,1024,8192,1024,float32,0.125,25,100,4,3563.584089279175,,0,Tesla T4,7.5,2.11.0+cu128,12.8,2026-08-23T19:14:35.594179+00:00
8f07d7628872550df76990a4fc711d1c84c14c8b,row_serial,one-thread-per-row custom CUDA; header-only CUDA 12.8 compatibility include applied,1024,8192,1024,float32,0.125,25,100,5,3585.5679512023926,,0,Tesla T4,7.5,2.11.0+cu128,12.8,2026-08-23T19:14:35.594179+00:00
8f07d7628872550df76990a4fc711d1c84c14c8b,row_serial,one-thread-per-row custom CUDA; header-only CUDA 12.8 compatibility include applied,1024,8192,1024,float32,0.125,25,100,6,3578.04799079895,,0,Tesla T4,7.5,2.11.0+cu128,12.8,2026-08-23T19:14:35.594179+00:00
8f07d7628872550df76990a4fc711d1c84c14c8b,row_serial,one-thread-per-row custom CUDA; header-only CUDA 12.8 compatibility include applied,1024,8192,1024,float32,0.125,25,100,7,3545.952081680298,,0,Tesla T4,7.5,2.11.0+cu128,12.8,2026-08-23T19:14:35.594179+00:00
8f07d7628872550df76990a4fc711d1c84c14c8b,row_serial,one-thread-per-row custom CUDA; header-only CUDA 12.8 compatibility include applied,1024,8192,1024,float32,0.125,25,100,8,3582.495927810669,,0,Tesla T4,7.5,2.11.0+cu128,12.8,2026-08-23T19:14:35.594179+00:00
8f07d7628872550df76990a4fc711d1c84c14c8b,row_serial,one-thread-per-row custom CUDA; header-only CUDA 12.8 compatibility include applied,1024,8192,1024,float32,0.125,25,100,9,3577.888011932373,,0,Tesla T4,7.5,2.11.0+cu128,12.8,2026-08-23T19:14:35.594179+00:00
8f07d7628872550df76990a4fc711d1c84c14c8b,row_serial,one-thread-per-row custom CUDA; header-only CUDA 12.8 compatibility include applied,1024,8192,1024,float32,0.125,25,100,10,3573.791980743408,,0,Tesla T4,7.5,2.11.0+cu128,12.8,2026-08-23T19:14:35.594179+00:00
8f07d7628872550df76990a4fc711d1c84c14c8b,row_serial,one-thread-per-row custom CUDA; header-only CUDA 12.8 compatibility include applied,1024,8192,1024,float32,0.125,25,100,11,3562.623977661133,,0,Tesla T4,7.5,2.11.0+cu128,12.8,2026-08-23T19:14:35.594179+00:00
8f07d7628872550df76990a4fc711d1c84c14c8b,row_serial,one-thread-per-row custom CUDA; header-only CUDA 12.8 compatibility include applied,1024,8192,1024,float32,0.125,25,100,12,3555.327892303467,,0,Tesla T4,7.5,2.11.0+cu128,12.8,2026-08-23T19:14:35.594179+00:00
8f07d7628872550df76990a4fc711d1c84c14c8b,row_serial,one-thread-per-row custom CUDA; header-only CUDA 12.8 compatibility include applied,1024,8192,1024,float32,0.125,25,100,13,3551.935911178589,,0,Tesla T4,7.5,2.11.0+cu128,12.8,2026-08-23T19:14:35.594179+00:00
8f07d7628872550df76990a4fc711d1c84c14c8b,row_serial,one-thread-per-row custom CUDA; header-only CUDA 12.8 compatibility include applied,1024,8192,1024,float32,0.125,25,100,14,3569.632053375244,,0,Tesla T4,7.5,2.11.0+cu128,12.8,2026-08-23T19:14:35.594179+00:00
8f07d7628872550df76990a4fc711d1c84c14c8b,row_serial,one-thread-per-row custom CUDA; header-only CUDA 12.8 compatibility include applied,1024,8192,1024,float32,0.125,25,100,15,3571.712017059326,,0,Tesla T4,7.5,2.11.0+cu128,12.8,2026-08-23T19:14:35.594179+00:00
8f07d7628872550df76990a4fc711d1c84c14c8b,row_serial,one-thread-per-row custom CUDA; header-only CUDA 12.8 compatibility include applied,1024,8192,1024,float32,0.125,25,100,16,2604.0000915527344,,0,Tesla T4,7.5,2.11.0+cu128,12.8,2026-08-23T19:14:35.594179+00:00
8f07d7628872550df76990a4fc711d1c84c14c8b,row_serial,one-thread-per-row custom CUDA; header-only CUDA 12.8 compatibility include applied,1024,8192,1024,float32,0.125,25,100,17,2045.0561046600342,,0,Tesla T4,7.5,2.11.0+cu128,12.8,2026-08-23T19:14:35.594179+00:00
8f07d7628872550df76990a4fc711d1c84c14c8b,row_serial,one-thread-per-row custom CUDA; header-only CUDA 12.8 compatibility include applied,1024,8192,1024,float32,0.125,25,100,18,2066.431999206543,,0,Tesla T4,7.5,2.11.0+cu128,12.8,2026-08-23T19:14:35.594179+00:00
8f07d7628872550df76990a4fc711d1c84c14c8b,row_serial,one-thread-per-row custom CUDA; header-only CUDA 12.8 compatibility include applied,1024,8192,1024,float32,0.125,25,100,19,2066.2078857421875,,0,Tesla T4,7.5,2.11.0+cu128,12.8,2026-08-23T19:14:35.594179+00:00
8f07d7628872550df76990a4fc711d1c84c14c8b,row_serial,one-thread-per-row custom CUDA; header-only CUDA 12.8 compatibility include applied,1024,8192,1024,float32,0.125,25,100,20,2048.0000972747803,,0,Tesla T4,7.5,2.11.0+cu128,12.8,2026-08-23T19:14:35.594179+00:00
8f07d7628872550df76990a4fc711d1c84c14c8b,row_serial,one-thread-per-row custom CUDA; header-only CUDA 12.8 compatibility include applied,1024,8192,1024,float32,0.125,25,100,21,2052.4160861968994,,0,Tesla T4,7.5,2.11.0+cu128,12.8,2026-08-23T19:14:35.594179+00:00
8f07d7628872550df76990a4fc711d1c84c14c8b,row_serial,one-thread-per-row custom CUDA; header-only CUDA 12.8 compatibility include applied,1024,8192,1024,float32,0.125,25,100,22,2054.1439056396484,,0,Tesla T4,7.5,2.11.0+cu128,12.8,2026-08-23T19:14:35.594179+00:00
8f07d7628872550df76990a4fc711d1c84c14c8b,row_serial,one-thread-per-row custom CUDA; header-only CUDA 12.8 compatibility include applied,1024,8192,1024,float32,0.125,25,100,23,2038.6879444122314,,0,Tesla T4,7.5,2.11.0+cu128,12.8,2026-08-23T19:14:35.594179+00:00
8f07d7628872550df76990a4fc711d1c84c14c8b,row_serial,one-thread-per-row custom CUDA; header-only CUDA 12.8 compatibility include applied,1024,8192,1024,float32,0.125,25,100,24,2035.7120037078857,,0,Tesla T4,7.5,2.11.0+cu128,12.8,2026-08-23T19:14:35.594179+00:00
8f07d7628872550df76990a4fc711d1c84c14c8b,row_serial,one-thread-per-row custom CUDA; header-only CUDA 12.8 compatibility include applied,1024,8192,1024,float32,0.125,25,100,25,2047.6160049438477,,0,Tesla T4,7.5,2.11.0+cu128,12.8,2026-08-23T19:14:35.594179+00:00
8f07d7628872550df76990a4fc711d1c84c14c8b,row_serial,one-thread-per-row custom CUDA; header-only CUDA 12.8 compatibility include applied,1024,8192,1024,float32,0.125,25,100,26,2046.976089477539,,0,Tesla T4,7.5,2.11.0+cu128,12.8,2026-08-23T19:14:35.594179+00:00
8f07d7628872550df76990a4fc711d1c84c14c8b,row_serial,one-thread-per-row custom CUDA; header-only CUDA 12.8 compatibility include applied,1024,8192,1024,float32,0.125,25,100,27,2031.0719013214111,,0,Tesla T4,7.5,2.11.0+cu128,12.8,2026-08-23T19:14:35.594179+00:00
8f07d7628872550df76990a4fc711d1c84c14c8b,row_serial,one-thread-per-row custom CUDA; header-only CUDA 12.8 compatibility include applied,1024,8192,1024,float32,0.125,25,100,28,2037.7600193023682,,0,Tesla T4,7.5,2.11.0+cu128,12.8,2026-08-23T19:14:35.594179+00:00
8f07d7628872550df76990a4fc711d1c84c14c8b,row_serial,one-thread-per-row custom CUDA; header-only CUDA 12.8 compatibility include applied,1024,8192,1024,float32,0.125,25,100,29,2027.6799201965332,,0,Tesla T4,7.5,2.11.0+cu128,12.8,2026-08-23T19:14:35.594179+00:00
8f07d7628872550df76990a4fc711d1c84c14c8b,row_serial,one-thread-per-row custom CUDA; header-only CUDA 12.8 compatibility include applied,1024,8192,1024,float32,0.125,25,100,30,2043.9040660858154,,0,Tesla T4,7.5,2.11.0+cu128,12.8,2026-08-23T19:14:35.594179+00:00
8f07d7628872550df76990a4fc711d1c84c14c8b,row_serial,one-thread-per-row custom CUDA; header-only CUDA 12.8 compatibility include applied,1024,8192,1024,float32,0.125,25,100,31,2040.0640964508057,,0,Tesla T4,7.5,2.11.0+cu128,12.8,2026-08-23T19:14:35.594179+00:00
8f07d7628872550df76990a4fc711d1c84c14c8b,row_serial,one-thread-per-row custom CUDA; header-only CUDA 12.8 compatibility include applied,1024,8192,1024,float32,0.125,25,100,32,2029.2479991912842,,0,Tesla T4,7.5,2.11.0+cu128,12.8,2026-08-23T19:14:35.594179+00:00
8f07d7628872550df76990a4fc711d1c84c14c8b,row_serial,one-thread-per-row custom CUDA; header-only CUDA 12.8 compatibility include applied,1024,8192,1024,float32,0.125,25,100,33,2036.7999076843262,,0,Tesla T4,7.5,2.11.0+cu128,12.8,2026-08-23T19:14:35.594179+00:00
8f07d7628872550df76990a4fc711d1c84c14c8b,row_serial,one-thread-per-row custom CUDA; header-only CUDA 12.8 compatibility include applied,1024,8192,1024,float32,0.125,25,100,34,2023.5199928283691,,0,Tesla T4,7.5,2.11.0+cu128,12.8,2026-08-23T19:14:35.594179+00:00
8f07d7628872550df76990a4fc711d1c84c14c8b,row_serial,one-thread-per-row custom CUDA; header-only CUDA 12.8 compatibility include applied,1024,8192,1024,float32,0.125,25,100,35,2030.7199954986572,,0,Tesla T4,7.5,2.11.0+cu128,12.8,2026-08-23T19:14:35.594179+00:00
8f07d7628872550df76990a4fc711d1c84c14c8b,row_serial,one-thread-per-row custom CUDA; header-only CUDA 12.8 compatibility include applied,1024,8192,1024,float32,0.125,25,100,36,2027.26411819458,,0,Tesla T4,7.5,2.11.0+cu128,12.8,2026-08-23T19:14:35.594179+00:00
8f07d7628872550df76990a4fc711d1c84c14c8b,row_serial,one-thread-per-row custom CUDA; header-only CUDA 12.8 compatibility include applied,1024,8192,1024,float32,0.125,25,100,37,2035.7120037078857,,0,Tesla T4,7.5,2.11.0+cu128,12.8,2026-08-23T19:14:35.594179+00:00
8f07d7628872550df76990a4fc711d1c84c14c8b,row_serial,one-thread-per-row custom CUDA; header-only CUDA 12.8 compatibility include applied,1024,8192,1024,float32,0.125,25,100,38,2031.615972518921,,0,Tesla T4,7.5,2.11.0+cu128,12.8,2026-08-23T19:14:35.594179+00:00
8f07d7628872550df76990a4fc711d1c84c14c8b,row_serial,one-thread-per-row custom CUDA; header-only CUDA 12.8 compatibility include applied,1024,8192,1024,float32,0.125,25,100,39,2047.8079319000244,,0,Tesla T4,7.5,2.11.0+cu128,12.8,2026-08-23T19:14:35.594179+00:00
8f07d7628872550df76990a4fc711d1c84c14c8b,row_serial,one-thread-per-row custom CUDA; header-only CUDA 12.8 compatibility include applied,1024,8192,1024,float32,0.125,25,100,40,2031.615972518921,,0,Tesla T4,7.5,2.11.0+cu128,12.8,2026-08-23T19:14:35.594179+00:00
8f07d7628872550df76990a4fc711d1c84c14c8b,row_serial,one-thread-per-row custom CUDA; header-only CUDA 12.8 compatibility include applied,1024,8192,1024,float32,0.125,25,100,41,2045.9520816802979,,0,Tesla T4,7.5,2.11.0+cu128,12.8,2026-08-23T19:14:35.594179+00:00
8f07d7628872550df76990a4fc711d1c84c14c8b,row_serial,one-thread-per-row custom CUDA; header-only CUDA 12.8 compatibility include applied,1024,8192,1024,float32,0.125,25,100,42,2023.967981338501,,0,Tesla T4,7.5,2.11.0+cu128,12.8,2026-08-23T19:14:35.594179+00:00
8f07d7628872550df76990a4fc711d1c84c14c8b,row_serial,one-thread-per-row custom CUDA; header-only CUDA 12.8 compatibility include applied,1024,8192,1024,float32,0.125,25,100,43,2022.495985031128,,0,Tesla T4,7.5,2.11.0+cu128,12.8,2026-08-23T19:14:35.594179+00:00
8f07d7628872550df76990a4fc711d1c84c14c8b,row_serial,one-thread-per-row custom CUDA; header-only CUDA 12.8 compatibility include applied,1024,8192,1024,float32,0.125,25,100,44,2047.6160049438477,,0,Tesla T4,7.5,2.11.0+cu128,12.8,2026-08-23T19:14:35.594179+00:00
8f07d7628872550df76990a4fc711d1c84c14c8b,row_serial,one-thread-per-row custom CUDA; header-only CUDA 12.8 compatibility include applied,1024,8192,1024,float32,0.125,25,100,45,2033.600091934204,,0,Tesla T4,7.5,2.11.0+cu128,12.8,2026-08-23T19:14:35.594179+00:00
8f07d7628872550df76990a4fc711d1c84c14c8b,row_serial,one-thread-per-row custom CUDA; header-only CUDA 12.8 compatibility include applied,1024,8192,1024,float32,0.125,25,100,46,2029.1199684143066,,0,Tesla T4,7.5,2.11.0+cu128,12.8,2026-08-23T19:14:35.594179+00:00
8f07d7628872550df76990a4fc711d1c84c14c8b,row_serial,one-thread-per-row custom CUDA; header-only CUDA 12.8 compatibility include applied,1024,8192,1024,float32,0.125,25,100,47,2033.2159996032715,,0,Tesla T4,7.5,2.11.0+cu128,12.8,2026-08-23T19:14:35.594179+00:00
8f07d7628872550df76990a4fc711d1c84c14c8b,row_serial,one-thread-per-row custom CUDA; header-only CUDA 12.8 compatibility include applied,1024,8192,1024,float32,0.125,25,100,48,2041.599988937378,,0,Tesla T4,7.5,2.11.0+cu128,12.8,2026-08-23T19:14:35.594179+00:00
8f07d7628872550df76990a4fc711d1c84c14c8b,row_serial,one-thread-per-row custom CUDA; header-only CUDA 12.8 compatibility include applied,1024,8192,1024,float32,0.125,25,100,49,2039.9680137634277,,0,Tesla T4,7.5,2.11.0+cu128,12.8,2026-08-23T19:14:35.594179+00:00
8f07d7628872550df76990a4fc711d1c84c14c8b,row_serial,one-thread-per-row custom CUDA; header-only CUDA 12.8 compatibility include applied,1024,8192,1024,float32,0.125,25,100,50,2039.8080348968506,,0,Tesla T4,7.5,2.11.0+cu128,12.8,2026-08-23T19:14:35.594179+00:00
8f07d7628872550df76990a4fc711d1c84c14c8b,row_serial,one-thread-per-row custom CUDA; header-only CUDA 12.8 compatibility include applied,1024,8192,1024,float32,0.125,25,100,51,2032.383918762207,,0,Tesla T4,7.5,2.11.0+cu128,12.8,2026-08-23T19:14:35.594179+00:00
8f07d7628872550df76990a4fc711d1c84c14c8b,row_serial,one-thread-per-row custom CUDA; header-only CUDA 12.8 compatibility include applied,1024,8192,1024,float32,0.125,25,100,52,2052.095890045166,,0,Tesla T4,7.5,2.11.0+cu128,12.8,2026-08-23T19:14:35.594179+00:00
8f07d7628872550df76990a4fc711d1c84c14c8b,row_serial,one-thread-per-row custom CUDA; header-only CUDA 12.8 compatibility include applied,1024,8192,1024,float32,0.125,25,100,53,2038.8479232788086,,0,Tesla T4,7.5,2.11.0+cu128,12.8,2026-08-23T19:14:35.594179+00:00
8f07d7628872550df76990a4fc711d1c84c14c8b,row_serial,one-thread-per-row custom CUDA; header-only CUDA 12.8 compatibility include applied,1024,8192,1024,float32,0.125,25,100,54,2037.5359058380127,,0,Tesla T4,7.5,2.11.0+cu128,12.8,2026-08-23T19:14:35.594179+00:00
8f07d7628872550df76990a4fc711d1c84c14c8b,row_serial,one-thread-per-row custom CUDA; header-only CUDA 12.8 compatibility include applied,1024,8192,1024,float32,0.125,25,100,55,2054.8479557037354,,0,Tesla T4,7.5,2.11.0+cu128,12.8,2026-08-23T19:14:35.594179+00:00
8f07d7628872550df76990a4fc711d1c84c14c8b,row_serial,one-thread-per-row custom CUDA; header-only CUDA 12.8 compatibility include applied,1024,8192,1024,float32,0.125,25,100,56,2033.6639881134033,,0,Tesla T4,7.5,2.11.0+cu128,12.8,2026-08-23T19:14:35.594179+00:00
8f07d7628872550df76990a4fc711d1c84c14c8b,row_serial,one-thread-per-row custom CUDA; header-only CUDA 12.8 compatibility include applied,1024,8192,1024,float32,0.125,25,100,57,2026.5600681304932,,0,Tesla T4,7.5,2.11.0+cu128,12.8,2026-08-23T19:14:35.594179+00:00
8f07d7628872550df76990a4fc711d1c84c14c8b,row_serial,one-thread-per-row custom CUDA; header-only CUDA 12.8 compatibility include applied,1024,8192,1024,float32,0.125,25,100,58,2023.008108139038,,0,Tesla T4,7.5,2.11.0+cu128,12.8,2026-08-23T19:14:35.594179+00:00
8f07d7628872550df76990a4fc711d1c84c14c8b,row_serial,one-thread-per-row custom CUDA; header-only CUDA 12.8 compatibility include applied,1024,8192,1024,float32,0.125,25,100,59,2019.3281173706055,,0,Tesla T4,7.5,2.11.0+cu128,12.8,2026-08-23T19:14:35.594179+00:00
8f07d7628872550df76990a4fc711d1c84c14c8b,row_serial,one-thread-per-row custom CUDA; header-only CUDA 12.8 compatibility include applied,1024,8192,1024,float32,0.125,25,100,60,2035.7120037078857,,0,Tesla T4,7.5,2.11.0+cu128,12.8,2026-08-23T19:14:35.594179+00:00
8f07d7628872550df76990a4fc711d1c84c14c8b,row_serial,one-thread-per-row custom CUDA; header-only CUDA 12.8 compatibility include applied,1024,8192,1024,float32,0.125,25,100,61,2032.576084136963,,0,Tesla T4,7.5,2.11.0+cu128,12.8,2026-08-23T19:14:35.594179+00:00
8f07d7628872550df76990a4fc711d1c84c14c8b,row_serial,one-thread-per-row custom CUDA; header-only CUDA 12.8 compatibility include applied,1024,8192,1024,float32,0.125,25,100,62,2021.4719772338867,,0,Tesla T4,7.5,2.11.0+cu128,12.8,2026-08-23T19:14:35.594179+00:00
8f07d7628872550df76990a4fc711d1c84c14c8b,row_serial,one-thread-per-row custom CUDA; header-only CUDA 12.8 compatibility include applied,1024,8192,1024,float32,0.125,25,100,63,2045.9198951721191,,0,Tesla T4,7.5,2.11.0+cu128,12.8,2026-08-23T19:14:35.594179+00:00
8f07d7628872550df76990a4fc711d1c84c14c8b,row_serial,one-thread-per-row custom CUDA; header-only CUDA 12.8 compatibility include applied,1024,8192,1024,float32,0.125,25,100,64,2035.871982574463,,0,Tesla T4,7.5,2.11.0+cu128,12.8,2026-08-23T19:14:35.594179+00:00
8f07d7628872550df76990a4fc711d1c84c14c8b,row_serial,one-thread-per-row custom CUDA; header-only CUDA 12.8 compatibility include applied,1024,8192,1024,float32,0.125,25,100,65,2045.5360412597656,,0,Tesla T4,7.5,2.11.0+cu128,12.8,2026-08-23T19:14:35.594179+00:00
8f07d7628872550df76990a4fc711d1c84c14c8b,row_serial,one-thread-per-row custom CUDA; header-only CUDA 12.8 compatibility include applied,1024,8192,1024,float32,0.125,25,100,66,2037.1201038360596,,0,Tesla T4,7.5,2.11.0+cu128,12.8,2026-08-23T19:14:35.594179+00:00
8f07d7628872550df76990a4fc711d1c84c14c8b,row_serial,one-thread-per-row custom CUDA; header-only CUDA 12.8 compatibility include applied,1024,8192,1024,float32,0.125,25,100,67,2003.2000541687012,,0,Tesla T4,7.5,2.11.0+cu128,12.8,2026-08-23T19:14:35.594179+00:00
8f07d7628872550df76990a4fc711d1c84c14c8b,row_serial,one-thread-per-row custom CUDA; header-only CUDA 12.8 compatibility include applied,1024,8192,1024,float32,0.125,25,100,68,2002.943992614746,,0,Tesla T4,7.5,2.11.0+cu128,12.8,2026-08-23T19:14:35.594179+00:00
8f07d7628872550df76990a4fc711d1c84c14c8b,row_serial,one-thread-per-row custom CUDA; header-only CUDA 12.8 compatibility include applied,1024,8192,1024,float32,0.125,25,100,69,1999.8719692230225,,0,Tesla T4,7.5,2.11.0+cu128,12.8,2026-08-23T19:14:35.594179+00:00
8f07d7628872550df76990a4fc711d1c84c14c8b,row_serial,one-thread-per-row custom CUDA; header-only CUDA 12.8 compatibility include applied,1024,8192,1024,float32,0.125,25,100,70,2002.943992614746,,0,Tesla T4,7.5,2.11.0+cu128,12.8,2026-08-23T19:14:35.594179+00:00
8f07d7628872550df76990a4fc711d1c84c14c8b,row_serial,one-thread-per-row custom CUDA; header-only CUDA 12.8 compatibility include applied,1024,8192,1024,float32,0.125,25,100,71,2007.040023803711,,0,Tesla T4,7.5,2.11.0+cu128,12.8,2026-08-23T19:14:35.594179+00:00
8f07d7628872550df76990a4fc711d1c84c14c8b,row_serial,one-thread-per-row custom CUDA; header-only CUDA 12.8 compatibility include applied,1024,8192,1024,float32,0.125,25,100,72,2011.8720531463623,,0,Tesla T4,7.5,2.11.0+cu128,12.8,2026-08-23T19:14:35.594179+00:00
8f07d7628872550df76990a4fc711d1c84c14c8b,row_serial,one-thread-per-row custom CUDA; header-only CUDA 12.8 compatibility include applied,1024,8192,1024,float32,0.125,25,100,73,2002.943992614746,,0,Tesla T4,7.5,2.11.0+cu128,12.8,2026-08-23T19:14:35.594179+00:00
8f07d7628872550df76990a4fc711d1c84c14c8b,row_serial,one-thread-per-row custom CUDA; header-only CUDA 12.8 compatibility include applied,1024,8192,1024,float32,0.125,25,100,74,2001.4081001281738,,0,Tesla T4,7.5,2.11.0+cu128,12.8,2026-08-23T19:14:35.594179+00:00
8f07d7628872550df76990a4fc711d1c84c14c8b,row_serial,one-thread-per-row custom CUDA; header-only CUDA 12.8 compatibility include applied,1024,8192,1024,float32,0.125,25,100,75,1998.8479614257812,,0,Tesla T4,7.5,2.11.0+cu128,12.8,2026-08-23T19:14:35.594179+00:00
8f07d7628872550df76990a4fc711d1c84c14c8b,row_serial,one-thread-per-row custom CUDA; header-only CUDA 12.8 compatibility include applied,1024,8192,1024,float32,0.125,25,100,76,1996.5440034866333,,0,Tesla T4,7.5,2.11.0+cu128,12.8,2026-08-23T19:14:35.594179+00:00
8f07d7628872550df76990a4fc711d1c84c14c8b,row_serial,one-thread-per-row custom CUDA; header-only CUDA 12.8 compatibility include applied,1024,8192,1024,float32,0.125,25,100,77,2002.943992614746,,0,Tesla T4,7.5,2.11.0+cu128,12.8,2026-08-23T19:14:35.594179+00:00
8f07d7628872550df76990a4fc711d1c84c14c8b,row_serial,one-thread-per-row custom CUDA; header-only CUDA 12.8 compatibility include applied,1024,8192,1024,float32,0.125,25,100,78,2000.0319480895996,,0,Tesla T4,7.5,2.11.0+cu128,12.8,2026-08-23T19:14:35.594179+00:00
8f07d7628872550df76990a4fc711d1c84c14c8b,row_serial,one-thread-per-row custom CUDA; header-only CUDA 12.8 compatibility include applied,1024,8192,1024,float32,0.125,25,100,79,1994.3360090255737,,0,Tesla T4,7.5,2.11.0+cu128,12.8,2026-08-23T19:14:35.594179+00:00
8f07d7628872550df76990a4fc711d1c84c14c8b,row_serial,one-thread-per-row custom CUDA; header-only CUDA 12.8 compatibility include applied,1024,8192,1024,float32,0.125,25,100,80,1993.3120012283325,,0,Tesla T4,7.5,2.11.0+cu128,12.8,2026-08-23T19:14:35.594179+00:00
8f07d7628872550df76990a4fc711d1c84c14c8b,row_serial,one-thread-per-row custom CUDA; header-only CUDA 12.8 compatibility include applied,1024,8192,1024,float32,0.125,25,100,81,2010.495901107788,,0,Tesla T4,7.5,2.11.0+cu128,12.8,2026-08-23T19:14:35.594179+00:00
8f07d7628872550df76990a4fc711d1c84c14c8b,row_serial,one-thread-per-row custom CUDA; header-only CUDA 12.8 compatibility include applied,1024,8192,1024,float32,0.125,25,100,82,2017.280101776123,,0,Tesla T4,7.5,2.11.0+cu128,12.8,2026-08-23T19:14:35.594179+00:00
8f07d7628872550df76990a4fc711d1c84c14c8b,row_serial,one-thread-per-row custom CUDA; header-only CUDA 12.8 compatibility include applied,1024,8192,1024,float32,0.125,25,100,83,2002.2718906402588,,0,Tesla T4,7.5,2.11.0+cu128,12.8,2026-08-23T19:14:35.594179+00:00
8f07d7628872550df76990a4fc711d1c84c14c8b,row_serial,one-thread-per-row custom CUDA; header-only CUDA 12.8 compatibility include applied,1024,8192,1024,float32,0.125,25,100,84,2009.0880393981934,,0,Tesla T4,7.5,2.11.0+cu128,12.8,2026-08-23T19:14:35.594179+00:00
8f07d7628872550df76990a4fc711d1c84c14c8b,row_serial,one-thread-per-row custom CUDA; header-only CUDA 12.8 compatibility include applied,1024,8192,1024,float32,0.125,25,100,85,2002.6240348815918,,0,Tesla T4,7.5,2.11.0+cu128,12.8,2026-08-23T19:14:35.594179+00:00
8f07d7628872550df76990a4fc711d1c84c14c8b,row_serial,one-thread-per-row custom CUDA; header-only CUDA 12.8 compatibility include applied,1024,8192,1024,float32,0.125,25,100,86,2006.079912185669,,0,Tesla T4,7.5,2.11.0+cu128,12.8,2026-08-23T19:14:35.594179+00:00
8f07d7628872550df76990a4fc711d1c84c14c8b,row_serial,one-thread-per-row custom CUDA; header-only CUDA 12.8 compatibility include applied,1024,8192,1024,float32,0.125,25,100,87,1985.983967781067,,0,Tesla T4,7.5,2.11.0+cu128,12.8,2026-08-23T19:14:35.594179+00:00
8f07d7628872550df76990a4fc711d1c84c14c8b,row_serial,one-thread-per-row custom CUDA; header-only CUDA 12.8 compatibility include applied,1024,8192,1024,float32,0.125,25,100,88,1998.6239671707153,,0,Tesla T4,7.5,2.11.0+cu128,12.8,2026-08-23T19:14:35.594179+00:00
8f07d7628872550df76990a4fc711d1c84c14c8b,row_serial,one-thread-per-row custom CUDA; header-only CUDA 12.8 compatibility include applied,1024,8192,1024,float32,0.125,25,100,89,2001.2478828430176,,0,Tesla T4,7.5,2.11.0+cu128,12.8,2026-08-23T19:14:35.594179+00:00
8f07d7628872550df76990a4fc711d1c84c14c8b,row_serial,one-thread-per-row custom CUDA; header-only CUDA 12.8 compatibility include applied,1024,8192,1024,float32,0.125,25,100,90,1995.7760572433472,,0,Tesla T4,7.5,2.11.0+cu128,12.8,2026-08-23T19:14:35.594179+00:00
8f07d7628872550df76990a4fc711d1c84c14c8b,row_serial,one-thread-per-row custom CUDA; header-only CUDA 12.8 compatibility include applied,1024,8192,1024,float32,0.125,25,100,91,2007.1361064910889,,0,Tesla T4,7.5,2.11.0+cu128,12.8,2026-08-23T19:14:35.594179+00:00
8f07d7628872550df76990a4fc711d1c84c14c8b,row_serial,one-thread-per-row custom CUDA; header-only CUDA 12.8 compatibility include applied,1024,8192,1024,float32,0.125,25,100,92,2002.9120445251465,,0,Tesla T4,7.5,2.11.0+cu128,12.8,2026-08-23T19:14:35.594179+00:00
8f07d7628872550df76990a4fc711d1c84c14c8b,row_serial,one-thread-per-row custom CUDA; header-only CUDA 12.8 compatibility include applied,1024,8192,1024,float32,0.125,25,100,93,2002.943992614746,,0,Tesla T4,7.5,2.11.0+cu128,12.8,2026-08-23T19:14:35.594179+00:00
8f07d7628872550df76990a4fc711d1c84c14c8b,row_serial,one-thread-per-row custom CUDA; header-only CUDA 12.8 compatibility include applied,1024,8192,1024,float32,0.125,25,100,94,2003.5839080810547,,0,Tesla T4,7.5,2.11.0+cu128,12.8,2026-08-23T19:14:35.594179+00:00
8f07d7628872550df76990a4fc711d1c84c14c8b,row_serial,one-thread-per-row custom CUDA; header-only CUDA 12.8 compatibility include applied,1024,8192,1024,float32,0.125,25,100,95,2007.1039199829102,,0,Tesla T4,7.5,2.11.0+cu128,12.8,2026-08-23T19:14:35.594179+00:00
8f07d7628872550df76990a4fc711d1c84c14c8b,row_serial,one-thread-per-row custom CUDA; header-only CUDA 12.8 compatibility include applied,1024,8192,1024,float32,0.125,25,100,96,2009.0880393981934,,0,Tesla T4,7.5,2.11.0+cu128,12.8,2026-08-23T19:14:35.594179+00:00
8f07d7628872550df76990a4fc711d1c84c14c8b,row_serial,one-thread-per-row custom CUDA; header-only CUDA 12.8 compatibility include applied,1024,8192,1024,float32,0.125,25,100,97,1988.6080026626587,,0,Tesla T4,7.5,2.11.0+cu128,12.8,2026-08-23T19:14:35.594179+00:00
8f07d7628872550df76990a4fc711d1c84c14c8b,row_serial,one-thread-per-row custom CUDA; header-only CUDA 12.8 compatibility include applied,1024,8192,1024,float32,0.125,25,100,98,1999.6800422668457,,0,Tesla T4,7.5,2.11.0+cu128,12.8,2026-08-23T19:14:35.594179+00:00
8f07d7628872550df76990a4fc711d1c84c14c8b,row_serial,one-thread-per-row custom CUDA; header-only CUDA 12.8 compatibility include applied,1024,8192,1024,float32,0.125,25,100,99,1996.0960149765015,,0,Tesla T4,7.5,2.11.0+cu128,12.8,2026-08-23T19:14:35.594179+00:00
8f07d7628872550df76990a4fc711d1c84c14c8b,row_serial,one-thread-per-row custom CUDA; header-only CUDA 12.8 compatibility include applied,1536,12288,1536,float32,0.125,25,100,0,5746.687889099121,,0,Tesla T4,7.5,2.11.0+cu128,12.8,2026-08-23T19:14:38.371477+00:00
8f07d7628872550df76990a4fc711d1c84c14c8b,row_serial,one-thread-per-row custom CUDA; header-only CUDA 12.8 compatibility include applied,1536,12288,1536,float32,0.125,25,100,1,5713.888168334961,,0,Tesla T4,7.5,2.11.0+cu128,12.8,2026-08-23T19:14:38.371477+00:00
8f07d7628872550df76990a4fc711d1c84c14c8b,row_serial,one-thread-per-row custom CUDA; header-only CUDA 12.8 compatibility include applied,1536,12288,1536,float32,0.125,25,100,2,5702.784061431885,,0,Tesla T4,7.5,2.11.0+cu128,12.8,2026-08-23T19:14:38.371477+00:00
8f07d7628872550df76990a4fc711d1c84c14c8b,row_serial,one-thread-per-row custom CUDA; header-only CUDA 12.8 compatibility include applied,1536,12288,1536,float32,0.125,25,100,3,5688.672065734863,,0,Tesla T4,7.5,2.11.0+cu128,12.8,2026-08-23T19:14:38.371477+00:00
8f07d7628872550df76990a4fc711d1c84c14c8b,row_serial,one-thread-per-row custom CUDA; header-only CUDA 12.8 compatibility include applied,1536,12288,1536,float32,0.125,25,100,4,5588.7041091918945,,0,Tesla T4,7.5,2.11.0+cu128,12.8,2026-08-23T19:14:38.371477+00:00
8f07d7628872550df76990a4fc711d1c84c14c8b,row_serial,one-thread-per-row custom CUDA; header-only CUDA 12.8 compatibility include applied,1536,12288,1536,float32,0.125,25,100,5,4691.616058349609,,0,Tesla T4,7.5,2.11.0+cu128,12.8,2026-08-23T19:14:38.371477+00:00
8f07d7628872550df76990a4fc711d1c84c14c8b,row_serial,one-thread-per-row custom CUDA; header-only CUDA 12.8 compatibility include applied,1536,12288,1536,float32,0.125,25,100,6,4585.4082107543945,,0,Tesla T4,7.5,2.11.0+cu128,12.8,2026-08-23T19:14:38.371477+00:00
8f07d7628872550df76990a4fc711d1c84c14c8b,row_serial,one-thread-per-row custom CUDA; header-only CUDA 12.8 compatibility include applied,1536,12288,1536,float32,0.125,25,100,7,4538.368225097656,,0,Tesla T4,7.5,2.11.0+cu128,12.8,2026-08-23T19:14:38.371477+00:00
8f07d7628872550df76990a4fc711d1c84c14c8b,row_serial,one-thread-per-row custom CUDA; header-only CUDA 12.8 compatibility include applied,1536,12288,1536,float32,0.125,25,100,8,4566.527843475342,,0,Tesla T4,7.5,2.11.0+cu128,12.8,2026-08-23T19:14:38.371477+00:00
8f07d7628872550df76990a4fc711d1c84c14c8b,row_serial,one-thread-per-row custom CUDA; header-only CUDA 12.8 compatibility include applied,1536,12288,1536,float32,0.125,25,100,9,4478.303909301758,,0,Tesla T4,7.5,2.11.0+cu128,12.8,2026-08-23T19:14:38.371477+00:00
8f07d7628872550df76990a4fc711d1c84c14c8b,row_serial,one-thread-per-row custom CUDA; header-only CUDA 12.8 compatibility include applied,1536,12288,1536,float32,0.125,25,100,10,4461.184024810791,,0,Tesla T4,7.5,2.11.0+cu128,12.8,2026-08-23T19:14:38.371477+00:00
8f07d7628872550df76990a4fc711d1c84c14c8b,row_serial,one-thread-per-row custom CUDA; header-only CUDA 12.8 compatibility include applied,1536,12288,1536,float32,0.125,25,100,11,4461.440086364746,,0,Tesla T4,7.5,2.11.0+cu128,12.8,2026-08-23T19:14:38.371477+00:00
8f07d7628872550df76990a4fc711d1c84c14c8b,row_serial,one-thread-per-row custom CUDA; header-only CUDA 12.8 compatibility include applied,1536,12288,1536,float32,0.125,25,100,12,4469.791889190674,,0,Tesla T4,7.5,2.11.0+cu128,12.8,2026-08-23T19:14:38.371477+00:00
8f07d7628872550df76990a4fc711d1c84c14c8b,row_serial,one-thread-per-row custom CUDA; header-only CUDA 12.8 compatibility include applied,1536,12288,1536,float32,0.125,25,100,13,4485.119819641113,,0,Tesla T4,7.5,2.11.0+cu128,12.8,2026-08-23T19:14:38.371477+00:00
8f07d7628872550df76990a4fc711d1c84c14c8b,row_serial,one-thread-per-row custom CUDA; header-only CUDA 12.8 compatibility include applied,1536,12288,1536,float32,0.125,25,100,14,4554.944038391113,,0,Tesla T4,7.5,2.11.0+cu128,12.8,2026-08-23T19:14:38.371477+00:00
8f07d7628872550df76990a4fc711d1c84c14c8b,row_serial,one-thread-per-row custom CUDA; header-only CUDA 12.8 compatibility include applied,1536,12288,1536,float32,0.125,25,100,15,4540.4157638549805,,0,Tesla T4,7.5,2.11.0+cu128,12.8,2026-08-23T19:14:38.371477+00:00
8f07d7628872550df76990a4fc711d1c84c14c8b,row_serial,one-thread-per-row custom CUDA; header-only CUDA 12.8 compatibility include applied,1536,12288,1536,float32,0.125,25,100,16,4549.407958984375,,0,Tesla T4,7.5,2.11.0+cu128,12.8,2026-08-23T19:14:38.371477+00:00
8f07d7628872550df76990a4fc711d1c84c14c8b,row_serial,one-thread-per-row custom CUDA; header-only CUDA 12.8 compatibility include applied,1536,12288,1536,float32,0.125,25,100,17,4528.128147125244,,0,Tesla T4,7.5,2.11.0+cu128,12.8,2026-08-23T19:14:38.371477+00:00
8f07d7628872550df76990a4fc711d1c84c14c8b,row_serial,one-thread-per-row custom CUDA; header-only CUDA 12.8 compatibility include applied,1536,12288,1536,float32,0.125,25,100,18,4509.696006774902,,0,Tesla T4,7.5,2.11.0+cu128,12.8,2026-08-23T19:14:38.371477+00:00
8f07d7628872550df76990a4fc711d1c84c14c8b,row_serial,one-thread-per-row custom CUDA; header-only CUDA 12.8 compatibility include applied,1536,12288,1536,float32,0.125,25,100,19,4524.032115936279,,0,Tesla T4,7.5,2.11.0+cu128,12.8,2026-08-23T19:14:38.371477+00:00
8f07d7628872550df76990a4fc711d1c84c14c8b,row_serial,one-thread-per-row custom CUDA; header-only CUDA 12.8 compatibility include applied,1536,12288,1536,float32,0.125,25,100,20,4526.336193084717,,0,Tesla T4,7.5,2.11.0+cu128,12.8,2026-08-23T19:14:38.371477+00:00
8f07d7628872550df76990a4fc711d1c84c14c8b,row_serial,one-thread-per-row custom CUDA; header-only CUDA 12.8 compatibility include applied,1536,12288,1536,float32,0.125,25,100,21,4519.680023193359,,0,Tesla T4,7.5,2.11.0+cu128,12.8,2026-08-23T19:14:38.371477+00:00
8f07d7628872550df76990a4fc711d1c84c14c8b,row_serial,one-thread-per-row custom CUDA; header-only CUDA 12.8 compatibility include applied,1536,12288,1536,float32,0.125,25,100,22,4578.368186950684,,0,Tesla T4,7.5,2.11.0+cu128,12.8,2026-08-23T19:14:38.371477+00:00
8f07d7628872550df76990a4fc711d1c84c14c8b,row_serial,one-thread-per-row custom CUDA; header-only CUDA 12.8 compatibility include applied,1536,12288,1536,float32,0.125,25,100,23,4583.327770233154,,0,Tesla T4,7.5,2.11.0+cu128,12.8,2026-08-23T19:14:38.371477+00:00
8f07d7628872550df76990a4fc711d1c84c14c8b,row_serial,one-thread-per-row custom CUDA; header-only CUDA 12.8 compatibility include applied,1536,12288,1536,float32,0.125,25,100,24,4587.520122528076,,0,Tesla T4,7.5,2.11.0+cu128,12.8,2026-08-23T19:14:38.371477+00:00
8f07d7628872550df76990a4fc711d1c84c14c8b,row_serial,one-thread-per-row custom CUDA; header-only CUDA 12.8 compatibility include applied,1536,12288,1536,float32,0.125,25,100,25,4577.536106109619,,0,Tesla T4,7.5,2.11.0+cu128,12.8,2026-08-23T19:14:38.371477+00:00
8f07d7628872550df76990a4fc711d1c84c14c8b,row_serial,one-thread-per-row custom CUDA; header-only CUDA 12.8 compatibility include applied,1536,12288,1536,float32,0.125,25,100,26,4634.943962097168,,0,Tesla T4,7.5,2.11.0+cu128,12.8,2026-08-23T19:14:38.371477+00:00
8f07d7628872550df76990a4fc711d1c84c14c8b,row_serial,one-thread-per-row custom CUDA; header-only CUDA 12.8 compatibility include applied,1536,12288,1536,float32,0.125,25,100,27,4577.280044555664,,0,Tesla T4,7.5,2.11.0+cu128,12.8,2026-08-23T19:14:38.371477+00:00
8f07d7628872550df76990a4fc711d1c84c14c8b,row_serial,one-thread-per-row custom CUDA; header-only CUDA 12.8 compatibility include applied,1536,12288,1536,float32,0.125,25,100,28,4612.480163574219,,0,Tesla T4,7.5,2.11.0+cu128,12.8,2026-08-23T19:14:38.371477+00:00
8f07d7628872550df76990a4fc711d1c84c14c8b,row_serial,one-thread-per-row custom CUDA; header-only CUDA 12.8 compatibility include applied,1536,12288,1536,float32,0.125,25,100,29,4595.7441329956055,,0,Tesla T4,7.5,2.11.0+cu128,12.8,2026-08-23T19:14:38.371477+00:00
8f07d7628872550df76990a4fc711d1c84c14c8b,row_serial,one-thread-per-row custom CUDA; header-only CUDA 12.8 compatibility include applied,1536,12288,1536,float32,0.125,25,100,30,4597.7277755737305,,0,Tesla T4,7.5,2.11.0+cu128,12.8,2026-08-23T19:14:38.371477+00:00
8f07d7628872550df76990a4fc711d1c84c14c8b,row_serial,one-thread-per-row custom CUDA; header-only CUDA 12.8 compatibility include applied,1536,12288,1536,float32,0.125,25,100,31,4603.936195373535,,0,Tesla T4,7.5,2.11.0+cu128,12.8,2026-08-23T19:14:38.371477+00:00
8f07d7628872550df76990a4fc711d1c84c14c8b,row_serial,one-thread-per-row custom CUDA; header-only CUDA 12.8 compatibility include applied,1536,12288,1536,float32,0.125,25,100,32,4601.408004760742,,0,Tesla T4,7.5,2.11.0+cu128,12.8,2026-08-23T19:14:38.371477+00:00
8f07d7628872550df76990a4fc711d1c84c14c8b,row_serial,one-thread-per-row custom CUDA; header-only CUDA 12.8 compatibility include applied,1536,12288,1536,float32,0.125,25,100,33,4608.863830566406,,0,Tesla T4,7.5,2.11.0+cu128,12.8,2026-08-23T19:14:38.371477+00:00
8f07d7628872550df76990a4fc711d1c84c14c8b,row_serial,one-thread-per-row custom CUDA; header-only CUDA 12.8 compatibility include applied,1536,12288,1536,float32,0.125,25,100,34,4603.968143463135,,0,Tesla T4,7.5,2.11.0+cu128,12.8,2026-08-23T19:14:38.371477+00:00
8f07d7628872550df76990a4fc711d1c84c14c8b,row_serial,one-thread-per-row custom CUDA; header-only CUDA 12.8 compatibility include applied,1536,12288,1536,float32,0.125,25,100,35,4627.327919006348,,0,Tesla T4,7.5,2.11.0+cu128,12.8,2026-08-23T19:14:38.371477+00:00
8f07d7628872550df76990a4fc711d1c84c14c8b,row_serial,one-thread-per-row custom CUDA; header-only CUDA 12.8 compatibility include applied,1536,12288,1536,float32,0.125,25,100,36,4592.4482345581055,,0,Tesla T4,7.5,2.11.0+cu128,12.8,2026-08-23T19:14:38.371477+00:00
8f07d7628872550df76990a4fc711d1c84c14c8b,row_serial,one-thread-per-row custom CUDA; header-only CUDA 12.8 compatibility include applied,1536,12288,1536,float32,0.125,25,100,37,4591.584205627441,,0,Tesla T4,7.5,2.11.0+cu128,12.8,2026-08-23T19:14:38.371477+00:00
8f07d7628872550df76990a4fc711d1c84c14c8b,row_serial,one-thread-per-row custom CUDA; header-only CUDA 12.8 compatibility include applied,1536,12288,1536,float32,0.125,25,100,38,4620.416164398193,,0,Tesla T4,7.5,2.11.0+cu128,12.8,2026-08-23T19:14:38.371477+00:00
8f07d7628872550df76990a4fc711d1c84c14c8b,row_serial,one-thread-per-row custom CUDA; header-only CUDA 12.8 compatibility include applied,1536,12288,1536,float32,0.125,25,100,39,4601.632118225098,,0,Tesla T4,7.5,2.11.0+cu128,12.8,2026-08-23T19:14:38.371477+00:00
8f07d7628872550df76990a4fc711d1c84c14c8b,row_serial,one-thread-per-row custom CUDA; header-only CUDA 12.8 compatibility include applied,1536,12288,1536,float32,0.125,25,100,40,4582.431793212891,,0,Tesla T4,7.5,2.11.0+cu128,12.8,2026-08-23T19:14:38.371477+00:00
8f07d7628872550df76990a4fc711d1c84c14c8b,row_serial,one-thread-per-row custom CUDA; header-only CUDA 12.8 compatibility include applied,1536,12288,1536,float32,0.125,25,100,41,4558.847904205322,,0,Tesla T4,7.5,2.11.0+cu128,12.8,2026-08-23T19:14:38.371477+00:00
8f07d7628872550df76990a4fc711d1c84c14c8b,row_serial,one-thread-per-row custom CUDA; header-only CUDA 12.8 compatibility include applied,1536,12288,1536,float32,0.125,25,100,42,4568.543910980225,,0,Tesla T4,7.5,2.11.0+cu128,12.8,2026-08-23T19:14:38.371477+00:00
8f07d7628872550df76990a4fc711d1c84c14c8b,row_serial,one-thread-per-row custom CUDA; header-only CUDA 12.8 compatibility include applied,1536,12288,1536,float32,0.125,25,100,43,4597.472190856934,,0,Tesla T4,7.5,2.11.0+cu128,12.8,2026-08-23T19:14:38.371477+00:00
8f07d7628872550df76990a4fc711d1c84c14c8b,row_serial,one-thread-per-row custom CUDA; header-only CUDA 12.8 compatibility include applied,1536,12288,1536,float32,0.125,25,100,44,4579.3280601501465,,0,Tesla T4,7.5,2.11.0+cu128,12.8,2026-08-23T19:14:38.371477+00:00
8f07d7628872550df76990a4fc711d1c84c14c8b,row_serial,one-thread-per-row custom CUDA; header-only CUDA 12.8 compatibility include applied,1536,12288,1536,float32,0.125,25,100,45,4579.3280601501465,,0,Tesla T4,7.5,2.11.0+cu128,12.8,2026-08-23T19:14:38.371477+00:00
8f07d7628872550df76990a4fc711d1c84c14c8b,row_serial,one-thread-per-row custom CUDA; header-only CUDA 12.8 compatibility include applied,1536,12288,1536,float32,0.125,25,100,46,4602.880001068115,,0,Tesla T4,7.5,2.11.0+cu128,12.8,2026-08-23T19:14:38.371477+00:00
8f07d7628872550df76990a4fc711d1c84c14c8b,row_serial,one-thread-per-row custom CUDA; header-only CUDA 12.8 compatibility include applied,1536,12288,1536,float32,0.125,25,100,47,4567.552089691162,,0,Tesla T4,7.5,2.11.0+cu128,12.8,2026-08-23T19:14:38.371477+00:00
8f07d7628872550df76990a4fc711d1c84c14c8b,row_serial,one-thread-per-row custom CUDA; header-only CUDA 12.8 compatibility include applied,1536,12288,1536,float32,0.125,25,100,48,4601.568222045898,,0,Tesla T4,7.5,2.11.0+cu128,12.8,2026-08-23T19:14:38.371477+00:00
8f07d7628872550df76990a4fc711d1c84c14c8b,row_serial,one-thread-per-row custom CUDA; header-only CUDA 12.8 compatibility include applied,1536,12288,1536,float32,0.125,25,100,49,4618.336200714111,,0,Tesla T4,7.5,2.11.0+cu128,12.8,2026-08-23T19:14:38.371477+00:00
8f07d7628872550df76990a4fc711d1c84c14c8b,row_serial,one-thread-per-row custom CUDA; header-only CUDA 12.8 compatibility include applied,1536,12288,1536,float32,0.125,25,100,50,4611.87219619751,,0,Tesla T4,7.5,2.11.0+cu128,12.8,2026-08-23T19:14:38.371477+00:00
8f07d7628872550df76990a4fc711d1c84c14c8b,row_serial,one-thread-per-row custom CUDA; header-only CUDA 12.8 compatibility include applied,1536,12288,1536,float32,0.125,25,100,51,4554.719924926758,,0,Tesla T4,7.5,2.11.0+cu128,12.8,2026-08-23T19:14:38.371477+00:00
8f07d7628872550df76990a4fc711d1c84c14c8b,row_serial,one-thread-per-row custom CUDA; header-only CUDA 12.8 compatibility include applied,1536,12288,1536,float32,0.125,25,100,52,4599.232196807861,,0,Tesla T4,7.5,2.11.0+cu128,12.8,2026-08-23T19:14:38.371477+00:00
8f07d7628872550df76990a4fc711d1c84c14c8b,row_serial,one-thread-per-row custom CUDA; header-only CUDA 12.8 compatibility include applied,1536,12288,1536,float32,0.125,25,100,53,4577.280044555664,,0,Tesla T4,7.5,2.11.0+cu128,12.8,2026-08-23T19:14:38.371477+00:00
8f07d7628872550df76990a4fc711d1c84c14c8b,row_serial,one-thread-per-row custom CUDA; header-only CUDA 12.8 compatibility include applied,1536,12288,1536,float32,0.125,25,100,54,4596.096038818359,,0,Tesla T4,7.5,2.11.0+cu128,12.8,2026-08-23T19:14:38.371477+00:00
8f07d7628872550df76990a4fc711d1c84c14c8b,row_serial,one-thread-per-row custom CUDA; header-only CUDA 12.8 compatibility include applied,1536,12288,1536,float32,0.125,25,100,55,4585.3118896484375,,0,Tesla T4,7.5,2.11.0+cu128,12.8,2026-08-23T19:14:38.371477+00:00
8f07d7628872550df76990a4fc711d1c84c14c8b,row_serial,one-thread-per-row custom CUDA; header-only CUDA 12.8 compatibility include applied,1536,12288,1536,float32,0.125,25,100,56,4582.176208496094,,0,Tesla T4,7.5,2.11.0+cu128,12.8,2026-08-23T19:14:38.371477+00:00
8f07d7628872550df76990a4fc711d1c84c14c8b,row_serial,one-thread-per-row custom CUDA; header-only CUDA 12.8 compatibility include applied,1536,12288,1536,float32,0.125,25,100,57,4589.503765106201,,0,Tesla T4,7.5,2.11.0+cu128,12.8,2026-08-23T19:14:38.371477+00:00
8f07d7628872550df76990a4fc711d1c84c14c8b,row_serial,one-thread-per-row custom CUDA; header-only CUDA 12.8 compatibility include applied,1536,12288,1536,float32,0.125,25,100,58,4578.176021575928,,0,Tesla T4,7.5,2.11.0+cu128,12.8,2026-08-23T19:14:38.371477+00:00
8f07d7628872550df76990a4fc711d1c84c14c8b,row_serial,one-thread-per-row custom CUDA; header-only CUDA 12.8 compatibility include applied,1536,12288,1536,float32,0.125,25,100,59,4601.856231689453,,0,Tesla T4,7.5,2.11.0+cu128,12.8,2026-08-23T19:14:38.371477+00:00
8f07d7628872550df76990a4fc711d1c84c14c8b,row_serial,one-thread-per-row custom CUDA; header-only CUDA 12.8 compatibility include applied,1536,12288,1536,float32,0.125,25,100,60,4581.471920013428,,0,Tesla T4,7.5,2.11.0+cu128,12.8,2026-08-23T19:14:38.371477+00:00
8f07d7628872550df76990a4fc711d1c84c14c8b,row_serial,one-thread-per-row custom CUDA; header-only CUDA 12.8 compatibility include applied,1536,12288,1536,float32,0.125,25,100,61,4580.704212188721,,0,Tesla T4,7.5,2.11.0+cu128,12.8,2026-08-23T19:14:38.371477+00:00
8f07d7628872550df76990a4fc711d1c84c14c8b,row_serial,one-thread-per-row custom CUDA; header-only CUDA 12.8 compatibility include applied,1536,12288,1536,float32,0.125,25,100,62,4614.143848419189,,0,Tesla T4,7.5,2.11.0+cu128,12.8,2026-08-23T19:14:38.371477+00:00
8f07d7628872550df76990a4fc711d1c84c14c8b,row_serial,one-thread-per-row custom CUDA; header-only CUDA 12.8 compatibility include applied,1536,12288,1536,float32,0.125,25,100,63,4597.599983215332,,0,Tesla T4,7.5,2.11.0+cu128,12.8,2026-08-23T19:14:38.371477+00:00
8f07d7628872550df76990a4fc711d1c84c14c8b,row_serial,one-thread-per-row custom CUDA; header-only CUDA 12.8 compatibility include applied,1536,12288,1536,float32,0.125,25,100,64,4597.760200500488,,0,Tesla T4,7.5,2.11.0+cu128,12.8,2026-08-23T19:14:38.371477+00:00
8f07d7628872550df76990a4fc711d1c84c14c8b,row_serial,one-thread-per-row custom CUDA; header-only CUDA 12.8 compatibility include applied,1536,12288,1536,float32,0.125,25,100,65,4614.5920753479,,0,Tesla T4,7.5,2.11.0+cu128,12.8,2026-08-23T19:14:38.371477+00:00
8f07d7628872550df76990a4fc711d1c84c14c8b,row_serial,one-thread-per-row custom CUDA; header-only CUDA 12.8 compatibility include applied,1536,12288,1536,float32,0.125,25,100,66,4571.135997772217,,0,Tesla T4,7.5,2.11.0+cu128,12.8,2026-08-23T19:14:38.371477+00:00
8f07d7628872550df76990a4fc711d1c84c14c8b,row_serial,one-thread-per-row custom CUDA; header-only CUDA 12.8 compatibility include applied,1536,12288,1536,float32,0.125,25,100,67,4566.2078857421875,,0,Tesla T4,7.5,2.11.0+cu128,12.8,2026-08-23T19:14:38.371477+00:00
8f07d7628872550df76990a4fc711d1c84c14c8b,row_serial,one-thread-per-row custom CUDA; header-only CUDA 12.8 compatibility include applied,1536,12288,1536,float32,0.125,25,100,68,4574.783802032471,,0,Tesla T4,7.5,2.11.0+cu128,12.8,2026-08-23T19:14:38.371477+00:00
8f07d7628872550df76990a4fc711d1c84c14c8b,row_serial,one-thread-per-row custom CUDA; header-only CUDA 12.8 compatibility include applied,1536,12288,1536,float32,0.125,25,100,69,4579.3280601501465,,0,Tesla T4,7.5,2.11.0+cu128,12.8,2026-08-23T19:14:38.371477+00:00
8f07d7628872550df76990a4fc711d1c84c14c8b,row_serial,one-thread-per-row custom CUDA; header-only CUDA 12.8 compatibility include applied,1536,12288,1536,float32,0.125,25,100,70,4588.128089904785,,0,Tesla T4,7.5,2.11.0+cu128,12.8,2026-08-23T19:14:38.371477+00:00
8f07d7628872550df76990a4fc711d1c84c14c8b,row_serial,one-thread-per-row custom CUDA; header-only CUDA 12.8 compatibility include applied,1536,12288,1536,float32,0.125,25,100,71,4620.287895202637,,0,Tesla T4,7.5,2.11.0+cu128,12.8,2026-08-23T19:14:38.371477+00:00
8f07d7628872550df76990a4fc711d1c84c14c8b,row_serial,one-thread-per-row custom CUDA; header-only CUDA 12.8 compatibility include applied,1536,12288,1536,float32,0.125,25,100,72,4599.808216094971,,0,Tesla T4,7.5,2.11.0+cu128,12.8,2026-08-23T19:14:38.371477+00:00
8f07d7628872550df76990a4fc711d1c84c14c8b,row_serial,one-thread-per-row custom CUDA; header-only CUDA 12.8 compatibility include applied,1536,12288,1536,float32,0.125,25,100,73,4606.43196105957,,0,Tesla T4,7.5,2.11.0+cu128,12.8,2026-08-23T19:14:38.371477+00:00
8f07d7628872550df76990a4fc711d1c84c14c8b,row_serial,one-thread-per-row custom CUDA; header-only CUDA 12.8 compatibility include applied,1536,12288,1536,float32,0.125,25,100,74,4609.055995941162,,0,Tesla T4,7.5,2.11.0+cu128,12.8,2026-08-23T19:14:38.371477+00:00
8f07d7628872550df76990a4fc711d1c84c14c8b,row_serial,one-thread-per-row custom CUDA; header-only CUDA 12.8 compatibility include applied,1536,12288,1536,float32,0.125,25,100,75,4598.239898681641,,0,Tesla T4,7.5,2.11.0+cu128,12.8,2026-08-23T19:14:38.371477+00:00
8f07d7628872550df76990a4fc711d1c84c14c8b,row_serial,one-thread-per-row custom CUDA; header-only CUDA 12.8 compatibility include applied,1536,12288,1536,float32,0.125,25,100,76,4614.143848419189,,0,Tesla T4,7.5,2.11.0+cu128,12.8,2026-08-23T19:14:38.371477+00:00
8f07d7628872550df76990a4fc711d1c84c14c8b,row_serial,one-thread-per-row custom CUDA; header-only CUDA 12.8 compatibility include applied,1536,12288,1536,float32,0.125,25,100,77,4613.920211791992,,0,Tesla T4,7.5,2.11.0+cu128,12.8,2026-08-23T19:14:38.371477+00:00
8f07d7628872550df76990a4fc711d1c84c14c8b,row_serial,one-thread-per-row custom CUDA; header-only CUDA 12.8 compatibility include applied,1536,12288,1536,float32,0.125,25,100,78,4597.663879394531,,0,Tesla T4,7.5,2.11.0+cu128,12.8,2026-08-23T19:14:38.371477+00:00
8f07d7628872550df76990a4fc711d1c84c14c8b,row_serial,one-thread-per-row custom CUDA; header-only CUDA 12.8 compatibility include applied,1536,12288,1536,float32,0.125,25,100,79,4605.95178604126,,0,Tesla T4,7.5,2.11.0+cu128,12.8,2026-08-23T19:14:38.371477+00:00
8f07d7628872550df76990a4fc711d1c84c14c8b,row_serial,one-thread-per-row custom CUDA; header-only CUDA 12.8 compatibility include applied,1536,12288,1536,float32,0.125,25,100,80,4586.6241455078125,,0,Tesla T4,7.5,2.11.0+cu128,12.8,2026-08-23T19:14:38.371477+00:00
8f07d7628872550df76990a4fc711d1c84c14c8b,row_serial,one-thread-per-row custom CUDA; header-only CUDA 12.8 compatibility include applied,1536,12288,1536,float32,0.125,25,100,81,4597.887992858887,,0,Tesla T4,7.5,2.11.0+cu128,12.8,2026-08-23T19:14:38.371477+00:00
8f07d7628872550df76990a4fc711d1c84c14c8b,row_serial,one-thread-per-row custom CUDA; header-only CUDA 12.8 compatibility include applied,1536,12288,1536,float32,0.125,25,100,82,4605.823993682861,,0,Tesla T4,7.5,2.11.0+cu128,12.8,2026-08-23T19:14:38.371477+00:00
8f07d7628872550df76990a4fc711d1c84c14c8b,row_serial,one-thread-per-row custom CUDA; header-only CUDA 12.8 compatibility include applied,1536,12288,1536,float32,0.125,25,100,83,4611.455917358398,,0,Tesla T4,7.5,2.11.0+cu128,12.8,2026-08-23T19:14:38.371477+00:00
8f07d7628872550df76990a4fc711d1c84c14c8b,row_serial,one-thread-per-row custom CUDA; header-only CUDA 12.8 compatibility include applied,1536,12288,1536,float32,0.125,25,100,84,4586.559772491455,,0,Tesla T4,7.5,2.11.0+cu128,12.8,2026-08-23T19:14:38.371477+00:00
8f07d7628872550df76990a4fc711d1c84c14c8b,row_serial,one-thread-per-row custom CUDA; header-only CUDA 12.8 compatibility include applied,1536,12288,1536,float32,0.125,25,100,85,4599.808216094971,,0,Tesla T4,7.5,2.11.0+cu128,12.8,2026-08-23T19:14:38.371477+00:00
8f07d7628872550df76990a4fc711d1c84c14c8b,row_serial,one-thread-per-row custom CUDA; header-only CUDA 12.8 compatibility include applied,1536,12288,1536,float32,0.125,25,100,86,4632.67183303833,,0,Tesla T4,7.5,2.11.0+cu128,12.8,2026-08-23T19:14:38.371477+00:00
8f07d7628872550df76990a4fc711d1c84c14c8b,row_serial,one-thread-per-row custom CUDA; header-only CUDA 12.8 compatibility include applied,1536,12288,1536,float32,0.125,25,100,87,4664.608001708984,,0,Tesla T4,7.5,2.11.0+cu128,12.8,2026-08-23T19:14:38.371477+00:00
8f07d7628872550df76990a4fc711d1c84c14c8b,row_serial,one-thread-per-row custom CUDA; header-only CUDA 12.8 compatibility include applied,1536,12288,1536,float32,0.125,25,100,88,4594.719886779785,,0,Tesla T4,7.5,2.11.0+cu128,12.8,2026-08-23T19:14:38.371477+00:00
8f07d7628872550df76990a4fc711d1c84c14c8b,row_serial,one-thread-per-row custom CUDA; header-only CUDA 12.8 compatibility include applied,1536,12288,1536,float32,0.125,25,100,89,4598.336219787598,,0,Tesla T4,7.5,2.11.0+cu128,12.8,2026-08-23T19:14:38.371477+00:00
8f07d7628872550df76990a4fc711d1c84c14c8b,row_serial,one-thread-per-row custom CUDA; header-only CUDA 12.8 compatibility include applied,1536,12288,1536,float32,0.125,25,100,90,4579.3280601501465,,0,Tesla T4,7.5,2.11.0+cu128,12.8,2026-08-23T19:14:38.371477+00:00
8f07d7628872550df76990a4fc711d1c84c14c8b,row_serial,one-thread-per-row custom CUDA; header-only CUDA 12.8 compatibility include applied,1536,12288,1536,float32,0.125,25,100,91,4605.055809020996,,0,Tesla T4,7.5,2.11.0+cu128,12.8,2026-08-23T19:14:38.371477+00:00
8f07d7628872550df76990a4fc711d1c84c14c8b,row_serial,one-thread-per-row custom CUDA; header-only CUDA 12.8 compatibility include applied,1536,12288,1536,float32,0.125,25,100,92,4605.792045593262,,0,Tesla T4,7.5,2.11.0+cu128,12.8,2026-08-23T19:14:38.371477+00:00
8f07d7628872550df76990a4fc711d1c84c14c8b,row_serial,one-thread-per-row custom CUDA; header-only CUDA 12.8 compatibility include applied,1536,12288,1536,float32,0.125,25,100,93,4587.264060974121,,0,Tesla T4,7.5,2.11.0+cu128,12.8,2026-08-23T19:14:38.371477+00:00
8f07d7628872550df76990a4fc711d1c84c14c8b,row_serial,one-thread-per-row custom CUDA; header-only CUDA 12.8 compatibility include applied,1536,12288,1536,float32,0.125,25,100,94,4608.640193939209,,0,Tesla T4,7.5,2.11.0+cu128,12.8,2026-08-23T19:14:38.371477+00:00
8f07d7628872550df76990a4fc711d1c84c14c8b,row_serial,one-thread-per-row custom CUDA; header-only CUDA 12.8 compatibility include applied,1536,12288,1536,float32,0.125,25,100,95,4607.999801635742,,0,Tesla T4,7.5,2.11.0+cu128,12.8,2026-08-23T19:14:38.371477+00:00
8f07d7628872550df76990a4fc711d1c84c14c8b,row_serial,one-thread-per-row custom CUDA; header-only CUDA 12.8 compatibility include applied,1536,12288,1536,float32,0.125,25,100,96,4617.055892944336,,0,Tesla T4,7.5,2.11.0+cu128,12.8,2026-08-23T19:14:38.371477+00:00
8f07d7628872550df76990a4fc711d1c84c14c8b,row_serial,one-thread-per-row custom CUDA; header-only CUDA 12.8 compatibility include applied,1536,12288,1536,float32,0.125,25,100,97,4592.864036560059,,0,Tesla T4,7.5,2.11.0+cu128,12.8,2026-08-23T19:14:38.371477+00:00
8f07d7628872550df76990a4fc711d1c84c14c8b,row_serial,one-thread-per-row custom CUDA; header-only CUDA 12.8 compatibility include applied,1536,12288,1536,float32,0.125,25,100,98,4603.487968444824,,0,Tesla T4,7.5,2.11.0+cu128,12.8,2026-08-23T19:14:38.371477+00:00
8f07d7628872550df76990a4fc711d1c84c14c8b,row_serial,one-thread-per-row custom CUDA; header-only CUDA 12.8 compatibility include applied,1536,12288,1536,float32,0.125,25,100,99,4567.296028137207,,0,Tesla T4,7.5,2.11.0+cu128,12.8,2026-08-23T19:14:38.371477+00:00
8f07d7628872550df76990a4fc711d1c84c14c8b,row_serial,one-thread-per-row custom CUDA; header-only CUDA 12.8 compatibility include applied,2048,16384,2048,float32,0.125,25,100,0,8941.08772277832,,0,Tesla T4,7.5,2.11.0+cu128,12.8,2026-08-23T19:14:41.449695+00:00
8f07d7628872550df76990a4fc711d1c84c14c8b,row_serial,one-thread-per-row custom CUDA; header-only CUDA 12.8 compatibility include applied,2048,16384,2048,float32,0.125,25,100,1,8757.247924804688,,0,Tesla T4,7.5,2.11.0+cu128,12.8,2026-08-23T19:14:41.449695+00:00
8f07d7628872550df76990a4fc711d1c84c14c8b,row_serial,one-thread-per-row custom CUDA; header-only CUDA 12.8 compatibility include applied,2048,16384,2048,float32,0.125,25,100,2,8682.271957397461,,0,Tesla T4,7.5,2.11.0+cu128,12.8,2026-08-23T19:14:41.449695+00:00
8f07d7628872550df76990a4fc711d1c84c14c8b,row_serial,one-thread-per-row custom CUDA; header-only CUDA 12.8 compatibility include applied,2048,16384,2048,float32,0.125,25,100,3,8840.06404876709,,0,Tesla T4,7.5,2.11.0+cu128,12.8,2026-08-23T19:14:41.449695+00:00
8f07d7628872550df76990a4fc711d1c84c14c8b,row_serial,one-thread-per-row custom CUDA; header-only CUDA 12.8 compatibility include applied,2048,16384,2048,float32,0.125,25,100,4,8817.503929138184,,0,Tesla T4,7.5,2.11.0+cu128,12.8,2026-08-23T19:14:41.449695+00:00
8f07d7628872550df76990a4fc711d1c84c14c8b,row_serial,one-thread-per-row custom CUDA; header-only CUDA 12.8 compatibility include applied,2048,16384,2048,float32,0.125,25,100,5,8714.719772338867,,0,Tesla T4,7.5,2.11.0+cu128,12.8,2026-08-23T19:14:41.449695+00:00
8f07d7628872550df76990a4fc711d1c84c14c8b,row_serial,one-thread-per-row custom CUDA; header-only CUDA 12.8 compatibility include applied,2048,16384,2048,float32,0.125,25,100,6,8794.75212097168,,0,Tesla T4,7.5,2.11.0+cu128,12.8,2026-08-23T19:14:41.449695+00:00
8f07d7628872550df76990a4fc711d1c84c14c8b,row_serial,one-thread-per-row custom CUDA; header-only CUDA 12.8 compatibility include applied,2048,16384,2048,float32,0.125,25,100,7,8698.111534118652,,0,Tesla T4,7.5,2.11.0+cu128,12.8,2026-08-23T19:14:41.449695+00:00
8f07d7628872550df76990a4fc711d1c84c14c8b,row_serial,one-thread-per-row custom CUDA; header-only CUDA 12.8 compatibility include applied,2048,16384,2048,float32,0.125,25,100,8,8795.87173461914,,0,Tesla T4,7.5,2.11.0+cu128,12.8,2026-08-23T19:14:41.449695+00:00
8f07d7628872550df76990a4fc711d1c84c14c8b,row_serial,one-thread-per-row custom CUDA; header-only CUDA 12.8 compatibility include applied,2048,16384,2048,float32,0.125,25,100,9,8822.112083435059,,0,Tesla T4,7.5,2.11.0+cu128,12.8,2026-08-23T19:14:41.449695+00:00
8f07d7628872550df76990a4fc711d1c84c14c8b,row_serial,one-thread-per-row custom CUDA; header-only CUDA 12.8 compatibility include applied,2048,16384,2048,float32,0.125,25,100,10,9041.919708251953,,0,Tesla T4,7.5,2.11.0+cu128,12.8,2026-08-23T19:14:41.449695+00:00
8f07d7628872550df76990a4fc711d1c84c14c8b,row_serial,one-thread-per-row custom CUDA; header-only CUDA 12.8 compatibility include applied,2048,16384,2048,float32,0.125,25,100,11,8966.048240661621,,0,Tesla T4,7.5,2.11.0+cu128,12.8,2026-08-23T19:14:41.449695+00:00
8f07d7628872550df76990a4fc711d1c84c14c8b,row_serial,one-thread-per-row custom CUDA; header-only CUDA 12.8 compatibility include applied,2048,16384,2048,float32,0.125,25,100,12,8933.216094970703,,0,Tesla T4,7.5,2.11.0+cu128,12.8,2026-08-23T19:14:41.449695+00:00
8f07d7628872550df76990a4fc711d1c84c14c8b,row_serial,one-thread-per-row custom CUDA; header-only CUDA 12.8 compatibility include applied,2048,16384,2048,float32,0.125,25,100,13,8869.343757629395,,0,Tesla T4,7.5,2.11.0+cu128,12.8,2026-08-23T19:14:41.449695+00:00
8f07d7628872550df76990a4fc711d1c84c14c8b,row_serial,one-thread-per-row custom CUDA; header-only CUDA 12.8 compatibility include applied,2048,16384,2048,float32,0.125,25,100,14,8826.88045501709,,0,Tesla T4,7.5,2.11.0+cu128,12.8,2026-08-23T19:14:41.449695+00:00
8f07d7628872550df76990a4fc711d1c84c14c8b,row_serial,one-thread-per-row custom CUDA; header-only CUDA 12.8 compatibility include applied,2048,16384,2048,float32,0.125,25,100,15,8734.527587890625,,0,Tesla T4,7.5,2.11.0+cu128,12.8,2026-08-23T19:14:41.449695+00:00
8f07d7628872550df76990a4fc711d1c84c14c8b,row_serial,one-thread-per-row custom CUDA; header-only CUDA 12.8 compatibility include applied,2048,16384,2048,float32,0.125,25,100,16,8997.344017028809,,0,Tesla T4,7.5,2.11.0+cu128,12.8,2026-08-23T19:14:41.449695+00:00
8f07d7628872550df76990a4fc711d1c84c14c8b,row_serial,one-thread-per-row custom CUDA; header-only CUDA 12.8 compatibility include applied,2048,16384,2048,float32,0.125,25,100,17,8873.663902282715,,0,Tesla T4,7.5,2.11.0+cu128,12.8,2026-08-23T19:14:41.449695+00:00
8f07d7628872550df76990a4fc711d1c84c14c8b,row_serial,one-thread-per-row custom CUDA; header-only CUDA 12.8 compatibility include applied,2048,16384,2048,float32,0.125,25,100,18,8792.06371307373,,0,Tesla T4,7.5,2.11.0+cu128,12.8,2026-08-23T19:14:41.449695+00:00
8f07d7628872550df76990a4fc711d1c84c14c8b,row_serial,one-thread-per-row custom CUDA; header-only CUDA 12.8 compatibility include applied,2048,16384,2048,float32,0.125,25,100,19,8922.335624694824,,0,Tesla T4,7.5,2.11.0+cu128,12.8,2026-08-23T19:14:41.449695+00:00
8f07d7628872550df76990a4fc711d1c84c14c8b,row_serial,one-thread-per-row custom CUDA; header-only CUDA 12.8 compatibility include applied,2048,16384,2048,float32,0.125,25,100,20,8824.543952941895,,0,Tesla T4,7.5,2.11.0+cu128,12.8,2026-08-23T19:14:41.449695+00:00
8f07d7628872550df76990a4fc711d1c84c14c8b,row_serial,one-thread-per-row custom CUDA; header-only CUDA 12.8 compatibility include applied,2048,16384,2048,float32,0.125,25,100,21,8871.295928955078,,0,Tesla T4,7.5,2.11.0+cu128,12.8,2026-08-23T19:14:41.449695+00:00
8f07d7628872550df76990a4fc711d1c84c14c8b,row_serial,one-thread-per-row custom CUDA; header-only CUDA 12.8 compatibility include applied,2048,16384,2048,float32,0.125,25,100,22,8841.055870056152,,0,Tesla T4,7.5,2.11.0+cu128,12.8,2026-08-23T19:14:41.449695+00:00
8f07d7628872550df76990a4fc711d1c84c14c8b,row_serial,one-thread-per-row custom CUDA; header-only CUDA 12.8 compatibility include applied,2048,16384,2048,float32,0.125,25,100,23,8831.29596710205,,0,Tesla T4,7.5,2.11.0+cu128,12.8,2026-08-23T19:14:41.449695+00:00
8f07d7628872550df76990a4fc711d1c84c14c8b,row_serial,one-thread-per-row custom CUDA; header-only CUDA 12.8 compatibility include applied,2048,16384,2048,float32,0.125,25,100,24,8783.26416015625,,0,Tesla T4,7.5,2.11.0+cu128,12.8,2026-08-23T19:14:41.449695+00:00
8f07d7628872550df76990a4fc711d1c84c14c8b,row_serial,one-thread-per-row custom CUDA; header-only CUDA 12.8 compatibility include applied,2048,16384,2048,float32,0.125,25,100,25,8913.311958312988,,0,Tesla T4,7.5,2.11.0+cu128,12.8,2026-08-23T19:14:41.449695+00:00
8f07d7628872550df76990a4fc711d1c84c14c8b,row_serial,one-thread-per-row custom CUDA; header-only CUDA 12.8 compatibility include applied,2048,16384,2048,float32,0.125,25,100,26,8777.728080749512,,0,Tesla T4,7.5,2.11.0+cu128,12.8,2026-08-23T19:14:41.449695+00:00
8f07d7628872550df76990a4fc711d1c84c14c8b,row_serial,one-thread-per-row custom CUDA; header-only CUDA 12.8 compatibility include applied,2048,16384,2048,float32,0.125,25,100,27,8823.455810546875,,0,Tesla T4,7.5,2.11.0+cu128,12.8,2026-08-23T19:14:41.449695+00:00
8f07d7628872550df76990a4fc711d1c84c14c8b,row_serial,one-thread-per-row custom CUDA; header-only CUDA 12.8 compatibility include applied,2048,16384,2048,float32,0.125,25,100,28,8751.104354858398,,0,Tesla T4,7.5,2.11.0+cu128,12.8,2026-08-23T19:14:41.449695+00:00
8f07d7628872550df76990a4fc711d1c84c14c8b,row_serial,one-thread-per-row custom CUDA; header-only CUDA 12.8 compatibility include applied,2048,16384,2048,float32,0.125,25,100,29,8628.22437286377,,0,Tesla T4,7.5,2.11.0+cu128,12.8,2026-08-23T19:14:41.449695+00:00
8f07d7628872550df76990a4fc711d1c84c14c8b,row_serial,one-thread-per-row custom CUDA; header-only CUDA 12.8 compatibility include applied,2048,16384,2048,float32,0.125,25,100,30,8931.71215057373,,0,Tesla T4,7.5,2.11.0+cu128,12.8,2026-08-23T19:14:41.449695+00:00
8f07d7628872550df76990a4fc711d1c84c14c8b,row_serial,one-thread-per-row custom CUDA; header-only CUDA 12.8 compatibility include applied,2048,16384,2048,float32,0.125,25,100,31,8843.263626098633,,0,Tesla T4,7.5,2.11.0+cu128,12.8,2026-08-23T19:14:41.449695+00:00
8f07d7628872550df76990a4fc711d1c84c14c8b,row_serial,one-thread-per-row custom CUDA; header-only CUDA 12.8 compatibility include applied,2048,16384,2048,float32,0.125,25,100,32,8779.775619506836,,0,Tesla T4,7.5,2.11.0+cu128,12.8,2026-08-23T19:14:41.449695+00:00
8f07d7628872550df76990a4fc711d1c84c14c8b,row_serial,one-thread-per-row custom CUDA; header-only CUDA 12.8 compatibility include applied,2048,16384,2048,float32,0.125,25,100,33,8813.983917236328,,0,Tesla T4,7.5,2.11.0+cu128,12.8,2026-08-23T19:14:41.449695+00:00
8f07d7628872550df76990a4fc711d1c84c14c8b,row_serial,one-thread-per-row custom CUDA; header-only CUDA 12.8 compatibility include applied,2048,16384,2048,float32,0.125,25,100,34,8982.527732849121,,0,Tesla T4,7.5,2.11.0+cu128,12.8,2026-08-23T19:14:41.449695+00:00
8f07d7628872550df76990a4fc711d1c84c14c8b,row_serial,one-thread-per-row custom CUDA; header-only CUDA 12.8 compatibility include applied,2048,16384,2048,float32,0.125,25,100,35,8738.656044006348,,0,Tesla T4,7.5,2.11.0+cu128,12.8,2026-08-23T19:14:41.449695+00:00
8f07d7628872550df76990a4fc711d1c84c14c8b,row_serial,one-thread-per-row custom CUDA; header-only CUDA 12.8 compatibility include applied,2048,16384,2048,float32,0.125,25,100,36,8935.615539550781,,0,Tesla T4,7.5,2.11.0+cu128,12.8,2026-08-23T19:14:41.449695+00:00
8f07d7628872550df76990a4fc711d1c84c14c8b,row_serial,one-thread-per-row custom CUDA; header-only CUDA 12.8 compatibility include applied,2048,16384,2048,float32,0.125,25,100,37,8896.512031555176,,0,Tesla T4,7.5,2.11.0+cu128,12.8,2026-08-23T19:14:41.449695+00:00
8f07d7628872550df76990a4fc711d1c84c14c8b,row_serial,one-thread-per-row custom CUDA; header-only CUDA 12.8 compatibility include applied,2048,16384,2048,float32,0.125,25,100,38,8720.383644104004,,0,Tesla T4,7.5,2.11.0+cu128,12.8,2026-08-23T19:14:41.449695+00:00
8f07d7628872550df76990a4fc711d1c84c14c8b,row_serial,one-thread-per-row custom CUDA; header-only CUDA 12.8 compatibility include applied,2048,16384,2048,float32,0.125,25,100,39,8945.664405822754,,0,Tesla T4,7.5,2.11.0+cu128,12.8,2026-08-23T19:14:41.449695+00:00
8f07d7628872550df76990a4fc711d1c84c14c8b,row_serial,one-thread-per-row custom CUDA; header-only CUDA 12.8 compatibility include applied,2048,16384,2048,float32,0.125,25,100,40,8808.44783782959,,0,Tesla T4,7.5,2.11.0+cu128,12.8,2026-08-23T19:14:41.449695+00:00
8f07d7628872550df76990a4fc711d1c84c14c8b,row_serial,one-thread-per-row custom CUDA; header-only CUDA 12.8 compatibility include applied,2048,16384,2048,float32,0.125,25,100,41,8799.839973449707,,0,Tesla T4,7.5,2.11.0+cu128,12.8,2026-08-23T19:14:41.449695+00:00
8f07d7628872550df76990a4fc711d1c84c14c8b,row_serial,one-thread-per-row custom CUDA; header-only CUDA 12.8 compatibility include applied,2048,16384,2048,float32,0.125,25,100,42,8841.440200805664,,0,Tesla T4,7.5,2.11.0+cu128,12.8,2026-08-23T19:14:41.449695+00:00
8f07d7628872550df76990a4fc711d1c84c14c8b,row_serial,one-thread-per-row custom CUDA; header-only CUDA 12.8 compatibility include applied,2048,16384,2048,float32,0.125,25,100,43,8872.35164642334,,0,Tesla T4,7.5,2.11.0+cu128,12.8,2026-08-23T19:14:41.449695+00:00
8f07d7628872550df76990a4fc711d1c84c14c8b,row_serial,one-thread-per-row custom CUDA; header-only CUDA 12.8 compatibility include applied,2048,16384,2048,float32,0.125,25,100,44,8800.25577545166,,0,Tesla T4,7.5,2.11.0+cu128,12.8,2026-08-23T19:14:41.449695+00:00
8f07d7628872550df76990a4fc711d1c84c14c8b,row_serial,one-thread-per-row custom CUDA; header-only CUDA 12.8 compatibility include applied,2048,16384,2048,float32,0.125,25,100,45,8851.48811340332,,0,Tesla T4,7.5,2.11.0+cu128,12.8,2026-08-23T19:14:41.449695+00:00
8f07d7628872550df76990a4fc711d1c84c14c8b,row_serial,one-thread-per-row custom CUDA; header-only CUDA 12.8 compatibility include applied,2048,16384,2048,float32,0.125,25,100,46,8781.824111938477,,0,Tesla T4,7.5,2.11.0+cu128,12.8,2026-08-23T19:14:41.449695+00:00
8f07d7628872550df76990a4fc711d1c84c14c8b,row_serial,one-thread-per-row custom CUDA; header-only CUDA 12.8 compatibility include applied,2048,16384,2048,float32,0.125,25,100,47,8785.440444946289,,0,Tesla T4,7.5,2.11.0+cu128,12.8,2026-08-23T19:14:41.449695+00:00
8f07d7628872550df76990a4fc711d1c84c14c8b,row_serial,one-thread-per-row custom CUDA; header-only CUDA 12.8 compatibility include applied,2048,16384,2048,float32,0.125,25,100,48,8856.96029663086,,0,Tesla T4,7.5,2.11.0+cu128,12.8,2026-08-23T19:14:41.449695+00:00
8f07d7628872550df76990a4fc711d1c84c14c8b,row_serial,one-thread-per-row custom CUDA; header-only CUDA 12.8 compatibility include applied,2048,16384,2048,float32,0.125,25,100,49,8700.896263122559,,0,Tesla T4,7.5,2.11.0+cu128,12.8,2026-08-23T19:14:41.449695+00:00
8f07d7628872550df76990a4fc711d1c84c14c8b,row_serial,one-thread-per-row custom CUDA; header-only CUDA 12.8 compatibility include applied,2048,16384,2048,float32,0.125,25,100,50,8785.247802734375,,0,Tesla T4,7.5,2.11.0+cu128,12.8,2026-08-23T19:14:41.449695+00:00
8f07d7628872550df76990a4fc711d1c84c14c8b,row_serial,one-thread-per-row custom CUDA; header-only CUDA 12.8 compatibility include applied,2048,16384,2048,float32,0.125,25,100,51,8936.544418334961,,0,Tesla T4,7.5,2.11.0+cu128,12.8,2026-08-23T19:14:41.449695+00:00
8f07d7628872550df76990a4fc711d1c84c14c8b,row_serial,one-thread-per-row custom CUDA; header-only CUDA 12.8 compatibility include applied,2048,16384,2048,float32,0.125,25,100,52,8864.00032043457,,0,Tesla T4,7.5,2.11.0+cu128,12.8,2026-08-23T19:14:41.449695+00:00
8f07d7628872550df76990a4fc711d1c84c14c8b,row_serial,one-thread-per-row custom CUDA; header-only CUDA 12.8 compatibility include applied,2048,16384,2048,float32,0.125,25,100,53,8714.912414550781,,0,Tesla T4,7.5,2.11.0+cu128,12.8,2026-08-23T19:14:41.449695+00:00
8f07d7628872550df76990a4fc711d1c84c14c8b,row_serial,one-thread-per-row custom CUDA; header-only CUDA 12.8 compatibility include applied,2048,16384,2048,float32,0.125,25,100,54,8851.455688476562,,0,Tesla T4,7.5,2.11.0+cu128,12.8,2026-08-23T19:14:41.449695+00:00
8f07d7628872550df76990a4fc711d1c84c14c8b,row_serial,one-thread-per-row custom CUDA; header-only CUDA 12.8 compatibility include applied,2048,16384,2048,float32,0.125,25,100,55,8681.471824645996,,0,Tesla T4,7.5,2.11.0+cu128,12.8,2026-08-23T19:14:41.449695+00:00
8f07d7628872550df76990a4fc711d1c84c14c8b,row_serial,one-thread-per-row custom CUDA; header-only CUDA 12.8 compatibility include applied,2048,16384,2048,float32,0.125,25,100,56,8963.071823120117,,0,Tesla T4,7.5,2.11.0+cu128,12.8,2026-08-23T19:14:41.449695+00:00
8f07d7628872550df76990a4fc711d1c84c14c8b,row_serial,one-thread-per-row custom CUDA; header-only CUDA 12.8 compatibility include applied,2048,16384,2048,float32,0.125,25,100,57,8828.160285949707,,0,Tesla T4,7.5,2.11.0+cu128,12.8,2026-08-23T19:14:41.449695+00:00
8f07d7628872550df76990a4fc711d1c84c14c8b,row_serial,one-thread-per-row custom CUDA; header-only CUDA 12.8 compatibility include applied,2048,16384,2048,float32,0.125,25,100,58,8910.847663879395,,0,Tesla T4,7.5,2.11.0+cu128,12.8,2026-08-23T19:14:41.449695+00:00
8f07d7628872550df76990a4fc711d1c84c14c8b,row_serial,one-thread-per-row custom CUDA; header-only CUDA 12.8 compatibility include applied,2048,16384,2048,float32,0.125,25,100,59,8828.927993774414,,0,Tesla T4,7.5,2.11.0+cu128,12.8,2026-08-23T19:14:41.449695+00:00
8f07d7628872550df76990a4fc711d1c84c14c8b,row_serial,one-thread-per-row custom CUDA; header-only CUDA 12.8 compatibility include applied,2048,16384,2048,float32,0.125,25,100,60,8911.904335021973,,0,Tesla T4,7.5,2.11.0+cu128,12.8,2026-08-23T19:14:41.449695+00:00
8f07d7628872550df76990a4fc711d1c84c14c8b,row_serial,one-thread-per-row custom CUDA; header-only CUDA 12.8 compatibility include applied,2048,16384,2048,float32,0.125,25,100,61,8880.127906799316,,0,Tesla T4,7.5,2.11.0+cu128,12.8,2026-08-23T19:14:41.449695+00:00
8f07d7628872550df76990a4fc711d1c84c14c8b,row_serial,one-thread-per-row custom CUDA; header-only CUDA 12.8 compatibility include applied,2048,16384,2048,float32,0.125,25,100,62,8937.664031982422,,0,Tesla T4,7.5,2.11.0+cu128,12.8,2026-08-23T19:14:41.449695+00:00
8f07d7628872550df76990a4fc711d1c84c14c8b,row_serial,one-thread-per-row custom CUDA; header-only CUDA 12.8 compatibility include applied,2048,16384,2048,float32,0.125,25,100,63,8813.920021057129,,0,Tesla T4,7.5,2.11.0+cu128,12.8,2026-08-23T19:14:41.449695+00:00
8f07d7628872550df76990a4fc711d1c84c14c8b,row_serial,one-thread-per-row custom CUDA; header-only CUDA 12.8 compatibility include applied,2048,16384,2048,float32,0.125,25,100,64,9011.199951171875,,0,Tesla T4,7.5,2.11.0+cu128,12.8,2026-08-23T19:14:41.449695+00:00
8f07d7628872550df76990a4fc711d1c84c14c8b,row_serial,one-thread-per-row custom CUDA; header-only CUDA 12.8 compatibility include applied,2048,16384,2048,float32,0.125,25,100,65,8828.031539916992,,0,Tesla T4,7.5,2.11.0+cu128,12.8,2026-08-23T19:14:41.449695+00:00
8f07d7628872550df76990a4fc711d1c84c14c8b,row_serial,one-thread-per-row custom CUDA; header-only CUDA 12.8 compatibility include applied,2048,16384,2048,float32,0.125,25,100,66,8797.183990478516,,0,Tesla T4,7.5,2.11.0+cu128,12.8,2026-08-23T19:14:41.449695+00:00
8f07d7628872550df76990a4fc711d1c84c14c8b,row_serial,one-thread-per-row custom CUDA; header-only CUDA 12.8 compatibility include applied,2048,16384,2048,float32,0.125,25,100,67,8711.263656616211,,0,Tesla T4,7.5,2.11.0+cu128,12.8,2026-08-23T19:14:41.449695+00:00
8f07d7628872550df76990a4fc711d1c84c14c8b,row_serial,one-thread-per-row custom CUDA; header-only CUDA 12.8 compatibility include applied,2048,16384,2048,float32,0.125,25,100,68,8872.223854064941,,0,Tesla T4,7.5,2.11.0+cu128,12.8,2026-08-23T19:14:41.449695+00:00
8f07d7628872550df76990a4fc711d1c84c14c8b,row_serial,one-thread-per-row custom CUDA; header-only CUDA 12.8 compatibility include applied,2048,16384,2048,float32,0.125,25,100,69,8820.032119750977,,0,Tesla T4,7.5,2.11.0+cu128,12.8,2026-08-23T19:14:41.449695+00:00
8f07d7628872550df76990a4fc711d1c84c14c8b,row_serial,one-thread-per-row custom CUDA; header-only CUDA 12.8 compatibility include applied,2048,16384,2048,float32,0.125,25,100,70,8820.832252502441,,0,Tesla T4,7.5,2.11.0+cu128,12.8,2026-08-23T19:14:41.449695+00:00
8f07d7628872550df76990a4fc711d1c84c14c8b,row_serial,one-thread-per-row custom CUDA; header-only CUDA 12.8 compatibility include applied,2048,16384,2048,float32,0.125,25,100,71,9008.768081665039,,0,Tesla T4,7.5,2.11.0+cu128,12.8,2026-08-23T19:14:41.449695+00:00
8f07d7628872550df76990a4fc711d1c84c14c8b,row_serial,one-thread-per-row custom CUDA; header-only CUDA 12.8 compatibility include applied,2048,16384,2048,float32,0.125,25,100,72,8879.87232208252,,0,Tesla T4,7.5,2.11.0+cu128,12.8,2026-08-23T19:14:41.449695+00:00
8f07d7628872550df76990a4fc711d1c84c14c8b,row_serial,one-thread-per-row custom CUDA; header-only CUDA 12.8 compatibility include applied,2048,16384,2048,float32,0.125,25,100,73,8718.33610534668,,0,Tesla T4,7.5,2.11.0+cu128,12.8,2026-08-23T19:14:41.449695+00:00
8f07d7628872550df76990a4fc711d1c84c14c8b,row_serial,one-thread-per-row custom CUDA; header-only CUDA 12.8 compatibility include applied,2048,16384,2048,float32,0.125,25,100,74,8718.624114990234,,0,Tesla T4,7.5,2.11.0+cu128,12.8,2026-08-23T19:14:41.449695+00:00
8f07d7628872550df76990a4fc711d1c84c14c8b,row_serial,one-thread-per-row custom CUDA; header-only CUDA 12.8 compatibility include applied,2048,16384,2048,float32,0.125,25,100,75,8740.15998840332,,0,Tesla T4,7.5,2.11.0+cu128,12.8,2026-08-23T19:14:41.449695+00:00
8f07d7628872550df76990a4fc711d1c84c14c8b,row_serial,one-thread-per-row custom CUDA; header-only CUDA 12.8 compatibility include applied,2048,16384,2048,float32,0.125,25,100,76,8767.328262329102,,0,Tesla T4,7.5,2.11.0+cu128,12.8,2026-08-23T19:14:41.449695+00:00
8f07d7628872550df76990a4fc711d1c84c14c8b,row_serial,one-thread-per-row custom CUDA; header-only CUDA 12.8 compatibility include applied,2048,16384,2048,float32,0.125,25,100,77,8738.816261291504,,0,Tesla T4,7.5,2.11.0+cu128,12.8,2026-08-23T19:14:41.449695+00:00
8f07d7628872550df76990a4fc711d1c84c14c8b,row_serial,one-thread-per-row custom CUDA; header-only CUDA 12.8 compatibility include applied,2048,16384,2048,float32,0.125,25,100,78,8957.98397064209,,0,Tesla T4,7.5,2.11.0+cu128,12.8,2026-08-23T19:14:41.449695+00:00
8f07d7628872550df76990a4fc711d1c84c14c8b,row_serial,one-thread-per-row custom CUDA; header-only CUDA 12.8 compatibility include applied,2048,16384,2048,float32,0.125,25,100,79,8840.607643127441,,0,Tesla T4,7.5,2.11.0+cu128,12.8,2026-08-23T19:14:41.449695+00:00
8f07d7628872550df76990a4fc711d1c84c14c8b,row_serial,one-thread-per-row custom CUDA; header-only CUDA 12.8 compatibility include applied,2048,16384,2048,float32,0.125,25,100,80,8795.680046081543,,0,Tesla T4,7.5,2.11.0+cu128,12.8,2026-08-23T19:14:41.449695+00:00
8f07d7628872550df76990a4fc711d1c84c14c8b,row_serial,one-thread-per-row custom CUDA; header-only CUDA 12.8 compatibility include applied,2048,16384,2048,float32,0.125,25,100,81,8907.903671264648,,0,Tesla T4,7.5,2.11.0+cu128,12.8,2026-08-23T19:14:41.449695+00:00
8f07d7628872550df76990a4fc711d1c84c14c8b,row_serial,one-thread-per-row custom CUDA; header-only CUDA 12.8 compatibility include applied,2048,16384,2048,float32,0.125,25,100,82,8894.463539123535,,0,Tesla T4,7.5,2.11.0+cu128,12.8,2026-08-23T19:14:41.449695+00:00
8f07d7628872550df76990a4fc711d1c84c14c8b,row_serial,one-thread-per-row custom CUDA; header-only CUDA 12.8 compatibility include applied,2048,16384,2048,float32,0.125,25,100,83,8883.487701416016,,0,Tesla T4,7.5,2.11.0+cu128,12.8,2026-08-23T19:14:41.449695+00:00
8f07d7628872550df76990a4fc711d1c84c14c8b,row_serial,one-thread-per-row custom CUDA; header-only CUDA 12.8 compatibility include applied,2048,16384,2048,float32,0.125,25,100,84,8988.800048828125,,0,Tesla T4,7.5,2.11.0+cu128,12.8,2026-08-23T19:14:41.449695+00:00
8f07d7628872550df76990a4fc711d1c84c14c8b,row_serial,one-thread-per-row custom CUDA; header-only CUDA 12.8 compatibility include applied,2048,16384,2048,float32,0.125,25,100,85,8900.639533996582,,0,Tesla T4,7.5,2.11.0+cu128,12.8,2026-08-23T19:14:41.449695+00:00
8f07d7628872550df76990a4fc711d1c84c14c8b,row_serial,one-thread-per-row custom CUDA; header-only CUDA 12.8 compatibility include applied,2048,16384,2048,float32,0.125,25,100,86,8724.479675292969,,0,Tesla T4,7.5,2.11.0+cu128,12.8,2026-08-23T19:14:41.449695+00:00
8f07d7628872550df76990a4fc711d1c84c14c8b,row_serial,one-thread-per-row custom CUDA; header-only CUDA 12.8 compatibility include applied,2048,16384,2048,float32,0.125,25,100,87,8818.68839263916,,0,Tesla T4,7.5,2.11.0+cu128,12.8,2026-08-23T19:14:41.449695+00:00
8f07d7628872550df76990a4fc711d1c84c14c8b,row_serial,one-thread-per-row custom CUDA; header-only CUDA 12.8 compatibility include applied,2048,16384,2048,float32,0.125,25,100,88,8946.463584899902,,0,Tesla T4,7.5,2.11.0+cu128,12.8,2026-08-23T19:14:41.449695+00:00
8f07d7628872550df76990a4fc711d1c84c14c8b,row_serial,one-thread-per-row custom CUDA; header-only CUDA 12.8 compatibility include applied,2048,16384,2048,float32,0.125,25,100,89,8761.343955993652,,0,Tesla T4,7.5,2.11.0+cu128,12.8,2026-08-23T19:14:41.449695+00:00
8f07d7628872550df76990a4fc711d1c84c14c8b,row_serial,one-thread-per-row custom CUDA; header-only CUDA 12.8 compatibility include applied,2048,16384,2048,float32,0.125,25,100,90,8791.45622253418,,0,Tesla T4,7.5,2.11.0+cu128,12.8,2026-08-23T19:14:41.449695+00:00
8f07d7628872550df76990a4fc711d1c84c14c8b,row_serial,one-thread-per-row custom CUDA; header-only CUDA 12.8 compatibility include applied,2048,16384,2048,float32,0.125,25,100,91,8849.37572479248,,0,Tesla T4,7.5,2.11.0+cu128,12.8,2026-08-23T19:14:41.449695+00:00
8f07d7628872550df76990a4fc711d1c84c14c8b,row_serial,one-thread-per-row custom CUDA; header-only CUDA 12.8 compatibility include applied,2048,16384,2048,float32,0.125,25,100,92,8788.512229919434,,0,Tesla T4,7.5,2.11.0+cu128,12.8,2026-08-23T19:14:41.449695+00:00
8f07d7628872550df76990a4fc711d1c84c14c8b,row_serial,one-thread-per-row custom CUDA; header-only CUDA 12.8 compatibility include applied,2048,16384,2048,float32,0.125,25,100,93,8844.927787780762,,0,Tesla T4,7.5,2.11.0+cu128,12.8,2026-08-23T19:14:41.449695+00:00
8f07d7628872550df76990a4fc711d1c84c14c8b,row_serial,one-thread-per-row custom CUDA; header-only CUDA 12.8 compatibility include applied,2048,16384,2048,float32,0.125,25,100,94,8766.143798828125,,0,Tesla T4,7.5,2.11.0+cu128,12.8,2026-08-23T19:14:41.449695+00:00
8f07d7628872550df76990a4fc711d1c84c14c8b,row_serial,one-thread-per-row custom CUDA; header-only CUDA 12.8 compatibility include applied,2048,16384,2048,float32,0.125,25,100,95,8767.871856689453,,0,Tesla T4,7.5,2.11.0+cu128,12.8,2026-08-23T19:14:41.449695+00:00
8f07d7628872550df76990a4fc711d1c84c14c8b,row_serial,one-thread-per-row custom CUDA; header-only CUDA 12.8 compatibility include applied,2048,16384,2048,float32,0.125,25,100,96,8827.327728271484,,0,Tesla T4,7.5,2.11.0+cu128,12.8,2026-08-23T19:14:41.449695+00:00
8f07d7628872550df76990a4fc711d1c84c14c8b,row_serial,one-thread-per-row custom CUDA; header-only CUDA 12.8 compatibility include applied,2048,16384,2048,float32,0.125,25,100,97,8853.952407836914,,0,Tesla T4,7.5,2.11.0+cu128,12.8,2026-08-23T19:14:41.449695+00:00
8f07d7628872550df76990a4fc711d1c84c14c8b,row_serial,one-thread-per-row custom CUDA; header-only CUDA 12.8 compatibility include applied,2048,16384,2048,float32,0.125,25,100,98,8817.983627319336,,0,Tesla T4,7.5,2.11.0+cu128,12.8,2026-08-23T19:14:41.449695+00:00
8f07d7628872550df76990a4fc711d1c84c14c8b,row_serial,one-thread-per-row custom CUDA; header-only CUDA 12.8 compatibility include applied,2048,16384,2048,float32,0.125,25,100,99,8816.287994384766,,0,Tesla T4,7.5,2.11.0+cu128,12.8,2026-08-23T19:14:41.449695+00:00
f9420de03a430e9cf768210184ec22fc6b7ddc2a,block_shared_tree,one-block-per-row shared-tree custom CUDA; header-only CUDA 12.8 compatibility include applied,128,1024,128,float32,0.125,25,100,0,78.78399640321732,,0,Tesla T4,7.5,2.11.0+cu128,12.8,2026-08-23T19:16:35.034336+00:00
f9420de03a430e9cf768210184ec22fc6b7ddc2a,block_shared_tree,one-block-per-row shared-tree custom CUDA; header-only CUDA 12.8 compatibility include applied,128,1024,128,float32,0.125,25,100,1,56.51199817657471,,0,Tesla T4,7.5,2.11.0+cu128,12.8,2026-08-23T19:16:35.034336+00:00
f9420de03a430e9cf768210184ec22fc6b7ddc2a,block_shared_tree,one-block-per-row shared-tree custom CUDA; header-only CUDA 12.8 compatibility include applied,128,1024,128,float32,0.125,25,100,2,67.48799979686737,,0,Tesla T4,7.5,2.11.0+cu128,12.8,2026-08-23T19:16:35.034336+00:00
f9420de03a430e9cf768210184ec22fc6b7ddc2a,block_shared_tree,one-block-per-row shared-tree custom CUDA; header-only CUDA 12.8 compatibility include applied,128,1024,128,float32,0.125,25,100,3,54.07999828457832,,0,Tesla T4,7.5,2.11.0+cu128,12.8,2026-08-23T19:16:35.034336+00:00
f9420de03a430e9cf768210184ec22fc6b7ddc2a,block_shared_tree,one-block-per-row shared-tree custom CUDA; header-only CUDA 12.8 compatibility include applied,128,1024,128,float32,0.125,25,100,4,52.960000932216644,,0,Tesla T4,7.5,2.11.0+cu128,12.8,2026-08-23T19:16:35.034336+00:00
f9420de03a430e9cf768210184ec22fc6b7ddc2a,block_shared_tree,one-block-per-row shared-tree custom CUDA; header-only CUDA 12.8 compatibility include applied,128,1024,128,float32,0.125,25,100,5,53.408000618219376,,0,Tesla T4,7.5,2.11.0+cu128,12.8,2026-08-23T19:16:35.034336+00:00
f9420de03a430e9cf768210184ec22fc6b7ddc2a,block_shared_tree,one-block-per-row shared-tree custom CUDA; header-only CUDA 12.8 compatibility include applied,128,1024,128,float32,0.125,25,100,6,51.872000098228455,,0,Tesla T4,7.5,2.11.0+cu128,12.8,2026-08-23T19:16:35.034336+00:00
f9420de03a430e9cf768210184ec22fc6b7ddc2a,block_shared_tree,one-block-per-row shared-tree custom CUDA; header-only CUDA 12.8 compatibility include applied,128,1024,128,float32,0.125,25,100,7,52.032001316547394,,0,Tesla T4,7.5,2.11.0+cu128,12.8,2026-08-23T19:16:35.034336+00:00
f9420de03a430e9cf768210184ec22fc6b7ddc2a,block_shared_tree,one-block-per-row shared-tree custom CUDA; header-only CUDA 12.8 compatibility include applied,128,1024,128,float32,0.125,25,100,8,53.247999399900436,,0,Tesla T4,7.5,2.11.0+cu128,12.8,2026-08-23T19:16:35.034336+00:00
f9420de03a430e9cf768210184ec22fc6b7ddc2a,block_shared_tree,one-block-per-row shared-tree custom CUDA; header-only CUDA 12.8 compatibility include applied,128,1024,128,float32,0.125,25,100,9,51.42400041222572,,0,Tesla T4,7.5,2.11.0+cu128,12.8,2026-08-23T19:16:35.034336+00:00
f9420de03a430e9cf768210184ec22fc6b7ddc2a,block_shared_tree,one-block-per-row shared-tree custom CUDA; header-only CUDA 12.8 compatibility include applied,128,1024,128,float32,0.125,25,100,10,52.639998495578766,,0,Tesla T4,7.5,2.11.0+cu128,12.8,2026-08-23T19:16:35.034336+00:00
f9420de03a430e9cf768210184ec22fc6b7ddc2a,block_shared_tree,one-block-per-row shared-tree custom CUDA; header-only CUDA 12.8 compatibility include applied,128,1024,128,float32,0.125,25,100,11,51.16799846291542,,0,Tesla T4,7.5,2.11.0+cu128,12.8,2026-08-23T19:16:35.034336+00:00
f9420de03a430e9cf768210184ec22fc6b7ddc2a,block_shared_tree,one-block-per-row shared-tree custom CUDA; header-only CUDA 12.8 compatibility include applied,128,1024,128,float32,0.125,25,100,12,51.552001386880875,,0,Tesla T4,7.5,2.11.0+cu128,12.8,2026-08-23T19:16:35.034336+00:00
f9420de03a430e9cf768210184ec22fc6b7ddc2a,block_shared_tree,one-block-per-row shared-tree custom CUDA; header-only CUDA 12.8 compatibility include applied,128,1024,128,float32,0.125,25,100,13,51.872000098228455,,0,Tesla T4,7.5,2.11.0+cu128,12.8,2026-08-23T19:16:35.034336+00:00
f9420de03a430e9cf768210184ec22fc6b7ddc2a,block_shared_tree,one-block-per-row shared-tree custom CUDA; header-only CUDA 12.8 compatibility include applied,128,1024,128,float32,0.125,25,100,14,52.09600180387497,,0,Tesla T4,7.5,2.11.0+cu128,12.8,2026-08-23T19:16:35.034336+00:00
f9420de03a430e9cf768210184ec22fc6b7ddc2a,block_shared_tree,one-block-per-row shared-tree custom CUDA; header-only CUDA 12.8 compatibility include applied,128,1024,128,float32,0.125,25,100,15,54.78399991989136,,0,Tesla T4,7.5,2.11.0+cu128,12.8,2026-08-23T19:16:35.034336+00:00
f9420de03a430e9cf768210184ec22fc6b7ddc2a,block_shared_tree,one-block-per-row shared-tree custom CUDA; header-only CUDA 12.8 compatibility include applied,128,1024,128,float32,0.125,25,100,16,52.70399898290634,,0,Tesla T4,7.5,2.11.0+cu128,12.8,2026-08-23T19:16:35.034336+00:00
f9420de03a430e9cf768210184ec22fc6b7ddc2a,block_shared_tree,one-block-per-row shared-tree custom CUDA; header-only CUDA 12.8 compatibility include applied,128,1024,128,float32,0.125,25,100,17,51.93600058555603,,0,Tesla T4,7.5,2.11.0+cu128,12.8,2026-08-23T19:16:35.034336+00:00
f9420de03a430e9cf768210184ec22fc6b7ddc2a,block_shared_tree,one-block-per-row shared-tree custom CUDA; header-only CUDA 12.8 compatibility include applied,128,1024,128,float32,0.125,25,100,18,52.000001072883606,,0,Tesla T4,7.5,2.11.0+cu128,12.8,2026-08-23T19:16:35.034336+00:00
f9420de03a430e9cf768210184ec22fc6b7ddc2a,block_shared_tree,one-block-per-row shared-tree custom CUDA; header-only CUDA 12.8 compatibility include applied,128,1024,128,float32,0.125,25,100,19,52.60799825191498,,0,Tesla T4,7.5,2.11.0+cu128,12.8,2026-08-23T19:16:35.034336+00:00
f9420de03a430e9cf768210184ec22fc6b7ddc2a,block_shared_tree,one-block-per-row shared-tree custom CUDA; header-only CUDA 12.8 compatibility include applied,128,1024,128,float32,0.125,25,100,20,51.231998950242996,,0,Tesla T4,7.5,2.11.0+cu128,12.8,2026-08-23T19:16:35.034336+00:00
f9420de03a430e9cf768210184ec22fc6b7ddc2a,block_shared_tree,one-block-per-row shared-tree custom CUDA; header-only CUDA 12.8 compatibility include applied,128,1024,128,float32,0.125,25,100,21,51.61599814891815,,0,Tesla T4,7.5,2.11.0+cu128,12.8,2026-08-23T19:16:35.034336+00:00
f9420de03a430e9cf768210184ec22fc6b7ddc2a,block_shared_tree,one-block-per-row shared-tree custom CUDA; header-only CUDA 12.8 compatibility include applied,128,1024,128,float32,0.125,25,100,22,53.0879981815815,,0,Tesla T4,7.5,2.11.0+cu128,12.8,2026-08-23T19:16:35.034336+00:00
f9420de03a430e9cf768210184ec22fc6b7ddc2a,block_shared_tree,one-block-per-row shared-tree custom CUDA; header-only CUDA 12.8 compatibility include applied,128,1024,128,float32,0.125,25,100,23,52.89600044488907,,0,Tesla T4,7.5,2.11.0+cu128,12.8,2026-08-23T19:16:35.034336+00:00
f9420de03a430e9cf768210184ec22fc6b7ddc2a,block_shared_tree,one-block-per-row shared-tree custom CUDA; header-only CUDA 12.8 compatibility include applied,128,1024,128,float32,0.125,25,100,24,52.480001002550125,,0,Tesla T4,7.5,2.11.0+cu128,12.8,2026-08-23T19:16:35.034336+00:00
f9420de03a430e9cf768210184ec22fc6b7ddc2a,block_shared_tree,one-block-per-row shared-tree custom CUDA; header-only CUDA 12.8 compatibility include applied,128,1024,128,float32,0.125,25,100,25,52.480001002550125,,0,Tesla T4,7.5,2.11.0+cu128,12.8,2026-08-23T19:16:35.034336+00:00
f9420de03a430e9cf768210184ec22fc6b7ddc2a,block_shared_tree,one-block-per-row shared-tree custom CUDA; header-only CUDA 12.8 compatibility include applied,128,1024,128,float32,0.125,25,100,26,52.319999784231186,,0,Tesla T4,7.5,2.11.0+cu128,12.8,2026-08-23T19:16:35.034336+00:00
f9420de03a430e9cf768210184ec22fc6b7ddc2a,block_shared_tree,one-block-per-row shared-tree custom CUDA; header-only CUDA 12.8 compatibility include applied,128,1024,128,float32,0.125,25,100,27,51.35999992489815,,0,Tesla T4,7.5,2.11.0+cu128,12.8,2026-08-23T19:16:35.034336+00:00
f9420de03a430e9cf768210184ec22fc6b7ddc2a,block_shared_tree,one-block-per-row shared-tree custom CUDA; header-only CUDA 12.8 compatibility include applied,128,1024,128,float32,0.125,25,100,28,52.44800075888634,,0,Tesla T4,7.5,2.11.0+cu128,12.8,2026-08-23T19:16:35.034336+00:00
f9420de03a430e9cf768210184ec22fc6b7ddc2a,block_shared_tree,one-block-per-row shared-tree custom CUDA; header-only CUDA 12.8 compatibility include applied,128,1024,128,float32,0.125,25,100,29,64.15999680757523,,0,Tesla T4,7.5,2.11.0+cu128,12.8,2026-08-23T19:16:35.034336+00:00
f9420de03a430e9cf768210184ec22fc6b7ddc2a,block_shared_tree,one-block-per-row shared-tree custom CUDA; header-only CUDA 12.8 compatibility include applied,128,1024,128,float32,0.125,25,100,30,53.727999329566956,,0,Tesla T4,7.5,2.11.0+cu128,12.8,2026-08-23T19:16:35.034336+00:00
f9420de03a430e9cf768210184ec22fc6b7ddc2a,block_shared_tree,one-block-per-row shared-tree custom CUDA; header-only CUDA 12.8 compatibility include applied,128,1024,128,float32,0.125,25,100,31,52.000001072883606,,0,Tesla T4,7.5,2.11.0+cu128,12.8,2026-08-23T19:16:35.034336+00:00
f9420de03a430e9cf768210184ec22fc6b7ddc2a,block_shared_tree,one-block-per-row shared-tree custom CUDA; header-only CUDA 12.8 compatibility include applied,128,1024,128,float32,0.125,25,100,32,51.61599814891815,,0,Tesla T4,7.5,2.11.0+cu128,12.8,2026-08-23T19:16:35.034336+00:00
f9420de03a430e9cf768210184ec22fc6b7ddc2a,block_shared_tree,one-block-per-row shared-tree custom CUDA; header-only CUDA 12.8 compatibility include applied,128,1024,128,float32,0.125,25,100,33,51.77599936723709,,0,Tesla T4,7.5,2.11.0+cu128,12.8,2026-08-23T19:16:35.034336+00:00
f9420de03a430e9cf768210184ec22fc6b7ddc2a,block_shared_tree,one-block-per-row shared-tree custom CUDA; header-only CUDA 12.8 compatibility include applied,128,1024,128,float32,0.125,25,100,34,52.960000932216644,,0,Tesla T4,7.5,2.11.0+cu128,12.8,2026-08-23T19:16:35.034336+00:00
f9420de03a430e9cf768210184ec22fc6b7ddc2a,block_shared_tree,one-block-per-row shared-tree custom CUDA; header-only CUDA 12.8 compatibility include applied,128,1024,128,float32,0.125,25,100,35,52.70399898290634,,0,Tesla T4,7.5,2.11.0+cu128,12.8,2026-08-23T19:16:35.034336+00:00
f9420de03a430e9cf768210184ec22fc6b7ddc2a,block_shared_tree,one-block-per-row shared-tree custom CUDA; header-only CUDA 12.8 compatibility include applied,128,1024,128,float32,0.125,25,100,36,51.16799846291542,,0,Tesla T4,7.5,2.11.0+cu128,12.8,2026-08-23T19:16:35.034336+00:00
f9420de03a430e9cf768210184ec22fc6b7ddc2a,block_shared_tree,one-block-per-row shared-tree custom CUDA; header-only CUDA 12.8 compatibility include applied,128,1024,128,float32,0.125,25,100,37,51.93600058555603,,0,Tesla T4,7.5,2.11.0+cu128,12.8,2026-08-23T19:16:35.034336+00:00
f9420de03a430e9cf768210184ec22fc6b7ddc2a,block_shared_tree,one-block-per-row shared-tree custom CUDA; header-only CUDA 12.8 compatibility include applied,128,1024,128,float32,0.125,25,100,38,52.5440014898777,,0,Tesla T4,7.5,2.11.0+cu128,12.8,2026-08-23T19:16:35.034336+00:00
f9420de03a430e9cf768210184ec22fc6b7ddc2a,block_shared_tree,one-block-per-row shared-tree custom CUDA; header-only CUDA 12.8 compatibility include applied,128,1024,128,float32,0.125,25,100,39,51.392000168561935,,0,Tesla T4,7.5,2.11.0+cu128,12.8,2026-08-23T19:16:35.034336+00:00
f9420de03a430e9cf768210184ec22fc6b7ddc2a,block_shared_tree,one-block-per-row shared-tree custom CUDA; header-only CUDA 12.8 compatibility include applied,128,1024,128,float32,0.125,25,100,40,51.7439991235733,,0,Tesla T4,7.5,2.11.0+cu128,12.8,2026-08-23T19:16:35.034336+00:00
f9420de03a430e9cf768210184ec22fc6b7ddc2a,block_shared_tree,one-block-per-row shared-tree custom CUDA; header-only CUDA 12.8 compatibility include applied,128,1024,128,float32,0.125,25,100,41,52.960000932216644,,0,Tesla T4,7.5,2.11.0+cu128,12.8,2026-08-23T19:16:35.034336+00:00
f9420de03a430e9cf768210184ec22fc6b7ddc2a,block_shared_tree,one-block-per-row shared-tree custom CUDA; header-only CUDA 12.8 compatibility include applied,128,1024,128,float32,0.125,25,100,42,51.16799846291542,,0,Tesla T4,7.5,2.11.0+cu128,12.8,2026-08-23T19:16:35.034336+00:00
f9420de03a430e9cf768210184ec22fc6b7ddc2a,block_shared_tree,one-block-per-row shared-tree custom CUDA; header-only CUDA 12.8 compatibility include applied,128,1024,128,float32,0.125,25,100,43,56.44800141453743,,0,Tesla T4,7.5,2.11.0+cu128,12.8,2026-08-23T19:16:35.034336+00:00
f9420de03a430e9cf768210184ec22fc6b7ddc2a,block_shared_tree,one-block-per-row shared-tree custom CUDA; header-only CUDA 12.8 compatibility include applied,128,1024,128,float32,0.125,25,100,44,53.247999399900436,,0,Tesla T4,7.5,2.11.0+cu128,12.8,2026-08-23T19:16:35.034336+00:00
f9420de03a430e9cf768210184ec22fc6b7ddc2a,block_shared_tree,one-block-per-row shared-tree custom CUDA; header-only CUDA 12.8 compatibility include applied,128,1024,128,float32,0.125,25,100,45,51.42400041222572,,0,Tesla T4,7.5,2.11.0+cu128,12.8,2026-08-23T19:16:35.034336+00:00
f9420de03a430e9cf768210184ec22fc6b7ddc2a,block_shared_tree,one-block-per-row shared-tree custom CUDA; header-only CUDA 12.8 compatibility include applied,128,1024,128,float32,0.125,25,100,46,52.639998495578766,,0,Tesla T4,7.5,2.11.0+cu128,12.8,2026-08-23T19:16:35.034336+00:00
f9420de03a430e9cf768210184ec22fc6b7ddc2a,block_shared_tree,one-block-per-row shared-tree custom CUDA; header-only CUDA 12.8 compatibility include applied,128,1024,128,float32,0.125,25,100,47,53.21599915623665,,0,Tesla T4,7.5,2.11.0+cu128,12.8,2026-08-23T19:16:35.034336+00:00
f9420de03a430e9cf768210184ec22fc6b7ddc2a,block_shared_tree,one-block-per-row shared-tree custom CUDA; header-only CUDA 12.8 compatibility include applied,128,1024,128,float32,0.125,25,100,48,53.247999399900436,,0,Tesla T4,7.5,2.11.0+cu128,12.8,2026-08-23T19:16:35.034336+00:00
f9420de03a430e9cf768210184ec22fc6b7ddc2a,block_shared_tree,one-block-per-row shared-tree custom CUDA; header-only CUDA 12.8 compatibility include applied,128,1024,128,float32,0.125,25,100,49,52.60799825191498,,0,Tesla T4,7.5,2.11.0+cu128,12.8,2026-08-23T19:16:35.034336+00:00
f9420de03a430e9cf768210184ec22fc6b7ddc2a,block_shared_tree,one-block-per-row shared-tree custom CUDA; header-only CUDA 12.8 compatibility include applied,128,1024,128,float32,0.125,25,100,50,53.21599915623665,,0,Tesla T4,7.5,2.11.0+cu128,12.8,2026-08-23T19:16:35.034336+00:00
f9420de03a430e9cf768210184ec22fc6b7ddc2a,block_shared_tree,one-block-per-row shared-tree custom CUDA; header-only CUDA 12.8 compatibility include applied,128,1024,128,float32,0.125,25,100,51,52.06400156021118,,0,Tesla T4,7.5,2.11.0+cu128,12.8,2026-08-23T19:16:35.034336+00:00
f9420de03a430e9cf768210184ec22fc6b7ddc2a,block_shared_tree,one-block-per-row shared-tree custom CUDA; header-only CUDA 12.8 compatibility include applied,128,1024,128,float32,0.125,25,100,52,52.671998739242554,,0,Tesla T4,7.5,2.11.0+cu128,12.8,2026-08-23T19:16:35.034336+00:00
f9420de03a430e9cf768210184ec22fc6b7ddc2a,block_shared_tree,one-block-per-row shared-tree custom CUDA; header-only CUDA 12.8 compatibility include applied,128,1024,128,float32,0.125,25,100,53,53.05600166320801,,0,Tesla T4,7.5,2.11.0+cu128,12.8,2026-08-23T19:16:35.034336+00:00
f9420de03a430e9cf768210184ec22fc6b7ddc2a,block_shared_tree,one-block-per-row shared-tree custom CUDA; header-only CUDA 12.8 compatibility include applied,128,1024,128,float32,0.125,25,100,54,53.47200110554695,,0,Tesla T4,7.5,2.11.0+cu128,12.8,2026-08-23T19:16:35.034336+00:00
f9420de03a430e9cf768210184ec22fc6b7ddc2a,block_shared_tree,one-block-per-row shared-tree custom CUDA; header-only CUDA 12.8 compatibility include applied,128,1024,128,float32,0.125,25,100,55,52.12799832224846,,0,Tesla T4,7.5,2.11.0+cu128,12.8,2026-08-23T19:16:35.034336+00:00
f9420de03a430e9cf768210184ec22fc6b7ddc2a,block_shared_tree,one-block-per-row shared-tree custom CUDA; header-only CUDA 12.8 compatibility include applied,128,1024,128,float32,0.125,25,100,56,53.247999399900436,,0,Tesla T4,7.5,2.11.0+cu128,12.8,2026-08-23T19:16:35.034336+00:00
f9420de03a430e9cf768210184ec22fc6b7ddc2a,block_shared_tree,one-block-per-row shared-tree custom CUDA; header-only CUDA 12.8 compatibility include applied,128,1024,128,float32,0.125,25,100,57,57.24800005555153,,0,Tesla T4,7.5,2.11.0+cu128,12.8,2026-08-23T19:16:35.034336+00:00
f9420de03a430e9cf768210184ec22fc6b7ddc2a,block_shared_tree,one-block-per-row shared-tree custom CUDA; header-only CUDA 12.8 compatibility include applied,128,1024,128,float32,0.125,25,100,58,53.37600037455559,,0,Tesla T4,7.5,2.11.0+cu128,12.8,2026-08-23T19:16:35.034336+00:00
f9420de03a430e9cf768210184ec22fc6b7ddc2a,block_shared_tree,one-block-per-row shared-tree custom CUDA; header-only CUDA 12.8 compatibility include applied,128,1024,128,float32,0.125,25,100,59,65.5359998345375,,0,Tesla T4,7.5,2.11.0+cu128,12.8,2026-08-23T19:16:35.034336+00:00
f9420de03a430e9cf768210184ec22fc6b7ddc2a,block_shared_tree,one-block-per-row shared-tree custom CUDA; header-only CUDA 12.8 compatibility include applied,128,1024,128,float32,0.125,25,100,60,51.93600058555603,,0,Tesla T4,7.5,2.11.0+cu128,12.8,2026-08-23T19:16:35.034336+00:00
f9420de03a430e9cf768210184ec22fc6b7ddc2a,block_shared_tree,one-block-per-row shared-tree custom CUDA; header-only CUDA 12.8 compatibility include applied,128,1024,128,float32,0.125,25,100,61,54.496001452207565,,0,Tesla T4,7.5,2.11.0+cu128,12.8,2026-08-23T19:16:35.034336+00:00
f9420de03a430e9cf768210184ec22fc6b7ddc2a,block_shared_tree,one-block-per-row shared-tree custom CUDA; header-only CUDA 12.8 compatibility include applied,128,1024,128,float32,0.125,25,100,62,53.247999399900436,,0,Tesla T4,7.5,2.11.0+cu128,12.8,2026-08-23T19:16:35.034336+00:00
f9420de03a430e9cf768210184ec22fc6b7ddc2a,block_shared_tree,one-block-per-row shared-tree custom CUDA; header-only CUDA 12.8 compatibility include applied,128,1024,128,float32,0.125,25,100,63,52.032001316547394,,0,Tesla T4,7.5,2.11.0+cu128,12.8,2026-08-23T19:16:35.034336+00:00
f9420de03a430e9cf768210184ec22fc6b7ddc2a,block_shared_tree,one-block-per-row shared-tree custom CUDA; header-only CUDA 12.8 compatibility include applied,128,1024,128,float32,0.125,25,100,64,51.80799961090088,,0,Tesla T4,7.5,2.11.0+cu128,12.8,2026-08-23T19:16:35.034336+00:00
f9420de03a430e9cf768210184ec22fc6b7ddc2a,block_shared_tree,one-block-per-row shared-tree custom CUDA; header-only CUDA 12.8 compatibility include applied,128,1024,128,float32,0.125,25,100,65,52.928000688552856,,0,Tesla T4,7.5,2.11.0+cu128,12.8,2026-08-23T19:16:35.034336+00:00
f9420de03a430e9cf768210184ec22fc6b7ddc2a,block_shared_tree,one-block-per-row shared-tree custom CUDA; header-only CUDA 12.8 compatibility include applied,128,1024,128,float32,0.125,25,100,66,53.247999399900436,,0,Tesla T4,7.5,2.11.0+cu128,12.8,2026-08-23T19:16:35.034336+00:00
f9420de03a430e9cf768210184ec22fc6b7ddc2a,block_shared_tree,one-block-per-row shared-tree custom CUDA; header-only CUDA 12.8 compatibility include applied,128,1024,128,float32,0.125,25,100,67,53.15199866890907,,0,Tesla T4,7.5,2.11.0+cu128,12.8,2026-08-23T19:16:35.034336+00:00
f9420de03a430e9cf768210184ec22fc6b7ddc2a,block_shared_tree,one-block-per-row shared-tree custom CUDA; header-only CUDA 12.8 compatibility include applied,128,1024,128,float32,0.125,25,100,68,52.83199995756149,,0,Tesla T4,7.5,2.11.0+cu128,12.8,2026-08-23T19:16:35.034336+00:00
f9420de03a430e9cf768210184ec22fc6b7ddc2a,block_shared_tree,one-block-per-row shared-tree custom CUDA; header-only CUDA 12.8 compatibility include applied,128,1024,128,float32,0.125,25,100,69,54.4000007212162,,0,Tesla T4,7.5,2.11.0+cu128,12.8,2026-08-23T19:16:35.034336+00:00
f9420de03a430e9cf768210184ec22fc6b7ddc2a,block_shared_tree,one-block-per-row shared-tree custom CUDA; header-only CUDA 12.8 compatibility include applied,128,1024,128,float32,0.125,25,100,70,57.34400078654289,,0,Tesla T4,7.5,2.11.0+cu128,12.8,2026-08-23T19:16:35.034336+00:00
f9420de03a430e9cf768210184ec22fc6b7ddc2a,block_shared_tree,one-block-per-row shared-tree custom CUDA; header-only CUDA 12.8 compatibility include applied,128,1024,128,float32,0.125,25,100,71,53.247999399900436,,0,Tesla T4,7.5,2.11.0+cu128,12.8,2026-08-23T19:16:35.034336+00:00
f9420de03a430e9cf768210184ec22fc6b7ddc2a,block_shared_tree,one-block-per-row shared-tree custom CUDA; header-only CUDA 12.8 compatibility include applied,128,1024,128,float32,0.125,25,100,72,53.279999643564224,,0,Tesla T4,7.5,2.11.0+cu128,12.8,2026-08-23T19:16:35.034336+00:00
f9420de03a430e9cf768210184ec22fc6b7ddc2a,block_shared_tree,one-block-per-row shared-tree custom CUDA; header-only CUDA 12.8 compatibility include applied,128,1024,128,float32,0.125,25,100,73,54.4000007212162,,0,Tesla T4,7.5,2.11.0+cu128,12.8,2026-08-23T19:16:35.034336+00:00
f9420de03a430e9cf768210184ec22fc6b7ddc2a,block_shared_tree,one-block-per-row shared-tree custom CUDA; header-only CUDA 12.8 compatibility include applied,128,1024,128,float32,0.125,25,100,74,53.47200110554695,,0,Tesla T4,7.5,2.11.0+cu128,12.8,2026-08-23T19:16:35.034336+00:00
f9420de03a430e9cf768210184ec22fc6b7ddc2a,block_shared_tree,one-block-per-row shared-tree custom CUDA; header-only CUDA 12.8 compatibility include applied,128,1024,128,float32,0.125,25,100,75,53.21599915623665,,0,Tesla T4,7.5,2.11.0+cu128,12.8,2026-08-23T19:16:35.034336+00:00
f9420de03a430e9cf768210184ec22fc6b7ddc2a,block_shared_tree,one-block-per-row shared-tree custom CUDA; header-only CUDA 12.8 compatibility include applied,128,1024,128,float32,0.125,25,100,76,65.5359998345375,,0,Tesla T4,7.5,2.11.0+cu128,12.8,2026-08-23T19:16:35.034336+00:00
f9420de03a430e9cf768210184ec22fc6b7ddc2a,block_shared_tree,one-block-per-row shared-tree custom CUDA; header-only CUDA 12.8 compatibility include applied,128,1024,128,float32,0.125,25,100,77,52.799999713897705,,0,Tesla T4,7.5,2.11.0+cu128,12.8,2026-08-23T19:16:35.034336+00:00
f9420de03a430e9cf768210184ec22fc6b7ddc2a,block_shared_tree,one-block-per-row shared-tree custom CUDA; header-only CUDA 12.8 compatibility include applied,128,1024,128,float32,0.125,25,100,78,53.21599915623665,,0,Tesla T4,7.5,2.11.0+cu128,12.8,2026-08-23T19:16:35.034336+00:00
f9420de03a430e9cf768210184ec22fc6b7ddc2a,block_shared_tree,one-block-per-row shared-tree custom CUDA; header-only CUDA 12.8 compatibility include applied,128,1024,128,float32,0.125,25,100,79,51.80799961090088,,0,Tesla T4,7.5,2.11.0+cu128,12.8,2026-08-23T19:16:35.034336+00:00
f9420de03a430e9cf768210184ec22fc6b7ddc2a,block_shared_tree,one-block-per-row shared-tree custom CUDA; header-only CUDA 12.8 compatibility include applied,128,1024,128,float32,0.125,25,100,80,51.392000168561935,,0,Tesla T4,7.5,2.11.0+cu128,12.8,2026-08-23T19:16:35.034336+00:00
f9420de03a430e9cf768210184ec22fc6b7ddc2a,block_shared_tree,one-block-per-row shared-tree custom CUDA; header-only CUDA 12.8 compatibility include applied,128,1024,128,float32,0.125,25,100,81,51.263999193906784,,0,Tesla T4,7.5,2.11.0+cu128,12.8,2026-08-23T19:16:35.034336+00:00
f9420de03a430e9cf768210184ec22fc6b7ddc2a,block_shared_tree,one-block-per-row shared-tree custom CUDA; header-only CUDA 12.8 compatibility include applied,128,1024,128,float32,0.125,25,100,82,52.480001002550125,,0,Tesla T4,7.5,2.11.0+cu128,12.8,2026-08-23T19:16:35.034336+00:00
f9420de03a430e9cf768210184ec22fc6b7ddc2a,block_shared_tree,one-block-per-row shared-tree custom CUDA; header-only CUDA 12.8 compatibility include applied,128,1024,128,float32,0.125,25,100,83,53.0879981815815,,0,Tesla T4,7.5,2.11.0+cu128,12.8,2026-08-23T19:16:35.034336+00:00
f9420de03a430e9cf768210184ec22fc6b7ddc2a,block_shared_tree,one-block-per-row shared-tree custom CUDA; header-only CUDA 12.8 compatibility include applied,128,1024,128,float32,0.125,25,100,84,53.21599915623665,,0,Tesla T4,7.5,2.11.0+cu128,12.8,2026-08-23T19:16:35.034336+00:00
f9420de03a430e9cf768210184ec22fc6b7ddc2a,block_shared_tree,one-block-per-row shared-tree custom CUDA; header-only CUDA 12.8 compatibility include applied,128,1024,128,float32,0.125,25,100,85,53.119998425245285,,0,Tesla T4,7.5,2.11.0+cu128,12.8,2026-08-23T19:16:35.034336+00:00
f9420de03a430e9cf768210184ec22fc6b7ddc2a,block_shared_tree,one-block-per-row shared-tree custom CUDA; header-only CUDA 12.8 compatibility include applied,128,1024,128,float32,0.125,25,100,86,54.368000477552414,,0,Tesla T4,7.5,2.11.0+cu128,12.8,2026-08-23T19:16:35.034336+00:00
f9420de03a430e9cf768210184ec22fc6b7ddc2a,block_shared_tree,one-block-per-row shared-tree custom CUDA; header-only CUDA 12.8 compatibility include applied,128,1024,128,float32,0.125,25,100,87,53.21599915623665,,0,Tesla T4,7.5,2.11.0+cu128,12.8,2026-08-23T19:16:35.034336+00:00
f9420de03a430e9cf768210184ec22fc6b7ddc2a,block_shared_tree,one-block-per-row shared-tree custom CUDA; header-only CUDA 12.8 compatibility include applied,128,1024,128,float32,0.125,25,100,88,53.279999643564224,,0,Tesla T4,7.5,2.11.0+cu128,12.8,2026-08-23T19:16:35.034336+00:00
f9420de03a430e9cf768210184ec22fc6b7ddc2a,block_shared_tree,one-block-per-row shared-tree custom CUDA; header-only CUDA 12.8 compatibility include applied,128,1024,128,float32,0.125,25,100,89,53.21599915623665,,0,Tesla T4,7.5,2.11.0+cu128,12.8,2026-08-23T19:16:35.034336+00:00
f9420de03a430e9cf768210184ec22fc6b7ddc2a,block_shared_tree,one-block-per-row shared-tree custom CUDA; header-only CUDA 12.8 compatibility include applied,128,1024,128,float32,0.125,25,100,90,53.02400141954422,,0,Tesla T4,7.5,2.11.0+cu128,12.8,2026-08-23T19:16:35.034336+00:00
f9420de03a430e9cf768210184ec22fc6b7ddc2a,block_shared_tree,one-block-per-row shared-tree custom CUDA; header-only CUDA 12.8 compatibility include applied,128,1024,128,float32,0.125,25,100,91,52.960000932216644,,0,Tesla T4,7.5,2.11.0+cu128,12.8,2026-08-23T19:16:35.034336+00:00
f9420de03a430e9cf768210184ec22fc6b7ddc2a,block_shared_tree,one-block-per-row shared-tree custom CUDA; header-only CUDA 12.8 compatibility include applied,128,1024,128,float32,0.125,25,100,92,53.408000618219376,,0,Tesla T4,7.5,2.11.0+cu128,12.8,2026-08-23T19:16:35.034336+00:00
f9420de03a430e9cf768210184ec22fc6b7ddc2a,block_shared_tree,one-block-per-row shared-tree custom CUDA; header-only CUDA 12.8 compatibility include applied,128,1024,128,float32,0.125,25,100,93,53.18399891257286,,0,Tesla T4,7.5,2.11.0+cu128,12.8,2026-08-23T19:16:35.034336+00:00
f9420de03a430e9cf768210184ec22fc6b7ddc2a,block_shared_tree,one-block-per-row shared-tree custom CUDA; header-only CUDA 12.8 compatibility include applied,128,1024,128,float32,0.125,25,100,94,54.43200096487999,,0,Tesla T4,7.5,2.11.0+cu128,12.8,2026-08-23T19:16:35.034336+00:00
f9420de03a430e9cf768210184ec22fc6b7ddc2a,block_shared_tree,one-block-per-row shared-tree custom CUDA; header-only CUDA 12.8 compatibility include applied,128,1024,128,float32,0.125,25,100,95,54.30399999022484,,0,Tesla T4,7.5,2.11.0+cu128,12.8,2026-08-23T19:16:35.034336+00:00
f9420de03a430e9cf768210184ec22fc6b7ddc2a,block_shared_tree,one-block-per-row shared-tree custom CUDA; header-only CUDA 12.8 compatibility include applied,128,1024,128,float32,0.125,25,100,96,53.247999399900436,,0,Tesla T4,7.5,2.11.0+cu128,12.8,2026-08-23T19:16:35.034336+00:00
f9420de03a430e9cf768210184ec22fc6b7ddc2a,block_shared_tree,one-block-per-row shared-tree custom CUDA; header-only CUDA 12.8 compatibility include applied,128,1024,128,float32,0.125,25,100,97,57.5999990105629,,0,Tesla T4,7.5,2.11.0+cu128,12.8,2026-08-23T19:16:35.034336+00:00
f9420de03a430e9cf768210184ec22fc6b7ddc2a,block_shared_tree,one-block-per-row shared-tree custom CUDA; header-only CUDA 12.8 compatibility include applied,128,1024,128,float32,0.125,25,100,98,54.9440011382103,,0,Tesla T4,7.5,2.11.0+cu128,12.8,2026-08-23T19:16:35.034336+00:00
f9420de03a430e9cf768210184ec22fc6b7ddc2a,block_shared_tree,one-block-per-row shared-tree custom CUDA; header-only CUDA 12.8 compatibility include applied,128,1024,128,float32,0.125,25,100,99,54.496001452207565,,0,Tesla T4,7.5,2.11.0+cu128,12.8,2026-08-23T19:16:35.034336+00:00
f9420de03a430e9cf768210184ec22fc6b7ddc2a,block_shared_tree,one-block-per-row shared-tree custom CUDA; header-only CUDA 12.8 compatibility include applied,255,2040,255,float32,0.125,25,100,0,106.52799904346466,,0,Tesla T4,7.5,2.11.0+cu128,12.8,2026-08-23T19:16:37.515349+00:00
f9420de03a430e9cf768210184ec22fc6b7ddc2a,block_shared_tree,one-block-per-row shared-tree custom CUDA; header-only CUDA 12.8 compatibility include applied,255,2040,255,float32,0.125,25,100,1,84.35200154781342,,0,Tesla T4,7.5,2.11.0+cu128,12.8,2026-08-23T19:16:37.515349+00:00
f9420de03a430e9cf768210184ec22fc6b7ddc2a,block_shared_tree,one-block-per-row shared-tree custom CUDA; header-only CUDA 12.8 compatibility include applied,255,2040,255,float32,0.125,25,100,2,80.73599636554718,,0,Tesla T4,7.5,2.11.0+cu128,12.8,2026-08-23T19:16:37.515349+00:00
f9420de03a430e9cf768210184ec22fc6b7ddc2a,block_shared_tree,one-block-per-row shared-tree custom CUDA; header-only CUDA 12.8 compatibility include applied,255,2040,255,float32,0.125,25,100,3,79.8719972372055,,0,Tesla T4,7.5,2.11.0+cu128,12.8,2026-08-23T19:16:37.515349+00:00
f9420de03a430e9cf768210184ec22fc6b7ddc2a,block_shared_tree,one-block-per-row shared-tree custom CUDA; header-only CUDA 12.8 compatibility include applied,255,2040,255,float32,0.125,25,100,4,80.73599636554718,,0,Tesla T4,7.5,2.11.0+cu128,12.8,2026-08-23T19:16:37.515349+00:00
f9420de03a430e9cf768210184ec22fc6b7ddc2a,block_shared_tree,one-block-per-row shared-tree custom CUDA; header-only CUDA 12.8 compatibility include applied,255,2040,255,float32,0.125,25,100,5,79.8719972372055,,0,Tesla T4,7.5,2.11.0+cu128,12.8,2026-08-23T19:16:37.515349+00:00
f9420de03a430e9cf768210184ec22fc6b7ddc2a,block_shared_tree,one-block-per-row shared-tree custom CUDA; header-only CUDA 12.8 compatibility include applied,255,2040,255,float32,0.125,25,100,6,79.8719972372055,,0,Tesla T4,7.5,2.11.0+cu128,12.8,2026-08-23T19:16:37.515349+00:00
f9420de03a430e9cf768210184ec22fc6b7ddc2a,block_shared_tree,one-block-per-row shared-tree custom CUDA; header-only CUDA 12.8 compatibility include applied,255,2040,255,float32,0.125,25,100,7,84.41600203514099,,0,Tesla T4,7.5,2.11.0+cu128,12.8,2026-08-23T19:16:37.515349+00:00
f9420de03a430e9cf768210184ec22fc6b7ddc2a,block_shared_tree,one-block-per-row shared-tree custom CUDA; header-only CUDA 12.8 compatibility include applied,255,2040,255,float32,0.125,25,100,8,80.9599980711937,,0,Tesla T4,7.5,2.11.0+cu128,12.8,2026-08-23T19:16:37.515349+00:00
f9420de03a430e9cf768210184ec22fc6b7ddc2a,block_shared_tree,one-block-per-row shared-tree custom CUDA; header-only CUDA 12.8 compatibility include applied,255,2040,255,float32,0.125,25,100,9,80.51200211048126,,0,Tesla T4,7.5,2.11.0+cu128,12.8,2026-08-23T19:16:37.515349+00:00
f9420de03a430e9cf768210184ec22fc6b7ddc2a,block_shared_tree,one-block-per-row shared-tree custom CUDA; header-only CUDA 12.8 compatibility include applied,255,2040,255,float32,0.125,25,100,10,80.1599994301796,,0,Tesla T4,7.5,2.11.0+cu128,12.8,2026-08-23T19:16:37.515349+00:00
f9420de03a430e9cf768210184ec22fc6b7ddc2a,block_shared_tree,one-block-per-row shared-tree custom CUDA; header-only CUDA 12.8 compatibility include applied,255,2040,255,float32,0.125,25,100,11,80.12799918651581,,0,Tesla T4,7.5,2.11.0+cu128,12.8,2026-08-23T19:16:37.515349+00:00
f9420de03a430e9cf768210184ec22fc6b7ddc2a,block_shared_tree,one-block-per-row shared-tree custom CUDA; header-only CUDA 12.8 compatibility include applied,255,2040,255,float32,0.125,25,100,12,79.83999699354172,,0,Tesla T4,7.5,2.11.0+cu128,12.8,2026-08-23T19:16:37.515349+00:00
f9420de03a430e9cf768210184ec22fc6b7ddc2a,block_shared_tree,one-block-per-row shared-tree custom CUDA; header-only CUDA 12.8 compatibility include applied,255,2040,255,float32,0.125,25,100,13,79.9039974808693,,0,Tesla T4,7.5,2.11.0+cu128,12.8,2026-08-23T19:16:37.515349+00:00
f9420de03a430e9cf768210184ec22fc6b7ddc2a,block_shared_tree,one-block-per-row shared-tree custom CUDA; header-only CUDA 12.8 compatibility include applied,255,2040,255,float32,0.125,25,100,14,80.03199845552444,,0,Tesla T4,7.5,2.11.0+cu128,12.8,2026-08-23T19:16:37.515349+00:00
f9420de03a430e9cf768210184ec22fc6b7ddc2a,block_shared_tree,one-block-per-row shared-tree custom CUDA; header-only CUDA 12.8 compatibility include applied,255,2040,255,float32,0.125,25,100,15,80.4160013794899,,0,Tesla T4,7.5,2.11.0+cu128,12.8,2026-08-23T19:16:37.515349+00:00
f9420de03a430e9cf768210184ec22fc6b7ddc2a,block_shared_tree,one-block-per-row shared-tree custom CUDA; header-only CUDA 12.8 compatibility include applied,255,2040,255,float32,0.125,25,100,16,79.99999821186066,,0,Tesla T4,7.5,2.11.0+cu128,12.8,2026-08-23T19:16:37.515349+00:00
f9420de03a430e9cf768210184ec22fc6b7ddc2a,block_shared_tree,one-block-per-row shared-tree custom CUDA; header-only CUDA 12.8 compatibility include applied,255,2040,255,float32,0.125,25,100,17,94.2080020904541,,0,Tesla T4,7.5,2.11.0+cu128,12.8,2026-08-23T19:16:37.515349+00:00
f9420de03a430e9cf768210184ec22fc6b7ddc2a,block_shared_tree,one-block-per-row shared-tree custom CUDA; header-only CUDA 12.8 compatibility include applied,255,2040,255,float32,0.125,25,100,18,82.11199939250946,,0,Tesla T4,7.5,2.11.0+cu128,12.8,2026-08-23T19:16:37.515349+00:00
f9420de03a430e9cf768210184ec22fc6b7ddc2a,block_shared_tree,one-block-per-row shared-tree custom CUDA; header-only CUDA 12.8 compatibility include applied,255,2040,255,float32,0.125,25,100,19,80.4160013794899,,0,Tesla T4,7.5,2.11.0+cu128,12.8,2026-08-23T19:16:37.515349+00:00
f9420de03a430e9cf768210184ec22fc6b7ddc2a,block_shared_tree,one-block-per-row shared-tree custom CUDA; header-only CUDA 12.8 compatibility include applied,255,2040,255,float32,0.125,25,100,20,81.216000020504,,0,Tesla T4,7.5,2.11.0+cu128,12.8,2026-08-23T19:16:37.515349+00:00
f9420de03a430e9cf768210184ec22fc6b7ddc2a,block_shared_tree,one-block-per-row shared-tree custom CUDA; header-only CUDA 12.8 compatibility include applied,255,2040,255,float32,0.125,25,100,21,81.05599880218506,,0,Tesla T4,7.5,2.11.0+cu128,12.8,2026-08-23T19:16:37.515349+00:00
f9420de03a430e9cf768210184ec22fc6b7ddc2a,block_shared_tree,one-block-per-row shared-tree custom CUDA; header-only CUDA 12.8 compatibility include applied,255,2040,255,float32,0.125,25,100,22,84.95999872684479,,0,Tesla T4,7.5,2.11.0+cu128,12.8,2026-08-23T19:16:37.515349+00:00
f9420de03a430e9cf768210184ec22fc6b7ddc2a,block_shared_tree,one-block-per-row shared-tree custom CUDA; header-only CUDA 12.8 compatibility include applied,255,2040,255,float32,0.125,25,100,23,92.12800115346909,,0,Tesla T4,7.5,2.11.0+cu128,12.8,2026-08-23T19:16:37.515349+00:00
f9420de03a430e9cf768210184ec22fc6b7ddc2a,block_shared_tree,one-block-per-row shared-tree custom CUDA; header-only CUDA 12.8 compatibility include applied,255,2040,255,float32,0.125,25,100,24,81.88799768686295,,0,Tesla T4,7.5,2.11.0+cu128,12.8,2026-08-23T19:16:37.515349+00:00
f9420de03a430e9cf768210184ec22fc6b7ddc2a,block_shared_tree,one-block-per-row shared-tree custom CUDA; header-only CUDA 12.8 compatibility include applied,255,2040,255,float32,0.125,25,100,25,80.25600016117096,,0,Tesla T4,7.5,2.11.0+cu128,12.8,2026-08-23T19:16:37.515349+00:00
f9420de03a430e9cf768210184ec22fc6b7ddc2a,block_shared_tree,one-block-per-row shared-tree custom CUDA; header-only CUDA 12.8 compatibility include applied,255,2040,255,float32,0.125,25,100,26,88.06400001049042,,0,Tesla T4,7.5,2.11.0+cu128,12.8,2026-08-23T19:16:37.515349+00:00
f9420de03a430e9cf768210184ec22fc6b7ddc2a,block_shared_tree,one-block-per-row shared-tree custom CUDA; header-only CUDA 12.8 compatibility include applied,255,2040,255,float32,0.125,25,100,27,95.58399766683578,,0,Tesla T4,7.5,2.11.0+cu128,12.8,2026-08-23T19:16:37.515349+00:00
f9420de03a430e9cf768210184ec22fc6b7ddc2a,block_shared_tree,one-block-per-row shared-tree custom CUDA; header-only CUDA 12.8 compatibility include applied,255,2040,255,float32,0.125,25,100,28,83.96799862384796,,0,Tesla T4,7.5,2.11.0+cu128,12.8,2026-08-23T19:16:37.515349+00:00
f9420de03a430e9cf768210184ec22fc6b7ddc2a,block_shared_tree,one-block-per-row shared-tree custom CUDA; header-only CUDA 12.8 compatibility include applied,255,2040,255,float32,0.125,25,100,29,80.99199831485748,,0,Tesla T4,7.5,2.11.0+cu128,12.8,2026-08-23T19:16:37.515349+00:00
f9420de03a430e9cf768210184ec22fc6b7ddc2a,block_shared_tree,one-block-per-row shared-tree custom CUDA; header-only CUDA 12.8 compatibility include applied,255,2040,255,float32,0.125,25,100,30,79.16799932718277,,0,Tesla T4,7.5,2.11.0+cu128,12.8,2026-08-23T19:16:37.515349+00:00
f9420de03a430e9cf768210184ec22fc6b7ddc2a,block_shared_tree,one-block-per-row shared-tree custom CUDA; header-only CUDA 12.8 compatibility include applied,255,2040,255,float32,0.125,25,100,31,79.74400371313095,,0,Tesla T4,7.5,2.11.0+cu128,12.8,2026-08-23T19:16:37.515349+00:00
f9420de03a430e9cf768210184ec22fc6b7ddc2a,block_shared_tree,one-block-per-row shared-tree custom CUDA; header-only CUDA 12.8 compatibility include applied,255,2040,255,float32,0.125,25,100,32,79.8719972372055,,0,Tesla T4,7.5,2.11.0+cu128,12.8,2026-08-23T19:16:37.515349+00:00
f9420de03a430e9cf768210184ec22fc6b7ddc2a,block_shared_tree,one-block-per-row shared-tree custom CUDA; header-only CUDA 12.8 compatibility include applied,255,2040,255,float32,0.125,25,100,33,79.58400249481201,,0,Tesla T4,7.5,2.11.0+cu128,12.8,2026-08-23T19:16:37.515349+00:00
f9420de03a430e9cf768210184ec22fc6b7ddc2a,block_shared_tree,one-block-per-row shared-tree custom CUDA; header-only CUDA 12.8 compatibility include applied,255,2040,255,float32,0.125,25,100,34,79.64800298213959,,0,Tesla T4,7.5,2.11.0+cu128,12.8,2026-08-23T19:16:37.515349+00:00
f9420de03a430e9cf768210184ec22fc6b7ddc2a,block_shared_tree,one-block-per-row shared-tree custom CUDA; header-only CUDA 12.8 compatibility include applied,255,2040,255,float32,0.125,25,100,35,78.40000092983246,,0,Tesla T4,7.5,2.11.0+cu128,12.8,2026-08-23T19:16:37.515349+00:00
f9420de03a430e9cf768210184ec22fc6b7ddc2a,block_shared_tree,one-block-per-row shared-tree custom CUDA; header-only CUDA 12.8 compatibility include applied,255,2040,255,float32,0.125,25,100,36,81.88799768686295,,0,Tesla T4,7.5,2.11.0+cu128,12.8,2026-08-23T19:16:37.515349+00:00
f9420de03a430e9cf768210184ec22fc6b7ddc2a,block_shared_tree,one-block-per-row shared-tree custom CUDA; header-only CUDA 12.8 compatibility include applied,255,2040,255,float32,0.125,25,100,37,79.9039974808693,,0,Tesla T4,7.5,2.11.0+cu128,12.8,2026-08-23T19:16:37.515349+00:00
f9420de03a430e9cf768210184ec22fc6b7ddc2a,block_shared_tree,one-block-per-row shared-tree custom CUDA; header-only CUDA 12.8 compatibility include applied,255,2040,255,float32,0.125,25,100,38,79.39200103282928,,0,Tesla T4,7.5,2.11.0+cu128,12.8,2026-08-23T19:16:37.515349+00:00
f9420de03a430e9cf768210184ec22fc6b7ddc2a,block_shared_tree,one-block-per-row shared-tree custom CUDA; header-only CUDA 12.8 compatibility include applied,255,2040,255,float32,0.125,25,100,39,79.8719972372055,,0,Tesla T4,7.5,2.11.0+cu128,12.8,2026-08-23T19:16:37.515349+00:00
f9420de03a430e9cf768210184ec22fc6b7ddc2a,block_shared_tree,one-block-per-row shared-tree custom CUDA; header-only CUDA 12.8 compatibility include applied,255,2040,255,float32,0.125,25,100,40,79.8719972372055,,0,Tesla T4,7.5,2.11.0+cu128,12.8,2026-08-23T19:16:37.515349+00:00
f9420de03a430e9cf768210184ec22fc6b7ddc2a,block_shared_tree,one-block-per-row shared-tree custom CUDA; header-only CUDA 12.8 compatibility include applied,255,2040,255,float32,0.125,25,100,41,79.6160027384758,,0,Tesla T4,7.5,2.11.0+cu128,12.8,2026-08-23T19:16:37.515349+00:00
f9420de03a430e9cf768210184ec22fc6b7ddc2a,block_shared_tree,one-block-per-row shared-tree custom CUDA; header-only CUDA 12.8 compatibility include applied,255,2040,255,float32,0.125,25,100,42,79.52000200748444,,0,Tesla T4,7.5,2.11.0+cu128,12.8,2026-08-23T19:16:37.515349+00:00
f9420de03a430e9cf768210184ec22fc6b7ddc2a,block_shared_tree,one-block-per-row shared-tree custom CUDA; header-only CUDA 12.8 compatibility include applied,255,2040,255,float32,0.125,25,100,43,79.77599650621414,,0,Tesla T4,7.5,2.11.0+cu128,12.8,2026-08-23T19:16:37.515349+00:00
f9420de03a430e9cf768210184ec22fc6b7ddc2a,block_shared_tree,one-block-per-row shared-tree custom CUDA; header-only CUDA 12.8 compatibility include applied,255,2040,255,float32,0.125,25,100,44,79.77599650621414,,0,Tesla T4,7.5,2.11.0+cu128,12.8,2026-08-23T19:16:37.515349+00:00
f9420de03a430e9cf768210184ec22fc6b7ddc2a,block_shared_tree,one-block-per-row shared-tree custom CUDA; header-only CUDA 12.8 compatibility include applied,255,2040,255,float32,0.125,25,100,45,79.48800176382065,,0,Tesla T4,7.5,2.11.0+cu128,12.8,2026-08-23T19:16:37.515349+00:00
f9420de03a430e9cf768210184ec22fc6b7ddc2a,block_shared_tree,one-block-per-row shared-tree custom CUDA; header-only CUDA 12.8 compatibility include applied,255,2040,255,float32,0.125,25,100,46,81.727996468544,,0,Tesla T4,7.5,2.11.0+cu128,12.8,2026-08-23T19:16:37.515349+00:00
f9420de03a430e9cf768210184ec22fc6b7ddc2a,block_shared_tree,one-block-per-row shared-tree custom CUDA; header-only CUDA 12.8 compatibility include applied,255,2040,255,float32,0.125,25,100,47,79.68000322580338,,0,Tesla T4,7.5,2.11.0+cu128,12.8,2026-08-23T19:16:37.515349+00:00
f9420de03a430e9cf768210184ec22fc6b7ddc2a,block_shared_tree,one-block-per-row shared-tree custom CUDA; header-only CUDA 12.8 compatibility include applied,255,2040,255,float32,0.125,25,100,48,79.48800176382065,,0,Tesla T4,7.5,2.11.0+cu128,12.8,2026-08-23T19:16:37.515349+00:00
f9420de03a430e9cf768210184ec22fc6b7ddc2a,block_shared_tree,one-block-per-row shared-tree custom CUDA; header-only CUDA 12.8 compatibility include applied,255,2040,255,float32,0.125,25,100,49,79.83999699354172,,0,Tesla T4,7.5,2.11.0+cu128,12.8,2026-08-23T19:16:37.515349+00:00
f9420de03a430e9cf768210184ec22fc6b7ddc2a,block_shared_tree,one-block-per-row shared-tree custom CUDA; header-only CUDA 12.8 compatibility include applied,255,2040,255,float32,0.125,25,100,50,79.64800298213959,,0,Tesla T4,7.5,2.11.0+cu128,12.8,2026-08-23T19:16:37.515349+00:00
f9420de03a430e9cf768210184ec22fc6b7ddc2a,block_shared_tree,one-block-per-row shared-tree custom CUDA; header-only CUDA 12.8 compatibility include applied,255,2040,255,float32,0.125,25,100,51,79.32800054550171,,0,Tesla T4,7.5,2.11.0+cu128,12.8,2026-08-23T19:16:37.515349+00:00
f9420de03a430e9cf768210184ec22fc6b7ddc2a,block_shared_tree,one-block-per-row shared-tree custom CUDA; header-only CUDA 12.8 compatibility include applied,255,2040,255,float32,0.125,25,100,52,79.6160027384758,,0,Tesla T4,7.5,2.11.0+cu128,12.8,2026-08-23T19:16:37.515349+00:00
f9420de03a430e9cf768210184ec22fc6b7ddc2a,block_shared_tree,one-block-per-row shared-tree custom CUDA; header-only CUDA 12.8 compatibility include applied,255,2040,255,float32,0.125,25,100,53,79.64800298213959,,0,Tesla T4,7.5,2.11.0+cu128,12.8,2026-08-23T19:16:37.515349+00:00
f9420de03a430e9cf768210184ec22fc6b7ddc2a,block_shared_tree,one-block-per-row shared-tree custom CUDA; header-only CUDA 12.8 compatibility include applied,255,2040,255,float32,0.125,25,100,54,80.32000064849854,,0,Tesla T4,7.5,2.11.0+cu128,12.8,2026-08-23T19:16:37.515349+00:00
f9420de03a430e9cf768210184ec22fc6b7ddc2a,block_shared_tree,one-block-per-row shared-tree custom CUDA; header-only CUDA 12.8 compatibility include applied,255,2040,255,float32,0.125,25,100,55,79.8719972372055,,0,Tesla T4,7.5,2.11.0+cu128,12.8,2026-08-23T19:16:37.515349+00:00
f9420de03a430e9cf768210184ec22fc6b7ddc2a,block_shared_tree,one-block-per-row shared-tree custom CUDA; header-only CUDA 12.8 compatibility include applied,255,2040,255,float32,0.125,25,100,56,79.8719972372055,,0,Tesla T4,7.5,2.11.0+cu128,12.8,2026-08-23T19:16:37.515349+00:00
f9420de03a430e9cf768210184ec22fc6b7ddc2a,block_shared_tree,one-block-per-row shared-tree custom CUDA; header-only CUDA 12.8 compatibility include applied,255,2040,255,float32,0.125,25,100,57,81.4720019698143,,0,Tesla T4,7.5,2.11.0+cu128,12.8,2026-08-23T19:16:37.515349+00:00
f9420de03a430e9cf768210184ec22fc6b7ddc2a,block_shared_tree,one-block-per-row shared-tree custom CUDA; header-only CUDA 12.8 compatibility include applied,255,2040,255,float32,0.125,25,100,58,79.83999699354172,,0,Tesla T4,7.5,2.11.0+cu128,12.8,2026-08-23T19:16:37.515349+00:00
f9420de03a430e9cf768210184ec22fc6b7ddc2a,block_shared_tree,one-block-per-row shared-tree custom CUDA; header-only CUDA 12.8 compatibility include applied,255,2040,255,float32,0.125,25,100,59,79.8719972372055,,0,Tesla T4,7.5,2.11.0+cu128,12.8,2026-08-23T19:16:37.515349+00:00
f9420de03a430e9cf768210184ec22fc6b7ddc2a,block_shared_tree,one-block-per-row shared-tree custom CUDA; header-only CUDA 12.8 compatibility include applied,255,2040,255,float32,0.125,25,100,60,79.8719972372055,,0,Tesla T4,7.5,2.11.0+cu128,12.8,2026-08-23T19:16:37.515349+00:00
f9420de03a430e9cf768210184ec22fc6b7ddc2a,block_shared_tree,one-block-per-row shared-tree custom CUDA; header-only CUDA 12.8 compatibility include applied,255,2040,255,float32,0.125,25,100,61,79.8719972372055,,0,Tesla T4,7.5,2.11.0+cu128,12.8,2026-08-23T19:16:37.515349+00:00
f9420de03a430e9cf768210184ec22fc6b7ddc2a,block_shared_tree,one-block-per-row shared-tree custom CUDA; header-only CUDA 12.8 compatibility include applied,255,2040,255,float32,0.125,25,100,62,79.8719972372055,,0,Tesla T4,7.5,2.11.0+cu128,12.8,2026-08-23T19:16:37.515349+00:00
f9420de03a430e9cf768210184ec22fc6b7ddc2a,block_shared_tree,one-block-per-row shared-tree custom CUDA; header-only CUDA 12.8 compatibility include applied,255,2040,255,float32,0.125,25,100,63,79.8719972372055,,0,Tesla T4,7.5,2.11.0+cu128,12.8,2026-08-23T19:16:37.515349+00:00
f9420de03a430e9cf768210184ec22fc6b7ddc2a,block_shared_tree,one-block-per-row shared-tree custom CUDA; header-only CUDA 12.8 compatibility include applied,255,2040,255,float32,0.125,25,100,64,79.74400371313095,,0,Tesla T4,7.5,2.11.0+cu128,12.8,2026-08-23T19:16:37.515349+00:00
f9420de03a430e9cf768210184ec22fc6b7ddc2a,block_shared_tree,one-block-per-row shared-tree custom CUDA; header-only CUDA 12.8 compatibility include applied,255,2040,255,float32,0.125,25,100,65,78.8159966468811,,0,Tesla T4,7.5,2.11.0+cu128,12.8,2026-08-23T19:16:37.515349+00:00
f9420de03a430e9cf768210184ec22fc6b7ddc2a,block_shared_tree,one-block-per-row shared-tree custom CUDA; header-only CUDA 12.8 compatibility include applied,255,2040,255,float32,0.125,25,100,66,80.22399991750717,,0,Tesla T4,7.5,2.11.0+cu128,12.8,2026-08-23T19:16:37.515349+00:00
f9420de03a430e9cf768210184ec22fc6b7ddc2a,block_shared_tree,one-block-per-row shared-tree custom CUDA; header-only CUDA 12.8 compatibility include applied,255,2040,255,float32,0.125,25,100,67,81.85599744319916,,0,Tesla T4,7.5,2.11.0+cu128,12.8,2026-08-23T19:16:37.515349+00:00
f9420de03a430e9cf768210184ec22fc6b7ddc2a,block_shared_tree,one-block-per-row shared-tree custom CUDA; header-only CUDA 12.8 compatibility include applied,255,2040,255,float32,0.125,25,100,68,78.8159966468811,,0,Tesla T4,7.5,2.11.0+cu128,12.8,2026-08-23T19:16:37.515349+00:00
f9420de03a430e9cf768210184ec22fc6b7ddc2a,block_shared_tree,one-block-per-row shared-tree custom CUDA; header-only CUDA 12.8 compatibility include applied,255,2040,255,float32,0.125,25,100,69,79.93599772453308,,0,Tesla T4,7.5,2.11.0+cu128,12.8,2026-08-23T19:16:37.515349+00:00
f9420de03a430e9cf768210184ec22fc6b7ddc2a,block_shared_tree,one-block-per-row shared-tree custom CUDA; header-only CUDA 12.8 compatibility include applied,255,2040,255,float32,0.125,25,100,70,79.71200346946716,,0,Tesla T4,7.5,2.11.0+cu128,12.8,2026-08-23T19:16:37.515349+00:00
f9420de03a430e9cf768210184ec22fc6b7ddc2a,block_shared_tree,one-block-per-row shared-tree custom CUDA; header-only CUDA 12.8 compatibility include applied,255,2040,255,float32,0.125,25,100,71,79.52000200748444,,0,Tesla T4,7.5,2.11.0+cu128,12.8,2026-08-23T19:16:37.515349+00:00
f9420de03a430e9cf768210184ec22fc6b7ddc2a,block_shared_tree,one-block-per-row shared-tree custom CUDA; header-only CUDA 12.8 compatibility include applied,255,2040,255,float32,0.125,25,100,72,79.52000200748444,,0,Tesla T4,7.5,2.11.0+cu128,12.8,2026-08-23T19:16:37.515349+00:00
f9420de03a430e9cf768210184ec22fc6b7ddc2a,block_shared_tree,one-block-per-row shared-tree custom CUDA; header-only CUDA 12.8 compatibility include applied,255,2040,255,float32,0.125,25,100,73,79.23199981451035,,0,Tesla T4,7.5,2.11.0+cu128,12.8,2026-08-23T19:16:37.515349+00:00
f9420de03a430e9cf768210184ec22fc6b7ddc2a,block_shared_tree,one-block-per-row shared-tree custom CUDA; header-only CUDA 12.8 compatibility include applied,255,2040,255,float32,0.125,25,100,74,79.6160027384758,,0,Tesla T4,7.5,2.11.0+cu128,12.8,2026-08-23T19:16:37.515349+00:00
f9420de03a430e9cf768210184ec22fc6b7ddc2a,block_shared_tree,one-block-per-row shared-tree custom CUDA; header-only CUDA 12.8 compatibility include applied,255,2040,255,float32,0.125,25,100,75,79.32800054550171,,0,Tesla T4,7.5,2.11.0+cu128,12.8,2026-08-23T19:16:37.515349+00:00
f9420de03a430e9cf768210184ec22fc6b7ddc2a,block_shared_tree,one-block-per-row shared-tree custom CUDA; header-only CUDA 12.8 compatibility include applied,255,2040,255,float32,0.125,25,100,76,78.52800190448761,,0,Tesla T4,7.5,2.11.0+cu128,12.8,2026-08-23T19:16:37.515349+00:00
f9420de03a430e9cf768210184ec22fc6b7ddc2a,block_shared_tree,one-block-per-row shared-tree custom CUDA; header-only CUDA 12.8 compatibility include applied,255,2040,255,float32,0.125,25,100,77,86.01599931716919,,0,Tesla T4,7.5,2.11.0+cu128,12.8,2026-08-23T19:16:37.515349+00:00
f9420de03a430e9cf768210184ec22fc6b7ddc2a,block_shared_tree,one-block-per-row shared-tree custom CUDA; header-only CUDA 12.8 compatibility include applied,255,2040,255,float32,0.125,25,100,78,81.79199695587158,,0,Tesla T4,7.5,2.11.0+cu128,12.8,2026-08-23T19:16:37.515349+00:00
f9420de03a430e9cf768210184ec22fc6b7ddc2a,block_shared_tree,one-block-per-row shared-tree custom CUDA; header-only CUDA 12.8 compatibility include applied,255,2040,255,float32,0.125,25,100,79,80.64000308513641,,0,Tesla T4,7.5,2.11.0+cu128,12.8,2026-08-23T19:16:37.515349+00:00
f9420de03a430e9cf768210184ec22fc6b7ddc2a,block_shared_tree,one-block-per-row shared-tree custom CUDA; header-only CUDA 12.8 compatibility include applied,255,2040,255,float32,0.125,25,100,80,80.12799918651581,,0,Tesla T4,7.5,2.11.0+cu128,12.8,2026-08-23T19:16:37.515349+00:00
f9420de03a430e9cf768210184ec22fc6b7ddc2a,block_shared_tree,one-block-per-row shared-tree custom CUDA; header-only CUDA 12.8 compatibility include applied,255,2040,255,float32,0.125,25,100,81,81.66400343179703,,0,Tesla T4,7.5,2.11.0+cu128,12.8,2026-08-23T19:16:37.515349+00:00
f9420de03a430e9cf768210184ec22fc6b7ddc2a,block_shared_tree,one-block-per-row shared-tree custom CUDA; header-only CUDA 12.8 compatibility include applied,255,2040,255,float32,0.125,25,100,82,80.28800040483475,,0,Tesla T4,7.5,2.11.0+cu128,12.8,2026-08-23T19:16:37.515349+00:00
f9420de03a430e9cf768210184ec22fc6b7ddc2a,block_shared_tree,one-block-per-row shared-tree custom CUDA; header-only CUDA 12.8 compatibility include applied,255,2040,255,float32,0.125,25,100,83,79.8719972372055,,0,Tesla T4,7.5,2.11.0+cu128,12.8,2026-08-23T19:16:37.515349+00:00
f9420de03a430e9cf768210184ec22fc6b7ddc2a,block_shared_tree,one-block-per-row shared-tree custom CUDA; header-only CUDA 12.8 compatibility include applied,255,2040,255,float32,0.125,25,100,84,80.22399991750717,,0,Tesla T4,7.5,2.11.0+cu128,12.8,2026-08-23T19:16:37.515349+00:00
f9420de03a430e9cf768210184ec22fc6b7ddc2a,block_shared_tree,one-block-per-row shared-tree custom CUDA; header-only CUDA 12.8 compatibility include applied,255,2040,255,float32,0.125,25,100,85,108.5439994931221,,0,Tesla T4,7.5,2.11.0+cu128,12.8,2026-08-23T19:16:37.515349+00:00
f9420de03a430e9cf768210184ec22fc6b7ddc2a,block_shared_tree,one-block-per-row shared-tree custom CUDA; header-only CUDA 12.8 compatibility include applied,255,2040,255,float32,0.125,25,100,86,84.83199775218964,,0,Tesla T4,7.5,2.11.0+cu128,12.8,2026-08-23T19:16:37.515349+00:00
f9420de03a430e9cf768210184ec22fc6b7ddc2a,block_shared_tree,one-block-per-row shared-tree custom CUDA; header-only CUDA 12.8 compatibility include applied,255,2040,255,float32,0.125,25,100,87,80.79999685287476,,0,Tesla T4,7.5,2.11.0+cu128,12.8,2026-08-23T19:16:37.515349+00:00
f9420de03a430e9cf768210184ec22fc6b7ddc2a,block_shared_tree,one-block-per-row shared-tree custom CUDA; header-only CUDA 12.8 compatibility include applied,255,2040,255,float32,0.125,25,100,88,80.19199967384338,,0,Tesla T4,7.5,2.11.0+cu128,12.8,2026-08-23T19:16:37.515349+00:00
f9420de03a430e9cf768210184ec22fc6b7ddc2a,block_shared_tree,one-block-per-row shared-tree custom CUDA; header-only CUDA 12.8 compatibility include applied,255,2040,255,float32,0.125,25,100,89,80.76799660921097,,0,Tesla T4,7.5,2.11.0+cu128,12.8,2026-08-23T19:16:37.515349+00:00
f9420de03a430e9cf768210184ec22fc6b7ddc2a,block_shared_tree,one-block-per-row shared-tree custom CUDA; header-only CUDA 12.8 compatibility include applied,255,2040,255,float32,0.125,25,100,90,80.79999685287476,,0,Tesla T4,7.5,2.11.0+cu128,12.8,2026-08-23T19:16:37.515349+00:00
f9420de03a430e9cf768210184ec22fc6b7ddc2a,block_shared_tree,one-block-per-row shared-tree custom CUDA; header-only CUDA 12.8 compatibility include applied,255,2040,255,float32,0.125,25,100,91,81.727996468544,,0,Tesla T4,7.5,2.11.0+cu128,12.8,2026-08-23T19:16:37.515349+00:00
f9420de03a430e9cf768210184ec22fc6b7ddc2a,block_shared_tree,one-block-per-row shared-tree custom CUDA; header-only CUDA 12.8 compatibility include applied,255,2040,255,float32,0.125,25,100,92,81.44000172615051,,0,Tesla T4,7.5,2.11.0+cu128,12.8,2026-08-23T19:16:37.515349+00:00
f9420de03a430e9cf768210184ec22fc6b7ddc2a,block_shared_tree,one-block-per-row shared-tree custom CUDA; header-only CUDA 12.8 compatibility include applied,255,2040,255,float32,0.125,25,100,93,81.28000050783157,,0,Tesla T4,7.5,2.11.0+cu128,12.8,2026-08-23T19:16:37.515349+00:00
f9420de03a430e9cf768210184ec22fc6b7ddc2a,block_shared_tree,one-block-per-row shared-tree custom CUDA; header-only CUDA 12.8 compatibility include applied,255,2040,255,float32,0.125,25,100,94,80.28800040483475,,0,Tesla T4,7.5,2.11.0+cu128,12.8,2026-08-23T19:16:37.515349+00:00
f9420de03a430e9cf768210184ec22fc6b7ddc2a,block_shared_tree,one-block-per-row shared-tree custom CUDA; header-only CUDA 12.8 compatibility include applied,255,2040,255,float32,0.125,25,100,95,80.89599758386612,,0,Tesla T4,7.5,2.11.0+cu128,12.8,2026-08-23T19:16:37.515349+00:00
f9420de03a430e9cf768210184ec22fc6b7ddc2a,block_shared_tree,one-block-per-row shared-tree custom CUDA; header-only CUDA 12.8 compatibility include applied,255,2040,255,float32,0.125,25,100,96,83.80799740552902,,0,Tesla T4,7.5,2.11.0+cu128,12.8,2026-08-23T19:16:37.515349+00:00
f9420de03a430e9cf768210184ec22fc6b7ddc2a,block_shared_tree,one-block-per-row shared-tree custom CUDA; header-only CUDA 12.8 compatibility include applied,255,2040,255,float32,0.125,25,100,97,84.35200154781342,,0,Tesla T4,7.5,2.11.0+cu128,12.8,2026-08-23T19:16:37.515349+00:00
f9420de03a430e9cf768210184ec22fc6b7ddc2a,block_shared_tree,one-block-per-row shared-tree custom CUDA; header-only CUDA 12.8 compatibility include applied,255,2040,255,float32,0.125,25,100,98,79.8719972372055,,0,Tesla T4,7.5,2.11.0+cu128,12.8,2026-08-23T19:16:37.515349+00:00
f9420de03a430e9cf768210184ec22fc6b7ddc2a,block_shared_tree,one-block-per-row shared-tree custom CUDA; header-only CUDA 12.8 compatibility include applied,255,2040,255,float32,0.125,25,100,99,79.8719972372055,,0,Tesla T4,7.5,2.11.0+cu128,12.8,2026-08-23T19:16:37.515349+00:00
f9420de03a430e9cf768210184ec22fc6b7ddc2a,block_shared_tree,one-block-per-row shared-tree custom CUDA; header-only CUDA 12.8 compatibility include applied,512,4096,512,float32,0.125,25,100,0,280.67201375961304,,0,Tesla T4,7.5,2.11.0+cu128,12.8,2026-08-23T19:16:39.968080+00:00
f9420de03a430e9cf768210184ec22fc6b7ddc2a,block_shared_tree,one-block-per-row shared-tree custom CUDA; header-only CUDA 12.8 compatibility include applied,512,4096,512,float32,0.125,25,100,1,223.1999933719635,,0,Tesla T4,7.5,2.11.0+cu128,12.8,2026-08-23T19:16:39.968080+00:00
f9420de03a430e9cf768210184ec22fc6b7ddc2a,block_shared_tree,one-block-per-row shared-tree custom CUDA; header-only CUDA 12.8 compatibility include applied,512,4096,512,float32,0.125,25,100,2,229.34399545192719,,0,Tesla T4,7.5,2.11.0+cu128,12.8,2026-08-23T19:16:39.968080+00:00
f9420de03a430e9cf768210184ec22fc6b7ddc2a,block_shared_tree,one-block-per-row shared-tree custom CUDA; header-only CUDA 12.8 compatibility include applied,512,4096,512,float32,0.125,25,100,3,220.12799978256226,,0,Tesla T4,7.5,2.11.0+cu128,12.8,2026-08-23T19:16:39.968080+00:00
f9420de03a430e9cf768210184ec22fc6b7ddc2a,block_shared_tree,one-block-per-row shared-tree custom CUDA; header-only CUDA 12.8 compatibility include applied,512,4096,512,float32,0.125,25,100,4,216.95999801158905,,0,Tesla T4,7.5,2.11.0+cu128,12.8,2026-08-23T19:16:39.968080+00:00
f9420de03a430e9cf768210184ec22fc6b7ddc2a,block_shared_tree,one-block-per-row shared-tree custom CUDA; header-only CUDA 12.8 compatibility include applied,512,4096,512,float32,0.125,25,100,5,216.22399985790253,,0,Tesla T4,7.5,2.11.0+cu128,12.8,2026-08-23T19:16:39.968080+00:00
f9420de03a430e9cf768210184ec22fc6b7ddc2a,block_shared_tree,one-block-per-row shared-tree custom CUDA; header-only CUDA 12.8 compatibility include applied,512,4096,512,float32,0.125,25,100,6,215.07200598716736,,0,Tesla T4,7.5,2.11.0+cu128,12.8,2026-08-23T19:16:39.968080+00:00
f9420de03a430e9cf768210184ec22fc6b7ddc2a,block_shared_tree,one-block-per-row shared-tree custom CUDA; header-only CUDA 12.8 compatibility include applied,512,4096,512,float32,0.125,25,100,7,235.35999655723572,,0,Tesla T4,7.5,2.11.0+cu128,12.8,2026-08-23T19:16:39.968080+00:00
f9420de03a430e9cf768210184ec22fc6b7ddc2a,block_shared_tree,one-block-per-row shared-tree custom CUDA; header-only CUDA 12.8 compatibility include applied,512,4096,512,float32,0.125,25,100,8,216.25599265098572,,0,Tesla T4,7.5,2.11.0+cu128,12.8,2026-08-23T19:16:39.968080+00:00
f9420de03a430e9cf768210184ec22fc6b7ddc2a,block_shared_tree,one-block-per-row shared-tree custom CUDA; header-only CUDA 12.8 compatibility include applied,512,4096,512,float32,0.125,25,100,9,213.4079933166504,,0,Tesla T4,7.5,2.11.0+cu128,12.8,2026-08-23T19:16:39.968080+00:00
f9420de03a430e9cf768210184ec22fc6b7ddc2a,block_shared_tree,one-block-per-row shared-tree custom CUDA; header-only CUDA 12.8 compatibility include applied,512,4096,512,float32,0.125,25,100,10,214.9759978055954,,0,Tesla T4,7.5,2.11.0+cu128,12.8,2026-08-23T19:16:39.968080+00:00
f9420de03a430e9cf768210184ec22fc6b7ddc2a,block_shared_tree,one-block-per-row shared-tree custom CUDA; header-only CUDA 12.8 compatibility include applied,512,4096,512,float32,0.125,25,100,11,217.72800385951996,,0,Tesla T4,7.5,2.11.0+cu128,12.8,2026-08-23T19:16:39.968080+00:00
f9420de03a430e9cf768210184ec22fc6b7ddc2a,block_shared_tree,one-block-per-row shared-tree custom CUDA; header-only CUDA 12.8 compatibility include applied,512,4096,512,float32,0.125,25,100,12,213.6320024728775,,0,Tesla T4,7.5,2.11.0+cu128,12.8,2026-08-23T19:16:39.968080+00:00
f9420de03a430e9cf768210184ec22fc6b7ddc2a,block_shared_tree,one-block-per-row shared-tree custom CUDA; header-only CUDA 12.8 compatibility include applied,512,4096,512,float32,0.125,25,100,13,212.96000480651855,,0,Tesla T4,7.5,2.11.0+cu128,12.8,2026-08-23T19:16:39.968080+00:00
f9420de03a430e9cf768210184ec22fc6b7ddc2a,block_shared_tree,one-block-per-row shared-tree custom CUDA; header-only CUDA 12.8 compatibility include applied,512,4096,512,float32,0.125,25,100,14,213.3760005235672,,0,Tesla T4,7.5,2.11.0+cu128,12.8,2026-08-23T19:16:39.968080+00:00
f9420de03a430e9cf768210184ec22fc6b7ddc2a,block_shared_tree,one-block-per-row shared-tree custom CUDA; header-only CUDA 12.8 compatibility include applied,512,4096,512,float32,0.125,25,100,15,217.0879989862442,,0,Tesla T4,7.5,2.11.0+cu128,12.8,2026-08-23T19:16:39.968080+00:00
f9420de03a430e9cf768210184ec22fc6b7ddc2a,block_shared_tree,one-block-per-row shared-tree custom CUDA; header-only CUDA 12.8 compatibility include applied,512,4096,512,float32,0.125,25,100,16,215.03999829292297,,0,Tesla T4,7.5,2.11.0+cu128,12.8,2026-08-23T19:16:39.968080+00:00
f9420de03a430e9cf768210184ec22fc6b7ddc2a,block_shared_tree,one-block-per-row shared-tree custom CUDA; header-only CUDA 12.8 compatibility include applied,512,4096,512,float32,0.125,25,100,17,215.07200598716736,,0,Tesla T4,7.5,2.11.0+cu128,12.8,2026-08-23T19:16:39.968080+00:00
f9420de03a430e9cf768210184ec22fc6b7ddc2a,block_shared_tree,one-block-per-row shared-tree custom CUDA; header-only CUDA 12.8 compatibility include applied,512,4096,512,float32,0.125,25,100,18,213.21600675582886,,0,Tesla T4,7.5,2.11.0+cu128,12.8,2026-08-23T19:16:39.968080+00:00
f9420de03a430e9cf768210184ec22fc6b7ddc2a,block_shared_tree,one-block-per-row shared-tree custom CUDA; header-only CUDA 12.8 compatibility include applied,512,4096,512,float32,0.125,25,100,19,215.07200598716736,,0,Tesla T4,7.5,2.11.0+cu128,12.8,2026-08-23T19:16:39.968080+00:00
f9420de03a430e9cf768210184ec22fc6b7ddc2a,block_shared_tree,one-block-per-row shared-tree custom CUDA; header-only CUDA 12.8 compatibility include applied,512,4096,512,float32,0.125,25,100,20,213.31200003623962,,0,Tesla T4,7.5,2.11.0+cu128,12.8,2026-08-23T19:16:39.968080+00:00
f9420de03a430e9cf768210184ec22fc6b7ddc2a,block_shared_tree,one-block-per-row shared-tree custom CUDA; header-only CUDA 12.8 compatibility include applied,512,4096,512,float32,0.125,25,100,21,213.21600675582886,,0,Tesla T4,7.5,2.11.0+cu128,12.8,2026-08-23T19:16:39.968080+00:00
f9420de03a430e9cf768210184ec22fc6b7ddc2a,block_shared_tree,one-block-per-row shared-tree custom CUDA; header-only CUDA 12.8 compatibility include applied,512,4096,512,float32,0.125,25,100,22,213.31200003623962,,0,Tesla T4,7.5,2.11.0+cu128,12.8,2026-08-23T19:16:39.968080+00:00
f9420de03a430e9cf768210184ec22fc6b7ddc2a,block_shared_tree,one-block-per-row shared-tree custom CUDA; header-only CUDA 12.8 compatibility include applied,512,4096,512,float32,0.125,25,100,23,222.6240038871765,,0,Tesla T4,7.5,2.11.0+cu128,12.8,2026-08-23T19:16:39.968080+00:00
f9420de03a430e9cf768210184ec22fc6b7ddc2a,block_shared_tree,one-block-per-row shared-tree custom CUDA; header-only CUDA 12.8 compatibility include applied,512,4096,512,float32,0.125,25,100,24,216.22399985790253,,0,Tesla T4,7.5,2.11.0+cu128,12.8,2026-08-23T19:16:39.968080+00:00
f9420de03a430e9cf768210184ec22fc6b7ddc2a,block_shared_tree,one-block-per-row shared-tree custom CUDA; header-only CUDA 12.8 compatibility include applied,512,4096,512,float32,0.125,25,100,25,214.49600160121918,,0,Tesla T4,7.5,2.11.0+cu128,12.8,2026-08-23T19:16:39.968080+00:00
f9420de03a430e9cf768210184ec22fc6b7ddc2a,block_shared_tree,one-block-per-row shared-tree custom CUDA; header-only CUDA 12.8 compatibility include applied,512,4096,512,float32,0.125,25,100,26,212.99199759960175,,0,Tesla T4,7.5,2.11.0+cu128,12.8,2026-08-23T19:16:39.968080+00:00
f9420de03a430e9cf768210184ec22fc6b7ddc2a,block_shared_tree,one-block-per-row shared-tree custom CUDA; header-only CUDA 12.8 compatibility include applied,512,4096,512,float32,0.125,25,100,27,213.24799954891205,,0,Tesla T4,7.5,2.11.0+cu128,12.8,2026-08-23T19:16:39.968080+00:00
f9420de03a430e9cf768210184ec22fc6b7ddc2a,block_shared_tree,one-block-per-row shared-tree custom CUDA; header-only CUDA 12.8 compatibility include applied,512,4096,512,float32,0.125,25,100,28,215.45599400997162,,0,Tesla T4,7.5,2.11.0+cu128,12.8,2026-08-23T19:16:39.968080+00:00
f9420de03a430e9cf768210184ec22fc6b7ddc2a,block_shared_tree,one-block-per-row shared-tree custom CUDA; header-only CUDA 12.8 compatibility include applied,512,4096,512,float32,0.125,25,100,29,214.62400257587433,,0,Tesla T4,7.5,2.11.0+cu128,12.8,2026-08-23T19:16:39.968080+00:00
f9420de03a430e9cf768210184ec22fc6b7ddc2a,block_shared_tree,one-block-per-row shared-tree custom CUDA; header-only CUDA 12.8 compatibility include applied,512,4096,512,float32,0.125,25,100,30,212.99199759960175,,0,Tesla T4,7.5,2.11.0+cu128,12.8,2026-08-23T19:16:39.968080+00:00
f9420de03a430e9cf768210184ec22fc6b7ddc2a,block_shared_tree,one-block-per-row shared-tree custom CUDA; header-only CUDA 12.8 compatibility include applied,512,4096,512,float32,0.125,25,100,31,213.50400149822235,,0,Tesla T4,7.5,2.11.0+cu128,12.8,2026-08-23T19:16:39.968080+00:00
f9420de03a430e9cf768210184ec22fc6b7ddc2a,block_shared_tree,one-block-per-row shared-tree custom CUDA; header-only CUDA 12.8 compatibility include applied,512,4096,512,float32,0.125,25,100,32,216.22399985790253,,0,Tesla T4,7.5,2.11.0+cu128,12.8,2026-08-23T19:16:39.968080+00:00
f9420de03a430e9cf768210184ec22fc6b7ddc2a,block_shared_tree,one-block-per-row shared-tree custom CUDA; header-only CUDA 12.8 compatibility include applied,512,4096,512,float32,0.125,25,100,33,213.02400529384613,,0,Tesla T4,7.5,2.11.0+cu128,12.8,2026-08-23T19:16:39.968080+00:00
f9420de03a430e9cf768210184ec22fc6b7ddc2a,block_shared_tree,one-block-per-row shared-tree custom CUDA; header-only CUDA 12.8 compatibility include applied,512,4096,512,float32,0.125,25,100,34,212.8320038318634,,0,Tesla T4,7.5,2.11.0+cu128,12.8,2026-08-23T19:16:39.968080+00:00
f9420de03a430e9cf768210184ec22fc6b7ddc2a,block_shared_tree,one-block-per-row shared-tree custom CUDA; header-only CUDA 12.8 compatibility include applied,512,4096,512,float32,0.125,25,100,35,214.4639939069748,,0,Tesla T4,7.5,2.11.0+cu128,12.8,2026-08-23T19:16:39.968080+00:00
f9420de03a430e9cf768210184ec22fc6b7ddc2a,block_shared_tree,one-block-per-row shared-tree custom CUDA; header-only CUDA 12.8 compatibility include applied,512,4096,512,float32,0.125,25,100,36,215.07200598716736,,0,Tesla T4,7.5,2.11.0+cu128,12.8,2026-08-23T19:16:39.968080+00:00
f9420de03a430e9cf768210184ec22fc6b7ddc2a,block_shared_tree,one-block-per-row shared-tree custom CUDA; header-only CUDA 12.8 compatibility include applied,512,4096,512,float32,0.125,25,100,37,215.07200598716736,,0,Tesla T4,7.5,2.11.0+cu128,12.8,2026-08-23T19:16:39.968080+00:00
f9420de03a430e9cf768210184ec22fc6b7ddc2a,block_shared_tree,one-block-per-row shared-tree custom CUDA; header-only CUDA 12.8 compatibility include applied,512,4096,512,float32,0.125,25,100,38,213.53599429130554,,0,Tesla T4,7.5,2.11.0+cu128,12.8,2026-08-23T19:16:39.968080+00:00
f9420de03a430e9cf768210184ec22fc6b7ddc2a,block_shared_tree,one-block-per-row shared-tree custom CUDA; header-only CUDA 12.8 compatibility include applied,512,4096,512,float32,0.125,25,100,39,214.1759991645813,,0,Tesla T4,7.5,2.11.0+cu128,12.8,2026-08-23T19:16:39.968080+00:00
f9420de03a430e9cf768210184ec22fc6b7ddc2a,block_shared_tree,one-block-per-row shared-tree custom CUDA; header-only CUDA 12.8 compatibility include applied,512,4096,512,float32,0.125,25,100,40,212.99199759960175,,0,Tesla T4,7.5,2.11.0+cu128,12.8,2026-08-23T19:16:39.968080+00:00
f9420de03a430e9cf768210184ec22fc6b7ddc2a,block_shared_tree,one-block-per-row shared-tree custom CUDA; header-only CUDA 12.8 compatibility include applied,512,4096,512,float32,0.125,25,100,41,216.25599265098572,,0,Tesla T4,7.5,2.11.0+cu128,12.8,2026-08-23T19:16:39.968080+00:00
f9420de03a430e9cf768210184ec22fc6b7ddc2a,block_shared_tree,one-block-per-row shared-tree custom CUDA; header-only CUDA 12.8 compatibility include applied,512,4096,512,float32,0.125,25,100,42,213.0880057811737,,0,Tesla T4,7.5,2.11.0+cu128,12.8,2026-08-23T19:16:39.968080+00:00
f9420de03a430e9cf768210184ec22fc6b7ddc2a,block_shared_tree,one-block-per-row shared-tree custom CUDA; header-only CUDA 12.8 compatibility include applied,512,4096,512,float32,0.125,25,100,43,213.72799575328827,,0,Tesla T4,7.5,2.11.0+cu128,12.8,2026-08-23T19:16:39.968080+00:00
f9420de03a430e9cf768210184ec22fc6b7ddc2a,block_shared_tree,one-block-per-row shared-tree custom CUDA; header-only CUDA 12.8 compatibility include applied,512,4096,512,float32,0.125,25,100,44,214.11199867725372,,0,Tesla T4,7.5,2.11.0+cu128,12.8,2026-08-23T19:16:39.968080+00:00
f9420de03a430e9cf768210184ec22fc6b7ddc2a,block_shared_tree,one-block-per-row shared-tree custom CUDA; header-only CUDA 12.8 compatibility include applied,512,4096,512,float32,0.125,25,100,45,217.1200066804886,,0,Tesla T4,7.5,2.11.0+cu128,12.8,2026-08-23T19:16:39.968080+00:00
f9420de03a430e9cf768210184ec22fc6b7ddc2a,block_shared_tree,one-block-per-row shared-tree custom CUDA; header-only CUDA 12.8 compatibility include applied,512,4096,512,float32,0.125,25,100,46,215.13600647449493,,0,Tesla T4,7.5,2.11.0+cu128,12.8,2026-08-23T19:16:39.968080+00:00
f9420de03a430e9cf768210184ec22fc6b7ddc2a,block_shared_tree,one-block-per-row shared-tree custom CUDA; header-only CUDA 12.8 compatibility include applied,512,4096,512,float32,0.125,25,100,47,214.9440050125122,,0,Tesla T4,7.5,2.11.0+cu128,12.8,2026-08-23T19:16:39.968080+00:00
f9420de03a430e9cf768210184ec22fc6b7ddc2a,block_shared_tree,one-block-per-row shared-tree custom CUDA; header-only CUDA 12.8 compatibility include applied,512,4096,512,float32,0.125,25,100,48,215.00800549983978,,0,Tesla T4,7.5,2.11.0+cu128,12.8,2026-08-23T19:16:39.968080+00:00
f9420de03a430e9cf768210184ec22fc6b7ddc2a,block_shared_tree,one-block-per-row shared-tree custom CUDA; header-only CUDA 12.8 compatibility include applied,512,4096,512,float32,0.125,25,100,49,217.056006193161,,0,Tesla T4,7.5,2.11.0+cu128,12.8,2026-08-23T19:16:39.968080+00:00
f9420de03a430e9cf768210184ec22fc6b7ddc2a,block_shared_tree,one-block-per-row shared-tree custom CUDA; header-only CUDA 12.8 compatibility include applied,512,4096,512,float32,0.125,25,100,50,215.07200598716736,,0,Tesla T4,7.5,2.11.0+cu128,12.8,2026-08-23T19:16:39.968080+00:00
f9420de03a430e9cf768210184ec22fc6b7ddc2a,block_shared_tree,one-block-per-row shared-tree custom CUDA; header-only CUDA 12.8 compatibility include applied,512,4096,512,float32,0.125,25,100,51,213.28000724315643,,0,Tesla T4,7.5,2.11.0+cu128,12.8,2026-08-23T19:16:39.968080+00:00
f9420de03a430e9cf768210184ec22fc6b7ddc2a,block_shared_tree,one-block-per-row shared-tree custom CUDA; header-only CUDA 12.8 compatibility include applied,512,4096,512,float32,0.125,25,100,52,233.18399488925934,,0,Tesla T4,7.5,2.11.0+cu128,12.8,2026-08-23T19:16:39.968080+00:00
f9420de03a430e9cf768210184ec22fc6b7ddc2a,block_shared_tree,one-block-per-row shared-tree custom CUDA; header-only CUDA 12.8 compatibility include applied,512,4096,512,float32,0.125,25,100,53,219.61599588394165,,0,Tesla T4,7.5,2.11.0+cu128,12.8,2026-08-23T19:16:39.968080+00:00
f9420de03a430e9cf768210184ec22fc6b7ddc2a,block_shared_tree,one-block-per-row shared-tree custom CUDA; header-only CUDA 12.8 compatibility include applied,512,4096,512,float32,0.125,25,100,54,214.84799683094025,,0,Tesla T4,7.5,2.11.0+cu128,12.8,2026-08-23T19:16:39.968080+00:00
f9420de03a430e9cf768210184ec22fc6b7ddc2a,block_shared_tree,one-block-per-row shared-tree custom CUDA; header-only CUDA 12.8 compatibility include applied,512,4096,512,float32,0.125,25,100,55,214.4639939069748,,0,Tesla T4,7.5,2.11.0+cu128,12.8,2026-08-23T19:16:39.968080+00:00
f9420de03a430e9cf768210184ec22fc6b7ddc2a,block_shared_tree,one-block-per-row shared-tree custom CUDA; header-only CUDA 12.8 compatibility include applied,512,4096,512,float32,0.125,25,100,56,214.20800685882568,,0,Tesla T4,7.5,2.11.0+cu128,12.8,2026-08-23T19:16:39.968080+00:00
f9420de03a430e9cf768210184ec22fc6b7ddc2a,block_shared_tree,one-block-per-row shared-tree custom CUDA; header-only CUDA 12.8 compatibility include applied,512,4096,512,float32,0.125,25,100,57,215.07200598716736,,0,Tesla T4,7.5,2.11.0+cu128,12.8,2026-08-23T19:16:39.968080+00:00
f9420de03a430e9cf768210184ec22fc6b7ddc2a,block_shared_tree,one-block-per-row shared-tree custom CUDA; header-only CUDA 12.8 compatibility include applied,512,4096,512,float32,0.125,25,100,58,215.80800414085388,,0,Tesla T4,7.5,2.11.0+cu128,12.8,2026-08-23T19:16:39.968080+00:00
f9420de03a430e9cf768210184ec22fc6b7ddc2a,block_shared_tree,one-block-per-row shared-tree custom CUDA; header-only CUDA 12.8 compatibility include applied,512,4096,512,float32,0.125,25,100,59,214.20800685882568,,0,Tesla T4,7.5,2.11.0+cu128,12.8,2026-08-23T19:16:39.968080+00:00
f9420de03a430e9cf768210184ec22fc6b7ddc2a,block_shared_tree,one-block-per-row shared-tree custom CUDA; header-only CUDA 12.8 compatibility include applied,512,4096,512,float32,0.125,25,100,60,213.56800198554993,,0,Tesla T4,7.5,2.11.0+cu128,12.8,2026-08-23T19:16:39.968080+00:00
f9420de03a430e9cf768210184ec22fc6b7ddc2a,block_shared_tree,one-block-per-row shared-tree custom CUDA; header-only CUDA 12.8 compatibility include applied,512,4096,512,float32,0.125,25,100,61,214.59199488162994,,0,Tesla T4,7.5,2.11.0+cu128,12.8,2026-08-23T19:16:39.968080+00:00
f9420de03a430e9cf768210184ec22fc6b7ddc2a,block_shared_tree,one-block-per-row shared-tree custom CUDA; header-only CUDA 12.8 compatibility include applied,512,4096,512,float32,0.125,25,100,62,217.056006193161,,0,Tesla T4,7.5,2.11.0+cu128,12.8,2026-08-23T19:16:39.968080+00:00
f9420de03a430e9cf768210184ec22fc6b7ddc2a,block_shared_tree,one-block-per-row shared-tree custom CUDA; header-only CUDA 12.8 compatibility include applied,512,4096,512,float32,0.125,25,100,63,214.62400257587433,,0,Tesla T4,7.5,2.11.0+cu128,12.8,2026-08-23T19:16:39.968080+00:00
f9420de03a430e9cf768210184ec22fc6b7ddc2a,block_shared_tree,one-block-per-row shared-tree custom CUDA; header-only CUDA 12.8 compatibility include applied,512,4096,512,float32,0.125,25,100,64,214.9440050125122,,0,Tesla T4,7.5,2.11.0+cu128,12.8,2026-08-23T19:16:39.968080+00:00
f9420de03a430e9cf768210184ec22fc6b7ddc2a,block_shared_tree,one-block-per-row shared-tree custom CUDA; header-only CUDA 12.8 compatibility include applied,512,4096,512,float32,0.125,25,100,65,216.2880003452301,,0,Tesla T4,7.5,2.11.0+cu128,12.8,2026-08-23T19:16:39.968080+00:00
f9420de03a430e9cf768210184ec22fc6b7ddc2a,block_shared_tree,one-block-per-row shared-tree custom CUDA; header-only CUDA 12.8 compatibility include applied,512,4096,512,float32,0.125,25,100,66,217.0879989862442,,0,Tesla T4,7.5,2.11.0+cu128,12.8,2026-08-23T19:16:39.968080+00:00
f9420de03a430e9cf768210184ec22fc6b7ddc2a,block_shared_tree,one-block-per-row shared-tree custom CUDA; header-only CUDA 12.8 compatibility include applied,512,4096,512,float32,0.125,25,100,67,214.27200734615326,,0,Tesla T4,7.5,2.11.0+cu128,12.8,2026-08-23T19:16:39.968080+00:00
f9420de03a430e9cf768210184ec22fc6b7ddc2a,block_shared_tree,one-block-per-row shared-tree custom CUDA; header-only CUDA 12.8 compatibility include applied,512,4096,512,float32,0.125,25,100,68,213.02400529384613,,0,Tesla T4,7.5,2.11.0+cu128,12.8,2026-08-23T19:16:39.968080+00:00
f9420de03a430e9cf768210184ec22fc6b7ddc2a,block_shared_tree,one-block-per-row shared-tree custom CUDA; header-only CUDA 12.8 compatibility include applied,512,4096,512,float32,0.125,25,100,69,213.28000724315643,,0,Tesla T4,7.5,2.11.0+cu128,12.8,2026-08-23T19:16:39.968080+00:00
f9420de03a430e9cf768210184ec22fc6b7ddc2a,block_shared_tree,one-block-per-row shared-tree custom CUDA; header-only CUDA 12.8 compatibility include applied,512,4096,512,float32,0.125,25,100,70,224.06400740146637,,0,Tesla T4,7.5,2.11.0+cu128,12.8,2026-08-23T19:16:39.968080+00:00
f9420de03a430e9cf768210184ec22fc6b7ddc2a,block_shared_tree,one-block-per-row shared-tree custom CUDA; header-only CUDA 12.8 compatibility include applied,512,4096,512,float32,0.125,25,100,71,214.9759978055954,,0,Tesla T4,7.5,2.11.0+cu128,12.8,2026-08-23T19:16:39.968080+00:00
f9420de03a430e9cf768210184ec22fc6b7ddc2a,block_shared_tree,one-block-per-row shared-tree custom CUDA; header-only CUDA 12.8 compatibility include applied,512,4096,512,float32,0.125,25,100,72,214.20800685882568,,0,Tesla T4,7.5,2.11.0+cu128,12.8,2026-08-23T19:16:39.968080+00:00
f9420de03a430e9cf768210184ec22fc6b7ddc2a,block_shared_tree,one-block-per-row shared-tree custom CUDA; header-only CUDA 12.8 compatibility include applied,512,4096,512,float32,0.125,25,100,73,212.99199759960175,,0,Tesla T4,7.5,2.11.0+cu128,12.8,2026-08-23T19:16:39.968080+00:00
f9420de03a430e9cf768210184ec22fc6b7ddc2a,block_shared_tree,one-block-per-row shared-tree custom CUDA; header-only CUDA 12.8 compatibility include applied,512,4096,512,float32,0.125,25,100,74,213.31200003623962,,0,Tesla T4,7.5,2.11.0+cu128,12.8,2026-08-23T19:16:39.968080+00:00
f9420de03a430e9cf768210184ec22fc6b7ddc2a,block_shared_tree,one-block-per-row shared-tree custom CUDA; header-only CUDA 12.8 compatibility include applied,512,4096,512,float32,0.125,25,100,75,216.51199460029602,,0,Tesla T4,7.5,2.11.0+cu128,12.8,2026-08-23T19:16:39.968080+00:00
f9420de03a430e9cf768210184ec22fc6b7ddc2a,block_shared_tree,one-block-per-row shared-tree custom CUDA; header-only CUDA 12.8 compatibility include applied,512,4096,512,float32,0.125,25,100,76,214.1440063714981,,0,Tesla T4,7.5,2.11.0+cu128,12.8,2026-08-23T19:16:39.968080+00:00
f9420de03a430e9cf768210184ec22fc6b7ddc2a,block_shared_tree,one-block-per-row shared-tree custom CUDA; header-only CUDA 12.8 compatibility include applied,512,4096,512,float32,0.125,25,100,77,214.49600160121918,,0,Tesla T4,7.5,2.11.0+cu128,12.8,2026-08-23T19:16:39.968080+00:00
f9420de03a430e9cf768210184ec22fc6b7ddc2a,block_shared_tree,one-block-per-row shared-tree custom CUDA; header-only CUDA 12.8 compatibility include applied,512,4096,512,float32,0.125,25,100,78,213.76000344753265,,0,Tesla T4,7.5,2.11.0+cu128,12.8,2026-08-23T19:16:39.968080+00:00
f9420de03a430e9cf768210184ec22fc6b7ddc2a,block_shared_tree,one-block-per-row shared-tree custom CUDA; header-only CUDA 12.8 compatibility include applied,512,4096,512,float32,0.125,25,100,79,216.73600375652313,,0,Tesla T4,7.5,2.11.0+cu128,12.8,2026-08-23T19:16:39.968080+00:00
f9420de03a430e9cf768210184ec22fc6b7ddc2a,block_shared_tree,one-block-per-row shared-tree custom CUDA; header-only CUDA 12.8 compatibility include applied,512,4096,512,float32,0.125,25,100,80,213.919997215271,,0,Tesla T4,7.5,2.11.0+cu128,12.8,2026-08-23T19:16:39.968080+00:00
f9420de03a430e9cf768210184ec22fc6b7ddc2a,block_shared_tree,one-block-per-row shared-tree custom CUDA; header-only CUDA 12.8 compatibility include applied,512,4096,512,float32,0.125,25,100,81,213.0880057811737,,0,Tesla T4,7.5,2.11.0+cu128,12.8,2026-08-23T19:16:39.968080+00:00
f9420de03a430e9cf768210184ec22fc6b7ddc2a,block_shared_tree,one-block-per-row shared-tree custom CUDA; header-only CUDA 12.8 compatibility include applied,512,4096,512,float32,0.125,25,100,82,214.39999341964722,,0,Tesla T4,7.5,2.11.0+cu128,12.8,2026-08-23T19:16:39.968080+00:00
f9420de03a430e9cf768210184ec22fc6b7ddc2a,block_shared_tree,one-block-per-row shared-tree custom CUDA; header-only CUDA 12.8 compatibility include applied,512,4096,512,float32,0.125,25,100,83,217.1200066804886,,0,Tesla T4,7.5,2.11.0+cu128,12.8,2026-08-23T19:16:39.968080+00:00
f9420de03a430e9cf768210184ec22fc6b7ddc2a,block_shared_tree,one-block-per-row shared-tree custom CUDA; header-only CUDA 12.8 compatibility include applied,512,4096,512,float32,0.125,25,100,84,215.10399878025055,,0,Tesla T4,7.5,2.11.0+cu128,12.8,2026-08-23T19:16:39.968080+00:00
f9420de03a430e9cf768210184ec22fc6b7ddc2a,block_shared_tree,one-block-per-row shared-tree custom CUDA; header-only CUDA 12.8 compatibility include applied,512,4096,512,float32,0.125,25,100,85,215.64799547195435,,0,Tesla T4,7.5,2.11.0+cu128,12.8,2026-08-23T19:16:39.968080+00:00
f9420de03a430e9cf768210184ec22fc6b7ddc2a,block_shared_tree,one-block-per-row shared-tree custom CUDA; header-only CUDA 12.8 compatibility include applied,512,4096,512,float32,0.125,25,100,86,215.03999829292297,,0,Tesla T4,7.5,2.11.0+cu128,12.8,2026-08-23T19:16:39.968080+00:00
f9420de03a430e9cf768210184ec22fc6b7ddc2a,block_shared_tree,one-block-per-row shared-tree custom CUDA; header-only CUDA 12.8 compatibility include applied,512,4096,512,float32,0.125,25,100,87,213.95200490951538,,0,Tesla T4,7.5,2.11.0+cu128,12.8,2026-08-23T19:16:39.968080+00:00
f9420de03a430e9cf768210184ec22fc6b7ddc2a,block_shared_tree,one-block-per-row shared-tree custom CUDA; header-only CUDA 12.8 compatibility include applied,512,4096,512,float32,0.125,25,100,88,218.1120067834854,,0,Tesla T4,7.5,2.11.0+cu128,12.8,2026-08-23T19:16:39.968080+00:00
f9420de03a430e9cf768210184ec22fc6b7ddc2a,block_shared_tree,one-block-per-row shared-tree custom CUDA; header-only CUDA 12.8 compatibility include applied,512,4096,512,float32,0.125,25,100,89,219.87199783325195,,0,Tesla T4,7.5,2.11.0+cu128,12.8,2026-08-23T19:16:39.968080+00:00
f9420de03a430e9cf768210184ec22fc6b7ddc2a,block_shared_tree,one-block-per-row shared-tree custom CUDA; header-only CUDA 12.8 compatibility include applied,512,4096,512,float32,0.125,25,100,90,214.88000452518463,,0,Tesla T4,7.5,2.11.0+cu128,12.8,2026-08-23T19:16:39.968080+00:00
f9420de03a430e9cf768210184ec22fc6b7ddc2a,block_shared_tree,one-block-per-row shared-tree custom CUDA; header-only CUDA 12.8 compatibility include applied,512,4096,512,float32,0.125,25,100,91,214.81600403785706,,0,Tesla T4,7.5,2.11.0+cu128,12.8,2026-08-23T19:16:39.968080+00:00
f9420de03a430e9cf768210184ec22fc6b7ddc2a,block_shared_tree,one-block-per-row shared-tree custom CUDA; header-only CUDA 12.8 compatibility include applied,512,4096,512,float32,0.125,25,100,92,217.1200066804886,,0,Tesla T4,7.5,2.11.0+cu128,12.8,2026-08-23T19:16:39.968080+00:00
f9420de03a430e9cf768210184ec22fc6b7ddc2a,block_shared_tree,one-block-per-row shared-tree custom CUDA; header-only CUDA 12.8 compatibility include applied,512,4096,512,float32,0.125,25,100,93,213.76000344753265,,0,Tesla T4,7.5,2.11.0+cu128,12.8,2026-08-23T19:16:39.968080+00:00
f9420de03a430e9cf768210184ec22fc6b7ddc2a,block_shared_tree,one-block-per-row shared-tree custom CUDA; header-only CUDA 12.8 compatibility include applied,512,4096,512,float32,0.125,25,100,94,213.02400529384613,,0,Tesla T4,7.5,2.11.0+cu128,12.8,2026-08-23T19:16:39.968080+00:00
f9420de03a430e9cf768210184ec22fc6b7ddc2a,block_shared_tree,one-block-per-row shared-tree custom CUDA; header-only CUDA 12.8 compatibility include applied,512,4096,512,float32,0.125,25,100,95,213.1199985742569,,0,Tesla T4,7.5,2.11.0+cu128,12.8,2026-08-23T19:16:39.968080+00:00
f9420de03a430e9cf768210184ec22fc6b7ddc2a,block_shared_tree,one-block-per-row shared-tree custom CUDA; header-only CUDA 12.8 compatibility include applied,512,4096,512,float32,0.125,25,100,96,215.71199595928192,,0,Tesla T4,7.5,2.11.0+cu128,12.8,2026-08-23T19:16:39.968080+00:00
f9420de03a430e9cf768210184ec22fc6b7ddc2a,block_shared_tree,one-block-per-row shared-tree custom CUDA; header-only CUDA 12.8 compatibility include applied,512,4096,512,float32,0.125,25,100,97,214.1759991645813,,0,Tesla T4,7.5,2.11.0+cu128,12.8,2026-08-23T19:16:39.968080+00:00
f9420de03a430e9cf768210184ec22fc6b7ddc2a,block_shared_tree,one-block-per-row shared-tree custom CUDA; header-only CUDA 12.8 compatibility include applied,512,4096,512,float32,0.125,25,100,98,212.38400042057037,,0,Tesla T4,7.5,2.11.0+cu128,12.8,2026-08-23T19:16:39.968080+00:00
f9420de03a430e9cf768210184ec22fc6b7ddc2a,block_shared_tree,one-block-per-row shared-tree custom CUDA; header-only CUDA 12.8 compatibility include applied,512,4096,512,float32,0.125,25,100,99,213.28000724315643,,0,Tesla T4,7.5,2.11.0+cu128,12.8,2026-08-23T19:16:39.968080+00:00
f9420de03a430e9cf768210184ec22fc6b7ddc2a,block_shared_tree,one-block-per-row shared-tree custom CUDA; header-only CUDA 12.8 compatibility include applied,768,6144,768,float32,0.125,25,100,0,325.6640136241913,,0,Tesla T4,7.5,2.11.0+cu128,12.8,2026-08-23T19:16:42.468701+00:00
f9420de03a430e9cf768210184ec22fc6b7ddc2a,block_shared_tree,one-block-per-row shared-tree custom CUDA; header-only CUDA 12.8 compatibility include applied,768,6144,768,float32,0.125,25,100,1,303.1359910964966,,0,Tesla T4,7.5,2.11.0+cu128,12.8,2026-08-23T19:16:42.468701+00:00
f9420de03a430e9cf768210184ec22fc6b7ddc2a,block_shared_tree,one-block-per-row shared-tree custom CUDA; header-only CUDA 12.8 compatibility include applied,768,6144,768,float32,0.125,25,100,2,303.74398827552795,,0,Tesla T4,7.5,2.11.0+cu128,12.8,2026-08-23T19:16:42.468701+00:00
f9420de03a430e9cf768210184ec22fc6b7ddc2a,block_shared_tree,one-block-per-row shared-tree custom CUDA; header-only CUDA 12.8 compatibility include applied,768,6144,768,float32,0.125,25,100,3,299.00801181793213,,0,Tesla T4,7.5,2.11.0+cu128,12.8,2026-08-23T19:16:42.468701+00:00
f9420de03a430e9cf768210184ec22fc6b7ddc2a,block_shared_tree,one-block-per-row shared-tree custom CUDA; header-only CUDA 12.8 compatibility include applied,768,6144,768,float32,0.125,25,100,4,299.0719974040985,,0,Tesla T4,7.5,2.11.0+cu128,12.8,2026-08-23T19:16:42.468701+00:00
f9420de03a430e9cf768210184ec22fc6b7ddc2a,block_shared_tree,one-block-per-row shared-tree custom CUDA; header-only CUDA 12.8 compatibility include applied,768,6144,768,float32,0.125,25,100,5,301.0239899158478,,0,Tesla T4,7.5,2.11.0+cu128,12.8,2026-08-23T19:16:42.468701+00:00
f9420de03a430e9cf768210184ec22fc6b7ddc2a,block_shared_tree,one-block-per-row shared-tree custom CUDA; header-only CUDA 12.8 compatibility include applied,768,6144,768,float32,0.125,25,100,6,298.8159954547882,,0,Tesla T4,7.5,2.11.0+cu128,12.8,2026-08-23T19:16:42.468701+00:00
f9420de03a430e9cf768210184ec22fc6b7ddc2a,block_shared_tree,one-block-per-row shared-tree custom CUDA; header-only CUDA 12.8 compatibility include applied,768,6144,768,float32,0.125,25,100,7,299.00801181793213,,0,Tesla T4,7.5,2.11.0+cu128,12.8,2026-08-23T19:16:42.468701+00:00
f9420de03a430e9cf768210184ec22fc6b7ddc2a,block_shared_tree,one-block-per-row shared-tree custom CUDA; header-only CUDA 12.8 compatibility include applied,768,6144,768,float32,0.125,25,100,8,310.1760149002075,,0,Tesla T4,7.5,2.11.0+cu128,12.8,2026-08-23T19:16:42.468701+00:00
f9420de03a430e9cf768210184ec22fc6b7ddc2a,block_shared_tree,one-block-per-row shared-tree custom CUDA; header-only CUDA 12.8 compatibility include applied,768,6144,768,float32,0.125,25,100,9,300.35200715065,,0,Tesla T4,7.5,2.11.0+cu128,12.8,2026-08-23T19:16:42.468701+00:00
f9420de03a430e9cf768210184ec22fc6b7ddc2a,block_shared_tree,one-block-per-row shared-tree custom CUDA; header-only CUDA 12.8 compatibility include applied,768,6144,768,float32,0.125,25,100,10,300.0960052013397,,0,Tesla T4,7.5,2.11.0+cu128,12.8,2026-08-23T19:16:42.468701+00:00
f9420de03a430e9cf768210184ec22fc6b7ddc2a,block_shared_tree,one-block-per-row shared-tree custom CUDA; header-only CUDA 12.8 compatibility include applied,768,6144,768,float32,0.125,25,100,11,300.25601387023926,,0,Tesla T4,7.5,2.11.0+cu128,12.8,2026-08-23T19:16:42.468701+00:00
f9420de03a430e9cf768210184ec22fc6b7ddc2a,block_shared_tree,one-block-per-row shared-tree custom CUDA; header-only CUDA 12.8 compatibility include applied,768,6144,768,float32,0.125,25,100,12,299.3920147418976,,0,Tesla T4,7.5,2.11.0+cu128,12.8,2026-08-23T19:16:42.468701+00:00
f9420de03a430e9cf768210184ec22fc6b7ddc2a,block_shared_tree,one-block-per-row shared-tree custom CUDA; header-only CUDA 12.8 compatibility include applied,768,6144,768,float32,0.125,25,100,13,298.911988735199,,0,Tesla T4,7.5,2.11.0+cu128,12.8,2026-08-23T19:16:42.468701+00:00
f9420de03a430e9cf768210184ec22fc6b7ddc2a,block_shared_tree,one-block-per-row shared-tree custom CUDA; header-only CUDA 12.8 compatibility include applied,768,6144,768,float32,0.125,25,100,14,299.1040050983429,,0,Tesla T4,7.5,2.11.0+cu128,12.8,2026-08-23T19:16:42.468701+00:00
f9420de03a430e9cf768210184ec22fc6b7ddc2a,block_shared_tree,one-block-per-row shared-tree custom CUDA; header-only CUDA 12.8 compatibility include applied,768,6144,768,float32,0.125,25,100,15,301.08800530433655,,0,Tesla T4,7.5,2.11.0+cu128,12.8,2026-08-23T19:16:42.468701+00:00
f9420de03a430e9cf768210184ec22fc6b7ddc2a,block_shared_tree,one-block-per-row shared-tree custom CUDA; header-only CUDA 12.8 compatibility include applied,768,6144,768,float32,0.125,25,100,16,298.8159954547882,,0,Tesla T4,7.5,2.11.0+cu128,12.8,2026-08-23T19:16:42.468701+00:00
f9420de03a430e9cf768210184ec22fc6b7ddc2a,block_shared_tree,one-block-per-row shared-tree custom CUDA; header-only CUDA 12.8 compatibility include applied,768,6144,768,float32,0.125,25,100,17,299.00801181793213,,0,Tesla T4,7.5,2.11.0+cu128,12.8,2026-08-23T19:16:42.468701+00:00
f9420de03a430e9cf768210184ec22fc6b7ddc2a,block_shared_tree,one-block-per-row shared-tree custom CUDA; header-only CUDA 12.8 compatibility include applied,768,6144,768,float32,0.125,25,100,18,299.74400997161865,,0,Tesla T4,7.5,2.11.0+cu128,12.8,2026-08-23T19:16:42.468701+00:00
f9420de03a430e9cf768210184ec22fc6b7ddc2a,block_shared_tree,one-block-per-row shared-tree custom CUDA; header-only CUDA 12.8 compatibility include applied,768,6144,768,float32,0.125,25,100,19,298.68799448013306,,0,Tesla T4,7.5,2.11.0+cu128,12.8,2026-08-23T19:16:42.468701+00:00
f9420de03a430e9cf768210184ec22fc6b7ddc2a,block_shared_tree,one-block-per-row shared-tree custom CUDA; header-only CUDA 12.8 compatibility include applied,768,6144,768,float32,0.125,25,100,20,299.00801181793213,,0,Tesla T4,7.5,2.11.0+cu128,12.8,2026-08-23T19:16:42.468701+00:00
f9420de03a430e9cf768210184ec22fc6b7ddc2a,block_shared_tree,one-block-per-row shared-tree custom CUDA; header-only CUDA 12.8 compatibility include applied,768,6144,768,float32,0.125,25,100,21,303.5520017147064,,0,Tesla T4,7.5,2.11.0+cu128,12.8,2026-08-23T19:16:42.468701+00:00
f9420de03a430e9cf768210184ec22fc6b7ddc2a,block_shared_tree,one-block-per-row shared-tree custom CUDA; header-only CUDA 12.8 compatibility include applied,768,6144,768,float32,0.125,25,100,22,331.36001229286194,,0,Tesla T4,7.5,2.11.0+cu128,12.8,2026-08-23T19:16:42.468701+00:00
f9420de03a430e9cf768210184ec22fc6b7ddc2a,block_shared_tree,one-block-per-row shared-tree custom CUDA; header-only CUDA 12.8 compatibility include applied,768,6144,768,float32,0.125,25,100,23,307.20001459121704,,0,Tesla T4,7.5,2.11.0+cu128,12.8,2026-08-23T19:16:42.468701+00:00
f9420de03a430e9cf768210184ec22fc6b7ddc2a,block_shared_tree,one-block-per-row shared-tree custom CUDA; header-only CUDA 12.8 compatibility include applied,768,6144,768,float32,0.125,25,100,24,305.1519989967346,,0,Tesla T4,7.5,2.11.0+cu128,12.8,2026-08-23T19:16:42.468701+00:00
f9420de03a430e9cf768210184ec22fc6b7ddc2a,block_shared_tree,one-block-per-row shared-tree custom CUDA; header-only CUDA 12.8 compatibility include applied,768,6144,768,float32,0.125,25,100,25,302.94400453567505,,0,Tesla T4,7.5,2.11.0+cu128,12.8,2026-08-23T19:16:42.468701+00:00
f9420de03a430e9cf768210184ec22fc6b7ddc2a,block_shared_tree,one-block-per-row shared-tree custom CUDA; header-only CUDA 12.8 compatibility include applied,768,6144,768,float32,0.125,25,100,26,301.05599761009216,,0,Tesla T4,7.5,2.11.0+cu128,12.8,2026-08-23T19:16:42.468701+00:00
f9420de03a430e9cf768210184ec22fc6b7ddc2a,block_shared_tree,one-block-per-row shared-tree custom CUDA; header-only CUDA 12.8 compatibility include applied,768,6144,768,float32,0.125,25,100,27,339.9040102958679,,0,Tesla T4,7.5,2.11.0+cu128,12.8,2026-08-23T19:16:42.468701+00:00
f9420de03a430e9cf768210184ec22fc6b7ddc2a,block_shared_tree,one-block-per-row shared-tree custom CUDA; header-only CUDA 12.8 compatibility include applied,768,6144,768,float32,0.125,25,100,28,305.31200766563416,,0,Tesla T4,7.5,2.11.0+cu128,12.8,2026-08-23T19:16:42.468701+00:00
f9420de03a430e9cf768210184ec22fc6b7ddc2a,block_shared_tree,one-block-per-row shared-tree custom CUDA; header-only CUDA 12.8 compatibility include applied,768,6144,768,float32,0.125,25,100,29,299.19999837875366,,0,Tesla T4,7.5,2.11.0+cu128,12.8,2026-08-23T19:16:42.468701+00:00
f9420de03a430e9cf768210184ec22fc6b7ddc2a,block_shared_tree,one-block-per-row shared-tree custom CUDA; header-only CUDA 12.8 compatibility include applied,768,6144,768,float32,0.125,25,100,30,315.64798951148987,,0,Tesla T4,7.5,2.11.0+cu128,12.8,2026-08-23T19:16:42.468701+00:00
f9420de03a430e9cf768210184ec22fc6b7ddc2a,block_shared_tree,one-block-per-row shared-tree custom CUDA; header-only CUDA 12.8 compatibility include applied,768,6144,768,float32,0.125,25,100,31,350.49599409103394,,0,Tesla T4,7.5,2.11.0+cu128,12.8,2026-08-23T19:16:42.468701+00:00
f9420de03a430e9cf768210184ec22fc6b7ddc2a,block_shared_tree,one-block-per-row shared-tree custom CUDA; header-only CUDA 12.8 compatibility include applied,768,6144,768,float32,0.125,25,100,32,317.05600023269653,,0,Tesla T4,7.5,2.11.0+cu128,12.8,2026-08-23T19:16:42.468701+00:00
f9420de03a430e9cf768210184ec22fc6b7ddc2a,block_shared_tree,one-block-per-row shared-tree custom CUDA; header-only CUDA 12.8 compatibility include applied,768,6144,768,float32,0.125,25,100,33,318.08000802993774,,0,Tesla T4,7.5,2.11.0+cu128,12.8,2026-08-23T19:16:42.468701+00:00
f9420de03a430e9cf768210184ec22fc6b7ddc2a,block_shared_tree,one-block-per-row shared-tree custom CUDA; header-only CUDA 12.8 compatibility include applied,768,6144,768,float32,0.125,25,100,34,313.24800848960876,,0,Tesla T4,7.5,2.11.0+cu128,12.8,2026-08-23T19:16:42.468701+00:00
f9420de03a430e9cf768210184ec22fc6b7ddc2a,block_shared_tree,one-block-per-row shared-tree custom CUDA; header-only CUDA 12.8 compatibility include applied,768,6144,768,float32,0.125,25,100,35,315.39198756217957,,0,Tesla T4,7.5,2.11.0+cu128,12.8,2026-08-23T19:16:42.468701+00:00
f9420de03a430e9cf768210184ec22fc6b7ddc2a,block_shared_tree,one-block-per-row shared-tree custom CUDA; header-only CUDA 12.8 compatibility include applied,768,6144,768,float32,0.125,25,100,36,307.1039915084839,,0,Tesla T4,7.5,2.11.0+cu128,12.8,2026-08-23T19:16:42.468701+00:00
f9420de03a430e9cf768210184ec22fc6b7ddc2a,block_shared_tree,one-block-per-row shared-tree custom CUDA; header-only CUDA 12.8 compatibility include applied,768,6144,768,float32,0.125,25,100,37,314.62401151657104,,0,Tesla T4,7.5,2.11.0+cu128,12.8,2026-08-23T19:16:42.468701+00:00
f9420de03a430e9cf768210184ec22fc6b7ddc2a,block_shared_tree,one-block-per-row shared-tree custom CUDA; header-only CUDA 12.8 compatibility include applied,768,6144,768,float32,0.125,25,100,38,313.31199407577515,,0,Tesla T4,7.5,2.11.0+cu128,12.8,2026-08-23T19:16:42.468701+00:00
f9420de03a430e9cf768210184ec22fc6b7ddc2a,block_shared_tree,one-block-per-row shared-tree custom CUDA; header-only CUDA 12.8 compatibility include applied,768,6144,768,float32,0.125,25,100,39,313.34400177001953,,0,Tesla T4,7.5,2.11.0+cu128,12.8,2026-08-23T19:16:42.468701+00:00
f9420de03a430e9cf768210184ec22fc6b7ddc2a,block_shared_tree,one-block-per-row shared-tree custom CUDA; header-only CUDA 12.8 compatibility include applied,768,6144,768,float32,0.125,25,100,40,321.9839930534363,,0,Tesla T4,7.5,2.11.0+cu128,12.8,2026-08-23T19:16:42.468701+00:00
f9420de03a430e9cf768210184ec22fc6b7ddc2a,block_shared_tree,one-block-per-row shared-tree custom CUDA; header-only CUDA 12.8 compatibility include applied,768,6144,768,float32,0.125,25,100,41,319.487988948822,,0,Tesla T4,7.5,2.11.0+cu128,12.8,2026-08-23T19:16:42.468701+00:00
f9420de03a430e9cf768210184ec22fc6b7ddc2a,block_shared_tree,one-block-per-row shared-tree custom CUDA; header-only CUDA 12.8 compatibility include applied,768,6144,768,float32,0.125,25,100,42,314.14398550987244,,0,Tesla T4,7.5,2.11.0+cu128,12.8,2026-08-23T19:16:42.468701+00:00
f9420de03a430e9cf768210184ec22fc6b7ddc2a,block_shared_tree,one-block-per-row shared-tree custom CUDA; header-only CUDA 12.8 compatibility include applied,768,6144,768,float32,0.125,25,100,43,333.7920010089874,,0,Tesla T4,7.5,2.11.0+cu128,12.8,2026-08-23T19:16:42.468701+00:00
f9420de03a430e9cf768210184ec22fc6b7ddc2a,block_shared_tree,one-block-per-row shared-tree custom CUDA; header-only CUDA 12.8 compatibility include applied,768,6144,768,float32,0.125,25,100,44,325.76000690460205,,0,Tesla T4,7.5,2.11.0+cu128,12.8,2026-08-23T19:16:42.468701+00:00
f9420de03a430e9cf768210184ec22fc6b7ddc2a,block_shared_tree,one-block-per-row shared-tree custom CUDA; header-only CUDA 12.8 compatibility include applied,768,6144,768,float32,0.125,25,100,45,313.34400177001953,,0,Tesla T4,7.5,2.11.0+cu128,12.8,2026-08-23T19:16:42.468701+00:00
f9420de03a430e9cf768210184ec22fc6b7ddc2a,block_shared_tree,one-block-per-row shared-tree custom CUDA; header-only CUDA 12.8 compatibility include applied,768,6144,768,float32,0.125,25,100,46,328.92799377441406,,0,Tesla T4,7.5,2.11.0+cu128,12.8,2026-08-23T19:16:42.468701+00:00
f9420de03a430e9cf768210184ec22fc6b7ddc2a,block_shared_tree,one-block-per-row shared-tree custom CUDA; header-only CUDA 12.8 compatibility include applied,768,6144,768,float32,0.125,25,100,47,316.5760040283203,,0,Tesla T4,7.5,2.11.0+cu128,12.8,2026-08-23T19:16:42.468701+00:00
f9420de03a430e9cf768210184ec22fc6b7ddc2a,block_shared_tree,one-block-per-row shared-tree custom CUDA; header-only CUDA 12.8 compatibility include applied,768,6144,768,float32,0.125,25,100,48,317.21600890159607,,0,Tesla T4,7.5,2.11.0+cu128,12.8,2026-08-23T19:16:42.468701+00:00
f9420de03a430e9cf768210184ec22fc6b7ddc2a,block_shared_tree,one-block-per-row shared-tree custom CUDA; header-only CUDA 12.8 compatibility include applied,768,6144,768,float32,0.125,25,100,49,315.3280019760132,,0,Tesla T4,7.5,2.11.0+cu128,12.8,2026-08-23T19:16:42.468701+00:00
f9420de03a430e9cf768210184ec22fc6b7ddc2a,block_shared_tree,one-block-per-row shared-tree custom CUDA; header-only CUDA 12.8 compatibility include applied,768,6144,768,float32,0.125,25,100,50,321.9200074672699,,0,Tesla T4,7.5,2.11.0+cu128,12.8,2026-08-23T19:16:42.468701+00:00
f9420de03a430e9cf768210184ec22fc6b7ddc2a,block_shared_tree,one-block-per-row shared-tree custom CUDA; header-only CUDA 12.8 compatibility include applied,768,6144,768,float32,0.125,25,100,51,317.27999448776245,,0,Tesla T4,7.5,2.11.0+cu128,12.8,2026-08-23T19:16:42.468701+00:00
f9420de03a430e9cf768210184ec22fc6b7ddc2a,block_shared_tree,one-block-per-row shared-tree custom CUDA; header-only CUDA 12.8 compatibility include applied,768,6144,768,float32,0.125,25,100,52,315.61601161956787,,0,Tesla T4,7.5,2.11.0+cu128,12.8,2026-08-23T19:16:42.468701+00:00
f9420de03a430e9cf768210184ec22fc6b7ddc2a,block_shared_tree,one-block-per-row shared-tree custom CUDA; header-only CUDA 12.8 compatibility include applied,768,6144,768,float32,0.125,25,100,53,316.4159953594208,,0,Tesla T4,7.5,2.11.0+cu128,12.8,2026-08-23T19:16:42.468701+00:00
f9420de03a430e9cf768210184ec22fc6b7ddc2a,block_shared_tree,one-block-per-row shared-tree custom CUDA; header-only CUDA 12.8 compatibility include applied,768,6144,768,float32,0.125,25,100,54,325.79201459884644,,0,Tesla T4,7.5,2.11.0+cu128,12.8,2026-08-23T19:16:42.468701+00:00
f9420de03a430e9cf768210184ec22fc6b7ddc2a,block_shared_tree,one-block-per-row shared-tree custom CUDA; header-only CUDA 12.8 compatibility include applied,768,6144,768,float32,0.125,25,100,55,327.84000039100647,,0,Tesla T4,7.5,2.11.0+cu128,12.8,2026-08-23T19:16:42.468701+00:00
f9420de03a430e9cf768210184ec22fc6b7ddc2a,block_shared_tree,one-block-per-row shared-tree custom CUDA; header-only CUDA 12.8 compatibility include applied,768,6144,768,float32,0.125,25,100,56,332.41599798202515,,0,Tesla T4,7.5,2.11.0+cu128,12.8,2026-08-23T19:16:42.468701+00:00
f9420de03a430e9cf768210184ec22fc6b7ddc2a,block_shared_tree,one-block-per-row shared-tree custom CUDA; header-only CUDA 12.8 compatibility include applied,768,6144,768,float32,0.125,25,100,57,322.33598828315735,,0,Tesla T4,7.5,2.11.0+cu128,12.8,2026-08-23T19:16:42.468701+00:00
f9420de03a430e9cf768210184ec22fc6b7ddc2a,block_shared_tree,one-block-per-row shared-tree custom CUDA; header-only CUDA 12.8 compatibility include applied,768,6144,768,float32,0.125,25,100,58,318.56000423431396,,0,Tesla T4,7.5,2.11.0+cu128,12.8,2026-08-23T19:16:42.468701+00:00
f9420de03a430e9cf768210184ec22fc6b7ddc2a,block_shared_tree,one-block-per-row shared-tree custom CUDA; header-only CUDA 12.8 compatibility include applied,768,6144,768,float32,0.125,25,100,59,332.2240114212036,,0,Tesla T4,7.5,2.11.0+cu128,12.8,2026-08-23T19:16:42.468701+00:00
f9420de03a430e9cf768210184ec22fc6b7ddc2a,block_shared_tree,one-block-per-row shared-tree custom CUDA; header-only CUDA 12.8 compatibility include applied,768,6144,768,float32,0.125,25,100,60,339.4559919834137,,0,Tesla T4,7.5,2.11.0+cu128,12.8,2026-08-23T19:16:42.468701+00:00
f9420de03a430e9cf768210184ec22fc6b7ddc2a,block_shared_tree,one-block-per-row shared-tree custom CUDA; header-only CUDA 12.8 compatibility include applied,768,6144,768,float32,0.125,25,100,61,317.8879916667938,,0,Tesla T4,7.5,2.11.0+cu128,12.8,2026-08-23T19:16:42.468701+00:00
f9420de03a430e9cf768210184ec22fc6b7ddc2a,block_shared_tree,one-block-per-row shared-tree custom CUDA; header-only CUDA 12.8 compatibility include applied,768,6144,768,float32,0.125,25,100,62,301.40799283981323,,0,Tesla T4,7.5,2.11.0+cu128,12.8,2026-08-23T19:16:42.468701+00:00
f9420de03a430e9cf768210184ec22fc6b7ddc2a,block_shared_tree,one-block-per-row shared-tree custom CUDA; header-only CUDA 12.8 compatibility include applied,768,6144,768,float32,0.125,25,100,63,313.85600566864014,,0,Tesla T4,7.5,2.11.0+cu128,12.8,2026-08-23T19:16:42.468701+00:00
f9420de03a430e9cf768210184ec22fc6b7ddc2a,block_shared_tree,one-block-per-row shared-tree custom CUDA; header-only CUDA 12.8 compatibility include applied,768,6144,768,float32,0.125,25,100,64,314.39998745918274,,0,Tesla T4,7.5,2.11.0+cu128,12.8,2026-08-23T19:16:42.468701+00:00
f9420de03a430e9cf768210184ec22fc6b7ddc2a,block_shared_tree,one-block-per-row shared-tree custom CUDA; header-only CUDA 12.8 compatibility include applied,768,6144,768,float32,0.125,25,100,65,315.775990486145,,0,Tesla T4,7.5,2.11.0+cu128,12.8,2026-08-23T19:16:42.468701+00:00
f9420de03a430e9cf768210184ec22fc6b7ddc2a,block_shared_tree,one-block-per-row shared-tree custom CUDA; header-only CUDA 12.8 compatibility include applied,768,6144,768,float32,0.125,25,100,66,315.2639865875244,,0,Tesla T4,7.5,2.11.0+cu128,12.8,2026-08-23T19:16:42.468701+00:00
f9420de03a430e9cf768210184ec22fc6b7ddc2a,block_shared_tree,one-block-per-row shared-tree custom CUDA; header-only CUDA 12.8 compatibility include applied,768,6144,768,float32,0.125,25,100,67,314.7520124912262,,0,Tesla T4,7.5,2.11.0+cu128,12.8,2026-08-23T19:16:42.468701+00:00
f9420de03a430e9cf768210184ec22fc6b7ddc2a,block_shared_tree,one-block-per-row shared-tree custom CUDA; header-only CUDA 12.8 compatibility include applied,768,6144,768,float32,0.125,25,100,68,331.7759931087494,,0,Tesla T4,7.5,2.11.0+cu128,12.8,2026-08-23T19:16:42.468701+00:00
f9420de03a430e9cf768210184ec22fc6b7ddc2a,block_shared_tree,one-block-per-row shared-tree custom CUDA; header-only CUDA 12.8 compatibility include applied,768,6144,768,float32,0.125,25,100,69,306.2720000743866,,0,Tesla T4,7.5,2.11.0+cu128,12.8,2026-08-23T19:16:42.468701+00:00
f9420de03a430e9cf768210184ec22fc6b7ddc2a,block_shared_tree,one-block-per-row shared-tree custom CUDA; header-only CUDA 12.8 compatibility include applied,768,6144,768,float32,0.125,25,100,70,311.2959861755371,,0,Tesla T4,7.5,2.11.0+cu128,12.8,2026-08-23T19:16:42.468701+00:00
f9420de03a430e9cf768210184ec22fc6b7ddc2a,block_shared_tree,one-block-per-row shared-tree custom CUDA; header-only CUDA 12.8 compatibility include applied,768,6144,768,float32,0.125,25,100,71,315.39198756217957,,0,Tesla T4,7.5,2.11.0+cu128,12.8,2026-08-23T19:16:42.468701+00:00
f9420de03a430e9cf768210184ec22fc6b7ddc2a,block_shared_tree,one-block-per-row shared-tree custom CUDA; header-only CUDA 12.8 compatibility include applied,768,6144,768,float32,0.125,25,100,72,319.5840120315552,,0,Tesla T4,7.5,2.11.0+cu128,12.8,2026-08-23T19:16:42.468701+00:00
f9420de03a430e9cf768210184ec22fc6b7ddc2a,block_shared_tree,one-block-per-row shared-tree custom CUDA; header-only CUDA 12.8 compatibility include applied,768,6144,768,float32,0.125,25,100,73,314.14398550987244,,0,Tesla T4,7.5,2.11.0+cu128,12.8,2026-08-23T19:16:42.468701+00:00
f9420de03a430e9cf768210184ec22fc6b7ddc2a,block_shared_tree,one-block-per-row shared-tree custom CUDA; header-only CUDA 12.8 compatibility include applied,768,6144,768,float32,0.125,25,100,74,311.2640082836151,,0,Tesla T4,7.5,2.11.0+cu128,12.8,2026-08-23T19:16:42.468701+00:00
f9420de03a430e9cf768210184ec22fc6b7ddc2a,block_shared_tree,one-block-per-row shared-tree custom CUDA; header-only CUDA 12.8 compatibility include applied,768,6144,768,float32,0.125,25,100,75,342.9439961910248,,0,Tesla T4,7.5,2.11.0+cu128,12.8,2026-08-23T19:16:42.468701+00:00
f9420de03a430e9cf768210184ec22fc6b7ddc2a,block_shared_tree,one-block-per-row shared-tree custom CUDA; header-only CUDA 12.8 compatibility include applied,768,6144,768,float32,0.125,25,100,76,318.7519907951355,,0,Tesla T4,7.5,2.11.0+cu128,12.8,2026-08-23T19:16:42.468701+00:00
f9420de03a430e9cf768210184ec22fc6b7ddc2a,block_shared_tree,one-block-per-row shared-tree custom CUDA; header-only CUDA 12.8 compatibility include applied,768,6144,768,float32,0.125,25,100,77,319.487988948822,,0,Tesla T4,7.5,2.11.0+cu128,12.8,2026-08-23T19:16:42.468701+00:00
f9420de03a430e9cf768210184ec22fc6b7ddc2a,block_shared_tree,one-block-per-row shared-tree custom CUDA; header-only CUDA 12.8 compatibility include applied,768,6144,768,float32,0.125,25,100,78,324.6079981327057,,0,Tesla T4,7.5,2.11.0+cu128,12.8,2026-08-23T19:16:42.468701+00:00
f9420de03a430e9cf768210184ec22fc6b7ddc2a,block_shared_tree,one-block-per-row shared-tree custom CUDA; header-only CUDA 12.8 compatibility include applied,768,6144,768,float32,0.125,25,100,79,358.94399881362915,,0,Tesla T4,7.5,2.11.0+cu128,12.8,2026-08-23T19:16:42.468701+00:00
f9420de03a430e9cf768210184ec22fc6b7ddc2a,block_shared_tree,one-block-per-row shared-tree custom CUDA; header-only CUDA 12.8 compatibility include applied,768,6144,768,float32,0.125,25,100,80,317.4720108509064,,0,Tesla T4,7.5,2.11.0+cu128,12.8,2026-08-23T19:16:42.468701+00:00
f9420de03a430e9cf768210184ec22fc6b7ddc2a,block_shared_tree,one-block-per-row shared-tree custom CUDA; header-only CUDA 12.8 compatibility include applied,768,6144,768,float32,0.125,25,100,81,323.61599802970886,,0,Tesla T4,7.5,2.11.0+cu128,12.8,2026-08-23T19:16:42.468701+00:00
f9420de03a430e9cf768210184ec22fc6b7ddc2a,block_shared_tree,one-block-per-row shared-tree custom CUDA; header-only CUDA 12.8 compatibility include applied,768,6144,768,float32,0.125,25,100,82,315.45600295066833,,0,Tesla T4,7.5,2.11.0+cu128,12.8,2026-08-23T19:16:42.468701+00:00
f9420de03a430e9cf768210184ec22fc6b7ddc2a,block_shared_tree,one-block-per-row shared-tree custom CUDA; header-only CUDA 12.8 compatibility include applied,768,6144,768,float32,0.125,25,100,83,304.1599988937378,,0,Tesla T4,7.5,2.11.0+cu128,12.8,2026-08-23T19:16:42.468701+00:00
f9420de03a430e9cf768210184ec22fc6b7ddc2a,block_shared_tree,one-block-per-row shared-tree custom CUDA; header-only CUDA 12.8 compatibility include applied,768,6144,768,float32,0.125,25,100,84,305.9200048446655,,0,Tesla T4,7.5,2.11.0+cu128,12.8,2026-08-23T19:16:42.468701+00:00
f9420de03a430e9cf768210184ec22fc6b7ddc2a,block_shared_tree,one-block-per-row shared-tree custom CUDA; header-only CUDA 12.8 compatibility include applied,768,6144,768,float32,0.125,25,100,85,330.6559920310974,,0,Tesla T4,7.5,2.11.0+cu128,12.8,2026-08-23T19:16:42.468701+00:00
f9420de03a430e9cf768210184ec22fc6b7ddc2a,block_shared_tree,one-block-per-row shared-tree custom CUDA; header-only CUDA 12.8 compatibility include applied,768,6144,768,float32,0.125,25,100,86,320.3839957714081,,0,Tesla T4,7.5,2.11.0+cu128,12.8,2026-08-23T19:16:42.468701+00:00
f9420de03a430e9cf768210184ec22fc6b7ddc2a,block_shared_tree,one-block-per-row shared-tree custom CUDA; header-only CUDA 12.8 compatibility include applied,768,6144,768,float32,0.125,25,100,87,319.487988948822,,0,Tesla T4,7.5,2.11.0+cu128,12.8,2026-08-23T19:16:42.468701+00:00
f9420de03a430e9cf768210184ec22fc6b7ddc2a,block_shared_tree,one-block-per-row shared-tree custom CUDA; header-only CUDA 12.8 compatibility include applied,768,6144,768,float32,0.125,25,100,88,327.64801383018494,,0,Tesla T4,7.5,2.11.0+cu128,12.8,2026-08-23T19:16:42.468701+00:00
f9420de03a430e9cf768210184ec22fc6b7ddc2a,block_shared_tree,one-block-per-row shared-tree custom CUDA; header-only CUDA 12.8 compatibility include applied,768,6144,768,float32,0.125,25,100,89,319.9999928474426,,0,Tesla T4,7.5,2.11.0+cu128,12.8,2026-08-23T19:16:42.468701+00:00
f9420de03a430e9cf768210184ec22fc6b7ddc2a,block_shared_tree,one-block-per-row shared-tree custom CUDA; header-only CUDA 12.8 compatibility include applied,768,6144,768,float32,0.125,25,100,90,326.04798674583435,,0,Tesla T4,7.5,2.11.0+cu128,12.8,2026-08-23T19:16:42.468701+00:00
f9420de03a430e9cf768210184ec22fc6b7ddc2a,block_shared_tree,one-block-per-row shared-tree custom CUDA; header-only CUDA 12.8 compatibility include applied,768,6144,768,float32,0.125,25,100,91,329.6320140361786,,0,Tesla T4,7.5,2.11.0+cu128,12.8,2026-08-23T19:16:42.468701+00:00
f9420de03a430e9cf768210184ec22fc6b7ddc2a,block_shared_tree,one-block-per-row shared-tree custom CUDA; header-only CUDA 12.8 compatibility include applied,768,6144,768,float32,0.125,25,100,92,325.6640136241913,,0,Tesla T4,7.5,2.11.0+cu128,12.8,2026-08-23T19:16:42.468701+00:00
f9420de03a430e9cf768210184ec22fc6b7ddc2a,block_shared_tree,one-block-per-row shared-tree custom CUDA; header-only CUDA 12.8 compatibility include applied,768,6144,768,float32,0.125,25,100,93,319.64799761772156,,0,Tesla T4,7.5,2.11.0+cu128,12.8,2026-08-23T19:16:42.468701+00:00
f9420de03a430e9cf768210184ec22fc6b7ddc2a,block_shared_tree,one-block-per-row shared-tree custom CUDA; header-only CUDA 12.8 compatibility include applied,768,6144,768,float32,0.125,25,100,94,328.70399951934814,,0,Tesla T4,7.5,2.11.0+cu128,12.8,2026-08-23T19:16:42.468701+00:00
f9420de03a430e9cf768210184ec22fc6b7ddc2a,block_shared_tree,one-block-per-row shared-tree custom CUDA; header-only CUDA 12.8 compatibility include applied,768,6144,768,float32,0.125,25,100,95,319.93600726127625,,0,Tesla T4,7.5,2.11.0+cu128,12.8,2026-08-23T19:16:42.468701+00:00
f9420de03a430e9cf768210184ec22fc6b7ddc2a,block_shared_tree,one-block-per-row shared-tree custom CUDA; header-only CUDA 12.8 compatibility include applied,768,6144,768,float32,0.125,25,100,96,319.2319869995117,,0,Tesla T4,7.5,2.11.0+cu128,12.8,2026-08-23T19:16:42.468701+00:00
f9420de03a430e9cf768210184ec22fc6b7ddc2a,block_shared_tree,one-block-per-row shared-tree custom CUDA; header-only CUDA 12.8 compatibility include applied,768,6144,768,float32,0.125,25,100,97,327.5519907474518,,0,Tesla T4,7.5,2.11.0+cu128,12.8,2026-08-23T19:16:42.468701+00:00
f9420de03a430e9cf768210184ec22fc6b7ddc2a,block_shared_tree,one-block-per-row shared-tree custom CUDA; header-only CUDA 12.8 compatibility include applied,768,6144,768,float32,0.125,25,100,98,320.576012134552,,0,Tesla T4,7.5,2.11.0+cu128,12.8,2026-08-23T19:16:42.468701+00:00
f9420de03a430e9cf768210184ec22fc6b7ddc2a,block_shared_tree,one-block-per-row shared-tree custom CUDA; header-only CUDA 12.8 compatibility include applied,768,6144,768,float32,0.125,25,100,99,319.5199966430664,,0,Tesla T4,7.5,2.11.0+cu128,12.8,2026-08-23T19:16:42.468701+00:00
f9420de03a430e9cf768210184ec22fc6b7ddc2a,block_shared_tree,one-block-per-row shared-tree custom CUDA; header-only CUDA 12.8 compatibility include applied,1024,8192,1024,float32,0.125,25,100,0,572.0959901809692,,0,Tesla T4,7.5,2.11.0+cu128,12.8,2026-08-23T19:16:45.388328+00:00
f9420de03a430e9cf768210184ec22fc6b7ddc2a,block_shared_tree,one-block-per-row shared-tree custom CUDA; header-only CUDA 12.8 compatibility include applied,1024,8192,1024,float32,0.125,25,100,1,536.575973033905,,0,Tesla T4,7.5,2.11.0+cu128,12.8,2026-08-23T19:16:45.388328+00:00
f9420de03a430e9cf768210184ec22fc6b7ddc2a,block_shared_tree,one-block-per-row shared-tree custom CUDA; header-only CUDA 12.8 compatibility include applied,1024,8192,1024,float32,0.125,25,100,2,591.8400287628174,,0,Tesla T4,7.5,2.11.0+cu128,12.8,2026-08-23T19:16:45.388328+00:00
f9420de03a430e9cf768210184ec22fc6b7ddc2a,block_shared_tree,one-block-per-row shared-tree custom CUDA; header-only CUDA 12.8 compatibility include applied,1024,8192,1024,float32,0.125,25,100,3,546.3680028915405,,0,Tesla T4,7.5,2.11.0+cu128,12.8,2026-08-23T19:16:45.388328+00:00
f9420de03a430e9cf768210184ec22fc6b7ddc2a,block_shared_tree,one-block-per-row shared-tree custom CUDA; header-only CUDA 12.8 compatibility include applied,1024,8192,1024,float32,0.125,25,100,4,557.0560097694397,,0,Tesla T4,7.5,2.11.0+cu128,12.8,2026-08-23T19:16:45.388328+00:00
f9420de03a430e9cf768210184ec22fc6b7ddc2a,block_shared_tree,one-block-per-row shared-tree custom CUDA; header-only CUDA 12.8 compatibility include applied,1024,8192,1024,float32,0.125,25,100,5,557.0880174636841,,0,Tesla T4,7.5,2.11.0+cu128,12.8,2026-08-23T19:16:45.388328+00:00
f9420de03a430e9cf768210184ec22fc6b7ddc2a,block_shared_tree,one-block-per-row shared-tree custom CUDA; header-only CUDA 12.8 compatibility include applied,1024,8192,1024,float32,0.125,25,100,6,538.9440059661865,,0,Tesla T4,7.5,2.11.0+cu128,12.8,2026-08-23T19:16:45.388328+00:00
f9420de03a430e9cf768210184ec22fc6b7ddc2a,block_shared_tree,one-block-per-row shared-tree custom CUDA; header-only CUDA 12.8 compatibility include applied,1024,8192,1024,float32,0.125,25,100,7,557.8879714012146,,0,Tesla T4,7.5,2.11.0+cu128,12.8,2026-08-23T19:16:45.388328+00:00
f9420de03a430e9cf768210184ec22fc6b7ddc2a,block_shared_tree,one-block-per-row shared-tree custom CUDA; header-only CUDA 12.8 compatibility include applied,1024,8192,1024,float32,0.125,25,100,8,548.0960011482239,,0,Tesla T4,7.5,2.11.0+cu128,12.8,2026-08-23T19:16:45.388328+00:00
f9420de03a430e9cf768210184ec22fc6b7ddc2a,block_shared_tree,one-block-per-row shared-tree custom CUDA; header-only CUDA 12.8 compatibility include applied,1024,8192,1024,float32,0.125,25,100,9,543.9680218696594,,0,Tesla T4,7.5,2.11.0+cu128,12.8,2026-08-23T19:16:45.388328+00:00
f9420de03a430e9cf768210184ec22fc6b7ddc2a,block_shared_tree,one-block-per-row shared-tree custom CUDA; header-only CUDA 12.8 compatibility include applied,1024,8192,1024,float32,0.125,25,100,10,542.5599813461304,,0,Tesla T4,7.5,2.11.0+cu128,12.8,2026-08-23T19:16:45.388328+00:00
f9420de03a430e9cf768210184ec22fc6b7ddc2a,block_shared_tree,one-block-per-row shared-tree custom CUDA; header-only CUDA 12.8 compatibility include applied,1024,8192,1024,float32,0.125,25,100,11,540.6720042228699,,0,Tesla T4,7.5,2.11.0+cu128,12.8,2026-08-23T19:16:45.388328+00:00
f9420de03a430e9cf768210184ec22fc6b7ddc2a,block_shared_tree,one-block-per-row shared-tree custom CUDA; header-only CUDA 12.8 compatibility include applied,1024,8192,1024,float32,0.125,25,100,12,575.1360058784485,,0,Tesla T4,7.5,2.11.0+cu128,12.8,2026-08-23T19:16:45.388328+00:00
f9420de03a430e9cf768210184ec22fc6b7ddc2a,block_shared_tree,one-block-per-row shared-tree custom CUDA; header-only CUDA 12.8 compatibility include applied,1024,8192,1024,float32,0.125,25,100,13,575.8079886436462,,0,Tesla T4,7.5,2.11.0+cu128,12.8,2026-08-23T19:16:45.388328+00:00
f9420de03a430e9cf768210184ec22fc6b7ddc2a,block_shared_tree,one-block-per-row shared-tree custom CUDA; header-only CUDA 12.8 compatibility include applied,1024,8192,1024,float32,0.125,25,100,14,618.0800199508667,,0,Tesla T4,7.5,2.11.0+cu128,12.8,2026-08-23T19:16:45.388328+00:00
f9420de03a430e9cf768210184ec22fc6b7ddc2a,block_shared_tree,one-block-per-row shared-tree custom CUDA; header-only CUDA 12.8 compatibility include applied,1024,8192,1024,float32,0.125,25,100,15,548.8640069961548,,0,Tesla T4,7.5,2.11.0+cu128,12.8,2026-08-23T19:16:45.388328+00:00
f9420de03a430e9cf768210184ec22fc6b7ddc2a,block_shared_tree,one-block-per-row shared-tree custom CUDA; header-only CUDA 12.8 compatibility include applied,1024,8192,1024,float32,0.125,25,100,16,556.768000125885,,0,Tesla T4,7.5,2.11.0+cu128,12.8,2026-08-23T19:16:45.388328+00:00
f9420de03a430e9cf768210184ec22fc6b7ddc2a,block_shared_tree,one-block-per-row shared-tree custom CUDA; header-only CUDA 12.8 compatibility include applied,1024,8192,1024,float32,0.125,25,100,17,548.0639934539795,,0,Tesla T4,7.5,2.11.0+cu128,12.8,2026-08-23T19:16:45.388328+00:00
f9420de03a430e9cf768210184ec22fc6b7ddc2a,block_shared_tree,one-block-per-row shared-tree custom CUDA; header-only CUDA 12.8 compatibility include applied,1024,8192,1024,float32,0.125,25,100,18,557.1839809417725,,0,Tesla T4,7.5,2.11.0+cu128,12.8,2026-08-23T19:16:45.388328+00:00
f9420de03a430e9cf768210184ec22fc6b7ddc2a,block_shared_tree,one-block-per-row shared-tree custom CUDA; header-only CUDA 12.8 compatibility include applied,1024,8192,1024,float32,0.125,25,100,19,562.7840161323547,,0,Tesla T4,7.5,2.11.0+cu128,12.8,2026-08-23T19:16:45.388328+00:00
f9420de03a430e9cf768210184ec22fc6b7ddc2a,block_shared_tree,one-block-per-row shared-tree custom CUDA; header-only CUDA 12.8 compatibility include applied,1024,8192,1024,float32,0.125,25,100,20,557.8879714012146,,0,Tesla T4,7.5,2.11.0+cu128,12.8,2026-08-23T19:16:45.388328+00:00
f9420de03a430e9cf768210184ec22fc6b7ddc2a,block_shared_tree,one-block-per-row shared-tree custom CUDA; header-only CUDA 12.8 compatibility include applied,1024,8192,1024,float32,0.125,25,100,21,553.7919998168945,,0,Tesla T4,7.5,2.11.0+cu128,12.8,2026-08-23T19:16:45.388328+00:00
f9420de03a430e9cf768210184ec22fc6b7ddc2a,block_shared_tree,one-block-per-row shared-tree custom CUDA; header-only CUDA 12.8 compatibility include applied,1024,8192,1024,float32,0.125,25,100,22,561.2480044364929,,0,Tesla T4,7.5,2.11.0+cu128,12.8,2026-08-23T19:16:45.388328+00:00
f9420de03a430e9cf768210184ec22fc6b7ddc2a,block_shared_tree,one-block-per-row shared-tree custom CUDA; header-only CUDA 12.8 compatibility include applied,1024,8192,1024,float32,0.125,25,100,23,560.4159832000732,,0,Tesla T4,7.5,2.11.0+cu128,12.8,2026-08-23T19:16:45.388328+00:00
f9420de03a430e9cf768210184ec22fc6b7ddc2a,block_shared_tree,one-block-per-row shared-tree custom CUDA; header-only CUDA 12.8 compatibility include applied,1024,8192,1024,float32,0.125,25,100,24,577.567994594574,,0,Tesla T4,7.5,2.11.0+cu128,12.8,2026-08-23T19:16:45.388328+00:00
f9420de03a430e9cf768210184ec22fc6b7ddc2a,block_shared_tree,one-block-per-row shared-tree custom CUDA; header-only CUDA 12.8 compatibility include applied,1024,8192,1024,float32,0.125,25,100,25,552.9919862747192,,0,Tesla T4,7.5,2.11.0+cu128,12.8,2026-08-23T19:16:45.388328+00:00
f9420de03a430e9cf768210184ec22fc6b7ddc2a,block_shared_tree,one-block-per-row shared-tree custom CUDA; header-only CUDA 12.8 compatibility include applied,1024,8192,1024,float32,0.125,25,100,26,557.0560097694397,,0,Tesla T4,7.5,2.11.0+cu128,12.8,2026-08-23T19:16:45.388328+00:00
f9420de03a430e9cf768210184ec22fc6b7ddc2a,block_shared_tree,one-block-per-row shared-tree custom CUDA; header-only CUDA 12.8 compatibility include applied,1024,8192,1024,float32,0.125,25,100,27,558.6559772491455,,0,Tesla T4,7.5,2.11.0+cu128,12.8,2026-08-23T19:16:45.388328+00:00
f9420de03a430e9cf768210184ec22fc6b7ddc2a,block_shared_tree,one-block-per-row shared-tree custom CUDA; header-only CUDA 12.8 compatibility include applied,1024,8192,1024,float32,0.125,25,100,28,561.1839890480042,,0,Tesla T4,7.5,2.11.0+cu128,12.8,2026-08-23T19:16:45.388328+00:00
f9420de03a430e9cf768210184ec22fc6b7ddc2a,block_shared_tree,one-block-per-row shared-tree custom CUDA; header-only CUDA 12.8 compatibility include applied,1024,8192,1024,float32,0.125,25,100,29,556.8959712982178,,0,Tesla T4,7.5,2.11.0+cu128,12.8,2026-08-23T19:16:45.388328+00:00
f9420de03a430e9cf768210184ec22fc6b7ddc2a,block_shared_tree,one-block-per-row shared-tree custom CUDA; header-only CUDA 12.8 compatibility include applied,1024,8192,1024,float32,0.125,25,100,30,554.0800094604492,,0,Tesla T4,7.5,2.11.0+cu128,12.8,2026-08-23T19:16:45.388328+00:00
f9420de03a430e9cf768210184ec22fc6b7ddc2a,block_shared_tree,one-block-per-row shared-tree custom CUDA; header-only CUDA 12.8 compatibility include applied,1024,8192,1024,float32,0.125,25,100,31,556.8000078201294,,0,Tesla T4,7.5,2.11.0+cu128,12.8,2026-08-23T19:16:45.388328+00:00
f9420de03a430e9cf768210184ec22fc6b7ddc2a,block_shared_tree,one-block-per-row shared-tree custom CUDA; header-only CUDA 12.8 compatibility include applied,1024,8192,1024,float32,0.125,25,100,32,555.0079941749573,,0,Tesla T4,7.5,2.11.0+cu128,12.8,2026-08-23T19:16:45.388328+00:00
f9420de03a430e9cf768210184ec22fc6b7ddc2a,block_shared_tree,one-block-per-row shared-tree custom CUDA; header-only CUDA 12.8 compatibility include applied,1024,8192,1024,float32,0.125,25,100,33,555.0079941749573,,0,Tesla T4,7.5,2.11.0+cu128,12.8,2026-08-23T19:16:45.388328+00:00
f9420de03a430e9cf768210184ec22fc6b7ddc2a,block_shared_tree,one-block-per-row shared-tree custom CUDA; header-only CUDA 12.8 compatibility include applied,1024,8192,1024,float32,0.125,25,100,34,569.8559880256653,,0,Tesla T4,7.5,2.11.0+cu128,12.8,2026-08-23T19:16:45.388328+00:00
f9420de03a430e9cf768210184ec22fc6b7ddc2a,block_shared_tree,one-block-per-row shared-tree custom CUDA; header-only CUDA 12.8 compatibility include applied,1024,8192,1024,float32,0.125,25,100,35,557.856023311615,,0,Tesla T4,7.5,2.11.0+cu128,12.8,2026-08-23T19:16:45.388328+00:00
f9420de03a430e9cf768210184ec22fc6b7ddc2a,block_shared_tree,one-block-per-row shared-tree custom CUDA; header-only CUDA 12.8 compatibility include applied,1024,8192,1024,float32,0.125,25,100,36,555.0079941749573,,0,Tesla T4,7.5,2.11.0+cu128,12.8,2026-08-23T19:16:45.388328+00:00
f9420de03a430e9cf768210184ec22fc6b7ddc2a,block_shared_tree,one-block-per-row shared-tree custom CUDA; header-only CUDA 12.8 compatibility include applied,1024,8192,1024,float32,0.125,25,100,37,559.1040253639221,,0,Tesla T4,7.5,2.11.0+cu128,12.8,2026-08-23T19:16:45.388328+00:00
f9420de03a430e9cf768210184ec22fc6b7ddc2a,block_shared_tree,one-block-per-row shared-tree custom CUDA; header-only CUDA 12.8 compatibility include applied,1024,8192,1024,float32,0.125,25,100,38,561.2480044364929,,0,Tesla T4,7.5,2.11.0+cu128,12.8,2026-08-23T19:16:45.388328+00:00
f9420de03a430e9cf768210184ec22fc6b7ddc2a,block_shared_tree,one-block-per-row shared-tree custom CUDA; header-only CUDA 12.8 compatibility include applied,1024,8192,1024,float32,0.125,25,100,39,561.4399909973145,,0,Tesla T4,7.5,2.11.0+cu128,12.8,2026-08-23T19:16:45.388328+00:00
f9420de03a430e9cf768210184ec22fc6b7ddc2a,block_shared_tree,one-block-per-row shared-tree custom CUDA; header-only CUDA 12.8 compatibility include applied,1024,8192,1024,float32,0.125,25,100,40,563.0720257759094,,0,Tesla T4,7.5,2.11.0+cu128,12.8,2026-08-23T19:16:45.388328+00:00
f9420de03a430e9cf768210184ec22fc6b7ddc2a,block_shared_tree,one-block-per-row shared-tree custom CUDA; header-only CUDA 12.8 compatibility include applied,1024,8192,1024,float32,0.125,25,100,41,560.6080293655396,,0,Tesla T4,7.5,2.11.0+cu128,12.8,2026-08-23T19:16:45.388328+00:00
f9420de03a430e9cf768210184ec22fc6b7ddc2a,block_shared_tree,one-block-per-row shared-tree custom CUDA; header-only CUDA 12.8 compatibility include applied,1024,8192,1024,float32,0.125,25,100,42,1754.7199726104736,,0,Tesla T4,7.5,2.11.0+cu128,12.8,2026-08-23T19:16:45.388328+00:00
f9420de03a430e9cf768210184ec22fc6b7ddc2a,block_shared_tree,one-block-per-row shared-tree custom CUDA; header-only CUDA 12.8 compatibility include applied,1024,8192,1024,float32,0.125,25,100,43,605.5999994277954,,0,Tesla T4,7.5,2.11.0+cu128,12.8,2026-08-23T19:16:45.388328+00:00
f9420de03a430e9cf768210184ec22fc6b7ddc2a,block_shared_tree,one-block-per-row shared-tree custom CUDA; header-only CUDA 12.8 compatibility include applied,1024,8192,1024,float32,0.125,25,100,44,604.1920185089111,,0,Tesla T4,7.5,2.11.0+cu128,12.8,2026-08-23T19:16:45.388328+00:00
f9420de03a430e9cf768210184ec22fc6b7ddc2a,block_shared_tree,one-block-per-row shared-tree custom CUDA; header-only CUDA 12.8 compatibility include applied,1024,8192,1024,float32,0.125,25,100,45,598.9120006561279,,0,Tesla T4,7.5,2.11.0+cu128,12.8,2026-08-23T19:16:45.388328+00:00
f9420de03a430e9cf768210184ec22fc6b7ddc2a,block_shared_tree,one-block-per-row shared-tree custom CUDA; header-only CUDA 12.8 compatibility include applied,1024,8192,1024,float32,0.125,25,100,46,613.215982913971,,0,Tesla T4,7.5,2.11.0+cu128,12.8,2026-08-23T19:16:45.388328+00:00
f9420de03a430e9cf768210184ec22fc6b7ddc2a,block_shared_tree,one-block-per-row shared-tree custom CUDA; header-only CUDA 12.8 compatibility include applied,1024,8192,1024,float32,0.125,25,100,47,601.7919778823853,,0,Tesla T4,7.5,2.11.0+cu128,12.8,2026-08-23T19:16:45.388328+00:00
f9420de03a430e9cf768210184ec22fc6b7ddc2a,block_shared_tree,one-block-per-row shared-tree custom CUDA; header-only CUDA 12.8 compatibility include applied,1024,8192,1024,float32,0.125,25,100,48,599.8079776763916,,0,Tesla T4,7.5,2.11.0+cu128,12.8,2026-08-23T19:16:45.388328+00:00
f9420de03a430e9cf768210184ec22fc6b7ddc2a,block_shared_tree,one-block-per-row shared-tree custom CUDA; header-only CUDA 12.8 compatibility include applied,1024,8192,1024,float32,0.125,25,100,49,604.0319800376892,,0,Tesla T4,7.5,2.11.0+cu128,12.8,2026-08-23T19:16:45.388328+00:00
f9420de03a430e9cf768210184ec22fc6b7ddc2a,block_shared_tree,one-block-per-row shared-tree custom CUDA; header-only CUDA 12.8 compatibility include applied,1024,8192,1024,float32,0.125,25,100,50,606.0799956321716,,0,Tesla T4,7.5,2.11.0+cu128,12.8,2026-08-23T19:16:45.388328+00:00
f9420de03a430e9cf768210184ec22fc6b7ddc2a,block_shared_tree,one-block-per-row shared-tree custom CUDA; header-only CUDA 12.8 compatibility include applied,1024,8192,1024,float32,0.125,25,100,51,602.2719740867615,,0,Tesla T4,7.5,2.11.0+cu128,12.8,2026-08-23T19:16:45.388328+00:00
f9420de03a430e9cf768210184ec22fc6b7ddc2a,block_shared_tree,one-block-per-row shared-tree custom CUDA; header-only CUDA 12.8 compatibility include applied,1024,8192,1024,float32,0.125,25,100,52,606.2399744987488,,0,Tesla T4,7.5,2.11.0+cu128,12.8,2026-08-23T19:16:45.388328+00:00
f9420de03a430e9cf768210184ec22fc6b7ddc2a,block_shared_tree,one-block-per-row shared-tree custom CUDA; header-only CUDA 12.8 compatibility include applied,1024,8192,1024,float32,0.125,25,100,53,598.9440083503723,,0,Tesla T4,7.5,2.11.0+cu128,12.8,2026-08-23T19:16:45.388328+00:00
f9420de03a430e9cf768210184ec22fc6b7ddc2a,block_shared_tree,one-block-per-row shared-tree custom CUDA; header-only CUDA 12.8 compatibility include applied,1024,8192,1024,float32,0.125,25,100,54,603.9680242538452,,0,Tesla T4,7.5,2.11.0+cu128,12.8,2026-08-23T19:16:45.388328+00:00
f9420de03a430e9cf768210184ec22fc6b7ddc2a,block_shared_tree,one-block-per-row shared-tree custom CUDA; header-only CUDA 12.8 compatibility include applied,1024,8192,1024,float32,0.125,25,100,55,604.1920185089111,,0,Tesla T4,7.5,2.11.0+cu128,12.8,2026-08-23T19:16:45.388328+00:00
f9420de03a430e9cf768210184ec22fc6b7ddc2a,block_shared_tree,one-block-per-row shared-tree custom CUDA; header-only CUDA 12.8 compatibility include applied,1024,8192,1024,float32,0.125,25,100,56,602.3039817810059,,0,Tesla T4,7.5,2.11.0+cu128,12.8,2026-08-23T19:16:45.388328+00:00
f9420de03a430e9cf768210184ec22fc6b7ddc2a,block_shared_tree,one-block-per-row shared-tree custom CUDA; header-only CUDA 12.8 compatibility include applied,1024,8192,1024,float32,0.125,25,100,57,605.8880090713501,,0,Tesla T4,7.5,2.11.0+cu128,12.8,2026-08-23T19:16:45.388328+00:00
f9420de03a430e9cf768210184ec22fc6b7ddc2a,block_shared_tree,one-block-per-row shared-tree custom CUDA; header-only CUDA 12.8 compatibility include applied,1024,8192,1024,float32,0.125,25,100,58,620.5440163612366,,0,Tesla T4,7.5,2.11.0+cu128,12.8,2026-08-23T19:16:45.388328+00:00
f9420de03a430e9cf768210184ec22fc6b7ddc2a,block_shared_tree,one-block-per-row shared-tree custom CUDA; header-only CUDA 12.8 compatibility include applied,1024,8192,1024,float32,0.125,25,100,59,600.8319854736328,,0,Tesla T4,7.5,2.11.0+cu128,12.8,2026-08-23T19:16:45.388328+00:00
f9420de03a430e9cf768210184ec22fc6b7ddc2a,block_shared_tree,one-block-per-row shared-tree custom CUDA; header-only CUDA 12.8 compatibility include applied,1024,8192,1024,float32,0.125,25,100,60,605.5039763450623,,0,Tesla T4,7.5,2.11.0+cu128,12.8,2026-08-23T19:16:45.388328+00:00
f9420de03a430e9cf768210184ec22fc6b7ddc2a,block_shared_tree,one-block-per-row shared-tree custom CUDA; header-only CUDA 12.8 compatibility include applied,1024,8192,1024,float32,0.125,25,100,61,600.0959873199463,,0,Tesla T4,7.5,2.11.0+cu128,12.8,2026-08-23T19:16:45.388328+00:00
f9420de03a430e9cf768210184ec22fc6b7ddc2a,block_shared_tree,one-block-per-row shared-tree custom CUDA; header-only CUDA 12.8 compatibility include applied,1024,8192,1024,float32,0.125,25,100,62,600.0639796257019,,0,Tesla T4,7.5,2.11.0+cu128,12.8,2026-08-23T19:16:45.388328+00:00
f9420de03a430e9cf768210184ec22fc6b7ddc2a,block_shared_tree,one-block-per-row shared-tree custom CUDA; header-only CUDA 12.8 compatibility include applied,1024,8192,1024,float32,0.125,25,100,63,600.8960008621216,,0,Tesla T4,7.5,2.11.0+cu128,12.8,2026-08-23T19:16:45.388328+00:00
f9420de03a430e9cf768210184ec22fc6b7ddc2a,block_shared_tree,one-block-per-row shared-tree custom CUDA; header-only CUDA 12.8 compatibility include applied,1024,8192,1024,float32,0.125,25,100,64,600.1279950141907,,0,Tesla T4,7.5,2.11.0+cu128,12.8,2026-08-23T19:16:45.388328+00:00
f9420de03a430e9cf768210184ec22fc6b7ddc2a,block_shared_tree,one-block-per-row shared-tree custom CUDA; header-only CUDA 12.8 compatibility include applied,1024,8192,1024,float32,0.125,25,100,65,604.2559742927551,,0,Tesla T4,7.5,2.11.0+cu128,12.8,2026-08-23T19:16:45.388328+00:00
f9420de03a430e9cf768210184ec22fc6b7ddc2a,block_shared_tree,one-block-per-row shared-tree custom CUDA; header-only CUDA 12.8 compatibility include applied,1024,8192,1024,float32,0.125,25,100,66,608.3199977874756,,0,Tesla T4,7.5,2.11.0+cu128,12.8,2026-08-23T19:16:45.388328+00:00
f9420de03a430e9cf768210184ec22fc6b7ddc2a,block_shared_tree,one-block-per-row shared-tree custom CUDA; header-only CUDA 12.8 compatibility include applied,1024,8192,1024,float32,0.125,25,100,67,606.2399744987488,,0,Tesla T4,7.5,2.11.0+cu128,12.8,2026-08-23T19:16:45.388328+00:00
f9420de03a430e9cf768210184ec22fc6b7ddc2a,block_shared_tree,one-block-per-row shared-tree custom CUDA; header-only CUDA 12.8 compatibility include applied,1024,8192,1024,float32,0.125,25,100,68,600.0319719314575,,0,Tesla T4,7.5,2.11.0+cu128,12.8,2026-08-23T19:16:45.388328+00:00
f9420de03a430e9cf768210184ec22fc6b7ddc2a,block_shared_tree,one-block-per-row shared-tree custom CUDA; header-only CUDA 12.8 compatibility include applied,1024,8192,1024,float32,0.125,25,100,69,606.1760187149048,,0,Tesla T4,7.5,2.11.0+cu128,12.8,2026-08-23T19:16:45.388328+00:00
f9420de03a430e9cf768210184ec22fc6b7ddc2a,block_shared_tree,one-block-per-row shared-tree custom CUDA; header-only CUDA 12.8 compatibility include applied,1024,8192,1024,float32,0.125,25,100,70,600.1600027084351,,0,Tesla T4,7.5,2.11.0+cu128,12.8,2026-08-23T19:16:45.388328+00:00
f9420de03a430e9cf768210184ec22fc6b7ddc2a,block_shared_tree,one-block-per-row shared-tree custom CUDA; header-only CUDA 12.8 compatibility include applied,1024,8192,1024,float32,0.125,25,100,71,600.0000238418579,,0,Tesla T4,7.5,2.11.0+cu128,12.8,2026-08-23T19:16:45.388328+00:00
f9420de03a430e9cf768210184ec22fc6b7ddc2a,block_shared_tree,one-block-per-row shared-tree custom CUDA; header-only CUDA 12.8 compatibility include applied,1024,8192,1024,float32,0.125,25,100,72,591.808021068573,,0,Tesla T4,7.5,2.11.0+cu128,12.8,2026-08-23T19:16:45.388328+00:00
f9420de03a430e9cf768210184ec22fc6b7ddc2a,block_shared_tree,one-block-per-row shared-tree custom CUDA; header-only CUDA 12.8 compatibility include applied,1024,8192,1024,float32,0.125,25,100,73,606.5599918365479,,0,Tesla T4,7.5,2.11.0+cu128,12.8,2026-08-23T19:16:45.388328+00:00
f9420de03a430e9cf768210184ec22fc6b7ddc2a,block_shared_tree,one-block-per-row shared-tree custom CUDA; header-only CUDA 12.8 compatibility include applied,1024,8192,1024,float32,0.125,25,100,74,584.3520164489746,,0,Tesla T4,7.5,2.11.0+cu128,12.8,2026-08-23T19:16:45.388328+00:00
f9420de03a430e9cf768210184ec22fc6b7ddc2a,block_shared_tree,one-block-per-row shared-tree custom CUDA; header-only CUDA 12.8 compatibility include applied,1024,8192,1024,float32,0.125,25,100,75,585.7279896736145,,0,Tesla T4,7.5,2.11.0+cu128,12.8,2026-08-23T19:16:45.388328+00:00
f9420de03a430e9cf768210184ec22fc6b7ddc2a,block_shared_tree,one-block-per-row shared-tree custom CUDA; header-only CUDA 12.8 compatibility include applied,1024,8192,1024,float32,0.125,25,100,76,598.9120006561279,,0,Tesla T4,7.5,2.11.0+cu128,12.8,2026-08-23T19:16:45.388328+00:00
f9420de03a430e9cf768210184ec22fc6b7ddc2a,block_shared_tree,one-block-per-row shared-tree custom CUDA; header-only CUDA 12.8 compatibility include applied,1024,8192,1024,float32,0.125,25,100,77,602.0799875259399,,0,Tesla T4,7.5,2.11.0+cu128,12.8,2026-08-23T19:16:45.388328+00:00
f9420de03a430e9cf768210184ec22fc6b7ddc2a,block_shared_tree,one-block-per-row shared-tree custom CUDA; header-only CUDA 12.8 compatibility include applied,1024,8192,1024,float32,0.125,25,100,78,604.3840050697327,,0,Tesla T4,7.5,2.11.0+cu128,12.8,2026-08-23T19:16:45.388328+00:00
f9420de03a430e9cf768210184ec22fc6b7ddc2a,block_shared_tree,one-block-per-row shared-tree custom CUDA; header-only CUDA 12.8 compatibility include applied,1024,8192,1024,float32,0.125,25,100,79,604.5119762420654,,0,Tesla T4,7.5,2.11.0+cu128,12.8,2026-08-23T19:16:45.388328+00:00
f9420de03a430e9cf768210184ec22fc6b7ddc2a,block_shared_tree,one-block-per-row shared-tree custom CUDA; header-only CUDA 12.8 compatibility include applied,1024,8192,1024,float32,0.125,25,100,80,609.9200248718262,,0,Tesla T4,7.5,2.11.0+cu128,12.8,2026-08-23T19:16:45.388328+00:00
f9420de03a430e9cf768210184ec22fc6b7ddc2a,block_shared_tree,one-block-per-row shared-tree custom CUDA; header-only CUDA 12.8 compatibility include applied,1024,8192,1024,float32,0.125,25,100,81,606.2399744987488,,0,Tesla T4,7.5,2.11.0+cu128,12.8,2026-08-23T19:16:45.388328+00:00
f9420de03a430e9cf768210184ec22fc6b7ddc2a,block_shared_tree,one-block-per-row shared-tree custom CUDA; header-only CUDA 12.8 compatibility include applied,1024,8192,1024,float32,0.125,25,100,82,603.488028049469,,0,Tesla T4,7.5,2.11.0+cu128,12.8,2026-08-23T19:16:45.388328+00:00
f9420de03a430e9cf768210184ec22fc6b7ddc2a,block_shared_tree,one-block-per-row shared-tree custom CUDA; header-only CUDA 12.8 compatibility include applied,1024,8192,1024,float32,0.125,25,100,83,609.2159748077393,,0,Tesla T4,7.5,2.11.0+cu128,12.8,2026-08-23T19:16:45.388328+00:00
f9420de03a430e9cf768210184ec22fc6b7ddc2a,block_shared_tree,one-block-per-row shared-tree custom CUDA; header-only CUDA 12.8 compatibility include applied,1024,8192,1024,float32,0.125,25,100,84,600.4480123519897,,0,Tesla T4,7.5,2.11.0+cu128,12.8,2026-08-23T19:16:45.388328+00:00
f9420de03a430e9cf768210184ec22fc6b7ddc2a,block_shared_tree,one-block-per-row shared-tree custom CUDA; header-only CUDA 12.8 compatibility include applied,1024,8192,1024,float32,0.125,25,100,85,602.2400259971619,,0,Tesla T4,7.5,2.11.0+cu128,12.8,2026-08-23T19:16:45.388328+00:00
f9420de03a430e9cf768210184ec22fc6b7ddc2a,block_shared_tree,one-block-per-row shared-tree custom CUDA; header-only CUDA 12.8 compatibility include applied,1024,8192,1024,float32,0.125,25,100,86,602.2080183029175,,0,Tesla T4,7.5,2.11.0+cu128,12.8,2026-08-23T19:16:45.388328+00:00
f9420de03a430e9cf768210184ec22fc6b7ddc2a,block_shared_tree,one-block-per-row shared-tree custom CUDA; header-only CUDA 12.8 compatibility include applied,1024,8192,1024,float32,0.125,25,100,87,600.2560257911682,,0,Tesla T4,7.5,2.11.0+cu128,12.8,2026-08-23T19:16:45.388328+00:00
f9420de03a430e9cf768210184ec22fc6b7ddc2a,block_shared_tree,one-block-per-row shared-tree custom CUDA; header-only CUDA 12.8 compatibility include applied,1024,8192,1024,float32,0.125,25,100,88,602.1440029144287,,0,Tesla T4,7.5,2.11.0+cu128,12.8,2026-08-23T19:16:45.388328+00:00
f9420de03a430e9cf768210184ec22fc6b7ddc2a,block_shared_tree,one-block-per-row shared-tree custom CUDA; header-only CUDA 12.8 compatibility include applied,1024,8192,1024,float32,0.125,25,100,89,612.671971321106,,0,Tesla T4,7.5,2.11.0+cu128,12.8,2026-08-23T19:16:45.388328+00:00
f9420de03a430e9cf768210184ec22fc6b7ddc2a,block_shared_tree,one-block-per-row shared-tree custom CUDA; header-only CUDA 12.8 compatibility include applied,1024,8192,1024,float32,0.125,25,100,90,591.2960171699524,,0,Tesla T4,7.5,2.11.0+cu128,12.8,2026-08-23T19:16:45.388328+00:00
f9420de03a430e9cf768210184ec22fc6b7ddc2a,block_shared_tree,one-block-per-row shared-tree custom CUDA; header-only CUDA 12.8 compatibility include applied,1024,8192,1024,float32,0.125,25,100,91,596.1920022964478,,0,Tesla T4,7.5,2.11.0+cu128,12.8,2026-08-23T19:16:45.388328+00:00
f9420de03a430e9cf768210184ec22fc6b7ddc2a,block_shared_tree,one-block-per-row shared-tree custom CUDA; header-only CUDA 12.8 compatibility include applied,1024,8192,1024,float32,0.125,25,100,92,587.8400206565857,,0,Tesla T4,7.5,2.11.0+cu128,12.8,2026-08-23T19:16:45.388328+00:00
f9420de03a430e9cf768210184ec22fc6b7ddc2a,block_shared_tree,one-block-per-row shared-tree custom CUDA; header-only CUDA 12.8 compatibility include applied,1024,8192,1024,float32,0.125,25,100,93,585.8880281448364,,0,Tesla T4,7.5,2.11.0+cu128,12.8,2026-08-23T19:16:45.388328+00:00
f9420de03a430e9cf768210184ec22fc6b7ddc2a,block_shared_tree,one-block-per-row shared-tree custom CUDA; header-only CUDA 12.8 compatibility include applied,1024,8192,1024,float32,0.125,25,100,94,590.2400016784668,,0,Tesla T4,7.5,2.11.0+cu128,12.8,2026-08-23T19:16:45.388328+00:00
f9420de03a430e9cf768210184ec22fc6b7ddc2a,block_shared_tree,one-block-per-row shared-tree custom CUDA; header-only CUDA 12.8 compatibility include applied,1024,8192,1024,float32,0.125,25,100,95,575.4879713058472,,0,Tesla T4,7.5,2.11.0+cu128,12.8,2026-08-23T19:16:45.388328+00:00
f9420de03a430e9cf768210184ec22fc6b7ddc2a,block_shared_tree,one-block-per-row shared-tree custom CUDA; header-only CUDA 12.8 compatibility include applied,1024,8192,1024,float32,0.125,25,100,96,591.5520191192627,,0,Tesla T4,7.5,2.11.0+cu128,12.8,2026-08-23T19:16:45.388328+00:00
f9420de03a430e9cf768210184ec22fc6b7ddc2a,block_shared_tree,one-block-per-row shared-tree custom CUDA; header-only CUDA 12.8 compatibility include applied,1024,8192,1024,float32,0.125,25,100,97,598.8159775733948,,0,Tesla T4,7.5,2.11.0+cu128,12.8,2026-08-23T19:16:45.388328+00:00
f9420de03a430e9cf768210184ec22fc6b7ddc2a,block_shared_tree,one-block-per-row shared-tree custom CUDA; header-only CUDA 12.8 compatibility include applied,1024,8192,1024,float32,0.125,25,100,98,596.2560176849365,,0,Tesla T4,7.5,2.11.0+cu128,12.8,2026-08-23T19:16:45.388328+00:00
f9420de03a430e9cf768210184ec22fc6b7ddc2a,block_shared_tree,one-block-per-row shared-tree custom CUDA; header-only CUDA 12.8 compatibility include applied,1024,8192,1024,float32,0.125,25,100,99,603.8399934768677,,0,Tesla T4,7.5,2.11.0+cu128,12.8,2026-08-23T19:16:45.388328+00:00
f9420de03a430e9cf768210184ec22fc6b7ddc2a,block_shared_tree,one-block-per-row shared-tree custom CUDA; header-only CUDA 12.8 compatibility include applied,1536,12288,1536,float32,0.125,25,100,0,760.6719732284546,,0,Tesla T4,7.5,2.11.0+cu128,12.8,2026-08-23T19:16:48.315852+00:00
f9420de03a430e9cf768210184ec22fc6b7ddc2a,block_shared_tree,one-block-per-row shared-tree custom CUDA; header-only CUDA 12.8 compatibility include applied,1536,12288,1536,float32,0.125,25,100,1,745.2160120010376,,0,Tesla T4,7.5,2.11.0+cu128,12.8,2026-08-23T19:16:48.315852+00:00
f9420de03a430e9cf768210184ec22fc6b7ddc2a,block_shared_tree,one-block-per-row shared-tree custom CUDA; header-only CUDA 12.8 compatibility include applied,1536,12288,1536,float32,0.125,25,100,2,738.5920286178589,,0,Tesla T4,7.5,2.11.0+cu128,12.8,2026-08-23T19:16:48.315852+00:00
f9420de03a430e9cf768210184ec22fc6b7ddc2a,block_shared_tree,one-block-per-row shared-tree custom CUDA; header-only CUDA 12.8 compatibility include applied,1536,12288,1536,float32,0.125,25,100,3,733.9839935302734,,0,Tesla T4,7.5,2.11.0+cu128,12.8,2026-08-23T19:16:48.315852+00:00
f9420de03a430e9cf768210184ec22fc6b7ddc2a,block_shared_tree,one-block-per-row shared-tree custom CUDA; header-only CUDA 12.8 compatibility include applied,1536,12288,1536,float32,0.125,25,100,4,733.568012714386,,0,Tesla T4,7.5,2.11.0+cu128,12.8,2026-08-23T19:16:48.315852+00:00
f9420de03a430e9cf768210184ec22fc6b7ddc2a,block_shared_tree,one-block-per-row shared-tree custom CUDA; header-only CUDA 12.8 compatibility include applied,1536,12288,1536,float32,0.125,25,100,5,753.5039782524109,,0,Tesla T4,7.5,2.11.0+cu128,12.8,2026-08-23T19:16:48.315852+00:00
f9420de03a430e9cf768210184ec22fc6b7ddc2a,block_shared_tree,one-block-per-row shared-tree custom CUDA; header-only CUDA 12.8 compatibility include applied,1536,12288,1536,float32,0.125,25,100,6,733.1839799880981,,0,Tesla T4,7.5,2.11.0+cu128,12.8,2026-08-23T19:16:48.315852+00:00
f9420de03a430e9cf768210184ec22fc6b7ddc2a,block_shared_tree,one-block-per-row shared-tree custom CUDA; header-only CUDA 12.8 compatibility include applied,1536,12288,1536,float32,0.125,25,100,7,731.1360239982605,,0,Tesla T4,7.5,2.11.0+cu128,12.8,2026-08-23T19:16:48.315852+00:00
f9420de03a430e9cf768210184ec22fc6b7ddc2a,block_shared_tree,one-block-per-row shared-tree custom CUDA; header-only CUDA 12.8 compatibility include applied,1536,12288,1536,float32,0.125,25,100,8,734.7840070724487,,0,Tesla T4,7.5,2.11.0+cu128,12.8,2026-08-23T19:16:48.315852+00:00
f9420de03a430e9cf768210184ec22fc6b7ddc2a,block_shared_tree,one-block-per-row shared-tree custom CUDA; header-only CUDA 12.8 compatibility include applied,1536,12288,1536,float32,0.125,25,100,9,733.6000204086304,,0,Tesla T4,7.5,2.11.0+cu128,12.8,2026-08-23T19:16:48.315852+00:00
f9420de03a430e9cf768210184ec22fc6b7ddc2a,block_shared_tree,one-block-per-row shared-tree custom CUDA; header-only CUDA 12.8 compatibility include applied,1536,12288,1536,float32,0.125,25,100,10,736.8000149726868,,0,Tesla T4,7.5,2.11.0+cu128,12.8,2026-08-23T19:16:48.315852+00:00
f9420de03a430e9cf768210184ec22fc6b7ddc2a,block_shared_tree,one-block-per-row shared-tree custom CUDA; header-only CUDA 12.8 compatibility include applied,1536,12288,1536,float32,0.125,25,100,11,730.9120297431946,,0,Tesla T4,7.5,2.11.0+cu128,12.8,2026-08-23T19:16:48.315852+00:00
f9420de03a430e9cf768210184ec22fc6b7ddc2a,block_shared_tree,one-block-per-row shared-tree custom CUDA; header-only CUDA 12.8 compatibility include applied,1536,12288,1536,float32,0.125,25,100,12,735.4879975318909,,0,Tesla T4,7.5,2.11.0+cu128,12.8,2026-08-23T19:16:48.315852+00:00
f9420de03a430e9cf768210184ec22fc6b7ddc2a,block_shared_tree,one-block-per-row shared-tree custom CUDA; header-only CUDA 12.8 compatibility include applied,1536,12288,1536,float32,0.125,25,100,13,733.2479953765869,,0,Tesla T4,7.5,2.11.0+cu128,12.8,2026-08-23T19:16:48.315852+00:00
f9420de03a430e9cf768210184ec22fc6b7ddc2a,block_shared_tree,one-block-per-row shared-tree custom CUDA; header-only CUDA 12.8 compatibility include applied,1536,12288,1536,float32,0.125,25,100,14,731.872022151947,,0,Tesla T4,7.5,2.11.0+cu128,12.8,2026-08-23T19:16:48.315852+00:00
f9420de03a430e9cf768210184ec22fc6b7ddc2a,block_shared_tree,one-block-per-row shared-tree custom CUDA; header-only CUDA 12.8 compatibility include applied,1536,12288,1536,float32,0.125,25,100,15,730.5920124053955,,0,Tesla T4,7.5,2.11.0+cu128,12.8,2026-08-23T19:16:48.315852+00:00
f9420de03a430e9cf768210184ec22fc6b7ddc2a,block_shared_tree,one-block-per-row shared-tree custom CUDA; header-only CUDA 12.8 compatibility include applied,1536,12288,1536,float32,0.125,25,100,16,731.9999933242798,,0,Tesla T4,7.5,2.11.0+cu128,12.8,2026-08-23T19:16:48.315852+00:00
f9420de03a430e9cf768210184ec22fc6b7ddc2a,block_shared_tree,one-block-per-row shared-tree custom CUDA; header-only CUDA 12.8 compatibility include applied,1536,12288,1536,float32,0.125,25,100,17,734.495997428894,,0,Tesla T4,7.5,2.11.0+cu128,12.8,2026-08-23T19:16:48.315852+00:00
f9420de03a430e9cf768210184ec22fc6b7ddc2a,block_shared_tree,one-block-per-row shared-tree custom CUDA; header-only CUDA 12.8 compatibility include applied,1536,12288,1536,float32,0.125,25,100,18,735.264003276825,,0,Tesla T4,7.5,2.11.0+cu128,12.8,2026-08-23T19:16:48.315852+00:00
f9420de03a430e9cf768210184ec22fc6b7ddc2a,block_shared_tree,one-block-per-row shared-tree custom CUDA; header-only CUDA 12.8 compatibility include applied,1536,12288,1536,float32,0.125,25,100,19,746.9760179519653,,0,Tesla T4,7.5,2.11.0+cu128,12.8,2026-08-23T19:16:48.315852+00:00
f9420de03a430e9cf768210184ec22fc6b7ddc2a,block_shared_tree,one-block-per-row shared-tree custom CUDA; header-only CUDA 12.8 compatibility include applied,1536,12288,1536,float32,0.125,25,100,20,730.3680181503296,,0,Tesla T4,7.5,2.11.0+cu128,12.8,2026-08-23T19:16:48.315852+00:00
f9420de03a430e9cf768210184ec22fc6b7ddc2a,block_shared_tree,one-block-per-row shared-tree custom CUDA; header-only CUDA 12.8 compatibility include applied,1536,12288,1536,float32,0.125,25,100,21,733.1839799880981,,0,Tesla T4,7.5,2.11.0+cu128,12.8,2026-08-23T19:16:48.315852+00:00
f9420de03a430e9cf768210184ec22fc6b7ddc2a,block_shared_tree,one-block-per-row shared-tree custom CUDA; header-only CUDA 12.8 compatibility include applied,1536,12288,1536,float32,0.125,25,100,22,735.2319955825806,,0,Tesla T4,7.5,2.11.0+cu128,12.8,2026-08-23T19:16:48.315852+00:00
f9420de03a430e9cf768210184ec22fc6b7ddc2a,block_shared_tree,one-block-per-row shared-tree custom CUDA; header-only CUDA 12.8 compatibility include applied,1536,12288,1536,float32,0.125,25,100,23,731.8080067634583,,0,Tesla T4,7.5,2.11.0+cu128,12.8,2026-08-23T19:16:48.315852+00:00
f9420de03a430e9cf768210184ec22fc6b7ddc2a,block_shared_tree,one-block-per-row shared-tree custom CUDA; header-only CUDA 12.8 compatibility include applied,1536,12288,1536,float32,0.125,25,100,24,732.479989528656,,0,Tesla T4,7.5,2.11.0+cu128,12.8,2026-08-23T19:16:48.315852+00:00
f9420de03a430e9cf768210184ec22fc6b7ddc2a,block_shared_tree,one-block-per-row shared-tree custom CUDA; header-only CUDA 12.8 compatibility include applied,1536,12288,1536,float32,0.125,25,100,25,732.2239875793457,,0,Tesla T4,7.5,2.11.0+cu128,12.8,2026-08-23T19:16:48.315852+00:00
f9420de03a430e9cf768210184ec22fc6b7ddc2a,block_shared_tree,one-block-per-row shared-tree custom CUDA; header-only CUDA 12.8 compatibility include applied,1536,12288,1536,float32,0.125,25,100,26,733.1839799880981,,0,Tesla T4,7.5,2.11.0+cu128,12.8,2026-08-23T19:16:48.315852+00:00
f9420de03a430e9cf768210184ec22fc6b7ddc2a,block_shared_tree,one-block-per-row shared-tree custom CUDA; header-only CUDA 12.8 compatibility include applied,1536,12288,1536,float32,0.125,25,100,27,733.2800030708313,,0,Tesla T4,7.5,2.11.0+cu128,12.8,2026-08-23T19:16:48.315852+00:00
f9420de03a430e9cf768210184ec22fc6b7ddc2a,block_shared_tree,one-block-per-row shared-tree custom CUDA; header-only CUDA 12.8 compatibility include applied,1536,12288,1536,float32,0.125,25,100,28,731.1360239982605,,0,Tesla T4,7.5,2.11.0+cu128,12.8,2026-08-23T19:16:48.315852+00:00
f9420de03a430e9cf768210184ec22fc6b7ddc2a,block_shared_tree,one-block-per-row shared-tree custom CUDA; header-only CUDA 12.8 compatibility include applied,1536,12288,1536,float32,0.125,25,100,29,736.4159822463989,,0,Tesla T4,7.5,2.11.0+cu128,12.8,2026-08-23T19:16:48.315852+00:00
f9420de03a430e9cf768210184ec22fc6b7ddc2a,block_shared_tree,one-block-per-row shared-tree custom CUDA; header-only CUDA 12.8 compatibility include applied,1536,12288,1536,float32,0.125,25,100,30,731.552004814148,,0,Tesla T4,7.5,2.11.0+cu128,12.8,2026-08-23T19:16:48.315852+00:00
f9420de03a430e9cf768210184ec22fc6b7ddc2a,block_shared_tree,one-block-per-row shared-tree custom CUDA; header-only CUDA 12.8 compatibility include applied,1536,12288,1536,float32,0.125,25,100,31,735.4559898376465,,0,Tesla T4,7.5,2.11.0+cu128,12.8,2026-08-23T19:16:48.315852+00:00
f9420de03a430e9cf768210184ec22fc6b7ddc2a,block_shared_tree,one-block-per-row shared-tree custom CUDA; header-only CUDA 12.8 compatibility include applied,1536,12288,1536,float32,0.125,25,100,32,731.7439913749695,,0,Tesla T4,7.5,2.11.0+cu128,12.8,2026-08-23T19:16:48.315852+00:00
f9420de03a430e9cf768210184ec22fc6b7ddc2a,block_shared_tree,one-block-per-row shared-tree custom CUDA; header-only CUDA 12.8 compatibility include applied,1536,12288,1536,float32,0.125,25,100,33,730.8160066604614,,0,Tesla T4,7.5,2.11.0+cu128,12.8,2026-08-23T19:16:48.315852+00:00
f9420de03a430e9cf768210184ec22fc6b7ddc2a,block_shared_tree,one-block-per-row shared-tree custom CUDA; header-only CUDA 12.8 compatibility include applied,1536,12288,1536,float32,0.125,25,100,34,747.5519776344299,,0,Tesla T4,7.5,2.11.0+cu128,12.8,2026-08-23T19:16:48.315852+00:00
f9420de03a430e9cf768210184ec22fc6b7ddc2a,block_shared_tree,one-block-per-row shared-tree custom CUDA; header-only CUDA 12.8 compatibility include applied,1536,12288,1536,float32,0.125,25,100,35,733.5039973258972,,0,Tesla T4,7.5,2.11.0+cu128,12.8,2026-08-23T19:16:48.315852+00:00
f9420de03a430e9cf768210184ec22fc6b7ddc2a,block_shared_tree,one-block-per-row shared-tree custom CUDA; header-only CUDA 12.8 compatibility include applied,1536,12288,1536,float32,0.125,25,100,36,731.872022151947,,0,Tesla T4,7.5,2.11.0+cu128,12.8,2026-08-23T19:16:48.315852+00:00
f9420de03a430e9cf768210184ec22fc6b7ddc2a,block_shared_tree,one-block-per-row shared-tree custom CUDA; header-only CUDA 12.8 compatibility include applied,1536,12288,1536,float32,0.125,25,100,37,739.3280267715454,,0,Tesla T4,7.5,2.11.0+cu128,12.8,2026-08-23T19:16:48.315852+00:00
f9420de03a430e9cf768210184ec22fc6b7ddc2a,block_shared_tree,one-block-per-row shared-tree custom CUDA; header-only CUDA 12.8 compatibility include applied,1536,12288,1536,float32,0.125,25,100,38,731.1679720878601,,0,Tesla T4,7.5,2.11.0+cu128,12.8,2026-08-23T19:16:48.315852+00:00
f9420de03a430e9cf768210184ec22fc6b7ddc2a,block_shared_tree,one-block-per-row shared-tree custom CUDA; header-only CUDA 12.8 compatibility include applied,1536,12288,1536,float32,0.125,25,100,39,731.1360239982605,,0,Tesla T4,7.5,2.11.0+cu128,12.8,2026-08-23T19:16:48.315852+00:00
f9420de03a430e9cf768210184ec22fc6b7ddc2a,block_shared_tree,one-block-per-row shared-tree custom CUDA; header-only CUDA 12.8 compatibility include applied,1536,12288,1536,float32,0.125,25,100,40,730.9439778327942,,0,Tesla T4,7.5,2.11.0+cu128,12.8,2026-08-23T19:16:48.315852+00:00
f9420de03a430e9cf768210184ec22fc6b7ddc2a,block_shared_tree,one-block-per-row shared-tree custom CUDA; header-only CUDA 12.8 compatibility include applied,1536,12288,1536,float32,0.125,25,100,41,732.0320010185242,,0,Tesla T4,7.5,2.11.0+cu128,12.8,2026-08-23T19:16:48.315852+00:00
f9420de03a430e9cf768210184ec22fc6b7ddc2a,block_shared_tree,one-block-per-row shared-tree custom CUDA; header-only CUDA 12.8 compatibility include applied,1536,12288,1536,float32,0.125,25,100,42,733.1200242042542,,0,Tesla T4,7.5,2.11.0+cu128,12.8,2026-08-23T19:16:48.315852+00:00
f9420de03a430e9cf768210184ec22fc6b7ddc2a,block_shared_tree,one-block-per-row shared-tree custom CUDA; header-only CUDA 12.8 compatibility include applied,1536,12288,1536,float32,0.125,25,100,43,731.2319874763489,,0,Tesla T4,7.5,2.11.0+cu128,12.8,2026-08-23T19:16:48.315852+00:00
f9420de03a430e9cf768210184ec22fc6b7ddc2a,block_shared_tree,one-block-per-row shared-tree custom CUDA; header-only CUDA 12.8 compatibility include applied,1536,12288,1536,float32,0.125,25,100,44,751.1039972305298,,0,Tesla T4,7.5,2.11.0+cu128,12.8,2026-08-23T19:16:48.315852+00:00
f9420de03a430e9cf768210184ec22fc6b7ddc2a,block_shared_tree,one-block-per-row shared-tree custom CUDA; header-only CUDA 12.8 compatibility include applied,1536,12288,1536,float32,0.125,25,100,45,767.1040296554565,,0,Tesla T4,7.5,2.11.0+cu128,12.8,2026-08-23T19:16:48.315852+00:00
f9420de03a430e9cf768210184ec22fc6b7ddc2a,block_shared_tree,one-block-per-row shared-tree custom CUDA; header-only CUDA 12.8 compatibility include applied,1536,12288,1536,float32,0.125,25,100,46,759.3280076980591,,0,Tesla T4,7.5,2.11.0+cu128,12.8,2026-08-23T19:16:48.315852+00:00
f9420de03a430e9cf768210184ec22fc6b7ddc2a,block_shared_tree,one-block-per-row shared-tree custom CUDA; header-only CUDA 12.8 compatibility include applied,1536,12288,1536,float32,0.125,25,100,47,759.2319846153259,,0,Tesla T4,7.5,2.11.0+cu128,12.8,2026-08-23T19:16:48.315852+00:00
f9420de03a430e9cf768210184ec22fc6b7ddc2a,block_shared_tree,one-block-per-row shared-tree custom CUDA; header-only CUDA 12.8 compatibility include applied,1536,12288,1536,float32,0.125,25,100,48,767.8400278091431,,0,Tesla T4,7.5,2.11.0+cu128,12.8,2026-08-23T19:16:48.315852+00:00
f9420de03a430e9cf768210184ec22fc6b7ddc2a,block_shared_tree,one-block-per-row shared-tree custom CUDA; header-only CUDA 12.8 compatibility include applied,1536,12288,1536,float32,0.125,25,100,49,751.1680126190186,,0,Tesla T4,7.5,2.11.0+cu128,12.8,2026-08-23T19:16:48.315852+00:00
f9420de03a430e9cf768210184ec22fc6b7ddc2a,block_shared_tree,one-block-per-row shared-tree custom CUDA; header-only CUDA 12.8 compatibility include applied,1536,12288,1536,float32,0.125,25,100,50,734.1439723968506,,0,Tesla T4,7.5,2.11.0+cu128,12.8,2026-08-23T19:16:48.315852+00:00
f9420de03a430e9cf768210184ec22fc6b7ddc2a,block_shared_tree,one-block-per-row shared-tree custom CUDA; header-only CUDA 12.8 compatibility include applied,1536,12288,1536,float32,0.125,25,100,51,742.2720193862915,,0,Tesla T4,7.5,2.11.0+cu128,12.8,2026-08-23T19:16:48.315852+00:00
f9420de03a430e9cf768210184ec22fc6b7ddc2a,block_shared_tree,one-block-per-row shared-tree custom CUDA; header-only CUDA 12.8 compatibility include applied,1536,12288,1536,float32,0.125,25,100,52,740.3839826583862,,0,Tesla T4,7.5,2.11.0+cu128,12.8,2026-08-23T19:16:48.315852+00:00
f9420de03a430e9cf768210184ec22fc6b7ddc2a,block_shared_tree,one-block-per-row shared-tree custom CUDA; header-only CUDA 12.8 compatibility include applied,1536,12288,1536,float32,0.125,25,100,53,740.3200268745422,,0,Tesla T4,7.5,2.11.0+cu128,12.8,2026-08-23T19:16:48.315852+00:00
f9420de03a430e9cf768210184ec22fc6b7ddc2a,block_shared_tree,one-block-per-row shared-tree custom CUDA; header-only CUDA 12.8 compatibility include applied,1536,12288,1536,float32,0.125,25,100,54,731.2960028648376,,0,Tesla T4,7.5,2.11.0+cu128,12.8,2026-08-23T19:16:48.315852+00:00
f9420de03a430e9cf768210184ec22fc6b7ddc2a,block_shared_tree,one-block-per-row shared-tree custom CUDA; header-only CUDA 12.8 compatibility include applied,1536,12288,1536,float32,0.125,25,100,55,746.944010257721,,0,Tesla T4,7.5,2.11.0+cu128,12.8,2026-08-23T19:16:48.315852+00:00
f9420de03a430e9cf768210184ec22fc6b7ddc2a,block_shared_tree,one-block-per-row shared-tree custom CUDA; header-only CUDA 12.8 compatibility include applied,1536,12288,1536,float32,0.125,25,100,56,741.4079904556274,,0,Tesla T4,7.5,2.11.0+cu128,12.8,2026-08-23T19:16:48.315852+00:00
f9420de03a430e9cf768210184ec22fc6b7ddc2a,block_shared_tree,one-block-per-row shared-tree custom CUDA; header-only CUDA 12.8 compatibility include applied,1536,12288,1536,float32,0.125,25,100,57,739.3280267715454,,0,Tesla T4,7.5,2.11.0+cu128,12.8,2026-08-23T19:16:48.315852+00:00
f9420de03a430e9cf768210184ec22fc6b7ddc2a,block_shared_tree,one-block-per-row shared-tree custom CUDA; header-only CUDA 12.8 compatibility include applied,1536,12288,1536,float32,0.125,25,100,58,755.7119727134705,,0,Tesla T4,7.5,2.11.0+cu128,12.8,2026-08-23T19:16:48.315852+00:00
f9420de03a430e9cf768210184ec22fc6b7ddc2a,block_shared_tree,one-block-per-row shared-tree custom CUDA; header-only CUDA 12.8 compatibility include applied,1536,12288,1536,float32,0.125,25,100,59,733.4079742431641,,0,Tesla T4,7.5,2.11.0+cu128,12.8,2026-08-23T19:16:48.315852+00:00
f9420de03a430e9cf768210184ec22fc6b7ddc2a,block_shared_tree,one-block-per-row shared-tree custom CUDA; header-only CUDA 12.8 compatibility include applied,1536,12288,1536,float32,0.125,25,100,60,742.2720193862915,,0,Tesla T4,7.5,2.11.0+cu128,12.8,2026-08-23T19:16:48.315852+00:00
f9420de03a430e9cf768210184ec22fc6b7ddc2a,block_shared_tree,one-block-per-row shared-tree custom CUDA; header-only CUDA 12.8 compatibility include applied,1536,12288,1536,float32,0.125,25,100,61,743.4239983558655,,0,Tesla T4,7.5,2.11.0+cu128,12.8,2026-08-23T19:16:48.315852+00:00
f9420de03a430e9cf768210184ec22fc6b7ddc2a,block_shared_tree,one-block-per-row shared-tree custom CUDA; header-only CUDA 12.8 compatibility include applied,1536,12288,1536,float32,0.125,25,100,62,741.0240173339844,,0,Tesla T4,7.5,2.11.0+cu128,12.8,2026-08-23T19:16:48.315852+00:00
f9420de03a430e9cf768210184ec22fc6b7ddc2a,block_shared_tree,one-block-per-row shared-tree custom CUDA; header-only CUDA 12.8 compatibility include applied,1536,12288,1536,float32,0.125,25,100,63,745.1199889183044,,0,Tesla T4,7.5,2.11.0+cu128,12.8,2026-08-23T19:16:48.315852+00:00
f9420de03a430e9cf768210184ec22fc6b7ddc2a,block_shared_tree,one-block-per-row shared-tree custom CUDA; header-only CUDA 12.8 compatibility include applied,1536,12288,1536,float32,0.125,25,100,64,735.9039783477783,,0,Tesla T4,7.5,2.11.0+cu128,12.8,2026-08-23T19:16:48.315852+00:00
f9420de03a430e9cf768210184ec22fc6b7ddc2a,block_shared_tree,one-block-per-row shared-tree custom CUDA; header-only CUDA 12.8 compatibility include applied,1536,12288,1536,float32,0.125,25,100,65,733.6959838867188,,0,Tesla T4,7.5,2.11.0+cu128,12.8,2026-08-23T19:16:48.315852+00:00
f9420de03a430e9cf768210184ec22fc6b7ddc2a,block_shared_tree,one-block-per-row shared-tree custom CUDA; header-only CUDA 12.8 compatibility include applied,1536,12288,1536,float32,0.125,25,100,66,731.5840125083923,,0,Tesla T4,7.5,2.11.0+cu128,12.8,2026-08-23T19:16:48.315852+00:00
f9420de03a430e9cf768210184ec22fc6b7ddc2a,block_shared_tree,one-block-per-row shared-tree custom CUDA; header-only CUDA 12.8 compatibility include applied,1536,12288,1536,float32,0.125,25,100,67,732.0320010185242,,0,Tesla T4,7.5,2.11.0+cu128,12.8,2026-08-23T19:16:48.315852+00:00
f9420de03a430e9cf768210184ec22fc6b7ddc2a,block_shared_tree,one-block-per-row shared-tree custom CUDA; header-only CUDA 12.8 compatibility include applied,1536,12288,1536,float32,0.125,25,100,68,731.6160202026367,,0,Tesla T4,7.5,2.11.0+cu128,12.8,2026-08-23T19:16:48.315852+00:00
f9420de03a430e9cf768210184ec22fc6b7ddc2a,block_shared_tree,one-block-per-row shared-tree custom CUDA; header-only CUDA 12.8 compatibility include applied,1536,12288,1536,float32,0.125,25,100,69,731.4879894256592,,0,Tesla T4,7.5,2.11.0+cu128,12.8,2026-08-23T19:16:48.315852+00:00
f9420de03a430e9cf768210184ec22fc6b7ddc2a,block_shared_tree,one-block-per-row shared-tree custom CUDA; header-only CUDA 12.8 compatibility include applied,1536,12288,1536,float32,0.125,25,100,70,733.1839799880981,,0,Tesla T4,7.5,2.11.0+cu128,12.8,2026-08-23T19:16:48.315852+00:00
f9420de03a430e9cf768210184ec22fc6b7ddc2a,block_shared_tree,one-block-per-row shared-tree custom CUDA; header-only CUDA 12.8 compatibility include applied,1536,12288,1536,float32,0.125,25,100,71,732.6400279998779,,0,Tesla T4,7.5,2.11.0+cu128,12.8,2026-08-23T19:16:48.315852+00:00
f9420de03a430e9cf768210184ec22fc6b7ddc2a,block_shared_tree,one-block-per-row shared-tree custom CUDA; header-only CUDA 12.8 compatibility include applied,1536,12288,1536,float32,0.125,25,100,72,730.8800220489502,,0,Tesla T4,7.5,2.11.0+cu128,12.8,2026-08-23T19:16:48.315852+00:00
f9420de03a430e9cf768210184ec22fc6b7ddc2a,block_shared_tree,one-block-per-row shared-tree custom CUDA; header-only CUDA 12.8 compatibility include applied,1536,12288,1536,float32,0.125,25,100,73,731.1040163040161,,0,Tesla T4,7.5,2.11.0+cu128,12.8,2026-08-23T19:16:48.315852+00:00
f9420de03a430e9cf768210184ec22fc6b7ddc2a,block_shared_tree,one-block-per-row shared-tree custom CUDA; header-only CUDA 12.8 compatibility include applied,1536,12288,1536,float32,0.125,25,100,74,731.1360239982605,,0,Tesla T4,7.5,2.11.0+cu128,12.8,2026-08-23T19:16:48.315852+00:00
f9420de03a430e9cf768210184ec22fc6b7ddc2a,block_shared_tree,one-block-per-row shared-tree custom CUDA; header-only CUDA 12.8 compatibility include applied,1536,12288,1536,float32,0.125,25,100,75,743.4560060501099,,0,Tesla T4,7.5,2.11.0+cu128,12.8,2026-08-23T19:16:48.315852+00:00
f9420de03a430e9cf768210184ec22fc6b7ddc2a,block_shared_tree,one-block-per-row shared-tree custom CUDA; header-only CUDA 12.8 compatibility include applied,1536,12288,1536,float32,0.125,25,100,76,734.3040108680725,,0,Tesla T4,7.5,2.11.0+cu128,12.8,2026-08-23T19:16:48.315852+00:00
f9420de03a430e9cf768210184ec22fc6b7ddc2a,block_shared_tree,one-block-per-row shared-tree custom CUDA; header-only CUDA 12.8 compatibility include applied,1536,12288,1536,float32,0.125,25,100,77,733.1839799880981,,0,Tesla T4,7.5,2.11.0+cu128,12.8,2026-08-23T19:16:48.315852+00:00
f9420de03a430e9cf768210184ec22fc6b7ddc2a,block_shared_tree,one-block-per-row shared-tree custom CUDA; header-only CUDA 12.8 compatibility include applied,1536,12288,1536,float32,0.125,25,100,78,729.6640276908875,,0,Tesla T4,7.5,2.11.0+cu128,12.8,2026-08-23T19:16:48.315852+00:00
f9420de03a430e9cf768210184ec22fc6b7ddc2a,block_shared_tree,one-block-per-row shared-tree custom CUDA; header-only CUDA 12.8 compatibility include applied,1536,12288,1536,float32,0.125,25,100,79,741.375982761383,,0,Tesla T4,7.5,2.11.0+cu128,12.8,2026-08-23T19:16:48.315852+00:00
f9420de03a430e9cf768210184ec22fc6b7ddc2a,block_shared_tree,one-block-per-row shared-tree custom CUDA; header-only CUDA 12.8 compatibility include applied,1536,12288,1536,float32,0.125,25,100,80,733.0880165100098,,0,Tesla T4,7.5,2.11.0+cu128,12.8,2026-08-23T19:16:48.315852+00:00
f9420de03a430e9cf768210184ec22fc6b7ddc2a,block_shared_tree,one-block-per-row shared-tree custom CUDA; header-only CUDA 12.8 compatibility include applied,1536,12288,1536,float32,0.125,25,100,81,737.2480034828186,,0,Tesla T4,7.5,2.11.0+cu128,12.8,2026-08-23T19:16:48.315852+00:00
f9420de03a430e9cf768210184ec22fc6b7ddc2a,block_shared_tree,one-block-per-row shared-tree custom CUDA; header-only CUDA 12.8 compatibility include applied,1536,12288,1536,float32,0.125,25,100,82,730.0480008125305,,0,Tesla T4,7.5,2.11.0+cu128,12.8,2026-08-23T19:16:48.315852+00:00
f9420de03a430e9cf768210184ec22fc6b7ddc2a,block_shared_tree,one-block-per-row shared-tree custom CUDA; header-only CUDA 12.8 compatibility include applied,1536,12288,1536,float32,0.125,25,100,83,733.3120107650757,,0,Tesla T4,7.5,2.11.0+cu128,12.8,2026-08-23T19:16:48.315852+00:00
f9420de03a430e9cf768210184ec22fc6b7ddc2a,block_shared_tree,one-block-per-row shared-tree custom CUDA; header-only CUDA 12.8 compatibility include applied,1536,12288,1536,float32,0.125,25,100,84,732.4479818344116,,0,Tesla T4,7.5,2.11.0+cu128,12.8,2026-08-23T19:16:48.315852+00:00
f9420de03a430e9cf768210184ec22fc6b7ddc2a,block_shared_tree,one-block-per-row shared-tree custom CUDA; header-only CUDA 12.8 compatibility include applied,1536,12288,1536,float32,0.125,25,100,85,729.1839718818665,,0,Tesla T4,7.5,2.11.0+cu128,12.8,2026-08-23T19:16:48.315852+00:00
f9420de03a430e9cf768210184ec22fc6b7ddc2a,block_shared_tree,one-block-per-row shared-tree custom CUDA; header-only CUDA 12.8 compatibility include applied,1536,12288,1536,float32,0.125,25,100,86,732.8640222549438,,0,Tesla T4,7.5,2.11.0+cu128,12.8,2026-08-23T19:16:48.315852+00:00
f9420de03a430e9cf768210184ec22fc6b7ddc2a,block_shared_tree,one-block-per-row shared-tree custom CUDA; header-only CUDA 12.8 compatibility include applied,1536,12288,1536,float32,0.125,25,100,87,730.6560277938843,,0,Tesla T4,7.5,2.11.0+cu128,12.8,2026-08-23T19:16:48.315852+00:00
f9420de03a430e9cf768210184ec22fc6b7ddc2a,block_shared_tree,one-block-per-row shared-tree custom CUDA; header-only CUDA 12.8 compatibility include applied,1536,12288,1536,float32,0.125,25,100,88,732.8000068664551,,0,Tesla T4,7.5,2.11.0+cu128,12.8,2026-08-23T19:16:48.315852+00:00
f9420de03a430e9cf768210184ec22fc6b7ddc2a,block_shared_tree,one-block-per-row shared-tree custom CUDA; header-only CUDA 12.8 compatibility include applied,1536,12288,1536,float32,0.125,25,100,89,731.3600182533264,,0,Tesla T4,7.5,2.11.0+cu128,12.8,2026-08-23T19:16:48.315852+00:00
f9420de03a430e9cf768210184ec22fc6b7ddc2a,block_shared_tree,one-block-per-row shared-tree custom CUDA; header-only CUDA 12.8 compatibility include applied,1536,12288,1536,float32,0.125,25,100,90,732.0960164070129,,0,Tesla T4,7.5,2.11.0+cu128,12.8,2026-08-23T19:16:48.315852+00:00
f9420de03a430e9cf768210184ec22fc6b7ddc2a,block_shared_tree,one-block-per-row shared-tree custom CUDA; header-only CUDA 12.8 compatibility include applied,1536,12288,1536,float32,0.125,25,100,91,729.1200160980225,,0,Tesla T4,7.5,2.11.0+cu128,12.8,2026-08-23T19:16:48.315852+00:00
f9420de03a430e9cf768210184ec22fc6b7ddc2a,block_shared_tree,one-block-per-row shared-tree custom CUDA; header-only CUDA 12.8 compatibility include applied,1536,12288,1536,float32,0.125,25,100,92,731.0400009155273,,0,Tesla T4,7.5,2.11.0+cu128,12.8,2026-08-23T19:16:48.315852+00:00
f9420de03a430e9cf768210184ec22fc6b7ddc2a,block_shared_tree,one-block-per-row shared-tree custom CUDA; header-only CUDA 12.8 compatibility include applied,1536,12288,1536,float32,0.125,25,100,93,737.280011177063,,0,Tesla T4,7.5,2.11.0+cu128,12.8,2026-08-23T19:16:48.315852+00:00
f9420de03a430e9cf768210184ec22fc6b7ddc2a,block_shared_tree,one-block-per-row shared-tree custom CUDA; header-only CUDA 12.8 compatibility include applied,1536,12288,1536,float32,0.125,25,100,94,733.1839799880981,,0,Tesla T4,7.5,2.11.0+cu128,12.8,2026-08-23T19:16:48.315852+00:00
f9420de03a430e9cf768210184ec22fc6b7ddc2a,block_shared_tree,one-block-per-row shared-tree custom CUDA; header-only CUDA 12.8 compatibility include applied,1536,12288,1536,float32,0.125,25,100,95,733.1839799880981,,0,Tesla T4,7.5,2.11.0+cu128,12.8,2026-08-23T19:16:48.315852+00:00
f9420de03a430e9cf768210184ec22fc6b7ddc2a,block_shared_tree,one-block-per-row shared-tree custom CUDA; header-only CUDA 12.8 compatibility include applied,1536,12288,1536,float32,0.125,25,100,96,732.7359914779663,,0,Tesla T4,7.5,2.11.0+cu128,12.8,2026-08-23T19:16:48.315852+00:00
f9420de03a430e9cf768210184ec22fc6b7ddc2a,block_shared_tree,one-block-per-row shared-tree custom CUDA; header-only CUDA 12.8 compatibility include applied,1536,12288,1536,float32,0.125,25,100,97,734.3999743461609,,0,Tesla T4,7.5,2.11.0+cu128,12.8,2026-08-23T19:16:48.315852+00:00
f9420de03a430e9cf768210184ec22fc6b7ddc2a,block_shared_tree,one-block-per-row shared-tree custom CUDA; header-only CUDA 12.8 compatibility include applied,1536,12288,1536,float32,0.125,25,100,98,731.2639951705933,,0,Tesla T4,7.5,2.11.0+cu128,12.8,2026-08-23T19:16:48.315852+00:00
f9420de03a430e9cf768210184ec22fc6b7ddc2a,block_shared_tree,one-block-per-row shared-tree custom CUDA; header-only CUDA 12.8 compatibility include applied,1536,12288,1536,float32,0.125,25,100,99,731.1999797821045,,0,Tesla T4,7.5,2.11.0+cu128,12.8,2026-08-23T19:16:48.315852+00:00
f9420de03a430e9cf768210184ec22fc6b7ddc2a,block_shared_tree,one-block-per-row shared-tree custom CUDA; header-only CUDA 12.8 compatibility include applied,2048,16384,2048,float32,0.125,25,100,0,1268.671989440918,,0,Tesla T4,7.5,2.11.0+cu128,12.8,2026-08-23T19:16:50.899925+00:00
f9420de03a430e9cf768210184ec22fc6b7ddc2a,block_shared_tree,one-block-per-row shared-tree custom CUDA; header-only CUDA 12.8 compatibility include applied,2048,16384,2048,float32,0.125,25,100,1,1258.72004032135,,0,Tesla T4,7.5,2.11.0+cu128,12.8,2026-08-23T19:16:50.899925+00:00
f9420de03a430e9cf768210184ec22fc6b7ddc2a,block_shared_tree,one-block-per-row shared-tree custom CUDA; header-only CUDA 12.8 compatibility include applied,2048,16384,2048,float32,0.125,25,100,2,1247.167944908142,,0,Tesla T4,7.5,2.11.0+cu128,12.8,2026-08-23T19:16:50.899925+00:00
f9420de03a430e9cf768210184ec22fc6b7ddc2a,block_shared_tree,one-block-per-row shared-tree custom CUDA; header-only CUDA 12.8 compatibility include applied,2048,16384,2048,float32,0.125,25,100,3,1245.2160120010376,,0,Tesla T4,7.5,2.11.0+cu128,12.8,2026-08-23T19:16:50.899925+00:00
f9420de03a430e9cf768210184ec22fc6b7ddc2a,block_shared_tree,one-block-per-row shared-tree custom CUDA; header-only CUDA 12.8 compatibility include applied,2048,16384,2048,float32,0.125,25,100,4,1243.4240579605103,,0,Tesla T4,7.5,2.11.0+cu128,12.8,2026-08-23T19:16:50.899925+00:00
f9420de03a430e9cf768210184ec22fc6b7ddc2a,block_shared_tree,one-block-per-row shared-tree custom CUDA; header-only CUDA 12.8 compatibility include applied,2048,16384,2048,float32,0.125,25,100,5,1289.631962776184,,0,Tesla T4,7.5,2.11.0+cu128,12.8,2026-08-23T19:16:50.899925+00:00
f9420de03a430e9cf768210184ec22fc6b7ddc2a,block_shared_tree,one-block-per-row shared-tree custom CUDA; header-only CUDA 12.8 compatibility include applied,2048,16384,2048,float32,0.125,25,100,6,1302.0479679107666,,0,Tesla T4,7.5,2.11.0+cu128,12.8,2026-08-23T19:16:50.899925+00:00
f9420de03a430e9cf768210184ec22fc6b7ddc2a,block_shared_tree,one-block-per-row shared-tree custom CUDA; header-only CUDA 12.8 compatibility include applied,2048,16384,2048,float32,0.125,25,100,7,1301.792025566101,,0,Tesla T4,7.5,2.11.0+cu128,12.8,2026-08-23T19:16:50.899925+00:00
f9420de03a430e9cf768210184ec22fc6b7ddc2a,block_shared_tree,one-block-per-row shared-tree custom CUDA; header-only CUDA 12.8 compatibility include applied,2048,16384,2048,float32,0.125,25,100,8,1303.8079738616943,,0,Tesla T4,7.5,2.11.0+cu128,12.8,2026-08-23T19:16:50.899925+00:00
f9420de03a430e9cf768210184ec22fc6b7ddc2a,block_shared_tree,one-block-per-row shared-tree custom CUDA; header-only CUDA 12.8 compatibility include applied,2048,16384,2048,float32,0.125,25,100,9,1301.9839525222778,,0,Tesla T4,7.5,2.11.0+cu128,12.8,2026-08-23T19:16:50.899925+00:00
f9420de03a430e9cf768210184ec22fc6b7ddc2a,block_shared_tree,one-block-per-row shared-tree custom CUDA; header-only CUDA 12.8 compatibility include applied,2048,16384,2048,float32,0.125,25,100,10,1304.2559623718262,,0,Tesla T4,7.5,2.11.0+cu128,12.8,2026-08-23T19:16:50.899925+00:00
f9420de03a430e9cf768210184ec22fc6b7ddc2a,block_shared_tree,one-block-per-row shared-tree custom CUDA; header-only CUDA 12.8 compatibility include applied,2048,16384,2048,float32,0.125,25,100,11,1307.9359531402588,,0,Tesla T4,7.5,2.11.0+cu128,12.8,2026-08-23T19:16:50.899925+00:00
f9420de03a430e9cf768210184ec22fc6b7ddc2a,block_shared_tree,one-block-per-row shared-tree custom CUDA; header-only CUDA 12.8 compatibility include applied,2048,16384,2048,float32,0.125,25,100,12,1307.7119588851929,,0,Tesla T4,7.5,2.11.0+cu128,12.8,2026-08-23T19:16:50.899925+00:00
f9420de03a430e9cf768210184ec22fc6b7ddc2a,block_shared_tree,one-block-per-row shared-tree custom CUDA; header-only CUDA 12.8 compatibility include applied,2048,16384,2048,float32,0.125,25,100,13,1304.319977760315,,0,Tesla T4,7.5,2.11.0+cu128,12.8,2026-08-23T19:16:50.899925+00:00
f9420de03a430e9cf768210184ec22fc6b7ddc2a,block_shared_tree,one-block-per-row shared-tree custom CUDA; header-only CUDA 12.8 compatibility include applied,2048,16384,2048,float32,0.125,25,100,14,1302.5599718093872,,0,Tesla T4,7.5,2.11.0+cu128,12.8,2026-08-23T19:16:50.899925+00:00
f9420de03a430e9cf768210184ec22fc6b7ddc2a,block_shared_tree,one-block-per-row shared-tree custom CUDA; header-only CUDA 12.8 compatibility include applied,2048,16384,2048,float32,0.125,25,100,15,1302.2079467773438,,0,Tesla T4,7.5,2.11.0+cu128,12.8,2026-08-23T19:16:50.899925+00:00
f9420de03a430e9cf768210184ec22fc6b7ddc2a,block_shared_tree,one-block-per-row shared-tree custom CUDA; header-only CUDA 12.8 compatibility include applied,2048,16384,2048,float32,0.125,25,100,16,1314.784049987793,,0,Tesla T4,7.5,2.11.0+cu128,12.8,2026-08-23T19:16:50.899925+00:00
f9420de03a430e9cf768210184ec22fc6b7ddc2a,block_shared_tree,one-block-per-row shared-tree custom CUDA; header-only CUDA 12.8 compatibility include applied,2048,16384,2048,float32,0.125,25,100,17,1315.9040212631226,,0,Tesla T4,7.5,2.11.0+cu128,12.8,2026-08-23T19:16:50.899925+00:00
f9420de03a430e9cf768210184ec22fc6b7ddc2a,block_shared_tree,one-block-per-row shared-tree custom CUDA; header-only CUDA 12.8 compatibility include applied,2048,16384,2048,float32,0.125,25,100,18,1305.3439855575562,,0,Tesla T4,7.5,2.11.0+cu128,12.8,2026-08-23T19:16:50.899925+00:00
f9420de03a430e9cf768210184ec22fc6b7ddc2a,block_shared_tree,one-block-per-row shared-tree custom CUDA; header-only CUDA 12.8 compatibility include applied,2048,16384,2048,float32,0.125,25,100,19,1308.4160089492798,,0,Tesla T4,7.5,2.11.0+cu128,12.8,2026-08-23T19:16:50.899925+00:00
f9420de03a430e9cf768210184ec22fc6b7ddc2a,block_shared_tree,one-block-per-row shared-tree custom CUDA; header-only CUDA 12.8 compatibility include applied,2048,16384,2048,float32,0.125,25,100,20,1303.4240007400513,,0,Tesla T4,7.5,2.11.0+cu128,12.8,2026-08-23T19:16:50.899925+00:00
f9420de03a430e9cf768210184ec22fc6b7ddc2a,block_shared_tree,one-block-per-row shared-tree custom CUDA; header-only CUDA 12.8 compatibility include applied,2048,16384,2048,float32,0.125,25,100,21,1304.8640489578247,,0,Tesla T4,7.5,2.11.0+cu128,12.8,2026-08-23T19:16:50.899925+00:00
f9420de03a430e9cf768210184ec22fc6b7ddc2a,block_shared_tree,one-block-per-row shared-tree custom CUDA; header-only CUDA 12.8 compatibility include applied,2048,16384,2048,float32,0.125,25,100,22,1301.2479543685913,,0,Tesla T4,7.5,2.11.0+cu128,12.8,2026-08-23T19:16:50.899925+00:00
f9420de03a430e9cf768210184ec22fc6b7ddc2a,block_shared_tree,one-block-per-row shared-tree custom CUDA; header-only CUDA 12.8 compatibility include applied,2048,16384,2048,float32,0.125,25,100,23,1302.847981452942,,0,Tesla T4,7.5,2.11.0+cu128,12.8,2026-08-23T19:16:50.899925+00:00
f9420de03a430e9cf768210184ec22fc6b7ddc2a,block_shared_tree,one-block-per-row shared-tree custom CUDA; header-only CUDA 12.8 compatibility include applied,2048,16384,2048,float32,0.125,25,100,24,1304.095983505249,,0,Tesla T4,7.5,2.11.0+cu128,12.8,2026-08-23T19:16:50.899925+00:00
f9420de03a430e9cf768210184ec22fc6b7ddc2a,block_shared_tree,one-block-per-row shared-tree custom CUDA; header-only CUDA 12.8 compatibility include applied,2048,16384,2048,float32,0.125,25,100,25,1306.656002998352,,0,Tesla T4,7.5,2.11.0+cu128,12.8,2026-08-23T19:16:50.899925+00:00
f9420de03a430e9cf768210184ec22fc6b7ddc2a,block_shared_tree,one-block-per-row shared-tree custom CUDA; header-only CUDA 12.8 compatibility include applied,2048,16384,2048,float32,0.125,25,100,26,1314.8159980773926,,0,Tesla T4,7.5,2.11.0+cu128,12.8,2026-08-23T19:16:50.899925+00:00
f9420de03a430e9cf768210184ec22fc6b7ddc2a,block_shared_tree,one-block-per-row shared-tree custom CUDA; header-only CUDA 12.8 compatibility include applied,2048,16384,2048,float32,0.125,25,100,27,1302.6880025863647,,0,Tesla T4,7.5,2.11.0+cu128,12.8,2026-08-23T19:16:50.899925+00:00
f9420de03a430e9cf768210184ec22fc6b7ddc2a,block_shared_tree,one-block-per-row shared-tree custom CUDA; header-only CUDA 12.8 compatibility include applied,2048,16384,2048,float32,0.125,25,100,28,1304.57603931427,,0,Tesla T4,7.5,2.11.0+cu128,12.8,2026-08-23T19:16:50.899925+00:00
f9420de03a430e9cf768210184ec22fc6b7ddc2a,block_shared_tree,one-block-per-row shared-tree custom CUDA; header-only CUDA 12.8 compatibility include applied,2048,16384,2048,float32,0.125,25,100,29,1312.7679824829102,,0,Tesla T4,7.5,2.11.0+cu128,12.8,2026-08-23T19:16:50.899925+00:00
f9420de03a430e9cf768210184ec22fc6b7ddc2a,block_shared_tree,one-block-per-row shared-tree custom CUDA; header-only CUDA 12.8 compatibility include applied,2048,16384,2048,float32,0.125,25,100,30,1300.544023513794,,0,Tesla T4,7.5,2.11.0+cu128,12.8,2026-08-23T19:16:50.899925+00:00
f9420de03a430e9cf768210184ec22fc6b7ddc2a,block_shared_tree,one-block-per-row shared-tree custom CUDA; header-only CUDA 12.8 compatibility include applied,2048,16384,2048,float32,0.125,25,100,31,1302.5280237197876,,0,Tesla T4,7.5,2.11.0+cu128,12.8,2026-08-23T19:16:50.899925+00:00
f9420de03a430e9cf768210184ec22fc6b7ddc2a,block_shared_tree,one-block-per-row shared-tree custom CUDA; header-only CUDA 12.8 compatibility include applied,2048,16384,2048,float32,0.125,25,100,32,1312.127947807312,,0,Tesla T4,7.5,2.11.0+cu128,12.8,2026-08-23T19:16:50.899925+00:00
f9420de03a430e9cf768210184ec22fc6b7ddc2a,block_shared_tree,one-block-per-row shared-tree custom CUDA; header-only CUDA 12.8 compatibility include applied,2048,16384,2048,float32,0.125,25,100,33,1301.0239601135254,,0,Tesla T4,7.5,2.11.0+cu128,12.8,2026-08-23T19:16:50.899925+00:00
f9420de03a430e9cf768210184ec22fc6b7ddc2a,block_shared_tree,one-block-per-row shared-tree custom CUDA; header-only CUDA 12.8 compatibility include applied,2048,16384,2048,float32,0.125,25,100,34,1304.1919469833374,,0,Tesla T4,7.5,2.11.0+cu128,12.8,2026-08-23T19:16:50.899925+00:00
f9420de03a430e9cf768210184ec22fc6b7ddc2a,block_shared_tree,one-block-per-row shared-tree custom CUDA; header-only CUDA 12.8 compatibility include applied,2048,16384,2048,float32,0.125,25,100,35,1301.2160062789917,,0,Tesla T4,7.5,2.11.0+cu128,12.8,2026-08-23T19:16:50.899925+00:00
f9420de03a430e9cf768210184ec22fc6b7ddc2a,block_shared_tree,one-block-per-row shared-tree custom CUDA; header-only CUDA 12.8 compatibility include applied,2048,16384,2048,float32,0.125,25,100,36,1301.408052444458,,0,Tesla T4,7.5,2.11.0+cu128,12.8,2026-08-23T19:16:50.899925+00:00
f9420de03a430e9cf768210184ec22fc6b7ddc2a,block_shared_tree,one-block-per-row shared-tree custom CUDA; header-only CUDA 12.8 compatibility include applied,2048,16384,2048,float32,0.125,25,100,37,1304.0000200271606,,0,Tesla T4,7.5,2.11.0+cu128,12.8,2026-08-23T19:16:50.899925+00:00
f9420de03a430e9cf768210184ec22fc6b7ddc2a,block_shared_tree,one-block-per-row shared-tree custom CUDA; header-only CUDA 12.8 compatibility include applied,2048,16384,2048,float32,0.125,25,100,38,1302.1759986877441,,0,Tesla T4,7.5,2.11.0+cu128,12.8,2026-08-23T19:16:50.899925+00:00
f9420de03a430e9cf768210184ec22fc6b7ddc2a,block_shared_tree,one-block-per-row shared-tree custom CUDA; header-only CUDA 12.8 compatibility include applied,2048,16384,2048,float32,0.125,25,100,39,1337.280035018921,,0,Tesla T4,7.5,2.11.0+cu128,12.8,2026-08-23T19:16:50.899925+00:00
f9420de03a430e9cf768210184ec22fc6b7ddc2a,block_shared_tree,one-block-per-row shared-tree custom CUDA; header-only CUDA 12.8 compatibility include applied,2048,16384,2048,float32,0.125,25,100,40,1308.6719512939453,,0,Tesla T4,7.5,2.11.0+cu128,12.8,2026-08-23T19:16:50.899925+00:00
f9420de03a430e9cf768210184ec22fc6b7ddc2a,block_shared_tree,one-block-per-row shared-tree custom CUDA; header-only CUDA 12.8 compatibility include applied,2048,16384,2048,float32,0.125,25,100,41,1306.3679933547974,,0,Tesla T4,7.5,2.11.0+cu128,12.8,2026-08-23T19:16:50.899925+00:00
f9420de03a430e9cf768210184ec22fc6b7ddc2a,block_shared_tree,one-block-per-row shared-tree custom CUDA; header-only CUDA 12.8 compatibility include applied,2048,16384,2048,float32,0.125,25,100,42,1314.8159980773926,,0,Tesla T4,7.5,2.11.0+cu128,12.8,2026-08-23T19:16:50.899925+00:00
f9420de03a430e9cf768210184ec22fc6b7ddc2a,block_shared_tree,one-block-per-row shared-tree custom CUDA; header-only CUDA 12.8 compatibility include applied,2048,16384,2048,float32,0.125,25,100,43,1304.319977760315,,0,Tesla T4,7.5,2.11.0+cu128,12.8,2026-08-23T19:16:50.899925+00:00
f9420de03a430e9cf768210184ec22fc6b7ddc2a,block_shared_tree,one-block-per-row shared-tree custom CUDA; header-only CUDA 12.8 compatibility include applied,2048,16384,2048,float32,0.125,25,100,44,1300.7359504699707,,0,Tesla T4,7.5,2.11.0+cu128,12.8,2026-08-23T19:16:50.899925+00:00
f9420de03a430e9cf768210184ec22fc6b7ddc2a,block_shared_tree,one-block-per-row shared-tree custom CUDA; header-only CUDA 12.8 compatibility include applied,2048,16384,2048,float32,0.125,25,100,45,1304.095983505249,,0,Tesla T4,7.5,2.11.0+cu128,12.8,2026-08-23T19:16:50.899925+00:00
f9420de03a430e9cf768210184ec22fc6b7ddc2a,block_shared_tree,one-block-per-row shared-tree custom CUDA; header-only CUDA 12.8 compatibility include applied,2048,16384,2048,float32,0.125,25,100,46,1315.775990486145,,0,Tesla T4,7.5,2.11.0+cu128,12.8,2026-08-23T19:16:50.899925+00:00
f9420de03a430e9cf768210184ec22fc6b7ddc2a,block_shared_tree,one-block-per-row shared-tree custom CUDA; header-only CUDA 12.8 compatibility include applied,2048,16384,2048,float32,0.125,25,100,47,1300.7999658584595,,0,Tesla T4,7.5,2.11.0+cu128,12.8,2026-08-23T19:16:50.899925+00:00
f9420de03a430e9cf768210184ec22fc6b7ddc2a,block_shared_tree,one-block-per-row shared-tree custom CUDA; header-only CUDA 12.8 compatibility include applied,2048,16384,2048,float32,0.125,25,100,48,1304.1919469833374,,0,Tesla T4,7.5,2.11.0+cu128,12.8,2026-08-23T19:16:50.899925+00:00
f9420de03a430e9cf768210184ec22fc6b7ddc2a,block_shared_tree,one-block-per-row shared-tree custom CUDA; header-only CUDA 12.8 compatibility include applied,2048,16384,2048,float32,0.125,25,100,49,1306.6240549087524,,0,Tesla T4,7.5,2.11.0+cu128,12.8,2026-08-23T19:16:50.899925+00:00
f9420de03a430e9cf768210184ec22fc6b7ddc2a,block_shared_tree,one-block-per-row shared-tree custom CUDA; header-only CUDA 12.8 compatibility include applied,2048,16384,2048,float32,0.125,25,100,50,1302.5599718093872,,0,Tesla T4,7.5,2.11.0+cu128,12.8,2026-08-23T19:16:50.899925+00:00
f9420de03a430e9cf768210184ec22fc6b7ddc2a,block_shared_tree,one-block-per-row shared-tree custom CUDA; header-only CUDA 12.8 compatibility include applied,2048,16384,2048,float32,0.125,25,100,51,1317.8880214691162,,0,Tesla T4,7.5,2.11.0+cu128,12.8,2026-08-23T19:16:50.899925+00:00
f9420de03a430e9cf768210184ec22fc6b7ddc2a,block_shared_tree,one-block-per-row shared-tree custom CUDA; header-only CUDA 12.8 compatibility include applied,2048,16384,2048,float32,0.125,25,100,52,1304.0319681167603,,0,Tesla T4,7.5,2.11.0+cu128,12.8,2026-08-23T19:16:50.899925+00:00
f9420de03a430e9cf768210184ec22fc6b7ddc2a,block_shared_tree,one-block-per-row shared-tree custom CUDA; header-only CUDA 12.8 compatibility include applied,2048,16384,2048,float32,0.125,25,100,53,1303.7760257720947,,0,Tesla T4,7.5,2.11.0+cu128,12.8,2026-08-23T19:16:50.899925+00:00
f9420de03a430e9cf768210184ec22fc6b7ddc2a,block_shared_tree,one-block-per-row shared-tree custom CUDA; header-only CUDA 12.8 compatibility include applied,2048,16384,2048,float32,0.125,25,100,54,1302.2719621658325,,0,Tesla T4,7.5,2.11.0+cu128,12.8,2026-08-23T19:16:50.899925+00:00
f9420de03a430e9cf768210184ec22fc6b7ddc2a,block_shared_tree,one-block-per-row shared-tree custom CUDA; header-only CUDA 12.8 compatibility include applied,2048,16384,2048,float32,0.125,25,100,55,1304.6079874038696,,0,Tesla T4,7.5,2.11.0+cu128,12.8,2026-08-23T19:16:50.899925+00:00
f9420de03a430e9cf768210184ec22fc6b7ddc2a,block_shared_tree,one-block-per-row shared-tree custom CUDA; header-only CUDA 12.8 compatibility include applied,2048,16384,2048,float32,0.125,25,100,56,1298.4319925308228,,0,Tesla T4,7.5,2.11.0+cu128,12.8,2026-08-23T19:16:50.899925+00:00
f9420de03a430e9cf768210184ec22fc6b7ddc2a,block_shared_tree,one-block-per-row shared-tree custom CUDA; header-only CUDA 12.8 compatibility include applied,2048,16384,2048,float32,0.125,25,100,57,1307.9359531402588,,0,Tesla T4,7.5,2.11.0+cu128,12.8,2026-08-23T19:16:50.899925+00:00
f9420de03a430e9cf768210184ec22fc6b7ddc2a,block_shared_tree,one-block-per-row shared-tree custom CUDA; header-only CUDA 12.8 compatibility include applied,2048,16384,2048,float32,0.125,25,100,58,1303.0719757080078,,0,Tesla T4,7.5,2.11.0+cu128,12.8,2026-08-23T19:16:50.899925+00:00
f9420de03a430e9cf768210184ec22fc6b7ddc2a,block_shared_tree,one-block-per-row shared-tree custom CUDA; header-only CUDA 12.8 compatibility include applied,2048,16384,2048,float32,0.125,25,100,59,1301.4400005340576,,0,Tesla T4,7.5,2.11.0+cu128,12.8,2026-08-23T19:16:50.899925+00:00
f9420de03a430e9cf768210184ec22fc6b7ddc2a,block_shared_tree,one-block-per-row shared-tree custom CUDA; header-only CUDA 12.8 compatibility include applied,2048,16384,2048,float32,0.125,25,100,60,1301.759958267212,,0,Tesla T4,7.5,2.11.0+cu128,12.8,2026-08-23T19:16:50.899925+00:00
f9420de03a430e9cf768210184ec22fc6b7ddc2a,block_shared_tree,one-block-per-row shared-tree custom CUDA; header-only CUDA 12.8 compatibility include applied,2048,16384,2048,float32,0.125,25,100,61,1302.016019821167,,0,Tesla T4,7.5,2.11.0+cu128,12.8,2026-08-23T19:16:50.899925+00:00
f9420de03a430e9cf768210184ec22fc6b7ddc2a,block_shared_tree,one-block-per-row shared-tree custom CUDA; header-only CUDA 12.8 compatibility include applied,2048,16384,2048,float32,0.125,25,100,62,1302.5280237197876,,0,Tesla T4,7.5,2.11.0+cu128,12.8,2026-08-23T19:16:50.899925+00:00
f9420de03a430e9cf768210184ec22fc6b7ddc2a,block_shared_tree,one-block-per-row shared-tree custom CUDA; header-only CUDA 12.8 compatibility include applied,2048,16384,2048,float32,0.125,25,100,63,1318.8799619674683,,0,Tesla T4,7.5,2.11.0+cu128,12.8,2026-08-23T19:16:50.899925+00:00
f9420de03a430e9cf768210184ec22fc6b7ddc2a,block_shared_tree,one-block-per-row shared-tree custom CUDA; header-only CUDA 12.8 compatibility include applied,2048,16384,2048,float32,0.125,25,100,64,1305.9840202331543,,0,Tesla T4,7.5,2.11.0+cu128,12.8,2026-08-23T19:16:50.899925+00:00
f9420de03a430e9cf768210184ec22fc6b7ddc2a,block_shared_tree,one-block-per-row shared-tree custom CUDA; header-only CUDA 12.8 compatibility include applied,2048,16384,2048,float32,0.125,25,100,65,1314.8159980773926,,0,Tesla T4,7.5,2.11.0+cu128,12.8,2026-08-23T19:16:50.899925+00:00
f9420de03a430e9cf768210184ec22fc6b7ddc2a,block_shared_tree,one-block-per-row shared-tree custom CUDA; header-only CUDA 12.8 compatibility include applied,2048,16384,2048,float32,0.125,25,100,66,1308.2879781723022,,0,Tesla T4,7.5,2.11.0+cu128,12.8,2026-08-23T19:16:50.899925+00:00
f9420de03a430e9cf768210184ec22fc6b7ddc2a,block_shared_tree,one-block-per-row shared-tree custom CUDA; header-only CUDA 12.8 compatibility include applied,2048,16384,2048,float32,0.125,25,100,67,1303.3920526504517,,0,Tesla T4,7.5,2.11.0+cu128,12.8,2026-08-23T19:16:50.899925+00:00
f9420de03a430e9cf768210184ec22fc6b7ddc2a,block_shared_tree,one-block-per-row shared-tree custom CUDA; header-only CUDA 12.8 compatibility include applied,2048,16384,2048,float32,0.125,25,100,68,1313.5679960250854,,0,Tesla T4,7.5,2.11.0+cu128,12.8,2026-08-23T19:16:50.899925+00:00
f9420de03a430e9cf768210184ec22fc6b7ddc2a,block_shared_tree,one-block-per-row shared-tree custom CUDA; header-only CUDA 12.8 compatibility include applied,2048,16384,2048,float32,0.125,25,100,69,1319.7760581970215,,0,Tesla T4,7.5,2.11.0+cu128,12.8,2026-08-23T19:16:50.899925+00:00
f9420de03a430e9cf768210184ec22fc6b7ddc2a,block_shared_tree,one-block-per-row shared-tree custom CUDA; header-only CUDA 12.8 compatibility include applied,2048,16384,2048,float32,0.125,25,100,70,1319.0079927444458,,0,Tesla T4,7.5,2.11.0+cu128,12.8,2026-08-23T19:16:50.899925+00:00
f9420de03a430e9cf768210184ec22fc6b7ddc2a,block_shared_tree,one-block-per-row shared-tree custom CUDA; header-only CUDA 12.8 compatibility include applied,2048,16384,2048,float32,0.125,25,100,71,1302.7520179748535,,0,Tesla T4,7.5,2.11.0+cu128,12.8,2026-08-23T19:16:50.899925+00:00
f9420de03a430e9cf768210184ec22fc6b7ddc2a,block_shared_tree,one-block-per-row shared-tree custom CUDA; header-only CUDA 12.8 compatibility include applied,2048,16384,2048,float32,0.125,25,100,72,1304.57603931427,,0,Tesla T4,7.5,2.11.0+cu128,12.8,2026-08-23T19:16:50.899925+00:00
f9420de03a430e9cf768210184ec22fc6b7ddc2a,block_shared_tree,one-block-per-row shared-tree custom CUDA; header-only CUDA 12.8 compatibility include applied,2048,16384,2048,float32,0.125,25,100,73,1304.6079874038696,,0,Tesla T4,7.5,2.11.0+cu128,12.8,2026-08-23T19:16:50.899925+00:00
f9420de03a430e9cf768210184ec22fc6b7ddc2a,block_shared_tree,one-block-per-row shared-tree custom CUDA; header-only CUDA 12.8 compatibility include applied,2048,16384,2048,float32,0.125,25,100,74,1307.1999549865723,,0,Tesla T4,7.5,2.11.0+cu128,12.8,2026-08-23T19:16:50.899925+00:00
f9420de03a430e9cf768210184ec22fc6b7ddc2a,block_shared_tree,one-block-per-row shared-tree custom CUDA; header-only CUDA 12.8 compatibility include applied,2048,16384,2048,float32,0.125,25,100,75,1310.3679418563843,,0,Tesla T4,7.5,2.11.0+cu128,12.8,2026-08-23T19:16:50.899925+00:00
f9420de03a430e9cf768210184ec22fc6b7ddc2a,block_shared_tree,one-block-per-row shared-tree custom CUDA; header-only CUDA 12.8 compatibility include applied,2048,16384,2048,float32,0.125,25,100,76,1302.7839660644531,,0,Tesla T4,7.5,2.11.0+cu128,12.8,2026-08-23T19:16:50.899925+00:00
f9420de03a430e9cf768210184ec22fc6b7ddc2a,block_shared_tree,one-block-per-row shared-tree custom CUDA; header-only CUDA 12.8 compatibility include applied,2048,16384,2048,float32,0.125,25,100,77,1313.8240575790405,,0,Tesla T4,7.5,2.11.0+cu128,12.8,2026-08-23T19:16:50.899925+00:00
f9420de03a430e9cf768210184ec22fc6b7ddc2a,block_shared_tree,one-block-per-row shared-tree custom CUDA; header-only CUDA 12.8 compatibility include applied,2048,16384,2048,float32,0.125,25,100,78,1303.871989250183,,0,Tesla T4,7.5,2.11.0+cu128,12.8,2026-08-23T19:16:50.899925+00:00
f9420de03a430e9cf768210184ec22fc6b7ddc2a,block_shared_tree,one-block-per-row shared-tree custom CUDA; header-only CUDA 12.8 compatibility include applied,2048,16384,2048,float32,0.125,25,100,79,1304.8959970474243,,0,Tesla T4,7.5,2.11.0+cu128,12.8,2026-08-23T19:16:50.899925+00:00
f9420de03a430e9cf768210184ec22fc6b7ddc2a,block_shared_tree,one-block-per-row shared-tree custom CUDA; header-only CUDA 12.8 compatibility include applied,2048,16384,2048,float32,0.125,25,100,80,1305.6000471115112,,0,Tesla T4,7.5,2.11.0+cu128,12.8,2026-08-23T19:16:50.899925+00:00
f9420de03a430e9cf768210184ec22fc6b7ddc2a,block_shared_tree,one-block-per-row shared-tree custom CUDA; header-only CUDA 12.8 compatibility include applied,2048,16384,2048,float32,0.125,25,100,81,1300.704002380371,,0,Tesla T4,7.5,2.11.0+cu128,12.8,2026-08-23T19:16:50.899925+00:00
f9420de03a430e9cf768210184ec22fc6b7ddc2a,block_shared_tree,one-block-per-row shared-tree custom CUDA; header-only CUDA 12.8 compatibility include applied,2048,16384,2048,float32,0.125,25,100,82,1300.7999658584595,,0,Tesla T4,7.5,2.11.0+cu128,12.8,2026-08-23T19:16:50.899925+00:00
f9420de03a430e9cf768210184ec22fc6b7ddc2a,block_shared_tree,one-block-per-row shared-tree custom CUDA; header-only CUDA 12.8 compatibility include applied,2048,16384,2048,float32,0.125,25,100,83,1302.7520179748535,,0,Tesla T4,7.5,2.11.0+cu128,12.8,2026-08-23T19:16:50.899925+00:00
f9420de03a430e9cf768210184ec22fc6b7ddc2a,block_shared_tree,one-block-per-row shared-tree custom CUDA; header-only CUDA 12.8 compatibility include applied,2048,16384,2048,float32,0.125,25,100,84,1301.151990890503,,0,Tesla T4,7.5,2.11.0+cu128,12.8,2026-08-23T19:16:50.899925+00:00
f9420de03a430e9cf768210184ec22fc6b7ddc2a,block_shared_tree,one-block-per-row shared-tree custom CUDA; header-only CUDA 12.8 compatibility include applied,2048,16384,2048,float32,0.125,25,100,85,1306.5279722213745,,0,Tesla T4,7.5,2.11.0+cu128,12.8,2026-08-23T19:16:50.899925+00:00
f9420de03a430e9cf768210184ec22fc6b7ddc2a,block_shared_tree,one-block-per-row shared-tree custom CUDA; header-only CUDA 12.8 compatibility include applied,2048,16384,2048,float32,0.125,25,100,86,1301.3440370559692,,0,Tesla T4,7.5,2.11.0+cu128,12.8,2026-08-23T19:16:50.899925+00:00
f9420de03a430e9cf768210184ec22fc6b7ddc2a,block_shared_tree,one-block-per-row shared-tree custom CUDA; header-only CUDA 12.8 compatibility include applied,2048,16384,2048,float32,0.125,25,100,87,1304.6079874038696,,0,Tesla T4,7.5,2.11.0+cu128,12.8,2026-08-23T19:16:50.899925+00:00
f9420de03a430e9cf768210184ec22fc6b7ddc2a,block_shared_tree,one-block-per-row shared-tree custom CUDA; header-only CUDA 12.8 compatibility include applied,2048,16384,2048,float32,0.125,25,100,88,1306.5919876098633,,0,Tesla T4,7.5,2.11.0+cu128,12.8,2026-08-23T19:16:50.899925+00:00
f9420de03a430e9cf768210184ec22fc6b7ddc2a,block_shared_tree,one-block-per-row shared-tree custom CUDA; header-only CUDA 12.8 compatibility include applied,2048,16384,2048,float32,0.125,25,100,89,1303.104043006897,,0,Tesla T4,7.5,2.11.0+cu128,12.8,2026-08-23T19:16:50.899925+00:00
f9420de03a430e9cf768210184ec22fc6b7ddc2a,block_shared_tree,one-block-per-row shared-tree custom CUDA; header-only CUDA 12.8 compatibility include applied,2048,16384,2048,float32,0.125,25,100,90,1300.5119562149048,,0,Tesla T4,7.5,2.11.0+cu128,12.8,2026-08-23T19:16:50.899925+00:00
f9420de03a430e9cf768210184ec22fc6b7ddc2a,block_shared_tree,one-block-per-row shared-tree custom CUDA; header-only CUDA 12.8 compatibility include applied,2048,16384,2048,float32,0.125,25,100,91,1302.5280237197876,,0,Tesla T4,7.5,2.11.0+cu128,12.8,2026-08-23T19:16:50.899925+00:00
f9420de03a430e9cf768210184ec22fc6b7ddc2a,block_shared_tree,one-block-per-row shared-tree custom CUDA; header-only CUDA 12.8 compatibility include applied,2048,16384,2048,float32,0.125,25,100,92,1318.9120292663574,,0,Tesla T4,7.5,2.11.0+cu128,12.8,2026-08-23T19:16:50.899925+00:00
f9420de03a430e9cf768210184ec22fc6b7ddc2a,block_shared_tree,one-block-per-row shared-tree custom CUDA; header-only CUDA 12.8 compatibility include applied,2048,16384,2048,float32,0.125,25,100,93,1304.703950881958,,0,Tesla T4,7.5,2.11.0+cu128,12.8,2026-08-23T19:16:50.899925+00:00
f9420de03a430e9cf768210184ec22fc6b7ddc2a,block_shared_tree,one-block-per-row shared-tree custom CUDA; header-only CUDA 12.8 compatibility include applied,2048,16384,2048,float32,0.125,25,100,94,1311.8079900741577,,0,Tesla T4,7.5,2.11.0+cu128,12.8,2026-08-23T19:16:50.899925+00:00
f9420de03a430e9cf768210184ec22fc6b7ddc2a,block_shared_tree,one-block-per-row shared-tree custom CUDA; header-only CUDA 12.8 compatibility include applied,2048,16384,2048,float32,0.125,25,100,95,1303.48801612854,,0,Tesla T4,7.5,2.11.0+cu128,12.8,2026-08-23T19:16:50.899925+00:00
f9420de03a430e9cf768210184ec22fc6b7ddc2a,block_shared_tree,one-block-per-row shared-tree custom CUDA; header-only CUDA 12.8 compatibility include applied,2048,16384,2048,float32,0.125,25,100,96,1302.5280237197876,,0,Tesla T4,7.5,2.11.0+cu128,12.8,2026-08-23T19:16:50.899925+00:00
f9420de03a430e9cf768210184ec22fc6b7ddc2a,block_shared_tree,one-block-per-row shared-tree custom CUDA; header-only CUDA 12.8 compatibility include applied,2048,16384,2048,float32,0.125,25,100,97,1302.623987197876,,0,Tesla T4,7.5,2.11.0+cu128,12.8,2026-08-23T19:16:50.899925+00:00
f9420de03a430e9cf768210184ec22fc6b7ddc2a,block_shared_tree,one-block-per-row shared-tree custom CUDA; header-only CUDA 12.8 compatibility include applied,2048,16384,2048,float32,0.125,25,100,98,1301.5040159225464,,0,Tesla T4,7.5,2.11.0+cu128,12.8,2026-08-23T19:16:50.899925+00:00
f9420de03a430e9cf768210184ec22fc6b7ddc2a,block_shared_tree,one-block-per-row shared-tree custom CUDA; header-only CUDA 12.8 compatibility include applied,2048,16384,2048,float32,0.125,25,100,99,1302.5599718093872,,0,Tesla T4,7.5,2.11.0+cu128,12.8,2026-08-23T19:16:50.899925+00:00
a3736910273bdc2ee52968c49381ec2cf963c876,warp_reduction,compact warp-reduction custom CUDA; header-only CUDA 12.8 compatibility include applied,128,1024,128,float32,0.125,25,100,0,86.81599795818329,,0,Tesla T4,7.5,2.11.0+cu128,12.8,2026-08-23T19:18:43.286424+00:00
a3736910273bdc2ee52968c49381ec2cf963c876,warp_reduction,compact warp-reduction custom CUDA; header-only CUDA 12.8 compatibility include applied,128,1024,128,float32,0.125,25,100,1,66.0799965262413,,0,Tesla T4,7.5,2.11.0+cu128,12.8,2026-08-23T19:18:43.286424+00:00
a3736910273bdc2ee52968c49381ec2cf963c876,warp_reduction,compact warp-reduction custom CUDA; header-only CUDA 12.8 compatibility include applied,128,1024,128,float32,0.125,25,100,2,64.2239972949028,,0,Tesla T4,7.5,2.11.0+cu128,12.8,2026-08-23T19:18:43.286424+00:00
a3736910273bdc2ee52968c49381ec2cf963c876,warp_reduction,compact warp-reduction custom CUDA; header-only CUDA 12.8 compatibility include applied,128,1024,128,float32,0.125,25,100,3,48.608001321554184,,0,Tesla T4,7.5,2.11.0+cu128,12.8,2026-08-23T19:18:43.286424+00:00
a3736910273bdc2ee52968c49381ec2cf963c876,warp_reduction,compact warp-reduction custom CUDA; header-only CUDA 12.8 compatibility include applied,128,1024,128,float32,0.125,25,100,4,43.42399910092354,,0,Tesla T4,7.5,2.11.0+cu128,12.8,2026-08-23T19:18:43.286424+00:00
a3736910273bdc2ee52968c49381ec2cf963c876,warp_reduction,compact warp-reduction custom CUDA; header-only CUDA 12.8 compatibility include applied,128,1024,128,float32,0.125,25,100,5,47.61600121855736,,0,Tesla T4,7.5,2.11.0+cu128,12.8,2026-08-23T19:18:43.286424+00:00
a3736910273bdc2ee52968c49381ec2cf963c876,warp_reduction,compact warp-reduction custom CUDA; header-only CUDA 12.8 compatibility include applied,128,1024,128,float32,0.125,25,100,6,45.951999723911285,,0,Tesla T4,7.5,2.11.0+cu128,12.8,2026-08-23T19:18:43.286424+00:00
a3736910273bdc2ee52968c49381ec2cf963c876,warp_reduction,compact warp-reduction custom CUDA; header-only CUDA 12.8 compatibility include applied,128,1024,128,float32,0.125,25,100,7,45.05600035190582,,0,Tesla T4,7.5,2.11.0+cu128,12.8,2026-08-23T19:18:43.286424+00:00
a3736910273bdc2ee52968c49381ec2cf963c876,warp_reduction,compact warp-reduction custom CUDA; header-only CUDA 12.8 compatibility include applied,128,1024,128,float32,0.125,25,100,8,44.704001396894455,,0,Tesla T4,7.5,2.11.0+cu128,12.8,2026-08-23T19:18:43.286424+00:00
a3736910273bdc2ee52968c49381ec2cf963c876,warp_reduction,compact warp-reduction custom CUDA; header-only CUDA 12.8 compatibility include applied,128,1024,128,float32,0.125,25,100,9,51.16799846291542,,0,Tesla T4,7.5,2.11.0+cu128,12.8,2026-08-23T19:18:43.286424+00:00
a3736910273bdc2ee52968c49381ec2cf963c876,warp_reduction,compact warp-reduction custom CUDA; header-only CUDA 12.8 compatibility include applied,128,1024,128,float32,0.125,25,100,10,69.66400146484375,,0,Tesla T4,7.5,2.11.0+cu128,12.8,2026-08-23T19:18:43.286424+00:00
a3736910273bdc2ee52968c49381ec2cf963c876,warp_reduction,compact warp-reduction custom CUDA; header-only CUDA 12.8 compatibility include applied,128,1024,128,float32,0.125,25,100,11,47.10400104522705,,0,Tesla T4,7.5,2.11.0+cu128,12.8,2026-08-23T19:18:43.286424+00:00
a3736910273bdc2ee52968c49381ec2cf963c876,warp_reduction,compact warp-reduction custom CUDA; header-only CUDA 12.8 compatibility include applied,128,1024,128,float32,0.125,25,100,12,45.40799930691719,,0,Tesla T4,7.5,2.11.0+cu128,12.8,2026-08-23T19:18:43.286424+00:00
a3736910273bdc2ee52968c49381ec2cf963c876,warp_reduction,compact warp-reduction custom CUDA; header-only CUDA 12.8 compatibility include applied,128,1024,128,float32,0.125,25,100,13,45.05600035190582,,0,Tesla T4,7.5,2.11.0+cu128,12.8,2026-08-23T19:18:43.286424+00:00
a3736910273bdc2ee52968c49381ec2cf963c876,warp_reduction,compact warp-reduction custom CUDA; header-only CUDA 12.8 compatibility include applied,128,1024,128,float32,0.125,25,100,14,485.3760004043579,,0,Tesla T4,7.5,2.11.0+cu128,12.8,2026-08-23T19:18:43.286424+00:00
a3736910273bdc2ee52968c49381ec2cf963c876,warp_reduction,compact warp-reduction custom CUDA; header-only CUDA 12.8 compatibility include applied,128,1024,128,float32,0.125,25,100,15,59.26400050520897,,0,Tesla T4,7.5,2.11.0+cu128,12.8,2026-08-23T19:18:43.286424+00:00
a3736910273bdc2ee52968c49381ec2cf963c876,warp_reduction,compact warp-reduction custom CUDA; header-only CUDA 12.8 compatibility include applied,128,1024,128,float32,0.125,25,100,16,52.41600051522255,,0,Tesla T4,7.5,2.11.0+cu128,12.8,2026-08-23T19:18:43.286424+00:00
a3736910273bdc2ee52968c49381ec2cf963c876,warp_reduction,compact warp-reduction custom CUDA; header-only CUDA 12.8 compatibility include applied,128,1024,128,float32,0.125,25,100,17,43.935999274253845,,0,Tesla T4,7.5,2.11.0+cu128,12.8,2026-08-23T19:18:43.286424+00:00
a3736910273bdc2ee52968c49381ec2cf963c876,warp_reduction,compact warp-reduction custom CUDA; header-only CUDA 12.8 compatibility include applied,128,1024,128,float32,0.125,25,100,18,39.39199820160866,,0,Tesla T4,7.5,2.11.0+cu128,12.8,2026-08-23T19:18:43.286424+00:00
a3736910273bdc2ee52968c49381ec2cf963c876,warp_reduction,compact warp-reduction custom CUDA; header-only CUDA 12.8 compatibility include applied,128,1024,128,float32,0.125,25,100,19,36.86400130391121,,0,Tesla T4,7.5,2.11.0+cu128,12.8,2026-08-23T19:18:43.286424+00:00
a3736910273bdc2ee52968c49381ec2cf963c876,warp_reduction,compact warp-reduction custom CUDA; header-only CUDA 12.8 compatibility include applied,128,1024,128,float32,0.125,25,100,20,36.83200106024742,,0,Tesla T4,7.5,2.11.0+cu128,12.8,2026-08-23T19:18:43.286424+00:00
a3736910273bdc2ee52968c49381ec2cf963c876,warp_reduction,compact warp-reduction custom CUDA; header-only CUDA 12.8 compatibility include applied,128,1024,128,float32,0.125,25,100,21,37.11999952793121,,0,Tesla T4,7.5,2.11.0+cu128,12.8,2026-08-23T19:18:43.286424+00:00
a3736910273bdc2ee52968c49381ec2cf963c876,warp_reduction,compact warp-reduction custom CUDA; header-only CUDA 12.8 compatibility include applied,128,1024,128,float32,0.125,25,100,22,73.05599749088287,,0,Tesla T4,7.5,2.11.0+cu128,12.8,2026-08-23T19:18:43.286424+00:00
a3736910273bdc2ee52968c49381ec2cf963c876,warp_reduction,compact warp-reduction custom CUDA; header-only CUDA 12.8 compatibility include applied,128,1024,128,float32,0.125,25,100,23,40.41599854826927,,0,Tesla T4,7.5,2.11.0+cu128,12.8,2026-08-23T19:18:43.286424+00:00
a3736910273bdc2ee52968c49381ec2cf963c876,warp_reduction,compact warp-reduction custom CUDA; header-only CUDA 12.8 compatibility include applied,128,1024,128,float32,0.125,25,100,24,39.264000952243805,,0,Tesla T4,7.5,2.11.0+cu128,12.8,2026-08-23T19:18:43.286424+00:00
a3736910273bdc2ee52968c49381ec2cf963c876,warp_reduction,compact warp-reduction custom CUDA; header-only CUDA 12.8 compatibility include applied,128,1024,128,float32,0.125,25,100,25,41.4079986512661,,0,Tesla T4,7.5,2.11.0+cu128,12.8,2026-08-23T19:18:43.286424+00:00
a3736910273bdc2ee52968c49381ec2cf963c876,warp_reduction,compact warp-reduction custom CUDA; header-only CUDA 12.8 compatibility include applied,128,1024,128,float32,0.125,25,100,26,40.12800008058548,,0,Tesla T4,7.5,2.11.0+cu128,12.8,2026-08-23T19:18:43.286424+00:00
a3736910273bdc2ee52968c49381ec2cf963c876,warp_reduction,compact warp-reduction custom CUDA; header-only CUDA 12.8 compatibility include applied,128,1024,128,float32,0.125,25,100,27,38.94399851560593,,0,Tesla T4,7.5,2.11.0+cu128,12.8,2026-08-23T19:18:43.286424+00:00
a3736910273bdc2ee52968c49381ec2cf963c876,warp_reduction,compact warp-reduction custom CUDA; header-only CUDA 12.8 compatibility include applied,128,1024,128,float32,0.125,25,100,28,38.495998829603195,,0,Tesla T4,7.5,2.11.0+cu128,12.8,2026-08-23T19:18:43.286424+00:00
a3736910273bdc2ee52968c49381ec2cf963c876,warp_reduction,compact warp-reduction custom CUDA; header-only CUDA 12.8 compatibility include applied,128,1024,128,float32,0.125,25,100,29,38.2080003619194,,0,Tesla T4,7.5,2.11.0+cu128,12.8,2026-08-23T19:18:43.286424+00:00
a3736910273bdc2ee52968c49381ec2cf963c876,warp_reduction,compact warp-reduction custom CUDA; header-only CUDA 12.8 compatibility include applied,128,1024,128,float32,0.125,25,100,30,38.52799907326698,,0,Tesla T4,7.5,2.11.0+cu128,12.8,2026-08-23T19:18:43.286424+00:00
a3736910273bdc2ee52968c49381ec2cf963c876,warp_reduction,compact warp-reduction custom CUDA; header-only CUDA 12.8 compatibility include applied,128,1024,128,float32,0.125,25,100,31,37.21600025892258,,0,Tesla T4,7.5,2.11.0+cu128,12.8,2026-08-23T19:18:43.286424+00:00
a3736910273bdc2ee52968c49381ec2cf963c876,warp_reduction,compact warp-reduction custom CUDA; header-only CUDA 12.8 compatibility include applied,128,1024,128,float32,0.125,25,100,32,37.53599897027016,,0,Tesla T4,7.5,2.11.0+cu128,12.8,2026-08-23T19:18:43.286424+00:00
a3736910273bdc2ee52968c49381ec2cf963c876,warp_reduction,compact warp-reduction custom CUDA; header-only CUDA 12.8 compatibility include applied,128,1024,128,float32,0.125,25,100,33,37.79200091958046,,0,Tesla T4,7.5,2.11.0+cu128,12.8,2026-08-23T19:18:43.286424+00:00
a3736910273bdc2ee52968c49381ec2cf963c876,warp_reduction,compact warp-reduction custom CUDA; header-only CUDA 12.8 compatibility include applied,128,1024,128,float32,0.125,25,100,34,37.79200091958046,,0,Tesla T4,7.5,2.11.0+cu128,12.8,2026-08-23T19:18:43.286424+00:00
a3736910273bdc2ee52968c49381ec2cf963c876,warp_reduction,compact warp-reduction custom CUDA; header-only CUDA 12.8 compatibility include applied,128,1024,128,float32,0.125,25,100,35,36.83200106024742,,0,Tesla T4,7.5,2.11.0+cu128,12.8,2026-08-23T19:18:43.286424+00:00
a3736910273bdc2ee52968c49381ec2cf963c876,warp_reduction,compact warp-reduction custom CUDA; header-only CUDA 12.8 compatibility include applied,128,1024,128,float32,0.125,25,100,36,38.43199834227562,,0,Tesla T4,7.5,2.11.0+cu128,12.8,2026-08-23T19:18:43.286424+00:00
a3736910273bdc2ee52968c49381ec2cf963c876,warp_reduction,compact warp-reduction custom CUDA; header-only CUDA 12.8 compatibility include applied,128,1024,128,float32,0.125,25,100,37,38.62399980425835,,0,Tesla T4,7.5,2.11.0+cu128,12.8,2026-08-23T19:18:43.286424+00:00
a3736910273bdc2ee52968c49381ec2cf963c876,warp_reduction,compact warp-reduction custom CUDA; header-only CUDA 12.8 compatibility include applied,128,1024,128,float32,0.125,25,100,38,84.6719965338707,,0,Tesla T4,7.5,2.11.0+cu128,12.8,2026-08-23T19:18:43.286424+00:00
a3736910273bdc2ee52968c49381ec2cf963c876,warp_reduction,compact warp-reduction custom CUDA; header-only CUDA 12.8 compatibility include applied,128,1024,128,float32,0.125,25,100,39,102.36799716949463,,0,Tesla T4,7.5,2.11.0+cu128,12.8,2026-08-23T19:18:43.286424+00:00
a3736910273bdc2ee52968c49381ec2cf963c876,warp_reduction,compact warp-reduction custom CUDA; header-only CUDA 12.8 compatibility include applied,128,1024,128,float32,0.125,25,100,40,55.296000093221664,,0,Tesla T4,7.5,2.11.0+cu128,12.8,2026-08-23T19:18:43.286424+00:00
a3736910273bdc2ee52968c49381ec2cf963c876,warp_reduction,compact warp-reduction custom CUDA; header-only CUDA 12.8 compatibility include applied,128,1024,128,float32,0.125,25,100,41,49.536000937223434,,0,Tesla T4,7.5,2.11.0+cu128,12.8,2026-08-23T19:18:43.286424+00:00
a3736910273bdc2ee52968c49381ec2cf963c876,warp_reduction,compact warp-reduction custom CUDA; header-only CUDA 12.8 compatibility include applied,128,1024,128,float32,0.125,25,100,42,48.54400083422661,,0,Tesla T4,7.5,2.11.0+cu128,12.8,2026-08-23T19:18:43.286424+00:00
a3736910273bdc2ee52968c49381ec2cf963c876,warp_reduction,compact warp-reduction custom CUDA; header-only CUDA 12.8 compatibility include applied,128,1024,128,float32,0.125,25,100,43,46.431999653577805,,0,Tesla T4,7.5,2.11.0+cu128,12.8,2026-08-23T19:18:43.286424+00:00
a3736910273bdc2ee52968c49381ec2cf963c876,warp_reduction,compact warp-reduction custom CUDA; header-only CUDA 12.8 compatibility include applied,128,1024,128,float32,0.125,25,100,44,48.51200059056282,,0,Tesla T4,7.5,2.11.0+cu128,12.8,2026-08-23T19:18:43.286424+00:00
a3736910273bdc2ee52968c49381ec2cf963c876,warp_reduction,compact warp-reduction custom CUDA; header-only CUDA 12.8 compatibility include applied,128,1024,128,float32,0.125,25,100,45,47.07200080156326,,0,Tesla T4,7.5,2.11.0+cu128,12.8,2026-08-23T19:18:43.286424+00:00
a3736910273bdc2ee52968c49381ec2cf963c876,warp_reduction,compact warp-reduction custom CUDA; header-only CUDA 12.8 compatibility include applied,128,1024,128,float32,0.125,25,100,46,47.13600128889084,,0,Tesla T4,7.5,2.11.0+cu128,12.8,2026-08-23T19:18:43.286424+00:00
a3736910273bdc2ee52968c49381ec2cf963c876,warp_reduction,compact warp-reduction custom CUDA; header-only CUDA 12.8 compatibility include applied,128,1024,128,float32,0.125,25,100,47,50.04800111055374,,0,Tesla T4,7.5,2.11.0+cu128,12.8,2026-08-23T19:18:43.286424+00:00
a3736910273bdc2ee52968c49381ec2cf963c876,warp_reduction,compact warp-reduction custom CUDA; header-only CUDA 12.8 compatibility include applied,128,1024,128,float32,0.125,25,100,48,44.47999969124794,,0,Tesla T4,7.5,2.11.0+cu128,12.8,2026-08-23T19:18:43.286424+00:00
a3736910273bdc2ee52968c49381ec2cf963c876,warp_reduction,compact warp-reduction custom CUDA; header-only CUDA 12.8 compatibility include applied,128,1024,128,float32,0.125,25,100,49,48.96000027656555,,0,Tesla T4,7.5,2.11.0+cu128,12.8,2026-08-23T19:18:43.286424+00:00
a3736910273bdc2ee52968c49381ec2cf963c876,warp_reduction,compact warp-reduction custom CUDA; header-only CUDA 12.8 compatibility include applied,128,1024,128,float32,0.125,25,100,50,49.056001007556915,,0,Tesla T4,7.5,2.11.0+cu128,12.8,2026-08-23T19:18:43.286424+00:00
a3736910273bdc2ee52968c49381ec2cf963c876,warp_reduction,compact warp-reduction custom CUDA; header-only CUDA 12.8 compatibility include applied,128,1024,128,float32,0.125,25,100,51,108.47999900579453,,0,Tesla T4,7.5,2.11.0+cu128,12.8,2026-08-23T19:18:43.286424+00:00
a3736910273bdc2ee52968c49381ec2cf963c876,warp_reduction,compact warp-reduction custom CUDA; header-only CUDA 12.8 compatibility include applied,128,1024,128,float32,0.125,25,100,52,57.82400071620941,,0,Tesla T4,7.5,2.11.0+cu128,12.8,2026-08-23T19:18:43.286424+00:00
a3736910273bdc2ee52968c49381ec2cf963c876,warp_reduction,compact warp-reduction custom CUDA; header-only CUDA 12.8 compatibility include applied,128,1024,128,float32,0.125,25,100,53,48.8319993019104,,0,Tesla T4,7.5,2.11.0+cu128,12.8,2026-08-23T19:18:43.286424+00:00
a3736910273bdc2ee52968c49381ec2cf963c876,warp_reduction,compact warp-reduction custom CUDA; header-only CUDA 12.8 compatibility include applied,128,1024,128,float32,0.125,25,100,54,48.928000032901764,,0,Tesla T4,7.5,2.11.0+cu128,12.8,2026-08-23T19:18:43.286424+00:00
a3736910273bdc2ee52968c49381ec2cf963c876,warp_reduction,compact warp-reduction custom CUDA; header-only CUDA 12.8 compatibility include applied,128,1024,128,float32,0.125,25,100,55,48.22399839758873,,0,Tesla T4,7.5,2.11.0+cu128,12.8,2026-08-23T19:18:43.286424+00:00
a3736910273bdc2ee52968c49381ec2cf963c876,warp_reduction,compact warp-reduction custom CUDA; header-only CUDA 12.8 compatibility include applied,128,1024,128,float32,0.125,25,100,56,45.56800052523613,,0,Tesla T4,7.5,2.11.0+cu128,12.8,2026-08-23T19:18:43.286424+00:00
a3736910273bdc2ee52968c49381ec2cf963c876,warp_reduction,compact warp-reduction custom CUDA; header-only CUDA 12.8 compatibility include applied,128,1024,128,float32,0.125,25,100,57,47.16800153255463,,0,Tesla T4,7.5,2.11.0+cu128,12.8,2026-08-23T19:18:43.286424+00:00
a3736910273bdc2ee52968c49381ec2cf963c876,warp_reduction,compact warp-reduction custom CUDA; header-only CUDA 12.8 compatibility include applied,128,1024,128,float32,0.125,25,100,58,46.751998364925385,,0,Tesla T4,7.5,2.11.0+cu128,12.8,2026-08-23T19:18:43.286424+00:00
a3736910273bdc2ee52968c49381ec2cf963c876,warp_reduction,compact warp-reduction custom CUDA; header-only CUDA 12.8 compatibility include applied,128,1024,128,float32,0.125,25,100,59,46.04800045490265,,0,Tesla T4,7.5,2.11.0+cu128,12.8,2026-08-23T19:18:43.286424+00:00
a3736910273bdc2ee52968c49381ec2cf963c876,warp_reduction,compact warp-reduction custom CUDA; header-only CUDA 12.8 compatibility include applied,128,1024,128,float32,0.125,25,100,60,46.911999583244324,,0,Tesla T4,7.5,2.11.0+cu128,12.8,2026-08-23T19:18:43.286424+00:00
a3736910273bdc2ee52968c49381ec2cf963c876,warp_reduction,compact warp-reduction custom CUDA; header-only CUDA 12.8 compatibility include applied,128,1024,128,float32,0.125,25,100,61,45.343998819589615,,0,Tesla T4,7.5,2.11.0+cu128,12.8,2026-08-23T19:18:43.286424+00:00
a3736910273bdc2ee52968c49381ec2cf963c876,warp_reduction,compact warp-reduction custom CUDA; header-only CUDA 12.8 compatibility include applied,128,1024,128,float32,0.125,25,100,62,45.60000076889992,,0,Tesla T4,7.5,2.11.0+cu128,12.8,2026-08-23T19:18:43.286424+00:00
a3736910273bdc2ee52968c49381ec2cf963c876,warp_reduction,compact warp-reduction custom CUDA; header-only CUDA 12.8 compatibility include applied,128,1024,128,float32,0.125,25,100,63,47.10400104522705,,0,Tesla T4,7.5,2.11.0+cu128,12.8,2026-08-23T19:18:43.286424+00:00
a3736910273bdc2ee52968c49381ec2cf963c876,warp_reduction,compact warp-reduction custom CUDA; header-only CUDA 12.8 compatibility include applied,128,1024,128,float32,0.125,25,100,64,55.26399984955788,,0,Tesla T4,7.5,2.11.0+cu128,12.8,2026-08-23T19:18:43.286424+00:00
a3736910273bdc2ee52968c49381ec2cf963c876,warp_reduction,compact warp-reduction custom CUDA; header-only CUDA 12.8 compatibility include applied,128,1024,128,float32,0.125,25,100,65,48.35199937224388,,0,Tesla T4,7.5,2.11.0+cu128,12.8,2026-08-23T19:18:43.286424+00:00
a3736910273bdc2ee52968c49381ec2cf963c876,warp_reduction,compact warp-reduction custom CUDA; header-only CUDA 12.8 compatibility include applied,128,1024,128,float32,0.125,25,100,66,48.48000034689903,,0,Tesla T4,7.5,2.11.0+cu128,12.8,2026-08-23T19:18:43.286424+00:00
a3736910273bdc2ee52968c49381ec2cf963c876,warp_reduction,compact warp-reduction custom CUDA; header-only CUDA 12.8 compatibility include applied,128,1024,128,float32,0.125,25,100,67,47.488000243902206,,0,Tesla T4,7.5,2.11.0+cu128,12.8,2026-08-23T19:18:43.286424+00:00
a3736910273bdc2ee52968c49381ec2cf963c876,warp_reduction,compact warp-reduction custom CUDA; header-only CUDA 12.8 compatibility include applied,128,1024,128,float32,0.125,25,100,68,47.13600128889084,,0,Tesla T4,7.5,2.11.0+cu128,12.8,2026-08-23T19:18:43.286424+00:00
a3736910273bdc2ee52968c49381ec2cf963c876,warp_reduction,compact warp-reduction custom CUDA; header-only CUDA 12.8 compatibility include applied,128,1024,128,float32,0.125,25,100,69,46.39999940991402,,0,Tesla T4,7.5,2.11.0+cu128,12.8,2026-08-23T19:18:43.286424+00:00
a3736910273bdc2ee52968c49381ec2cf963c876,warp_reduction,compact warp-reduction custom CUDA; header-only CUDA 12.8 compatibility include applied,128,1024,128,float32,0.125,25,100,70,45.1200008392334,,0,Tesla T4,7.5,2.11.0+cu128,12.8,2026-08-23T19:18:43.286424+00:00
a3736910273bdc2ee52968c49381ec2cf963c876,warp_reduction,compact warp-reduction custom CUDA; header-only CUDA 12.8 compatibility include applied,128,1024,128,float32,0.125,25,100,71,53.21599915623665,,0,Tesla T4,7.5,2.11.0+cu128,12.8,2026-08-23T19:18:43.286424+00:00
a3736910273bdc2ee52968c49381ec2cf963c876,warp_reduction,compact warp-reduction custom CUDA; header-only CUDA 12.8 compatibility include applied,128,1024,128,float32,0.125,25,100,72,43.807998299598694,,0,Tesla T4,7.5,2.11.0+cu128,12.8,2026-08-23T19:18:43.286424+00:00
a3736910273bdc2ee52968c49381ec2cf963c876,warp_reduction,compact warp-reduction custom CUDA; header-only CUDA 12.8 compatibility include applied,128,1024,128,float32,0.125,25,100,73,43.96799951791763,,0,Tesla T4,7.5,2.11.0+cu128,12.8,2026-08-23T19:18:43.286424+00:00
a3736910273bdc2ee52968c49381ec2cf963c876,warp_reduction,compact warp-reduction custom CUDA; header-only CUDA 12.8 compatibility include applied,128,1024,128,float32,0.125,25,100,74,43.487999588251114,,0,Tesla T4,7.5,2.11.0+cu128,12.8,2026-08-23T19:18:43.286424+00:00
a3736910273bdc2ee52968c49381ec2cf963c876,warp_reduction,compact warp-reduction custom CUDA; header-only CUDA 12.8 compatibility include applied,128,1024,128,float32,0.125,25,100,75,43.23200136423111,,0,Tesla T4,7.5,2.11.0+cu128,12.8,2026-08-23T19:18:43.286424+00:00
a3736910273bdc2ee52968c49381ec2cf963c876,warp_reduction,compact warp-reduction custom CUDA; header-only CUDA 12.8 compatibility include applied,128,1024,128,float32,0.125,25,100,76,77.56800204515457,,0,Tesla T4,7.5,2.11.0+cu128,12.8,2026-08-23T19:18:43.286424+00:00
a3736910273bdc2ee52968c49381ec2cf963c876,warp_reduction,compact warp-reduction custom CUDA; header-only CUDA 12.8 compatibility include applied,128,1024,128,float32,0.125,25,100,77,55.135998874902725,,0,Tesla T4,7.5,2.11.0+cu128,12.8,2026-08-23T19:18:43.286424+00:00
a3736910273bdc2ee52968c49381ec2cf963c876,warp_reduction,compact warp-reduction custom CUDA; header-only CUDA 12.8 compatibility include applied,128,1024,128,float32,0.125,25,100,78,47.10400104522705,,0,Tesla T4,7.5,2.11.0+cu128,12.8,2026-08-23T19:18:43.286424+00:00
a3736910273bdc2ee52968c49381ec2cf963c876,warp_reduction,compact warp-reduction custom CUDA; header-only CUDA 12.8 compatibility include applied,128,1024,128,float32,0.125,25,100,79,44.863998889923096,,0,Tesla T4,7.5,2.11.0+cu128,12.8,2026-08-23T19:18:43.286424+00:00
a3736910273bdc2ee52968c49381ec2cf963c876,warp_reduction,compact warp-reduction custom CUDA; header-only CUDA 12.8 compatibility include applied,128,1024,128,float32,0.125,25,100,80,47.359999269247055,,0,Tesla T4,7.5,2.11.0+cu128,12.8,2026-08-23T19:18:43.286424+00:00
a3736910273bdc2ee52968c49381ec2cf963c876,warp_reduction,compact warp-reduction custom CUDA; header-only CUDA 12.8 compatibility include applied,128,1024,128,float32,0.125,25,100,81,45.85599899291992,,0,Tesla T4,7.5,2.11.0+cu128,12.8,2026-08-23T19:18:43.286424+00:00
a3736910273bdc2ee52968c49381ec2cf963c876,warp_reduction,compact warp-reduction custom CUDA; header-only CUDA 12.8 compatibility include applied,128,1024,128,float32,0.125,25,100,82,45.05600035190582,,0,Tesla T4,7.5,2.11.0+cu128,12.8,2026-08-23T19:18:43.286424+00:00
a3736910273bdc2ee52968c49381ec2cf963c876,warp_reduction,compact warp-reduction custom CUDA; header-only CUDA 12.8 compatibility include applied,128,1024,128,float32,0.125,25,100,83,45.60000076889992,,0,Tesla T4,7.5,2.11.0+cu128,12.8,2026-08-23T19:18:43.286424+00:00
a3736910273bdc2ee52968c49381ec2cf963c876,warp_reduction,compact warp-reduction custom CUDA; header-only CUDA 12.8 compatibility include applied,128,1024,128,float32,0.125,25,100,84,46.33599892258644,,0,Tesla T4,7.5,2.11.0+cu128,12.8,2026-08-23T19:18:43.286424+00:00
a3736910273bdc2ee52968c49381ec2cf963c876,warp_reduction,compact warp-reduction custom CUDA; header-only CUDA 12.8 compatibility include applied,128,1024,128,float32,0.125,25,100,85,45.40799930691719,,0,Tesla T4,7.5,2.11.0+cu128,12.8,2026-08-23T19:18:43.286424+00:00
a3736910273bdc2ee52968c49381ec2cf963c876,warp_reduction,compact warp-reduction custom CUDA; header-only CUDA 12.8 compatibility include applied,128,1024,128,float32,0.125,25,100,86,45.05600035190582,,0,Tesla T4,7.5,2.11.0+cu128,12.8,2026-08-23T19:18:43.286424+00:00
a3736910273bdc2ee52968c49381ec2cf963c876,warp_reduction,compact warp-reduction custom CUDA; header-only CUDA 12.8 compatibility include applied,128,1024,128,float32,0.125,25,100,87,46.04800045490265,,0,Tesla T4,7.5,2.11.0+cu128,12.8,2026-08-23T19:18:43.286424+00:00
a3736910273bdc2ee52968c49381ec2cf963c876,warp_reduction,compact warp-reduction custom CUDA; header-only CUDA 12.8 compatibility include applied,128,1024,128,float32,0.125,25,100,88,44.73600164055824,,0,Tesla T4,7.5,2.11.0+cu128,12.8,2026-08-23T19:18:43.286424+00:00
a3736910273bdc2ee52968c49381ec2cf963c876,warp_reduction,compact warp-reduction custom CUDA; header-only CUDA 12.8 compatibility include applied,128,1024,128,float32,0.125,25,100,89,87.87199854850769,,0,Tesla T4,7.5,2.11.0+cu128,12.8,2026-08-23T19:18:43.286424+00:00
a3736910273bdc2ee52968c49381ec2cf963c876,warp_reduction,compact warp-reduction custom CUDA; header-only CUDA 12.8 compatibility include applied,128,1024,128,float32,0.125,25,100,90,52.032001316547394,,0,Tesla T4,7.5,2.11.0+cu128,12.8,2026-08-23T19:18:43.286424+00:00
a3736910273bdc2ee52968c49381ec2cf963c876,warp_reduction,compact warp-reduction custom CUDA; header-only CUDA 12.8 compatibility include applied,128,1024,128,float32,0.125,25,100,91,47.00800031423569,,0,Tesla T4,7.5,2.11.0+cu128,12.8,2026-08-23T19:18:43.286424+00:00
a3736910273bdc2ee52968c49381ec2cf963c876,warp_reduction,compact warp-reduction custom CUDA; header-only CUDA 12.8 compatibility include applied,128,1024,128,float32,0.125,25,100,92,46.84799909591675,,0,Tesla T4,7.5,2.11.0+cu128,12.8,2026-08-23T19:18:43.286424+00:00
a3736910273bdc2ee52968c49381ec2cf963c876,warp_reduction,compact warp-reduction custom CUDA; header-only CUDA 12.8 compatibility include applied,128,1024,128,float32,0.125,25,100,93,45.05600035190582,,0,Tesla T4,7.5,2.11.0+cu128,12.8,2026-08-23T19:18:43.286424+00:00
a3736910273bdc2ee52968c49381ec2cf963c876,warp_reduction,compact warp-reduction custom CUDA; header-only CUDA 12.8 compatibility include applied,128,1024,128,float32,0.125,25,100,94,55.16799911856651,,0,Tesla T4,7.5,2.11.0+cu128,12.8,2026-08-23T19:18:43.286424+00:00
a3736910273bdc2ee52968c49381ec2cf963c876,warp_reduction,compact warp-reduction custom CUDA; header-only CUDA 12.8 compatibility include applied,128,1024,128,float32,0.125,25,100,95,45.53600028157234,,0,Tesla T4,7.5,2.11.0+cu128,12.8,2026-08-23T19:18:43.286424+00:00
a3736910273bdc2ee52968c49381ec2cf963c876,warp_reduction,compact warp-reduction custom CUDA; header-only CUDA 12.8 compatibility include applied,128,1024,128,float32,0.125,25,100,96,46.62400111556053,,0,Tesla T4,7.5,2.11.0+cu128,12.8,2026-08-23T19:18:43.286424+00:00
a3736910273bdc2ee52968c49381ec2cf963c876,warp_reduction,compact warp-reduction custom CUDA; header-only CUDA 12.8 compatibility include applied,128,1024,128,float32,0.125,25,100,97,45.1200008392334,,0,Tesla T4,7.5,2.11.0+cu128,12.8,2026-08-23T19:18:43.286424+00:00
a3736910273bdc2ee52968c49381ec2cf963c876,warp_reduction,compact warp-reduction custom CUDA; header-only CUDA 12.8 compatibility include applied,128,1024,128,float32,0.125,25,100,98,61.43999844789505,,0,Tesla T4,7.5,2.11.0+cu128,12.8,2026-08-23T19:18:43.286424+00:00
a3736910273bdc2ee52968c49381ec2cf963c876,warp_reduction,compact warp-reduction custom CUDA; header-only CUDA 12.8 compatibility include applied,128,1024,128,float32,0.125,25,100,99,45.24800181388855,,0,Tesla T4,7.5,2.11.0+cu128,12.8,2026-08-23T19:18:43.286424+00:00
a3736910273bdc2ee52968c49381ec2cf963c876,warp_reduction,compact warp-reduction custom CUDA; header-only CUDA 12.8 compatibility include applied,255,2040,255,float32,0.125,25,100,0,81.31200075149536,,0,Tesla T4,7.5,2.11.0+cu128,12.8,2026-08-23T19:18:46.692790+00:00
a3736910273bdc2ee52968c49381ec2cf963c876,warp_reduction,compact warp-reduction custom CUDA; header-only CUDA 12.8 compatibility include applied,255,2040,255,float32,0.125,25,100,1,68.41599941253662,,0,Tesla T4,7.5,2.11.0+cu128,12.8,2026-08-23T19:18:46.692790+00:00
a3736910273bdc2ee52968c49381ec2cf963c876,warp_reduction,compact warp-reduction custom CUDA; header-only CUDA 12.8 compatibility include applied,255,2040,255,float32,0.125,25,100,2,65.8240020275116,,0,Tesla T4,7.5,2.11.0+cu128,12.8,2026-08-23T19:18:46.692790+00:00
a3736910273bdc2ee52968c49381ec2cf963c876,warp_reduction,compact warp-reduction custom CUDA; header-only CUDA 12.8 compatibility include applied,255,2040,255,float32,0.125,25,100,3,65.31199812889099,,0,Tesla T4,7.5,2.11.0+cu128,12.8,2026-08-23T19:18:46.692790+00:00
a3736910273bdc2ee52968c49381ec2cf963c876,warp_reduction,compact warp-reduction custom CUDA; header-only CUDA 12.8 compatibility include applied,255,2040,255,float32,0.125,25,100,4,63.551999628543854,,0,Tesla T4,7.5,2.11.0+cu128,12.8,2026-08-23T19:18:46.692790+00:00
a3736910273bdc2ee52968c49381ec2cf963c876,warp_reduction,compact warp-reduction custom CUDA; header-only CUDA 12.8 compatibility include applied,255,2040,255,float32,0.125,25,100,5,64.25599753856659,,0,Tesla T4,7.5,2.11.0+cu128,12.8,2026-08-23T19:18:46.692790+00:00
a3736910273bdc2ee52968c49381ec2cf963c876,warp_reduction,compact warp-reduction custom CUDA; header-only CUDA 12.8 compatibility include applied,255,2040,255,float32,0.125,25,100,6,64.00000303983688,,0,Tesla T4,7.5,2.11.0+cu128,12.8,2026-08-23T19:18:46.692790+00:00
a3736910273bdc2ee52968c49381ec2cf963c876,warp_reduction,compact warp-reduction custom CUDA; header-only CUDA 12.8 compatibility include applied,255,2040,255,float32,0.125,25,100,7,64.03200328350067,,0,Tesla T4,7.5,2.11.0+cu128,12.8,2026-08-23T19:18:46.692790+00:00
a3736910273bdc2ee52968c49381ec2cf963c876,warp_reduction,compact warp-reduction custom CUDA; header-only CUDA 12.8 compatibility include applied,255,2040,255,float32,0.125,25,100,8,65.40799885988235,,0,Tesla T4,7.5,2.11.0+cu128,12.8,2026-08-23T19:18:46.692790+00:00
a3736910273bdc2ee52968c49381ec2cf963c876,warp_reduction,compact warp-reduction custom CUDA; header-only CUDA 12.8 compatibility include applied,255,2040,255,float32,0.125,25,100,9,65.5359998345375,,0,Tesla T4,7.5,2.11.0+cu128,12.8,2026-08-23T19:18:46.692790+00:00
a3736910273bdc2ee52968c49381ec2cf963c876,warp_reduction,compact warp-reduction custom CUDA; header-only CUDA 12.8 compatibility include applied,255,2040,255,float32,0.125,25,100,10,65.34399837255478,,0,Tesla T4,7.5,2.11.0+cu128,12.8,2026-08-23T19:18:46.692790+00:00
a3736910273bdc2ee52968c49381ec2cf963c876,warp_reduction,compact warp-reduction custom CUDA; header-only CUDA 12.8 compatibility include applied,255,2040,255,float32,0.125,25,100,11,65.5680000782013,,0,Tesla T4,7.5,2.11.0+cu128,12.8,2026-08-23T19:18:46.692790+00:00
a3736910273bdc2ee52968c49381ec2cf963c876,warp_reduction,compact warp-reduction custom CUDA; header-only CUDA 12.8 compatibility include applied,255,2040,255,float32,0.125,25,100,12,68.7360018491745,,0,Tesla T4,7.5,2.11.0+cu128,12.8,2026-08-23T19:18:46.692790+00:00
a3736910273bdc2ee52968c49381ec2cf963c876,warp_reduction,compact warp-reduction custom CUDA; header-only CUDA 12.8 compatibility include applied,255,2040,255,float32,0.125,25,100,13,65.5359998345375,,0,Tesla T4,7.5,2.11.0+cu128,12.8,2026-08-23T19:18:46.692790+00:00
a3736910273bdc2ee52968c49381ec2cf963c876,warp_reduction,compact warp-reduction custom CUDA; header-only CUDA 12.8 compatibility include applied,255,2040,255,float32,0.125,25,100,14,65.24799764156342,,0,Tesla T4,7.5,2.11.0+cu128,12.8,2026-08-23T19:18:46.692790+00:00
a3736910273bdc2ee52968c49381ec2cf963c876,warp_reduction,compact warp-reduction custom CUDA; header-only CUDA 12.8 compatibility include applied,255,2040,255,float32,0.125,25,100,15,65.50399959087372,,0,Tesla T4,7.5,2.11.0+cu128,12.8,2026-08-23T19:18:46.692790+00:00
a3736910273bdc2ee52968c49381ec2cf963c876,warp_reduction,compact warp-reduction custom CUDA; header-only CUDA 12.8 compatibility include applied,255,2040,255,float32,0.125,25,100,16,65.5680000782013,,0,Tesla T4,7.5,2.11.0+cu128,12.8,2026-08-23T19:18:46.692790+00:00
a3736910273bdc2ee52968c49381ec2cf963c876,warp_reduction,compact warp-reduction custom CUDA; header-only CUDA 12.8 compatibility include applied,255,2040,255,float32,0.125,25,100,17,64.83200192451477,,0,Tesla T4,7.5,2.11.0+cu128,12.8,2026-08-23T19:18:46.692790+00:00
a3736910273bdc2ee52968c49381ec2cf963c876,warp_reduction,compact warp-reduction custom CUDA; header-only CUDA 12.8 compatibility include applied,255,2040,255,float32,0.125,25,100,18,64.86400216817856,,0,Tesla T4,7.5,2.11.0+cu128,12.8,2026-08-23T19:18:46.692790+00:00
a3736910273bdc2ee52968c49381ec2cf963c876,warp_reduction,compact warp-reduction custom CUDA; header-only CUDA 12.8 compatibility include applied,255,2040,255,float32,0.125,25,100,19,65.24799764156342,,0,Tesla T4,7.5,2.11.0+cu128,12.8,2026-08-23T19:18:46.692790+00:00
a3736910273bdc2ee52968c49381ec2cf963c876,warp_reduction,compact warp-reduction custom CUDA; header-only CUDA 12.8 compatibility include applied,255,2040,255,float32,0.125,25,100,20,65.40799885988235,,0,Tesla T4,7.5,2.11.0+cu128,12.8,2026-08-23T19:18:46.692790+00:00
a3736910273bdc2ee52968c49381ec2cf963c876,warp_reduction,compact warp-reduction custom CUDA; header-only CUDA 12.8 compatibility include applied,255,2040,255,float32,0.125,25,100,21,65.37599861621857,,0,Tesla T4,7.5,2.11.0+cu128,12.8,2026-08-23T19:18:46.692790+00:00
a3736910273bdc2ee52968c49381ec2cf963c876,warp_reduction,compact warp-reduction custom CUDA; header-only CUDA 12.8 compatibility include applied,255,2040,255,float32,0.125,25,100,22,65.31199812889099,,0,Tesla T4,7.5,2.11.0+cu128,12.8,2026-08-23T19:18:46.692790+00:00
a3736910273bdc2ee52968c49381ec2cf963c876,warp_reduction,compact warp-reduction custom CUDA; header-only CUDA 12.8 compatibility include applied,255,2040,255,float32,0.125,25,100,23,87.93599903583527,,0,Tesla T4,7.5,2.11.0+cu128,12.8,2026-08-23T19:18:46.692790+00:00
a3736910273bdc2ee52968c49381ec2cf963c876,warp_reduction,compact warp-reduction custom CUDA; header-only CUDA 12.8 compatibility include applied,255,2040,255,float32,0.125,25,100,24,67.48799979686737,,0,Tesla T4,7.5,2.11.0+cu128,12.8,2026-08-23T19:18:46.692790+00:00
a3736910273bdc2ee52968c49381ec2cf963c876,warp_reduction,compact warp-reduction custom CUDA; header-only CUDA 12.8 compatibility include applied,255,2040,255,float32,0.125,25,100,25,64.70400094985962,,0,Tesla T4,7.5,2.11.0+cu128,12.8,2026-08-23T19:18:46.692790+00:00
a3736910273bdc2ee52968c49381ec2cf963c876,warp_reduction,compact warp-reduction custom CUDA; header-only CUDA 12.8 compatibility include applied,255,2040,255,float32,0.125,25,100,26,64.7680014371872,,0,Tesla T4,7.5,2.11.0+cu128,12.8,2026-08-23T19:18:46.692790+00:00
a3736910273bdc2ee52968c49381ec2cf963c876,warp_reduction,compact warp-reduction custom CUDA; header-only CUDA 12.8 compatibility include applied,255,2040,255,float32,0.125,25,100,27,64.99200314283371,,0,Tesla T4,7.5,2.11.0+cu128,12.8,2026-08-23T19:18:46.692790+00:00
a3736910273bdc2ee52968c49381ec2cf963c876,warp_reduction,compact warp-reduction custom CUDA; header-only CUDA 12.8 compatibility include applied,255,2040,255,float32,0.125,25,100,28,65.08799642324448,,0,Tesla T4,7.5,2.11.0+cu128,12.8,2026-08-23T19:18:46.692790+00:00
a3736910273bdc2ee52968c49381ec2cf963c876,warp_reduction,compact warp-reduction custom CUDA; header-only CUDA 12.8 compatibility include applied,255,2040,255,float32,0.125,25,100,29,64.99200314283371,,0,Tesla T4,7.5,2.11.0+cu128,12.8,2026-08-23T19:18:46.692790+00:00
a3736910273bdc2ee52968c49381ec2cf963c876,warp_reduction,compact warp-reduction custom CUDA; header-only CUDA 12.8 compatibility include applied,255,2040,255,float32,0.125,25,100,30,64.70400094985962,,0,Tesla T4,7.5,2.11.0+cu128,12.8,2026-08-23T19:18:46.692790+00:00
a3736910273bdc2ee52968c49381ec2cf963c876,warp_reduction,compact warp-reduction custom CUDA; header-only CUDA 12.8 compatibility include applied,255,2040,255,float32,0.125,25,100,31,64.4799992442131,,0,Tesla T4,7.5,2.11.0+cu128,12.8,2026-08-23T19:18:46.692790+00:00
a3736910273bdc2ee52968c49381ec2cf963c876,warp_reduction,compact warp-reduction custom CUDA; header-only CUDA 12.8 compatibility include applied,255,2040,255,float32,0.125,25,100,32,64.64000046253204,,0,Tesla T4,7.5,2.11.0+cu128,12.8,2026-08-23T19:18:46.692790+00:00
a3736910273bdc2ee52968c49381ec2cf963c876,warp_reduction,compact warp-reduction custom CUDA; header-only CUDA 12.8 compatibility include applied,255,2040,255,float32,0.125,25,100,33,63.45599889755249,,0,Tesla T4,7.5,2.11.0+cu128,12.8,2026-08-23T19:18:46.692790+00:00
a3736910273bdc2ee52968c49381ec2cf963c876,warp_reduction,compact warp-reduction custom CUDA; header-only CUDA 12.8 compatibility include applied,255,2040,255,float32,0.125,25,100,34,63.48799914121628,,0,Tesla T4,7.5,2.11.0+cu128,12.8,2026-08-23T19:18:46.692790+00:00
a3736910273bdc2ee52968c49381ec2cf963c876,warp_reduction,compact warp-reduction custom CUDA; header-only CUDA 12.8 compatibility include applied,255,2040,255,float32,0.125,25,100,35,66.52799993753433,,0,Tesla T4,7.5,2.11.0+cu128,12.8,2026-08-23T19:18:46.692790+00:00
a3736910273bdc2ee52968c49381ec2cf963c876,warp_reduction,compact warp-reduction custom CUDA; header-only CUDA 12.8 compatibility include applied,255,2040,255,float32,0.125,25,100,36,63.968002796173096,,0,Tesla T4,7.5,2.11.0+cu128,12.8,2026-08-23T19:18:46.692790+00:00
a3736910273bdc2ee52968c49381ec2cf963c876,warp_reduction,compact warp-reduction custom CUDA; header-only CUDA 12.8 compatibility include applied,255,2040,255,float32,0.125,25,100,37,63.968002796173096,,0,Tesla T4,7.5,2.11.0+cu128,12.8,2026-08-23T19:18:46.692790+00:00
a3736910273bdc2ee52968c49381ec2cf963c876,warp_reduction,compact warp-reduction custom CUDA; header-only CUDA 12.8 compatibility include applied,255,2040,255,float32,0.125,25,100,38,63.680000603199005,,0,Tesla T4,7.5,2.11.0+cu128,12.8,2026-08-23T19:18:46.692790+00:00
a3736910273bdc2ee52968c49381ec2cf963c876,warp_reduction,compact warp-reduction custom CUDA; header-only CUDA 12.8 compatibility include applied,255,2040,255,float32,0.125,25,100,39,63.519999384880066,,0,Tesla T4,7.5,2.11.0+cu128,12.8,2026-08-23T19:18:46.692790+00:00
a3736910273bdc2ee52968c49381ec2cf963c876,warp_reduction,compact warp-reduction custom CUDA; header-only CUDA 12.8 compatibility include applied,255,2040,255,float32,0.125,25,100,40,63.80800157785416,,0,Tesla T4,7.5,2.11.0+cu128,12.8,2026-08-23T19:18:46.692790+00:00
a3736910273bdc2ee52968c49381ec2cf963c876,warp_reduction,compact warp-reduction custom CUDA; header-only CUDA 12.8 compatibility include applied,255,2040,255,float32,0.125,25,100,41,63.551999628543854,,0,Tesla T4,7.5,2.11.0+cu128,12.8,2026-08-23T19:18:46.692790+00:00
a3736910273bdc2ee52968c49381ec2cf963c876,warp_reduction,compact warp-reduction custom CUDA; header-only CUDA 12.8 compatibility include applied,255,2040,255,float32,0.125,25,100,42,63.48799914121628,,0,Tesla T4,7.5,2.11.0+cu128,12.8,2026-08-23T19:18:46.692790+00:00
a3736910273bdc2ee52968c49381ec2cf963c876,warp_reduction,compact warp-reduction custom CUDA; header-only CUDA 12.8 compatibility include applied,255,2040,255,float32,0.125,25,100,43,64.03200328350067,,0,Tesla T4,7.5,2.11.0+cu128,12.8,2026-08-23T19:18:46.692790+00:00
a3736910273bdc2ee52968c49381ec2cf963c876,warp_reduction,compact warp-reduction custom CUDA; header-only CUDA 12.8 compatibility include applied,255,2040,255,float32,0.125,25,100,44,68.44799965620041,,0,Tesla T4,7.5,2.11.0+cu128,12.8,2026-08-23T19:18:46.692790+00:00
a3736910273bdc2ee52968c49381ec2cf963c876,warp_reduction,compact warp-reduction custom CUDA; header-only CUDA 12.8 compatibility include applied,255,2040,255,float32,0.125,25,100,45,63.551999628543854,,0,Tesla T4,7.5,2.11.0+cu128,12.8,2026-08-23T19:18:46.692790+00:00
a3736910273bdc2ee52968c49381ec2cf963c876,warp_reduction,compact warp-reduction custom CUDA; header-only CUDA 12.8 compatibility include applied,255,2040,255,float32,0.125,25,100,46,63.26399743556976,,0,Tesla T4,7.5,2.11.0+cu128,12.8,2026-08-23T19:18:46.692790+00:00
a3736910273bdc2ee52968c49381ec2cf963c876,warp_reduction,compact warp-reduction custom CUDA; header-only CUDA 12.8 compatibility include applied,255,2040,255,float32,0.125,25,100,47,65.31199812889099,,0,Tesla T4,7.5,2.11.0+cu128,12.8,2026-08-23T19:18:46.692790+00:00
a3736910273bdc2ee52968c49381ec2cf963c876,warp_reduction,compact warp-reduction custom CUDA; header-only CUDA 12.8 compatibility include applied,255,2040,255,float32,0.125,25,100,48,63.48799914121628,,0,Tesla T4,7.5,2.11.0+cu128,12.8,2026-08-23T19:18:46.692790+00:00
a3736910273bdc2ee52968c49381ec2cf963c876,warp_reduction,compact warp-reduction custom CUDA; header-only CUDA 12.8 compatibility include applied,255,2040,255,float32,0.125,25,100,49,63.74400109052658,,0,Tesla T4,7.5,2.11.0+cu128,12.8,2026-08-23T19:18:46.692790+00:00
a3736910273bdc2ee52968c49381ec2cf963c876,warp_reduction,compact warp-reduction custom CUDA; header-only CUDA 12.8 compatibility include applied,255,2040,255,float32,0.125,25,100,50,63.35999816656113,,0,Tesla T4,7.5,2.11.0+cu128,12.8,2026-08-23T19:18:46.692790+00:00
a3736910273bdc2ee52968c49381ec2cf963c876,warp_reduction,compact warp-reduction custom CUDA; header-only CUDA 12.8 compatibility include applied,255,2040,255,float32,0.125,25,100,51,63.519999384880066,,0,Tesla T4,7.5,2.11.0+cu128,12.8,2026-08-23T19:18:46.692790+00:00
a3736910273bdc2ee52968c49381ec2cf963c876,warp_reduction,compact warp-reduction custom CUDA; header-only CUDA 12.8 compatibility include applied,255,2040,255,float32,0.125,25,100,52,63.48799914121628,,0,Tesla T4,7.5,2.11.0+cu128,12.8,2026-08-23T19:18:46.692790+00:00
a3736910273bdc2ee52968c49381ec2cf963c876,warp_reduction,compact warp-reduction custom CUDA; header-only CUDA 12.8 compatibility include applied,255,2040,255,float32,0.125,25,100,53,63.45599889755249,,0,Tesla T4,7.5,2.11.0+cu128,12.8,2026-08-23T19:18:46.692790+00:00
a3736910273bdc2ee52968c49381ec2cf963c876,warp_reduction,compact warp-reduction custom CUDA; header-only CUDA 12.8 compatibility include applied,255,2040,255,float32,0.125,25,100,54,63.32799792289734,,0,Tesla T4,7.5,2.11.0+cu128,12.8,2026-08-23T19:18:46.692790+00:00
a3736910273bdc2ee52968c49381ec2cf963c876,warp_reduction,compact warp-reduction custom CUDA; header-only CUDA 12.8 compatibility include applied,255,2040,255,float32,0.125,25,100,55,62.880001962184906,,0,Tesla T4,7.5,2.11.0+cu128,12.8,2026-08-23T19:18:46.692790+00:00
a3736910273bdc2ee52968c49381ec2cf963c876,warp_reduction,compact warp-reduction custom CUDA; header-only CUDA 12.8 compatibility include applied,255,2040,255,float32,0.125,25,100,56,62.97600269317627,,0,Tesla T4,7.5,2.11.0+cu128,12.8,2026-08-23T19:18:46.692790+00:00
a3736910273bdc2ee52968c49381ec2cf963c876,warp_reduction,compact warp-reduction custom CUDA; header-only CUDA 12.8 compatibility include applied,255,2040,255,float32,0.125,25,100,57,63.13599646091461,,0,Tesla T4,7.5,2.11.0+cu128,12.8,2026-08-23T19:18:46.692790+00:00
a3736910273bdc2ee52968c49381ec2cf963c876,warp_reduction,compact warp-reduction custom CUDA; header-only CUDA 12.8 compatibility include applied,255,2040,255,float32,0.125,25,100,58,63.040003180503845,,0,Tesla T4,7.5,2.11.0+cu128,12.8,2026-08-23T19:18:46.692790+00:00
a3736910273bdc2ee52968c49381ec2cf963c876,warp_reduction,compact warp-reduction custom CUDA; header-only CUDA 12.8 compatibility include applied,255,2040,255,float32,0.125,25,100,59,68.7360018491745,,0,Tesla T4,7.5,2.11.0+cu128,12.8,2026-08-23T19:18:46.692790+00:00
a3736910273bdc2ee52968c49381ec2cf963c876,warp_reduction,compact warp-reduction custom CUDA; header-only CUDA 12.8 compatibility include applied,255,2040,255,float32,0.125,25,100,60,63.48799914121628,,0,Tesla T4,7.5,2.11.0+cu128,12.8,2026-08-23T19:18:46.692790+00:00
a3736910273bdc2ee52968c49381ec2cf963c876,warp_reduction,compact warp-reduction custom CUDA; header-only CUDA 12.8 compatibility include applied,255,2040,255,float32,0.125,25,100,61,63.29599767923355,,0,Tesla T4,7.5,2.11.0+cu128,12.8,2026-08-23T19:18:46.692790+00:00
a3736910273bdc2ee52968c49381ec2cf963c876,warp_reduction,compact warp-reduction custom CUDA; header-only CUDA 12.8 compatibility include applied,255,2040,255,float32,0.125,25,100,62,63.48799914121628,,0,Tesla T4,7.5,2.11.0+cu128,12.8,2026-08-23T19:18:46.692790+00:00
a3736910273bdc2ee52968c49381ec2cf963c876,warp_reduction,compact warp-reduction custom CUDA; header-only CUDA 12.8 compatibility include applied,255,2040,255,float32,0.125,25,100,63,63.519999384880066,,0,Tesla T4,7.5,2.11.0+cu128,12.8,2026-08-23T19:18:46.692790+00:00
a3736910273bdc2ee52968c49381ec2cf963c876,warp_reduction,compact warp-reduction custom CUDA; header-only CUDA 12.8 compatibility include applied,255,2040,255,float32,0.125,25,100,64,63.45599889755249,,0,Tesla T4,7.5,2.11.0+cu128,12.8,2026-08-23T19:18:46.692790+00:00
a3736910273bdc2ee52968c49381ec2cf963c876,warp_reduction,compact warp-reduction custom CUDA; header-only CUDA 12.8 compatibility include applied,255,2040,255,float32,0.125,25,100,65,63.10400366783142,,0,Tesla T4,7.5,2.11.0+cu128,12.8,2026-08-23T19:18:46.692790+00:00
a3736910273bdc2ee52968c49381ec2cf963c876,warp_reduction,compact warp-reduction custom CUDA; header-only CUDA 12.8 compatibility include applied,255,2040,255,float32,0.125,25,100,66,63.45599889755249,,0,Tesla T4,7.5,2.11.0+cu128,12.8,2026-08-23T19:18:46.692790+00:00
a3736910273bdc2ee52968c49381ec2cf963c876,warp_reduction,compact warp-reduction custom CUDA; header-only CUDA 12.8 compatibility include applied,255,2040,255,float32,0.125,25,100,67,63.231997191905975,,0,Tesla T4,7.5,2.11.0+cu128,12.8,2026-08-23T19:18:46.692790+00:00
a3736910273bdc2ee52968c49381ec2cf963c876,warp_reduction,compact warp-reduction custom CUDA; header-only CUDA 12.8 compatibility include applied,255,2040,255,float32,0.125,25,100,68,63.040003180503845,,0,Tesla T4,7.5,2.11.0+cu128,12.8,2026-08-23T19:18:46.692790+00:00
a3736910273bdc2ee52968c49381ec2cf963c876,warp_reduction,compact warp-reduction custom CUDA; header-only CUDA 12.8 compatibility include applied,255,2040,255,float32,0.125,25,100,69,62.880001962184906,,0,Tesla T4,7.5,2.11.0+cu128,12.8,2026-08-23T19:18:46.692790+00:00
a3736910273bdc2ee52968c49381ec2cf963c876,warp_reduction,compact warp-reduction custom CUDA; header-only CUDA 12.8 compatibility include applied,255,2040,255,float32,0.125,25,100,70,63.48799914121628,,0,Tesla T4,7.5,2.11.0+cu128,12.8,2026-08-23T19:18:46.692790+00:00
a3736910273bdc2ee52968c49381ec2cf963c876,warp_reduction,compact warp-reduction custom CUDA; header-only CUDA 12.8 compatibility include applied,255,2040,255,float32,0.125,25,100,71,65.31199812889099,,0,Tesla T4,7.5,2.11.0+cu128,12.8,2026-08-23T19:18:46.692790+00:00
a3736910273bdc2ee52968c49381ec2cf963c876,warp_reduction,compact warp-reduction custom CUDA; header-only CUDA 12.8 compatibility include applied,255,2040,255,float32,0.125,25,100,72,63.45599889755249,,0,Tesla T4,7.5,2.11.0+cu128,12.8,2026-08-23T19:18:46.692790+00:00
a3736910273bdc2ee52968c49381ec2cf963c876,warp_reduction,compact warp-reduction custom CUDA; header-only CUDA 12.8 compatibility include applied,255,2040,255,float32,0.125,25,100,73,63.61600011587143,,0,Tesla T4,7.5,2.11.0+cu128,12.8,2026-08-23T19:18:46.692790+00:00
a3736910273bdc2ee52968c49381ec2cf963c876,warp_reduction,compact warp-reduction custom CUDA; header-only CUDA 12.8 compatibility include applied,255,2040,255,float32,0.125,25,100,74,63.29599767923355,,0,Tesla T4,7.5,2.11.0+cu128,12.8,2026-08-23T19:18:46.692790+00:00
a3736910273bdc2ee52968c49381ec2cf963c876,warp_reduction,compact warp-reduction custom CUDA; header-only CUDA 12.8 compatibility include applied,255,2040,255,float32,0.125,25,100,75,63.48799914121628,,0,Tesla T4,7.5,2.11.0+cu128,12.8,2026-08-23T19:18:46.692790+00:00
a3736910273bdc2ee52968c49381ec2cf963c876,warp_reduction,compact warp-reduction custom CUDA; header-only CUDA 12.8 compatibility include applied,255,2040,255,float32,0.125,25,100,76,63.519999384880066,,0,Tesla T4,7.5,2.11.0+cu128,12.8,2026-08-23T19:18:46.692790+00:00
a3736910273bdc2ee52968c49381ec2cf963c876,warp_reduction,compact warp-reduction custom CUDA; header-only CUDA 12.8 compatibility include applied,255,2040,255,float32,0.125,25,100,77,63.35999816656113,,0,Tesla T4,7.5,2.11.0+cu128,12.8,2026-08-23T19:18:46.692790+00:00
a3736910273bdc2ee52968c49381ec2cf963c876,warp_reduction,compact warp-reduction custom CUDA; header-only CUDA 12.8 compatibility include applied,255,2040,255,float32,0.125,25,100,78,63.10400366783142,,0,Tesla T4,7.5,2.11.0+cu128,12.8,2026-08-23T19:18:46.692790+00:00
a3736910273bdc2ee52968c49381ec2cf963c876,warp_reduction,compact warp-reduction custom CUDA; header-only CUDA 12.8 compatibility include applied,255,2040,255,float32,0.125,25,100,79,63.45599889755249,,0,Tesla T4,7.5,2.11.0+cu128,12.8,2026-08-23T19:18:46.692790+00:00
a3736910273bdc2ee52968c49381ec2cf963c876,warp_reduction,compact warp-reduction custom CUDA; header-only CUDA 12.8 compatibility include applied,255,2040,255,float32,0.125,25,100,80,61.983998864889145,,0,Tesla T4,7.5,2.11.0+cu128,12.8,2026-08-23T19:18:46.692790+00:00
a3736910273bdc2ee52968c49381ec2cf963c876,warp_reduction,compact warp-reduction custom CUDA; header-only CUDA 12.8 compatibility include applied,255,2040,255,float32,0.125,25,100,81,63.231997191905975,,0,Tesla T4,7.5,2.11.0+cu128,12.8,2026-08-23T19:18:46.692790+00:00
a3736910273bdc2ee52968c49381ec2cf963c876,warp_reduction,compact warp-reduction custom CUDA; header-only CUDA 12.8 compatibility include applied,255,2040,255,float32,0.125,25,100,82,62.81600147485733,,0,Tesla T4,7.5,2.11.0+cu128,12.8,2026-08-23T19:18:46.692790+00:00
a3736910273bdc2ee52968c49381ec2cf963c876,warp_reduction,compact warp-reduction custom CUDA; header-only CUDA 12.8 compatibility include applied,255,2040,255,float32,0.125,25,100,83,63.19999694824219,,0,Tesla T4,7.5,2.11.0+cu128,12.8,2026-08-23T19:18:46.692790+00:00
a3736910273bdc2ee52968c49381ec2cf963c876,warp_reduction,compact warp-reduction custom CUDA; header-only CUDA 12.8 compatibility include applied,255,2040,255,float32,0.125,25,100,84,64.19199705123901,,0,Tesla T4,7.5,2.11.0+cu128,12.8,2026-08-23T19:18:46.692790+00:00
a3736910273bdc2ee52968c49381ec2cf963c876,warp_reduction,compact warp-reduction custom CUDA; header-only CUDA 12.8 compatibility include applied,255,2040,255,float32,0.125,25,100,85,63.4239986538887,,0,Tesla T4,7.5,2.11.0+cu128,12.8,2026-08-23T19:18:46.692790+00:00
a3736910273bdc2ee52968c49381ec2cf963c876,warp_reduction,compact warp-reduction custom CUDA; header-only CUDA 12.8 compatibility include applied,255,2040,255,float32,0.125,25,100,86,63.07200342416763,,0,Tesla T4,7.5,2.11.0+cu128,12.8,2026-08-23T19:18:46.692790+00:00
a3736910273bdc2ee52968c49381ec2cf963c876,warp_reduction,compact warp-reduction custom CUDA; header-only CUDA 12.8 compatibility include applied,255,2040,255,float32,0.125,25,100,87,63.48799914121628,,0,Tesla T4,7.5,2.11.0+cu128,12.8,2026-08-23T19:18:46.692790+00:00
a3736910273bdc2ee52968c49381ec2cf963c876,warp_reduction,compact warp-reduction custom CUDA; header-only CUDA 12.8 compatibility include applied,255,2040,255,float32,0.125,25,100,88,63.519999384880066,,0,Tesla T4,7.5,2.11.0+cu128,12.8,2026-08-23T19:18:46.692790+00:00
a3736910273bdc2ee52968c49381ec2cf963c876,warp_reduction,compact warp-reduction custom CUDA; header-only CUDA 12.8 compatibility include applied,255,2040,255,float32,0.125,25,100,89,63.29599767923355,,0,Tesla T4,7.5,2.11.0+cu128,12.8,2026-08-23T19:18:46.692790+00:00
a3736910273bdc2ee52968c49381ec2cf963c876,warp_reduction,compact warp-reduction custom CUDA; header-only CUDA 12.8 compatibility include applied,255,2040,255,float32,0.125,25,100,90,63.26399743556976,,0,Tesla T4,7.5,2.11.0+cu128,12.8,2026-08-23T19:18:46.692790+00:00
a3736910273bdc2ee52968c49381ec2cf963c876,warp_reduction,compact warp-reduction custom CUDA; header-only CUDA 12.8 compatibility include applied,255,2040,255,float32,0.125,25,100,91,63.48799914121628,,0,Tesla T4,7.5,2.11.0+cu128,12.8,2026-08-23T19:18:46.692790+00:00
a3736910273bdc2ee52968c49381ec2cf963c876,warp_reduction,compact warp-reduction custom CUDA; header-only CUDA 12.8 compatibility include applied,255,2040,255,float32,0.125,25,100,92,63.45599889755249,,0,Tesla T4,7.5,2.11.0+cu128,12.8,2026-08-23T19:18:46.692790+00:00
a3736910273bdc2ee52968c49381ec2cf963c876,warp_reduction,compact warp-reduction custom CUDA; header-only CUDA 12.8 compatibility include applied,255,2040,255,float32,0.125,25,100,93,63.680000603199005,,0,Tesla T4,7.5,2.11.0+cu128,12.8,2026-08-23T19:18:46.692790+00:00
a3736910273bdc2ee52968c49381ec2cf963c876,warp_reduction,compact warp-reduction custom CUDA; header-only CUDA 12.8 compatibility include applied,255,2040,255,float32,0.125,25,100,94,63.4239986538887,,0,Tesla T4,7.5,2.11.0+cu128,12.8,2026-08-23T19:18:46.692790+00:00
a3736910273bdc2ee52968c49381ec2cf963c876,warp_reduction,compact warp-reduction custom CUDA; header-only CUDA 12.8 compatibility include applied,255,2040,255,float32,0.125,25,100,95,63.519999384880066,,0,Tesla T4,7.5,2.11.0+cu128,12.8,2026-08-23T19:18:46.692790+00:00
a3736910273bdc2ee52968c49381ec2cf963c876,warp_reduction,compact warp-reduction custom CUDA; header-only CUDA 12.8 compatibility include applied,255,2040,255,float32,0.125,25,100,96,67.55200028419495,,0,Tesla T4,7.5,2.11.0+cu128,12.8,2026-08-23T19:18:46.692790+00:00
a3736910273bdc2ee52968c49381ec2cf963c876,warp_reduction,compact warp-reduction custom CUDA; header-only CUDA 12.8 compatibility include applied,255,2040,255,float32,0.125,25,100,97,64.09599632024765,,0,Tesla T4,7.5,2.11.0+cu128,12.8,2026-08-23T19:18:46.692790+00:00
a3736910273bdc2ee52968c49381ec2cf963c876,warp_reduction,compact warp-reduction custom CUDA; header-only CUDA 12.8 compatibility include applied,255,2040,255,float32,0.125,25,100,98,63.13599646091461,,0,Tesla T4,7.5,2.11.0+cu128,12.8,2026-08-23T19:18:46.692790+00:00
a3736910273bdc2ee52968c49381ec2cf963c876,warp_reduction,compact warp-reduction custom CUDA; header-only CUDA 12.8 compatibility include applied,255,2040,255,float32,0.125,25,100,99,63.29599767923355,,0,Tesla T4,7.5,2.11.0+cu128,12.8,2026-08-23T19:18:46.692790+00:00
a3736910273bdc2ee52968c49381ec2cf963c876,warp_reduction,compact warp-reduction custom CUDA; header-only CUDA 12.8 compatibility include applied,512,4096,512,float32,0.125,25,100,0,157.69599378108978,,0,Tesla T4,7.5,2.11.0+cu128,12.8,2026-08-23T19:18:49.214153+00:00
a3736910273bdc2ee52968c49381ec2cf963c876,warp_reduction,compact warp-reduction custom CUDA; header-only CUDA 12.8 compatibility include applied,512,4096,512,float32,0.125,25,100,1,135.48800349235535,,0,Tesla T4,7.5,2.11.0+cu128,12.8,2026-08-23T19:18:49.214153+00:00
a3736910273bdc2ee52968c49381ec2cf963c876,warp_reduction,compact warp-reduction custom CUDA; header-only CUDA 12.8 compatibility include applied,512,4096,512,float32,0.125,25,100,2,131.1040073633194,,0,Tesla T4,7.5,2.11.0+cu128,12.8,2026-08-23T19:18:49.214153+00:00
a3736910273bdc2ee52968c49381ec2cf963c876,warp_reduction,compact warp-reduction custom CUDA; header-only CUDA 12.8 compatibility include applied,512,4096,512,float32,0.125,25,100,3,128.9920061826706,,0,Tesla T4,7.5,2.11.0+cu128,12.8,2026-08-23T19:18:49.214153+00:00
a3736910273bdc2ee52968c49381ec2cf963c876,warp_reduction,compact warp-reduction custom CUDA; header-only CUDA 12.8 compatibility include applied,512,4096,512,float32,0.125,25,100,4,130.0799995660782,,0,Tesla T4,7.5,2.11.0+cu128,12.8,2026-08-23T19:18:49.214153+00:00
a3736910273bdc2ee52968c49381ec2cf963c876,warp_reduction,compact warp-reduction custom CUDA; header-only CUDA 12.8 compatibility include applied,512,4096,512,float32,0.125,25,100,5,177.08800733089447,,0,Tesla T4,7.5,2.11.0+cu128,12.8,2026-08-23T19:18:49.214153+00:00
a3736910273bdc2ee52968c49381ec2cf963c876,warp_reduction,compact warp-reduction custom CUDA; header-only CUDA 12.8 compatibility include applied,512,4096,512,float32,0.125,25,100,6,139.1039937734604,,0,Tesla T4,7.5,2.11.0+cu128,12.8,2026-08-23T19:18:49.214153+00:00
a3736910273bdc2ee52968c49381ec2cf963c876,warp_reduction,compact warp-reduction custom CUDA; header-only CUDA 12.8 compatibility include applied,512,4096,512,float32,0.125,25,100,7,131.00799918174744,,0,Tesla T4,7.5,2.11.0+cu128,12.8,2026-08-23T19:18:49.214153+00:00
a3736910273bdc2ee52968c49381ec2cf963c876,warp_reduction,compact warp-reduction custom CUDA; header-only CUDA 12.8 compatibility include applied,512,4096,512,float32,0.125,25,100,8,130.11200726032257,,0,Tesla T4,7.5,2.11.0+cu128,12.8,2026-08-23T19:18:49.214153+00:00
a3736910273bdc2ee52968c49381ec2cf963c876,warp_reduction,compact warp-reduction custom CUDA; header-only CUDA 12.8 compatibility include applied,512,4096,512,float32,0.125,25,100,9,129.85600531101227,,0,Tesla T4,7.5,2.11.0+cu128,12.8,2026-08-23T19:18:49.214153+00:00
a3736910273bdc2ee52968c49381ec2cf963c876,warp_reduction,compact warp-reduction custom CUDA; header-only CUDA 12.8 compatibility include applied,512,4096,512,float32,0.125,25,100,10,132.22399353981018,,0,Tesla T4,7.5,2.11.0+cu128,12.8,2026-08-23T19:18:49.214153+00:00
a3736910273bdc2ee52968c49381ec2cf963c876,warp_reduction,compact warp-reduction custom CUDA; header-only CUDA 12.8 compatibility include applied,512,4096,512,float32,0.125,25,100,11,133.15199315547943,,0,Tesla T4,7.5,2.11.0+cu128,12.8,2026-08-23T19:18:49.214153+00:00
a3736910273bdc2ee52968c49381ec2cf963c876,warp_reduction,compact warp-reduction custom CUDA; header-only CUDA 12.8 compatibility include applied,512,4096,512,float32,0.125,25,100,12,130.91200590133667,,0,Tesla T4,7.5,2.11.0+cu128,12.8,2026-08-23T19:18:49.214153+00:00
a3736910273bdc2ee52968c49381ec2cf963c876,warp_reduction,compact warp-reduction custom CUDA; header-only CUDA 12.8 compatibility include applied,512,4096,512,float32,0.125,25,100,13,129.40800189971924,,0,Tesla T4,7.5,2.11.0+cu128,12.8,2026-08-23T19:18:49.214153+00:00
a3736910273bdc2ee52968c49381ec2cf963c876,warp_reduction,compact warp-reduction custom CUDA; header-only CUDA 12.8 compatibility include applied,512,4096,512,float32,0.125,25,100,14,129.88799810409546,,0,Tesla T4,7.5,2.11.0+cu128,12.8,2026-08-23T19:18:49.214153+00:00
a3736910273bdc2ee52968c49381ec2cf963c876,warp_reduction,compact warp-reduction custom CUDA; header-only CUDA 12.8 compatibility include applied,512,4096,512,float32,0.125,25,100,15,130.36799430847168,,0,Tesla T4,7.5,2.11.0+cu128,12.8,2026-08-23T19:18:49.214153+00:00
a3736910273bdc2ee52968c49381ec2cf963c876,warp_reduction,compact warp-reduction custom CUDA; header-only CUDA 12.8 compatibility include applied,512,4096,512,float32,0.125,25,100,16,128.9920061826706,,0,Tesla T4,7.5,2.11.0+cu128,12.8,2026-08-23T19:18:49.214153+00:00
a3736910273bdc2ee52968c49381ec2cf963c876,warp_reduction,compact warp-reduction custom CUDA; header-only CUDA 12.8 compatibility include applied,512,4096,512,float32,0.125,25,100,17,132.9279989004135,,0,Tesla T4,7.5,2.11.0+cu128,12.8,2026-08-23T19:18:49.214153+00:00
a3736910273bdc2ee52968c49381ec2cf963c876,warp_reduction,compact warp-reduction custom CUDA; header-only CUDA 12.8 compatibility include applied,512,4096,512,float32,0.125,25,100,18,128.83199751377106,,0,Tesla T4,7.5,2.11.0+cu128,12.8,2026-08-23T19:18:49.214153+00:00
a3736910273bdc2ee52968c49381ec2cf963c876,warp_reduction,compact warp-reduction custom CUDA; header-only CUDA 12.8 compatibility include applied,512,4096,512,float32,0.125,25,100,19,128.9920061826706,,0,Tesla T4,7.5,2.11.0+cu128,12.8,2026-08-23T19:18:49.214153+00:00
a3736910273bdc2ee52968c49381ec2cf963c876,warp_reduction,compact warp-reduction custom CUDA; header-only CUDA 12.8 compatibility include applied,512,4096,512,float32,0.125,25,100,20,128.9920061826706,,0,Tesla T4,7.5,2.11.0+cu128,12.8,2026-08-23T19:18:49.214153+00:00
a3736910273bdc2ee52968c49381ec2cf963c876,warp_reduction,compact warp-reduction custom CUDA; header-only CUDA 12.8 compatibility include applied,512,4096,512,float32,0.125,25,100,21,127.45599448680878,,0,Tesla T4,7.5,2.11.0+cu128,12.8,2026-08-23T19:18:49.214153+00:00
a3736910273bdc2ee52968c49381ec2cf963c876,warp_reduction,compact warp-reduction custom CUDA; header-only CUDA 12.8 compatibility include applied,512,4096,512,float32,0.125,25,100,22,128.35200130939484,,0,Tesla T4,7.5,2.11.0+cu128,12.8,2026-08-23T19:18:49.214153+00:00
a3736910273bdc2ee52968c49381ec2cf963c876,warp_reduction,compact warp-reduction custom CUDA; header-only CUDA 12.8 compatibility include applied,512,4096,512,float32,0.125,25,100,23,128.76799702644348,,0,Tesla T4,7.5,2.11.0+cu128,12.8,2026-08-23T19:18:49.214153+00:00
a3736910273bdc2ee52968c49381ec2cf963c876,warp_reduction,compact warp-reduction custom CUDA; header-only CUDA 12.8 compatibility include applied,512,4096,512,float32,0.125,25,100,24,131.29599392414093,,0,Tesla T4,7.5,2.11.0+cu128,12.8,2026-08-23T19:18:49.214153+00:00
a3736910273bdc2ee52968c49381ec2cf963c876,warp_reduction,compact warp-reduction custom CUDA; header-only CUDA 12.8 compatibility include applied,512,4096,512,float32,0.125,25,100,25,128.7039965391159,,0,Tesla T4,7.5,2.11.0+cu128,12.8,2026-08-23T19:18:49.214153+00:00
a3736910273bdc2ee52968c49381ec2cf963c876,warp_reduction,compact warp-reduction custom CUDA; header-only CUDA 12.8 compatibility include applied,512,4096,512,float32,0.125,25,100,26,127.74400413036346,,0,Tesla T4,7.5,2.11.0+cu128,12.8,2026-08-23T19:18:49.214153+00:00
a3736910273bdc2ee52968c49381ec2cf963c876,warp_reduction,compact warp-reduction custom CUDA; header-only CUDA 12.8 compatibility include applied,512,4096,512,float32,0.125,25,100,27,128.83199751377106,,0,Tesla T4,7.5,2.11.0+cu128,12.8,2026-08-23T19:18:49.214153+00:00
a3736910273bdc2ee52968c49381ec2cf963c876,warp_reduction,compact warp-reduction custom CUDA; header-only CUDA 12.8 compatibility include applied,512,4096,512,float32,0.125,25,100,28,127.48800218105316,,0,Tesla T4,7.5,2.11.0+cu128,12.8,2026-08-23T19:18:49.214153+00:00
a3736910273bdc2ee52968c49381ec2cf963c876,warp_reduction,compact warp-reduction custom CUDA; header-only CUDA 12.8 compatibility include applied,512,4096,512,float32,0.125,25,100,29,128.4479945898056,,0,Tesla T4,7.5,2.11.0+cu128,12.8,2026-08-23T19:18:49.214153+00:00
a3736910273bdc2ee52968c49381ec2cf963c876,warp_reduction,compact warp-reduction custom CUDA; header-only CUDA 12.8 compatibility include applied,512,4096,512,float32,0.125,25,100,30,129.05600666999817,,0,Tesla T4,7.5,2.11.0+cu128,12.8,2026-08-23T19:18:49.214153+00:00
a3736910273bdc2ee52968c49381ec2cf963c876,warp_reduction,compact warp-reduction custom CUDA; header-only CUDA 12.8 compatibility include applied,512,4096,512,float32,0.125,25,100,31,131.071999669075,,0,Tesla T4,7.5,2.11.0+cu128,12.8,2026-08-23T19:18:49.214153+00:00
a3736910273bdc2ee52968c49381ec2cf963c876,warp_reduction,compact warp-reduction custom CUDA; header-only CUDA 12.8 compatibility include applied,512,4096,512,float32,0.125,25,100,32,129.12000715732574,,0,Tesla T4,7.5,2.11.0+cu128,12.8,2026-08-23T19:18:49.214153+00:00
a3736910273bdc2ee52968c49381ec2cf963c876,warp_reduction,compact warp-reduction custom CUDA; header-only CUDA 12.8 compatibility include applied,512,4096,512,float32,0.125,25,100,33,141.31200313568115,,0,Tesla T4,7.5,2.11.0+cu128,12.8,2026-08-23T19:18:49.214153+00:00
a3736910273bdc2ee52968c49381ec2cf963c876,warp_reduction,compact warp-reduction custom CUDA; header-only CUDA 12.8 compatibility include applied,512,4096,512,float32,0.125,25,100,34,134.65599715709686,,0,Tesla T4,7.5,2.11.0+cu128,12.8,2026-08-23T19:18:49.214153+00:00
a3736910273bdc2ee52968c49381ec2cf963c876,warp_reduction,compact warp-reduction custom CUDA; header-only CUDA 12.8 compatibility include applied,512,4096,512,float32,0.125,25,100,35,129.92000579833984,,0,Tesla T4,7.5,2.11.0+cu128,12.8,2026-08-23T19:18:49.214153+00:00
a3736910273bdc2ee52968c49381ec2cf963c876,warp_reduction,compact warp-reduction custom CUDA; header-only CUDA 12.8 compatibility include applied,512,4096,512,float32,0.125,25,100,36,129.02399897575378,,0,Tesla T4,7.5,2.11.0+cu128,12.8,2026-08-23T19:18:49.214153+00:00
a3736910273bdc2ee52968c49381ec2cf963c876,warp_reduction,compact warp-reduction custom CUDA; header-only CUDA 12.8 compatibility include applied,512,4096,512,float32,0.125,25,100,37,131.04000687599182,,0,Tesla T4,7.5,2.11.0+cu128,12.8,2026-08-23T19:18:49.214153+00:00
a3736910273bdc2ee52968c49381ec2cf963c876,warp_reduction,compact warp-reduction custom CUDA; header-only CUDA 12.8 compatibility include applied,512,4096,512,float32,0.125,25,100,38,128.22400033473969,,0,Tesla T4,7.5,2.11.0+cu128,12.8,2026-08-23T19:18:49.214153+00:00
a3736910273bdc2ee52968c49381ec2cf963c876,warp_reduction,compact warp-reduction custom CUDA; header-only CUDA 12.8 compatibility include applied,512,4096,512,float32,0.125,25,100,39,129.05600666999817,,0,Tesla T4,7.5,2.11.0+cu128,12.8,2026-08-23T19:18:49.214153+00:00
a3736910273bdc2ee52968c49381ec2cf963c876,warp_reduction,compact warp-reduction custom CUDA; header-only CUDA 12.8 compatibility include applied,512,4096,512,float32,0.125,25,100,40,128.60800325870514,,0,Tesla T4,7.5,2.11.0+cu128,12.8,2026-08-23T19:18:49.214153+00:00
a3736910273bdc2ee52968c49381ec2cf963c876,warp_reduction,compact warp-reduction custom CUDA; header-only CUDA 12.8 compatibility include applied,512,4096,512,float32,0.125,25,100,41,128.67200374603271,,0,Tesla T4,7.5,2.11.0+cu128,12.8,2026-08-23T19:18:49.214153+00:00
a3736910273bdc2ee52968c49381ec2cf963c876,warp_reduction,compact warp-reduction custom CUDA; header-only CUDA 12.8 compatibility include applied,512,4096,512,float32,0.125,25,100,42,147.45600521564484,,0,Tesla T4,7.5,2.11.0+cu128,12.8,2026-08-23T19:18:49.214153+00:00
a3736910273bdc2ee52968c49381ec2cf963c876,warp_reduction,compact warp-reduction custom CUDA; header-only CUDA 12.8 compatibility include applied,512,4096,512,float32,0.125,25,100,43,141.50400459766388,,0,Tesla T4,7.5,2.11.0+cu128,12.8,2026-08-23T19:18:49.214153+00:00
a3736910273bdc2ee52968c49381ec2cf963c876,warp_reduction,compact warp-reduction custom CUDA; header-only CUDA 12.8 compatibility include applied,512,4096,512,float32,0.125,25,100,44,132.4480026960373,,0,Tesla T4,7.5,2.11.0+cu128,12.8,2026-08-23T19:18:49.214153+00:00
a3736910273bdc2ee52968c49381ec2cf963c876,warp_reduction,compact warp-reduction custom CUDA; header-only CUDA 12.8 compatibility include applied,512,4096,512,float32,0.125,25,100,45,129.02399897575378,,0,Tesla T4,7.5,2.11.0+cu128,12.8,2026-08-23T19:18:49.214153+00:00
a3736910273bdc2ee52968c49381ec2cf963c876,warp_reduction,compact warp-reduction custom CUDA; header-only CUDA 12.8 compatibility include applied,512,4096,512,float32,0.125,25,100,46,128.92800569534302,,0,Tesla T4,7.5,2.11.0+cu128,12.8,2026-08-23T19:18:49.214153+00:00
a3736910273bdc2ee52968c49381ec2cf963c876,warp_reduction,compact warp-reduction custom CUDA; header-only CUDA 12.8 compatibility include applied,512,4096,512,float32,0.125,25,100,47,129.15199995040894,,0,Tesla T4,7.5,2.11.0+cu128,12.8,2026-08-23T19:18:49.214153+00:00
a3736910273bdc2ee52968c49381ec2cf963c876,warp_reduction,compact warp-reduction custom CUDA; header-only CUDA 12.8 compatibility include applied,512,4096,512,float32,0.125,25,100,48,128.38399410247803,,0,Tesla T4,7.5,2.11.0+cu128,12.8,2026-08-23T19:18:49.214153+00:00
a3736910273bdc2ee52968c49381ec2cf963c876,warp_reduction,compact warp-reduction custom CUDA; header-only CUDA 12.8 compatibility include applied,512,4096,512,float32,0.125,25,100,49,129.02399897575378,,0,Tesla T4,7.5,2.11.0+cu128,12.8,2026-08-23T19:18:49.214153+00:00
a3736910273bdc2ee52968c49381ec2cf963c876,warp_reduction,compact warp-reduction custom CUDA; header-only CUDA 12.8 compatibility include applied,512,4096,512,float32,0.125,25,100,50,131.071999669075,,0,Tesla T4,7.5,2.11.0+cu128,12.8,2026-08-23T19:18:49.214153+00:00
a3736910273bdc2ee52968c49381ec2cf963c876,warp_reduction,compact warp-reduction custom CUDA; header-only CUDA 12.8 compatibility include applied,512,4096,512,float32,0.125,25,100,51,129.40800189971924,,0,Tesla T4,7.5,2.11.0+cu128,12.8,2026-08-23T19:18:49.214153+00:00
a3736910273bdc2ee52968c49381ec2cf963c876,warp_reduction,compact warp-reduction custom CUDA; header-only CUDA 12.8 compatibility include applied,512,4096,512,float32,0.125,25,100,52,128.54400277137756,,0,Tesla T4,7.5,2.11.0+cu128,12.8,2026-08-23T19:18:49.214153+00:00
a3736910273bdc2ee52968c49381ec2cf963c876,warp_reduction,compact warp-reduction custom CUDA; header-only CUDA 12.8 compatibility include applied,512,4096,512,float32,0.125,25,100,53,128.89599800109863,,0,Tesla T4,7.5,2.11.0+cu128,12.8,2026-08-23T19:18:49.214153+00:00
a3736910273bdc2ee52968c49381ec2cf963c876,warp_reduction,compact warp-reduction custom CUDA; header-only CUDA 12.8 compatibility include applied,512,4096,512,float32,0.125,25,100,54,129.02399897575378,,0,Tesla T4,7.5,2.11.0+cu128,12.8,2026-08-23T19:18:49.214153+00:00
a3736910273bdc2ee52968c49381ec2cf963c876,warp_reduction,compact warp-reduction custom CUDA; header-only CUDA 12.8 compatibility include applied,512,4096,512,float32,0.125,25,100,55,128.22400033473969,,0,Tesla T4,7.5,2.11.0+cu128,12.8,2026-08-23T19:18:49.214153+00:00
a3736910273bdc2ee52968c49381ec2cf963c876,warp_reduction,compact warp-reduction custom CUDA; header-only CUDA 12.8 compatibility include applied,512,4096,512,float32,0.125,25,100,56,128.00000607967377,,0,Tesla T4,7.5,2.11.0+cu128,12.8,2026-08-23T19:18:49.214153+00:00
a3736910273bdc2ee52968c49381ec2cf963c876,warp_reduction,compact warp-reduction custom CUDA; header-only CUDA 12.8 compatibility include applied,512,4096,512,float32,0.125,25,100,57,134.88000631332397,,0,Tesla T4,7.5,2.11.0+cu128,12.8,2026-08-23T19:18:49.214153+00:00
a3736910273bdc2ee52968c49381ec2cf963c876,warp_reduction,compact warp-reduction custom CUDA; header-only CUDA 12.8 compatibility include applied,512,4096,512,float32,0.125,25,100,58,128.4160017967224,,0,Tesla T4,7.5,2.11.0+cu128,12.8,2026-08-23T19:18:49.214153+00:00
a3736910273bdc2ee52968c49381ec2cf963c876,warp_reduction,compact warp-reduction custom CUDA; header-only CUDA 12.8 compatibility include applied,512,4096,512,float32,0.125,25,100,59,128.22400033473969,,0,Tesla T4,7.5,2.11.0+cu128,12.8,2026-08-23T19:18:49.214153+00:00
a3736910273bdc2ee52968c49381ec2cf963c876,warp_reduction,compact warp-reduction custom CUDA; header-only CUDA 12.8 compatibility include applied,512,4096,512,float32,0.125,25,100,60,127.13600695133209,,0,Tesla T4,7.5,2.11.0+cu128,12.8,2026-08-23T19:18:49.214153+00:00
a3736910273bdc2ee52968c49381ec2cf963c876,warp_reduction,compact warp-reduction custom CUDA; header-only CUDA 12.8 compatibility include applied,512,4096,512,float32,0.125,25,100,61,127.51999497413635,,0,Tesla T4,7.5,2.11.0+cu128,12.8,2026-08-23T19:18:49.214153+00:00
a3736910273bdc2ee52968c49381ec2cf963c876,warp_reduction,compact warp-reduction custom CUDA; header-only CUDA 12.8 compatibility include applied,512,4096,512,float32,0.125,25,100,62,128.31999361515045,,0,Tesla T4,7.5,2.11.0+cu128,12.8,2026-08-23T19:18:49.214153+00:00
a3736910273bdc2ee52968c49381ec2cf963c876,warp_reduction,compact warp-reduction custom CUDA; header-only CUDA 12.8 compatibility include applied,512,4096,512,float32,0.125,25,100,63,126.97599828243256,,0,Tesla T4,7.5,2.11.0+cu128,12.8,2026-08-23T19:18:49.214153+00:00
a3736910273bdc2ee52968c49381ec2cf963c876,warp_reduction,compact warp-reduction custom CUDA; header-only CUDA 12.8 compatibility include applied,512,4096,512,float32,0.125,25,100,64,129.40800189971924,,0,Tesla T4,7.5,2.11.0+cu128,12.8,2026-08-23T19:18:49.214153+00:00
a3736910273bdc2ee52968c49381ec2cf963c876,warp_reduction,compact warp-reduction custom CUDA; header-only CUDA 12.8 compatibility include applied,512,4096,512,float32,0.125,25,100,65,130.3039938211441,,0,Tesla T4,7.5,2.11.0+cu128,12.8,2026-08-23T19:18:49.214153+00:00
a3736910273bdc2ee52968c49381ec2cf963c876,warp_reduction,compact warp-reduction custom CUDA; header-only CUDA 12.8 compatibility include applied,512,4096,512,float32,0.125,25,100,66,128.06400656700134,,0,Tesla T4,7.5,2.11.0+cu128,12.8,2026-08-23T19:18:49.214153+00:00
a3736910273bdc2ee52968c49381ec2cf963c876,warp_reduction,compact warp-reduction custom CUDA; header-only CUDA 12.8 compatibility include applied,512,4096,512,float32,0.125,25,100,67,127.13600695133209,,0,Tesla T4,7.5,2.11.0+cu128,12.8,2026-08-23T19:18:49.214153+00:00
a3736910273bdc2ee52968c49381ec2cf963c876,warp_reduction,compact warp-reduction custom CUDA; header-only CUDA 12.8 compatibility include applied,512,4096,512,float32,0.125,25,100,68,127.96799838542938,,0,Tesla T4,7.5,2.11.0+cu128,12.8,2026-08-23T19:18:49.214153+00:00
a3736910273bdc2ee52968c49381ec2cf963c876,warp_reduction,compact warp-reduction custom CUDA; header-only CUDA 12.8 compatibility include applied,512,4096,512,float32,0.125,25,100,69,128.28800082206726,,0,Tesla T4,7.5,2.11.0+cu128,12.8,2026-08-23T19:18:49.214153+00:00
a3736910273bdc2ee52968c49381ec2cf963c876,warp_reduction,compact warp-reduction custom CUDA; header-only CUDA 12.8 compatibility include applied,512,4096,512,float32,0.125,25,100,70,127.32799351215363,,0,Tesla T4,7.5,2.11.0+cu128,12.8,2026-08-23T19:18:49.214153+00:00
a3736910273bdc2ee52968c49381ec2cf963c876,warp_reduction,compact warp-reduction custom CUDA; header-only CUDA 12.8 compatibility include applied,512,4096,512,float32,0.125,25,100,71,130.68799674510956,,0,Tesla T4,7.5,2.11.0+cu128,12.8,2026-08-23T19:18:49.214153+00:00
a3736910273bdc2ee52968c49381ec2cf963c876,warp_reduction,compact warp-reduction custom CUDA; header-only CUDA 12.8 compatibility include applied,512,4096,512,float32,0.125,25,100,72,128.54400277137756,,0,Tesla T4,7.5,2.11.0+cu128,12.8,2026-08-23T19:18:49.214153+00:00
a3736910273bdc2ee52968c49381ec2cf963c876,warp_reduction,compact warp-reduction custom CUDA; header-only CUDA 12.8 compatibility include applied,512,4096,512,float32,0.125,25,100,73,128.1919926404953,,0,Tesla T4,7.5,2.11.0+cu128,12.8,2026-08-23T19:18:49.214153+00:00
a3736910273bdc2ee52968c49381ec2cf963c876,warp_reduction,compact warp-reduction custom CUDA; header-only CUDA 12.8 compatibility include applied,512,4096,512,float32,0.125,25,100,74,127.13600695133209,,0,Tesla T4,7.5,2.11.0+cu128,12.8,2026-08-23T19:18:49.214153+00:00
a3736910273bdc2ee52968c49381ec2cf963c876,warp_reduction,compact warp-reduction custom CUDA; header-only CUDA 12.8 compatibility include applied,512,4096,512,float32,0.125,25,100,75,127.36000120639801,,0,Tesla T4,7.5,2.11.0+cu128,12.8,2026-08-23T19:18:49.214153+00:00
a3736910273bdc2ee52968c49381ec2cf963c876,warp_reduction,compact warp-reduction custom CUDA; header-only CUDA 12.8 compatibility include applied,512,4096,512,float32,0.125,25,100,76,127.36000120639801,,0,Tesla T4,7.5,2.11.0+cu128,12.8,2026-08-23T19:18:49.214153+00:00
a3736910273bdc2ee52968c49381ec2cf963c876,warp_reduction,compact warp-reduction custom CUDA; header-only CUDA 12.8 compatibility include applied,512,4096,512,float32,0.125,25,100,77,161.8880033493042,,0,Tesla T4,7.5,2.11.0+cu128,12.8,2026-08-23T19:18:49.214153+00:00
a3736910273bdc2ee52968c49381ec2cf963c876,warp_reduction,compact warp-reduction custom CUDA; header-only CUDA 12.8 compatibility include applied,512,4096,512,float32,0.125,25,100,78,131.04000687599182,,0,Tesla T4,7.5,2.11.0+cu128,12.8,2026-08-23T19:18:49.214153+00:00
a3736910273bdc2ee52968c49381ec2cf963c876,warp_reduction,compact warp-reduction custom CUDA; header-only CUDA 12.8 compatibility include applied,512,4096,512,float32,0.125,25,100,79,129.15199995040894,,0,Tesla T4,7.5,2.11.0+cu128,12.8,2026-08-23T19:18:49.214153+00:00
a3736910273bdc2ee52968c49381ec2cf963c876,warp_reduction,compact warp-reduction custom CUDA; header-only CUDA 12.8 compatibility include applied,512,4096,512,float32,0.125,25,100,80,129.60000336170197,,0,Tesla T4,7.5,2.11.0+cu128,12.8,2026-08-23T19:18:49.214153+00:00
a3736910273bdc2ee52968c49381ec2cf963c876,warp_reduction,compact warp-reduction custom CUDA; header-only CUDA 12.8 compatibility include applied,512,4096,512,float32,0.125,25,100,81,130.68799674510956,,0,Tesla T4,7.5,2.11.0+cu128,12.8,2026-08-23T19:18:49.214153+00:00
a3736910273bdc2ee52968c49381ec2cf963c876,warp_reduction,compact warp-reduction custom CUDA; header-only CUDA 12.8 compatibility include applied,512,4096,512,float32,0.125,25,100,82,129.2479932308197,,0,Tesla T4,7.5,2.11.0+cu128,12.8,2026-08-23T19:18:49.214153+00:00
a3736910273bdc2ee52968c49381ec2cf963c876,warp_reduction,compact warp-reduction custom CUDA; header-only CUDA 12.8 compatibility include applied,512,4096,512,float32,0.125,25,100,83,130.62399625778198,,0,Tesla T4,7.5,2.11.0+cu128,12.8,2026-08-23T19:18:49.214153+00:00
a3736910273bdc2ee52968c49381ec2cf963c876,warp_reduction,compact warp-reduction custom CUDA; header-only CUDA 12.8 compatibility include applied,512,4096,512,float32,0.125,25,100,84,145.37599682807922,,0,Tesla T4,7.5,2.11.0+cu128,12.8,2026-08-23T19:18:49.214153+00:00
a3736910273bdc2ee52968c49381ec2cf963c876,warp_reduction,compact warp-reduction custom CUDA; header-only CUDA 12.8 compatibility include applied,512,4096,512,float32,0.125,25,100,85,129.63199615478516,,0,Tesla T4,7.5,2.11.0+cu128,12.8,2026-08-23T19:18:49.214153+00:00
a3736910273bdc2ee52968c49381ec2cf963c876,warp_reduction,compact warp-reduction custom CUDA; header-only CUDA 12.8 compatibility include applied,512,4096,512,float32,0.125,25,100,86,128.76799702644348,,0,Tesla T4,7.5,2.11.0+cu128,12.8,2026-08-23T19:18:49.214153+00:00
a3736910273bdc2ee52968c49381ec2cf963c876,warp_reduction,compact warp-reduction custom CUDA; header-only CUDA 12.8 compatibility include applied,512,4096,512,float32,0.125,25,100,87,127.51999497413635,,0,Tesla T4,7.5,2.11.0+cu128,12.8,2026-08-23T19:18:49.214153+00:00
a3736910273bdc2ee52968c49381ec2cf963c876,warp_reduction,compact warp-reduction custom CUDA; header-only CUDA 12.8 compatibility include applied,512,4096,512,float32,0.125,25,100,88,127.20000743865967,,0,Tesla T4,7.5,2.11.0+cu128,12.8,2026-08-23T19:18:49.214153+00:00
a3736910273bdc2ee52968c49381ec2cf963c876,warp_reduction,compact warp-reduction custom CUDA; header-only CUDA 12.8 compatibility include applied,512,4096,512,float32,0.125,25,100,89,128.9599984884262,,0,Tesla T4,7.5,2.11.0+cu128,12.8,2026-08-23T19:18:49.214153+00:00
a3736910273bdc2ee52968c49381ec2cf963c876,warp_reduction,compact warp-reduction custom CUDA; header-only CUDA 12.8 compatibility include applied,512,4096,512,float32,0.125,25,100,90,128.48000228405,,0,Tesla T4,7.5,2.11.0+cu128,12.8,2026-08-23T19:18:49.214153+00:00
a3736910273bdc2ee52968c49381ec2cf963c876,warp_reduction,compact warp-reduction custom CUDA; header-only CUDA 12.8 compatibility include applied,512,4096,512,float32,0.125,25,100,91,130.2720010280609,,0,Tesla T4,7.5,2.11.0+cu128,12.8,2026-08-23T19:18:49.214153+00:00
a3736910273bdc2ee52968c49381ec2cf963c876,warp_reduction,compact warp-reduction custom CUDA; header-only CUDA 12.8 compatibility include applied,512,4096,512,float32,0.125,25,100,92,127.10399925708771,,0,Tesla T4,7.5,2.11.0+cu128,12.8,2026-08-23T19:18:49.214153+00:00
a3736910273bdc2ee52968c49381ec2cf963c876,warp_reduction,compact warp-reduction custom CUDA; header-only CUDA 12.8 compatibility include applied,512,4096,512,float32,0.125,25,100,93,128.22400033473969,,0,Tesla T4,7.5,2.11.0+cu128,12.8,2026-08-23T19:18:49.214153+00:00
a3736910273bdc2ee52968c49381ec2cf963c876,warp_reduction,compact warp-reduction custom CUDA; header-only CUDA 12.8 compatibility include applied,512,4096,512,float32,0.125,25,100,94,128.1919926404953,,0,Tesla T4,7.5,2.11.0+cu128,12.8,2026-08-23T19:18:49.214153+00:00
a3736910273bdc2ee52968c49381ec2cf963c876,warp_reduction,compact warp-reduction custom CUDA; header-only CUDA 12.8 compatibility include applied,512,4096,512,float32,0.125,25,100,95,127.23200023174286,,0,Tesla T4,7.5,2.11.0+cu128,12.8,2026-08-23T19:18:49.214153+00:00
a3736910273bdc2ee52968c49381ec2cf963c876,warp_reduction,compact warp-reduction custom CUDA; header-only CUDA 12.8 compatibility include applied,512,4096,512,float32,0.125,25,100,96,139.96799290180206,,0,Tesla T4,7.5,2.11.0+cu128,12.8,2026-08-23T19:18:49.214153+00:00
a3736910273bdc2ee52968c49381ec2cf963c876,warp_reduction,compact warp-reduction custom CUDA; header-only CUDA 12.8 compatibility include applied,512,4096,512,float32,0.125,25,100,97,131.9359987974167,,0,Tesla T4,7.5,2.11.0+cu128,12.8,2026-08-23T19:18:49.214153+00:00
a3736910273bdc2ee52968c49381ec2cf963c876,warp_reduction,compact warp-reduction custom CUDA; header-only CUDA 12.8 compatibility include applied,512,4096,512,float32,0.125,25,100,98,128.9599984884262,,0,Tesla T4,7.5,2.11.0+cu128,12.8,2026-08-23T19:18:49.214153+00:00
a3736910273bdc2ee52968c49381ec2cf963c876,warp_reduction,compact warp-reduction custom CUDA; header-only CUDA 12.8 compatibility include applied,512,4096,512,float32,0.125,25,100,99,128.60800325870514,,0,Tesla T4,7.5,2.11.0+cu128,12.8,2026-08-23T19:18:49.214153+00:00
a3736910273bdc2ee52968c49381ec2cf963c876,warp_reduction,compact warp-reduction custom CUDA; header-only CUDA 12.8 compatibility include applied,768,6144,768,float32,0.125,25,100,0,260.09601354599,,0,Tesla T4,7.5,2.11.0+cu128,12.8,2026-08-23T19:18:51.720357+00:00
a3736910273bdc2ee52968c49381ec2cf963c876,warp_reduction,compact warp-reduction custom CUDA; header-only CUDA 12.8 compatibility include applied,768,6144,768,float32,0.125,25,100,1,239.6479994058609,,0,Tesla T4,7.5,2.11.0+cu128,12.8,2026-08-23T19:18:51.720357+00:00
a3736910273bdc2ee52968c49381ec2cf963c876,warp_reduction,compact warp-reduction custom CUDA; header-only CUDA 12.8 compatibility include applied,768,6144,768,float32,0.125,25,100,2,237.31200397014618,,0,Tesla T4,7.5,2.11.0+cu128,12.8,2026-08-23T19:18:51.720357+00:00
a3736910273bdc2ee52968c49381ec2cf963c876,warp_reduction,compact warp-reduction custom CUDA; header-only CUDA 12.8 compatibility include applied,768,6144,768,float32,0.125,25,100,3,235.1360023021698,,0,Tesla T4,7.5,2.11.0+cu128,12.8,2026-08-23T19:18:51.720357+00:00
a3736910273bdc2ee52968c49381ec2cf963c876,warp_reduction,compact warp-reduction custom CUDA; header-only CUDA 12.8 compatibility include applied,768,6144,768,float32,0.125,25,100,4,242.3039972782135,,0,Tesla T4,7.5,2.11.0+cu128,12.8,2026-08-23T19:18:51.720357+00:00
a3736910273bdc2ee52968c49381ec2cf963c876,warp_reduction,compact warp-reduction custom CUDA; header-only CUDA 12.8 compatibility include applied,768,6144,768,float32,0.125,25,100,5,236.06400191783905,,0,Tesla T4,7.5,2.11.0+cu128,12.8,2026-08-23T19:18:51.720357+00:00
a3736910273bdc2ee52968c49381ec2cf963c876,warp_reduction,compact warp-reduction custom CUDA; header-only CUDA 12.8 compatibility include applied,768,6144,768,float32,0.125,25,100,6,235.35999655723572,,0,Tesla T4,7.5,2.11.0+cu128,12.8,2026-08-23T19:18:51.720357+00:00
a3736910273bdc2ee52968c49381ec2cf963c876,warp_reduction,compact warp-reduction custom CUDA; header-only CUDA 12.8 compatibility include applied,768,6144,768,float32,0.125,25,100,7,235.74399948120117,,0,Tesla T4,7.5,2.11.0+cu128,12.8,2026-08-23T19:18:51.720357+00:00
a3736910273bdc2ee52968c49381ec2cf963c876,warp_reduction,compact warp-reduction custom CUDA; header-only CUDA 12.8 compatibility include applied,768,6144,768,float32,0.125,25,100,8,237.5359982252121,,0,Tesla T4,7.5,2.11.0+cu128,12.8,2026-08-23T19:18:51.720357+00:00
a3736910273bdc2ee52968c49381ec2cf963c876,warp_reduction,compact warp-reduction custom CUDA; header-only CUDA 12.8 compatibility include applied,768,6144,768,float32,0.125,25,100,9,235.3920042514801,,0,Tesla T4,7.5,2.11.0+cu128,12.8,2026-08-23T19:18:51.720357+00:00
a3736910273bdc2ee52968c49381ec2cf963c876,warp_reduction,compact warp-reduction custom CUDA; header-only CUDA 12.8 compatibility include applied,768,6144,768,float32,0.125,25,100,10,235.6799989938736,,0,Tesla T4,7.5,2.11.0+cu128,12.8,2026-08-23T19:18:51.720357+00:00
a3736910273bdc2ee52968c49381ec2cf963c876,warp_reduction,compact warp-reduction custom CUDA; header-only CUDA 12.8 compatibility include applied,768,6144,768,float32,0.125,25,100,11,235.3920042514801,,0,Tesla T4,7.5,2.11.0+cu128,12.8,2026-08-23T19:18:51.720357+00:00
a3736910273bdc2ee52968c49381ec2cf963c876,warp_reduction,compact warp-reduction custom CUDA; header-only CUDA 12.8 compatibility include applied,768,6144,768,float32,0.125,25,100,12,237.8239929676056,,0,Tesla T4,7.5,2.11.0+cu128,12.8,2026-08-23T19:18:51.720357+00:00
a3736910273bdc2ee52968c49381ec2cf963c876,warp_reduction,compact warp-reduction custom CUDA; header-only CUDA 12.8 compatibility include applied,768,6144,768,float32,0.125,25,100,13,235.3920042514801,,0,Tesla T4,7.5,2.11.0+cu128,12.8,2026-08-23T19:18:51.720357+00:00
a3736910273bdc2ee52968c49381ec2cf963c876,warp_reduction,compact warp-reduction custom CUDA; header-only CUDA 12.8 compatibility include applied,768,6144,768,float32,0.125,25,100,14,234.65600609779358,,0,Tesla T4,7.5,2.11.0+cu128,12.8,2026-08-23T19:18:51.720357+00:00
a3736910273bdc2ee52968c49381ec2cf963c876,warp_reduction,compact warp-reduction custom CUDA; header-only CUDA 12.8 compatibility include applied,768,6144,768,float32,0.125,25,100,15,234.72000658512115,,0,Tesla T4,7.5,2.11.0+cu128,12.8,2026-08-23T19:18:51.720357+00:00
a3736910273bdc2ee52968c49381ec2cf963c876,warp_reduction,compact warp-reduction custom CUDA; header-only CUDA 12.8 compatibility include applied,768,6144,768,float32,0.125,25,100,16,239.29600417613983,,0,Tesla T4,7.5,2.11.0+cu128,12.8,2026-08-23T19:18:51.720357+00:00
a3736910273bdc2ee52968c49381ec2cf963c876,warp_reduction,compact warp-reduction custom CUDA; header-only CUDA 12.8 compatibility include applied,768,6144,768,float32,0.125,25,100,17,235.52000522613525,,0,Tesla T4,7.5,2.11.0+cu128,12.8,2026-08-23T19:18:51.720357+00:00
a3736910273bdc2ee52968c49381ec2cf963c876,warp_reduction,compact warp-reduction custom CUDA; header-only CUDA 12.8 compatibility include applied,768,6144,768,float32,0.125,25,100,18,235.167995095253,,0,Tesla T4,7.5,2.11.0+cu128,12.8,2026-08-23T19:18:51.720357+00:00
a3736910273bdc2ee52968c49381ec2cf963c876,warp_reduction,compact warp-reduction custom CUDA; header-only CUDA 12.8 compatibility include applied,768,6144,768,float32,0.125,25,100,19,246.59200012683868,,0,Tesla T4,7.5,2.11.0+cu128,12.8,2026-08-23T19:18:51.720357+00:00
a3736910273bdc2ee52968c49381ec2cf963c876,warp_reduction,compact warp-reduction custom CUDA; header-only CUDA 12.8 compatibility include applied,768,6144,768,float32,0.125,25,100,20,240.83200097084045,,0,Tesla T4,7.5,2.11.0+cu128,12.8,2026-08-23T19:18:51.720357+00:00
a3736910273bdc2ee52968c49381ec2cf963c876,warp_reduction,compact warp-reduction custom CUDA; header-only CUDA 12.8 compatibility include applied,768,6144,768,float32,0.125,25,100,21,235.3920042514801,,0,Tesla T4,7.5,2.11.0+cu128,12.8,2026-08-23T19:18:51.720357+00:00
a3736910273bdc2ee52968c49381ec2cf963c876,warp_reduction,compact warp-reduction custom CUDA; header-only CUDA 12.8 compatibility include applied,768,6144,768,float32,0.125,25,100,22,235.20000278949738,,0,Tesla T4,7.5,2.11.0+cu128,12.8,2026-08-23T19:18:51.720357+00:00
a3736910273bdc2ee52968c49381ec2cf963c876,warp_reduction,compact warp-reduction custom CUDA; header-only CUDA 12.8 compatibility include applied,768,6144,768,float32,0.125,25,100,23,237.59999871253967,,0,Tesla T4,7.5,2.11.0+cu128,12.8,2026-08-23T19:18:51.720357+00:00
a3736910273bdc2ee52968c49381ec2cf963c876,warp_reduction,compact warp-reduction custom CUDA; header-only CUDA 12.8 compatibility include applied,768,6144,768,float32,0.125,25,100,24,237.56800591945648,,0,Tesla T4,7.5,2.11.0+cu128,12.8,2026-08-23T19:18:51.720357+00:00
a3736910273bdc2ee52968c49381ec2cf963c876,warp_reduction,compact warp-reduction custom CUDA; header-only CUDA 12.8 compatibility include applied,768,6144,768,float32,0.125,25,100,25,237.37600445747375,,0,Tesla T4,7.5,2.11.0+cu128,12.8,2026-08-23T19:18:51.720357+00:00
a3736910273bdc2ee52968c49381ec2cf963c876,warp_reduction,compact warp-reduction custom CUDA; header-only CUDA 12.8 compatibility include applied,768,6144,768,float32,0.125,25,100,26,237.2480034828186,,0,Tesla T4,7.5,2.11.0+cu128,12.8,2026-08-23T19:18:51.720357+00:00
a3736910273bdc2ee52968c49381ec2cf963c876,warp_reduction,compact warp-reduction custom CUDA; header-only CUDA 12.8 compatibility include applied,768,6144,768,float32,0.125,25,100,27,256.6719949245453,,0,Tesla T4,7.5,2.11.0+cu128,12.8,2026-08-23T19:18:51.720357+00:00
a3736910273bdc2ee52968c49381ec2cf963c876,warp_reduction,compact warp-reduction custom CUDA; header-only CUDA 12.8 compatibility include applied,768,6144,768,float32,0.125,25,100,28,254.4960081577301,,0,Tesla T4,7.5,2.11.0+cu128,12.8,2026-08-23T19:18:51.720357+00:00
a3736910273bdc2ee52968c49381ec2cf963c876,warp_reduction,compact warp-reduction custom CUDA; header-only CUDA 12.8 compatibility include applied,768,6144,768,float32,0.125,25,100,29,235.9360009431839,,0,Tesla T4,7.5,2.11.0+cu128,12.8,2026-08-23T19:18:51.720357+00:00
a3736910273bdc2ee52968c49381ec2cf963c876,warp_reduction,compact warp-reduction custom CUDA; header-only CUDA 12.8 compatibility include applied,768,6144,768,float32,0.125,25,100,30,235.48799753189087,,0,Tesla T4,7.5,2.11.0+cu128,12.8,2026-08-23T19:18:51.720357+00:00
a3736910273bdc2ee52968c49381ec2cf963c876,warp_reduction,compact warp-reduction custom CUDA; header-only CUDA 12.8 compatibility include applied,768,6144,768,float32,0.125,25,100,31,236.28799617290497,,0,Tesla T4,7.5,2.11.0+cu128,12.8,2026-08-23T19:18:51.720357+00:00
a3736910273bdc2ee52968c49381ec2cf963c876,warp_reduction,compact warp-reduction custom CUDA; header-only CUDA 12.8 compatibility include applied,768,6144,768,float32,0.125,25,100,32,233.8559925556183,,0,Tesla T4,7.5,2.11.0+cu128,12.8,2026-08-23T19:18:51.720357+00:00
a3736910273bdc2ee52968c49381ec2cf963c876,warp_reduction,compact warp-reduction custom CUDA; header-only CUDA 12.8 compatibility include applied,768,6144,768,float32,0.125,25,100,33,235.29599606990814,,0,Tesla T4,7.5,2.11.0+cu128,12.8,2026-08-23T19:18:51.720357+00:00
a3736910273bdc2ee52968c49381ec2cf963c876,warp_reduction,compact warp-reduction custom CUDA; header-only CUDA 12.8 compatibility include applied,768,6144,768,float32,0.125,25,100,34,234.81599986553192,,0,Tesla T4,7.5,2.11.0+cu128,12.8,2026-08-23T19:18:51.720357+00:00
a3736910273bdc2ee52968c49381ec2cf963c876,warp_reduction,compact warp-reduction custom CUDA; header-only CUDA 12.8 compatibility include applied,768,6144,768,float32,0.125,25,100,35,244.57600712776184,,0,Tesla T4,7.5,2.11.0+cu128,12.8,2026-08-23T19:18:51.720357+00:00
a3736910273bdc2ee52968c49381ec2cf963c876,warp_reduction,compact warp-reduction custom CUDA; header-only CUDA 12.8 compatibility include applied,768,6144,768,float32,0.125,25,100,36,244.9280023574829,,0,Tesla T4,7.5,2.11.0+cu128,12.8,2026-08-23T19:18:51.720357+00:00
a3736910273bdc2ee52968c49381ec2cf963c876,warp_reduction,compact warp-reduction custom CUDA; header-only CUDA 12.8 compatibility include applied,768,6144,768,float32,0.125,25,100,37,235.52000522613525,,0,Tesla T4,7.5,2.11.0+cu128,12.8,2026-08-23T19:18:51.720357+00:00
a3736910273bdc2ee52968c49381ec2cf963c876,warp_reduction,compact warp-reduction custom CUDA; header-only CUDA 12.8 compatibility include applied,768,6144,768,float32,0.125,25,100,38,235.55199801921844,,0,Tesla T4,7.5,2.11.0+cu128,12.8,2026-08-23T19:18:51.720357+00:00
a3736910273bdc2ee52968c49381ec2cf963c876,warp_reduction,compact warp-reduction custom CUDA; header-only CUDA 12.8 compatibility include applied,768,6144,768,float32,0.125,25,100,39,237.59999871253967,,0,Tesla T4,7.5,2.11.0+cu128,12.8,2026-08-23T19:18:51.720357+00:00
a3736910273bdc2ee52968c49381ec2cf963c876,warp_reduction,compact warp-reduction custom CUDA; header-only CUDA 12.8 compatibility include applied,768,6144,768,float32,0.125,25,100,40,236.1920028924942,,0,Tesla T4,7.5,2.11.0+cu128,12.8,2026-08-23T19:18:51.720357+00:00
a3736910273bdc2ee52968c49381ec2cf963c876,warp_reduction,compact warp-reduction custom CUDA; header-only CUDA 12.8 compatibility include applied,768,6144,768,float32,0.125,25,100,41,235.71200668811798,,0,Tesla T4,7.5,2.11.0+cu128,12.8,2026-08-23T19:18:51.720357+00:00
a3736910273bdc2ee52968c49381ec2cf963c876,warp_reduction,compact warp-reduction custom CUDA; header-only CUDA 12.8 compatibility include applied,768,6144,768,float32,0.125,25,100,42,243.29599738121033,,0,Tesla T4,7.5,2.11.0+cu128,12.8,2026-08-23T19:18:51.720357+00:00
a3736910273bdc2ee52968c49381ec2cf963c876,warp_reduction,compact warp-reduction custom CUDA; header-only CUDA 12.8 compatibility include applied,768,6144,768,float32,0.125,25,100,43,235.52000522613525,,0,Tesla T4,7.5,2.11.0+cu128,12.8,2026-08-23T19:18:51.720357+00:00
a3736910273bdc2ee52968c49381ec2cf963c876,warp_reduction,compact warp-reduction custom CUDA; header-only CUDA 12.8 compatibility include applied,768,6144,768,float32,0.125,25,100,44,235.52000522613525,,0,Tesla T4,7.5,2.11.0+cu128,12.8,2026-08-23T19:18:51.720357+00:00
a3736910273bdc2ee52968c49381ec2cf963c876,warp_reduction,compact warp-reduction custom CUDA; header-only CUDA 12.8 compatibility include applied,768,6144,768,float32,0.125,25,100,45,236.83199286460876,,0,Tesla T4,7.5,2.11.0+cu128,12.8,2026-08-23T19:18:51.720357+00:00
a3736910273bdc2ee52968c49381ec2cf963c876,warp_reduction,compact warp-reduction custom CUDA; header-only CUDA 12.8 compatibility include applied,768,6144,768,float32,0.125,25,100,46,238.11200261116028,,0,Tesla T4,7.5,2.11.0+cu128,12.8,2026-08-23T19:18:51.720357+00:00
a3736910273bdc2ee52968c49381ec2cf963c876,warp_reduction,compact warp-reduction custom CUDA; header-only CUDA 12.8 compatibility include applied,768,6144,768,float32,0.125,25,100,47,236.7040067911148,,0,Tesla T4,7.5,2.11.0+cu128,12.8,2026-08-23T19:18:51.720357+00:00
a3736910273bdc2ee52968c49381ec2cf963c876,warp_reduction,compact warp-reduction custom CUDA; header-only CUDA 12.8 compatibility include applied,768,6144,768,float32,0.125,25,100,48,235.55199801921844,,0,Tesla T4,7.5,2.11.0+cu128,12.8,2026-08-23T19:18:51.720357+00:00
a3736910273bdc2ee52968c49381ec2cf963c876,warp_reduction,compact warp-reduction custom CUDA; header-only CUDA 12.8 compatibility include applied,768,6144,768,float32,0.125,25,100,49,234.3679964542389,,0,Tesla T4,7.5,2.11.0+cu128,12.8,2026-08-23T19:18:51.720357+00:00
a3736910273bdc2ee52968c49381ec2cf963c876,warp_reduction,compact warp-reduction custom CUDA; header-only CUDA 12.8 compatibility include applied,768,6144,768,float32,0.125,25,100,50,237.56800591945648,,0,Tesla T4,7.5,2.11.0+cu128,12.8,2026-08-23T19:18:51.720357+00:00
a3736910273bdc2ee52968c49381ec2cf963c876,warp_reduction,compact warp-reduction custom CUDA; header-only CUDA 12.8 compatibility include applied,768,6144,768,float32,0.125,25,100,51,235.10399460792542,,0,Tesla T4,7.5,2.11.0+cu128,12.8,2026-08-23T19:18:51.720357+00:00
a3736910273bdc2ee52968c49381ec2cf963c876,warp_reduction,compact warp-reduction custom CUDA; header-only CUDA 12.8 compatibility include applied,768,6144,768,float32,0.125,25,100,52,235.55199801921844,,0,Tesla T4,7.5,2.11.0+cu128,12.8,2026-08-23T19:18:51.720357+00:00
a3736910273bdc2ee52968c49381ec2cf963c876,warp_reduction,compact warp-reduction custom CUDA; header-only CUDA 12.8 compatibility include applied,768,6144,768,float32,0.125,25,100,53,235.07200181484222,,0,Tesla T4,7.5,2.11.0+cu128,12.8,2026-08-23T19:18:51.720357+00:00
a3736910273bdc2ee52968c49381ec2cf963c876,warp_reduction,compact warp-reduction custom CUDA; header-only CUDA 12.8 compatibility include applied,768,6144,768,float32,0.125,25,100,54,237.18400299549103,,0,Tesla T4,7.5,2.11.0+cu128,12.8,2026-08-23T19:18:51.720357+00:00
a3736910273bdc2ee52968c49381ec2cf963c876,warp_reduction,compact warp-reduction custom CUDA; header-only CUDA 12.8 compatibility include applied,768,6144,768,float32,0.125,25,100,55,234.30399596691132,,0,Tesla T4,7.5,2.11.0+cu128,12.8,2026-08-23T19:18:51.720357+00:00
a3736910273bdc2ee52968c49381ec2cf963c876,warp_reduction,compact warp-reduction custom CUDA; header-only CUDA 12.8 compatibility include applied,768,6144,768,float32,0.125,25,100,56,238.43200504779816,,0,Tesla T4,7.5,2.11.0+cu128,12.8,2026-08-23T19:18:51.720357+00:00
a3736910273bdc2ee52968c49381ec2cf963c876,warp_reduction,compact warp-reduction custom CUDA; header-only CUDA 12.8 compatibility include applied,768,6144,768,float32,0.125,25,100,57,235.55199801921844,,0,Tesla T4,7.5,2.11.0+cu128,12.8,2026-08-23T19:18:51.720357+00:00
a3736910273bdc2ee52968c49381ec2cf963c876,warp_reduction,compact warp-reduction custom CUDA; header-only CUDA 12.8 compatibility include applied,768,6144,768,float32,0.125,25,100,58,240.25599658489227,,0,Tesla T4,7.5,2.11.0+cu128,12.8,2026-08-23T19:18:51.720357+00:00
a3736910273bdc2ee52968c49381ec2cf963c876,warp_reduction,compact warp-reduction custom CUDA; header-only CUDA 12.8 compatibility include applied,768,6144,768,float32,0.125,25,100,59,250.04801154136658,,0,Tesla T4,7.5,2.11.0+cu128,12.8,2026-08-23T19:18:51.720357+00:00
a3736910273bdc2ee52968c49381ec2cf963c876,warp_reduction,compact warp-reduction custom CUDA; header-only CUDA 12.8 compatibility include applied,768,6144,768,float32,0.125,25,100,60,241.72799289226532,,0,Tesla T4,7.5,2.11.0+cu128,12.8,2026-08-23T19:18:51.720357+00:00
a3736910273bdc2ee52968c49381ec2cf963c876,warp_reduction,compact warp-reduction custom CUDA; header-only CUDA 12.8 compatibility include applied,768,6144,768,float32,0.125,25,100,61,237.31200397014618,,0,Tesla T4,7.5,2.11.0+cu128,12.8,2026-08-23T19:18:51.720357+00:00
a3736910273bdc2ee52968c49381ec2cf963c876,warp_reduction,compact warp-reduction custom CUDA; header-only CUDA 12.8 compatibility include applied,768,6144,768,float32,0.125,25,100,62,240.06399512290955,,0,Tesla T4,7.5,2.11.0+cu128,12.8,2026-08-23T19:18:51.720357+00:00
a3736910273bdc2ee52968c49381ec2cf963c876,warp_reduction,compact warp-reduction custom CUDA; header-only CUDA 12.8 compatibility include applied,768,6144,768,float32,0.125,25,100,63,237.47199773788452,,0,Tesla T4,7.5,2.11.0+cu128,12.8,2026-08-23T19:18:51.720357+00:00
a3736910273bdc2ee52968c49381ec2cf963c876,warp_reduction,compact warp-reduction custom CUDA; header-only CUDA 12.8 compatibility include applied,768,6144,768,float32,0.125,25,100,64,237.15199530124664,,0,Tesla T4,7.5,2.11.0+cu128,12.8,2026-08-23T19:18:51.720357+00:00
a3736910273bdc2ee52968c49381ec2cf963c876,warp_reduction,compact warp-reduction custom CUDA; header-only CUDA 12.8 compatibility include applied,768,6144,768,float32,0.125,25,100,65,244.4159984588623,,0,Tesla T4,7.5,2.11.0+cu128,12.8,2026-08-23T19:18:51.720357+00:00
a3736910273bdc2ee52968c49381ec2cf963c876,warp_reduction,compact warp-reduction custom CUDA; header-only CUDA 12.8 compatibility include applied,768,6144,768,float32,0.125,25,100,66,249.88800287246704,,0,Tesla T4,7.5,2.11.0+cu128,12.8,2026-08-23T19:18:51.720357+00:00
a3736910273bdc2ee52968c49381ec2cf963c876,warp_reduction,compact warp-reduction custom CUDA; header-only CUDA 12.8 compatibility include applied,768,6144,768,float32,0.125,25,100,67,234.0800017118454,,0,Tesla T4,7.5,2.11.0+cu128,12.8,2026-08-23T19:18:51.720357+00:00
a3736910273bdc2ee52968c49381ec2cf963c876,warp_reduction,compact warp-reduction custom CUDA; header-only CUDA 12.8 compatibility include applied,768,6144,768,float32,0.125,25,100,68,234.01600122451782,,0,Tesla T4,7.5,2.11.0+cu128,12.8,2026-08-23T19:18:51.720357+00:00
a3736910273bdc2ee52968c49381ec2cf963c876,warp_reduction,compact warp-reduction custom CUDA; header-only CUDA 12.8 compatibility include applied,768,6144,768,float32,0.125,25,100,69,236.2239956855774,,0,Tesla T4,7.5,2.11.0+cu128,12.8,2026-08-23T19:18:51.720357+00:00
a3736910273bdc2ee52968c49381ec2cf963c876,warp_reduction,compact warp-reduction custom CUDA; header-only CUDA 12.8 compatibility include applied,768,6144,768,float32,0.125,25,100,70,235.07200181484222,,0,Tesla T4,7.5,2.11.0+cu128,12.8,2026-08-23T19:18:51.720357+00:00
a3736910273bdc2ee52968c49381ec2cf963c876,warp_reduction,compact warp-reduction custom CUDA; header-only CUDA 12.8 compatibility include applied,768,6144,768,float32,0.125,25,100,71,234.81599986553192,,0,Tesla T4,7.5,2.11.0+cu128,12.8,2026-08-23T19:18:51.720357+00:00
a3736910273bdc2ee52968c49381ec2cf963c876,warp_reduction,compact warp-reduction custom CUDA; header-only CUDA 12.8 compatibility include applied,768,6144,768,float32,0.125,25,100,72,233.75999927520752,,0,Tesla T4,7.5,2.11.0+cu128,12.8,2026-08-23T19:18:51.720357+00:00
a3736910273bdc2ee52968c49381ec2cf963c876,warp_reduction,compact warp-reduction custom CUDA; header-only CUDA 12.8 compatibility include applied,768,6144,768,float32,0.125,25,100,73,237.56800591945648,,0,Tesla T4,7.5,2.11.0+cu128,12.8,2026-08-23T19:18:51.720357+00:00
a3736910273bdc2ee52968c49381ec2cf963c876,warp_reduction,compact warp-reduction custom CUDA; header-only CUDA 12.8 compatibility include applied,768,6144,768,float32,0.125,25,100,74,235.4239970445633,,0,Tesla T4,7.5,2.11.0+cu128,12.8,2026-08-23T19:18:51.720357+00:00
a3736910273bdc2ee52968c49381ec2cf963c876,warp_reduction,compact warp-reduction custom CUDA; header-only CUDA 12.8 compatibility include applied,768,6144,768,float32,0.125,25,100,75,233.47200453281403,,0,Tesla T4,7.5,2.11.0+cu128,12.8,2026-08-23T19:18:51.720357+00:00
a3736910273bdc2ee52968c49381ec2cf963c876,warp_reduction,compact warp-reduction custom CUDA; header-only CUDA 12.8 compatibility include applied,768,6144,768,float32,0.125,25,100,76,235.55199801921844,,0,Tesla T4,7.5,2.11.0+cu128,12.8,2026-08-23T19:18:51.720357+00:00
a3736910273bdc2ee52968c49381ec2cf963c876,warp_reduction,compact warp-reduction custom CUDA; header-only CUDA 12.8 compatibility include applied,768,6144,768,float32,0.125,25,100,77,237.5040054321289,,0,Tesla T4,7.5,2.11.0+cu128,12.8,2026-08-23T19:18:51.720357+00:00
a3736910273bdc2ee52968c49381ec2cf963c876,warp_reduction,compact warp-reduction custom CUDA; header-only CUDA 12.8 compatibility include applied,768,6144,768,float32,0.125,25,100,78,235.55199801921844,,0,Tesla T4,7.5,2.11.0+cu128,12.8,2026-08-23T19:18:51.720357+00:00
a3736910273bdc2ee52968c49381ec2cf963c876,warp_reduction,compact warp-reduction custom CUDA; header-only CUDA 12.8 compatibility include applied,768,6144,768,float32,0.125,25,100,79,235.20000278949738,,0,Tesla T4,7.5,2.11.0+cu128,12.8,2026-08-23T19:18:51.720357+00:00
a3736910273bdc2ee52968c49381ec2cf963c876,warp_reduction,compact warp-reduction custom CUDA; header-only CUDA 12.8 compatibility include applied,768,6144,768,float32,0.125,25,100,80,235.23199558258057,,0,Tesla T4,7.5,2.11.0+cu128,12.8,2026-08-23T19:18:51.720357+00:00
a3736910273bdc2ee52968c49381ec2cf963c876,warp_reduction,compact warp-reduction custom CUDA; header-only CUDA 12.8 compatibility include applied,768,6144,768,float32,0.125,25,100,81,235.48799753189087,,0,Tesla T4,7.5,2.11.0+cu128,12.8,2026-08-23T19:18:51.720357+00:00
a3736910273bdc2ee52968c49381ec2cf963c876,warp_reduction,compact warp-reduction custom CUDA; header-only CUDA 12.8 compatibility include applied,768,6144,768,float32,0.125,25,100,82,233.8559925556183,,0,Tesla T4,7.5,2.11.0+cu128,12.8,2026-08-23T19:18:51.720357+00:00
a3736910273bdc2ee52968c49381ec2cf963c876,warp_reduction,compact warp-reduction custom CUDA; header-only CUDA 12.8 compatibility include applied,768,6144,768,float32,0.125,25,100,83,234.43199694156647,,0,Tesla T4,7.5,2.11.0+cu128,12.8,2026-08-23T19:18:51.720357+00:00
a3736910273bdc2ee52968c49381ec2cf963c876,warp_reduction,compact warp-reduction custom CUDA; header-only CUDA 12.8 compatibility include applied,768,6144,768,float32,0.125,25,100,84,235.52000522613525,,0,Tesla T4,7.5,2.11.0+cu128,12.8,2026-08-23T19:18:51.720357+00:00
a3736910273bdc2ee52968c49381ec2cf963c876,warp_reduction,compact warp-reduction custom CUDA; header-only CUDA 12.8 compatibility include applied,768,6144,768,float32,0.125,25,100,85,235.9039932489395,,0,Tesla T4,7.5,2.11.0+cu128,12.8,2026-08-23T19:18:51.720357+00:00
a3736910273bdc2ee52968c49381ec2cf963c876,warp_reduction,compact warp-reduction custom CUDA; header-only CUDA 12.8 compatibility include applied,768,6144,768,float32,0.125,25,100,86,235.55199801921844,,0,Tesla T4,7.5,2.11.0+cu128,12.8,2026-08-23T19:18:51.720357+00:00
a3736910273bdc2ee52968c49381ec2cf963c876,warp_reduction,compact warp-reduction custom CUDA; header-only CUDA 12.8 compatibility include applied,768,6144,768,float32,0.125,25,100,87,235.45600473880768,,0,Tesla T4,7.5,2.11.0+cu128,12.8,2026-08-23T19:18:51.720357+00:00
a3736910273bdc2ee52968c49381ec2cf963c876,warp_reduction,compact warp-reduction custom CUDA; header-only CUDA 12.8 compatibility include applied,768,6144,768,float32,0.125,25,100,88,235.23199558258057,,0,Tesla T4,7.5,2.11.0+cu128,12.8,2026-08-23T19:18:51.720357+00:00
a3736910273bdc2ee52968c49381ec2cf963c876,warp_reduction,compact warp-reduction custom CUDA; header-only CUDA 12.8 compatibility include applied,768,6144,768,float32,0.125,25,100,89,236.54399812221527,,0,Tesla T4,7.5,2.11.0+cu128,12.8,2026-08-23T19:18:51.720357+00:00
a3736910273bdc2ee52968c49381ec2cf963c876,warp_reduction,compact warp-reduction custom CUDA; header-only CUDA 12.8 compatibility include applied,768,6144,768,float32,0.125,25,100,90,233.69599878787994,,0,Tesla T4,7.5,2.11.0+cu128,12.8,2026-08-23T19:18:51.720357+00:00
a3736910273bdc2ee52968c49381ec2cf963c876,warp_reduction,compact warp-reduction custom CUDA; header-only CUDA 12.8 compatibility include applied,768,6144,768,float32,0.125,25,100,91,234.3679964542389,,0,Tesla T4,7.5,2.11.0+cu128,12.8,2026-08-23T19:18:51.720357+00:00
a3736910273bdc2ee52968c49381ec2cf963c876,warp_reduction,compact warp-reduction custom CUDA; header-only CUDA 12.8 compatibility include applied,768,6144,768,float32,0.125,25,100,92,235.32800376415253,,0,Tesla T4,7.5,2.11.0+cu128,12.8,2026-08-23T19:18:51.720357+00:00
a3736910273bdc2ee52968c49381ec2cf963c876,warp_reduction,compact warp-reduction custom CUDA; header-only CUDA 12.8 compatibility include applied,768,6144,768,float32,0.125,25,100,93,236.1920028924942,,0,Tesla T4,7.5,2.11.0+cu128,12.8,2026-08-23T19:18:51.720357+00:00
a3736910273bdc2ee52968c49381ec2cf963c876,warp_reduction,compact warp-reduction custom CUDA; header-only CUDA 12.8 compatibility include applied,768,6144,768,float32,0.125,25,100,94,233.75999927520752,,0,Tesla T4,7.5,2.11.0+cu128,12.8,2026-08-23T19:18:51.720357+00:00
a3736910273bdc2ee52968c49381ec2cf963c876,warp_reduction,compact warp-reduction custom CUDA; header-only CUDA 12.8 compatibility include applied,768,6144,768,float32,0.125,25,100,95,235.55199801921844,,0,Tesla T4,7.5,2.11.0+cu128,12.8,2026-08-23T19:18:51.720357+00:00
a3736910273bdc2ee52968c49381ec2cf963c876,warp_reduction,compact warp-reduction custom CUDA; header-only CUDA 12.8 compatibility include applied,768,6144,768,float32,0.125,25,100,96,233.50399732589722,,0,Tesla T4,7.5,2.11.0+cu128,12.8,2026-08-23T19:18:51.720357+00:00
a3736910273bdc2ee52968c49381ec2cf963c876,warp_reduction,compact warp-reduction custom CUDA; header-only CUDA 12.8 compatibility include applied,768,6144,768,float32,0.125,25,100,97,237.5359982252121,,0,Tesla T4,7.5,2.11.0+cu128,12.8,2026-08-23T19:18:51.720357+00:00
a3736910273bdc2ee52968c49381ec2cf963c876,warp_reduction,compact warp-reduction custom CUDA; header-only CUDA 12.8 compatibility include applied,768,6144,768,float32,0.125,25,100,98,235.52000522613525,,0,Tesla T4,7.5,2.11.0+cu128,12.8,2026-08-23T19:18:51.720357+00:00
a3736910273bdc2ee52968c49381ec2cf963c876,warp_reduction,compact warp-reduction custom CUDA; header-only CUDA 12.8 compatibility include applied,768,6144,768,float32,0.125,25,100,99,233.98399353027344,,0,Tesla T4,7.5,2.11.0+cu128,12.8,2026-08-23T19:18:51.720357+00:00
a3736910273bdc2ee52968c49381ec2cf963c876,warp_reduction,compact warp-reduction custom CUDA; header-only CUDA 12.8 compatibility include applied,1024,8192,1024,float32,0.125,25,100,0,336.7680013179779,,0,Tesla T4,7.5,2.11.0+cu128,12.8,2026-08-23T19:18:54.248164+00:00
a3736910273bdc2ee52968c49381ec2cf963c876,warp_reduction,compact warp-reduction custom CUDA; header-only CUDA 12.8 compatibility include applied,1024,8192,1024,float32,0.125,25,100,1,316.70400500297546,,0,Tesla T4,7.5,2.11.0+cu128,12.8,2026-08-23T19:18:54.248164+00:00
a3736910273bdc2ee52968c49381ec2cf963c876,warp_reduction,compact warp-reduction custom CUDA; header-only CUDA 12.8 compatibility include applied,1024,8192,1024,float32,0.125,25,100,2,311.5839958190918,,0,Tesla T4,7.5,2.11.0+cu128,12.8,2026-08-23T19:18:54.248164+00:00
a3736910273bdc2ee52968c49381ec2cf963c876,warp_reduction,compact warp-reduction custom CUDA; header-only CUDA 12.8 compatibility include applied,1024,8192,1024,float32,0.125,25,100,3,313.3760094642639,,0,Tesla T4,7.5,2.11.0+cu128,12.8,2026-08-23T19:18:54.248164+00:00
a3736910273bdc2ee52968c49381ec2cf963c876,warp_reduction,compact warp-reduction custom CUDA; header-only CUDA 12.8 compatibility include applied,1024,8192,1024,float32,0.125,25,100,4,313.31199407577515,,0,Tesla T4,7.5,2.11.0+cu128,12.8,2026-08-23T19:18:54.248164+00:00
a3736910273bdc2ee52968c49381ec2cf963c876,warp_reduction,compact warp-reduction custom CUDA; header-only CUDA 12.8 compatibility include applied,1024,8192,1024,float32,0.125,25,100,5,311.19999289512634,,0,Tesla T4,7.5,2.11.0+cu128,12.8,2026-08-23T19:18:54.248164+00:00
a3736910273bdc2ee52968c49381ec2cf963c876,warp_reduction,compact warp-reduction custom CUDA; header-only CUDA 12.8 compatibility include applied,1024,8192,1024,float32,0.125,25,100,6,311.96799874305725,,0,Tesla T4,7.5,2.11.0+cu128,12.8,2026-08-23T19:18:54.248164+00:00
a3736910273bdc2ee52968c49381ec2cf963c876,warp_reduction,compact warp-reduction custom CUDA; header-only CUDA 12.8 compatibility include applied,1024,8192,1024,float32,0.125,25,100,7,311.45599484443665,,0,Tesla T4,7.5,2.11.0+cu128,12.8,2026-08-23T19:18:54.248164+00:00
a3736910273bdc2ee52968c49381ec2cf963c876,warp_reduction,compact warp-reduction custom CUDA; header-only CUDA 12.8 compatibility include applied,1024,8192,1024,float32,0.125,25,100,8,311.3600015640259,,0,Tesla T4,7.5,2.11.0+cu128,12.8,2026-08-23T19:18:54.248164+00:00
a3736910273bdc2ee52968c49381ec2cf963c876,warp_reduction,compact warp-reduction custom CUDA; header-only CUDA 12.8 compatibility include applied,1024,8192,1024,float32,0.125,25,100,9,312.5759959220886,,0,Tesla T4,7.5,2.11.0+cu128,12.8,2026-08-23T19:18:54.248164+00:00
a3736910273bdc2ee52968c49381ec2cf963c876,warp_reduction,compact warp-reduction custom CUDA; header-only CUDA 12.8 compatibility include applied,1024,8192,1024,float32,0.125,25,100,10,311.8399977684021,,0,Tesla T4,7.5,2.11.0+cu128,12.8,2026-08-23T19:18:54.248164+00:00
a3736910273bdc2ee52968c49381ec2cf963c876,warp_reduction,compact warp-reduction custom CUDA; header-only CUDA 12.8 compatibility include applied,1024,8192,1024,float32,0.125,25,100,11,311.2959861755371,,0,Tesla T4,7.5,2.11.0+cu128,12.8,2026-08-23T19:18:54.248164+00:00
a3736910273bdc2ee52968c49381ec2cf963c876,warp_reduction,compact warp-reduction custom CUDA; header-only CUDA 12.8 compatibility include applied,1024,8192,1024,float32,0.125,25,100,12,315.4880106449127,,0,Tesla T4,7.5,2.11.0+cu128,12.8,2026-08-23T19:18:54.248164+00:00
a3736910273bdc2ee52968c49381ec2cf963c876,warp_reduction,compact warp-reduction custom CUDA; header-only CUDA 12.8 compatibility include applied,1024,8192,1024,float32,0.125,25,100,13,311.2959861755371,,0,Tesla T4,7.5,2.11.0+cu128,12.8,2026-08-23T19:18:54.248164+00:00
a3736910273bdc2ee52968c49381ec2cf963c876,warp_reduction,compact warp-reduction custom CUDA; header-only CUDA 12.8 compatibility include applied,1024,8192,1024,float32,0.125,25,100,14,310.59199571609497,,0,Tesla T4,7.5,2.11.0+cu128,12.8,2026-08-23T19:18:54.248164+00:00
a3736910273bdc2ee52968c49381ec2cf963c876,warp_reduction,compact warp-reduction custom CUDA; header-only CUDA 12.8 compatibility include applied,1024,8192,1024,float32,0.125,25,100,15,317.440003156662,,0,Tesla T4,7.5,2.11.0+cu128,12.8,2026-08-23T19:18:54.248164+00:00
a3736910273bdc2ee52968c49381ec2cf963c876,warp_reduction,compact warp-reduction custom CUDA; header-only CUDA 12.8 compatibility include applied,1024,8192,1024,float32,0.125,25,100,16,313.8880133628845,,0,Tesla T4,7.5,2.11.0+cu128,12.8,2026-08-23T19:18:54.248164+00:00
a3736910273bdc2ee52968c49381ec2cf963c876,warp_reduction,compact warp-reduction custom CUDA; header-only CUDA 12.8 compatibility include applied,1024,8192,1024,float32,0.125,25,100,17,312.1280074119568,,0,Tesla T4,7.5,2.11.0+cu128,12.8,2026-08-23T19:18:54.248164+00:00
a3736910273bdc2ee52968c49381ec2cf963c876,warp_reduction,compact warp-reduction custom CUDA; header-only CUDA 12.8 compatibility include applied,1024,8192,1024,float32,0.125,25,100,18,313.24800848960876,,0,Tesla T4,7.5,2.11.0+cu128,12.8,2026-08-23T19:18:54.248164+00:00
a3736910273bdc2ee52968c49381ec2cf963c876,warp_reduction,compact warp-reduction custom CUDA; header-only CUDA 12.8 compatibility include applied,1024,8192,1024,float32,0.125,25,100,19,313.31199407577515,,0,Tesla T4,7.5,2.11.0+cu128,12.8,2026-08-23T19:18:54.248164+00:00
a3736910273bdc2ee52968c49381ec2cf963c876,warp_reduction,compact warp-reduction custom CUDA; header-only CUDA 12.8 compatibility include applied,1024,8192,1024,float32,0.125,25,100,20,313.31199407577515,,0,Tesla T4,7.5,2.11.0+cu128,12.8,2026-08-23T19:18:54.248164+00:00
a3736910273bdc2ee52968c49381ec2cf963c876,warp_reduction,compact warp-reduction custom CUDA; header-only CUDA 12.8 compatibility include applied,1024,8192,1024,float32,0.125,25,100,21,315.64798951148987,,0,Tesla T4,7.5,2.11.0+cu128,12.8,2026-08-23T19:18:54.248164+00:00
a3736910273bdc2ee52968c49381ec2cf963c876,warp_reduction,compact warp-reduction custom CUDA; header-only CUDA 12.8 compatibility include applied,1024,8192,1024,float32,0.125,25,100,22,311.39200925827026,,0,Tesla T4,7.5,2.11.0+cu128,12.8,2026-08-23T19:18:54.248164+00:00
a3736910273bdc2ee52968c49381ec2cf963c876,warp_reduction,compact warp-reduction custom CUDA; header-only CUDA 12.8 compatibility include applied,1024,8192,1024,float32,0.125,25,100,23,310.14400720596313,,0,Tesla T4,7.5,2.11.0+cu128,12.8,2026-08-23T19:18:54.248164+00:00
a3736910273bdc2ee52968c49381ec2cf963c876,warp_reduction,compact warp-reduction custom CUDA; header-only CUDA 12.8 compatibility include applied,1024,8192,1024,float32,0.125,25,100,24,311.2959861755371,,0,Tesla T4,7.5,2.11.0+cu128,12.8,2026-08-23T19:18:54.248164+00:00
a3736910273bdc2ee52968c49381ec2cf963c876,warp_reduction,compact warp-reduction custom CUDA; header-only CUDA 12.8 compatibility include applied,1024,8192,1024,float32,0.125,25,100,25,312.4159872531891,,0,Tesla T4,7.5,2.11.0+cu128,12.8,2026-08-23T19:18:54.248164+00:00
a3736910273bdc2ee52968c49381ec2cf963c876,warp_reduction,compact warp-reduction custom CUDA; header-only CUDA 12.8 compatibility include applied,1024,8192,1024,float32,0.125,25,100,26,311.13600730895996,,0,Tesla T4,7.5,2.11.0+cu128,12.8,2026-08-23T19:18:54.248164+00:00
a3736910273bdc2ee52968c49381ec2cf963c876,warp_reduction,compact warp-reduction custom CUDA; header-only CUDA 12.8 compatibility include applied,1024,8192,1024,float32,0.125,25,100,27,311.3279938697815,,0,Tesla T4,7.5,2.11.0+cu128,12.8,2026-08-23T19:18:54.248164+00:00
a3736910273bdc2ee52968c49381ec2cf963c876,warp_reduction,compact warp-reduction custom CUDA; header-only CUDA 12.8 compatibility include applied,1024,8192,1024,float32,0.125,25,100,28,311.2959861755371,,0,Tesla T4,7.5,2.11.0+cu128,12.8,2026-08-23T19:18:54.248164+00:00
a3736910273bdc2ee52968c49381ec2cf963c876,warp_reduction,compact warp-reduction custom CUDA; header-only CUDA 12.8 compatibility include applied,1024,8192,1024,float32,0.125,25,100,29,311.2959861755371,,0,Tesla T4,7.5,2.11.0+cu128,12.8,2026-08-23T19:18:54.248164+00:00
a3736910273bdc2ee52968c49381ec2cf963c876,warp_reduction,compact warp-reduction custom CUDA; header-only CUDA 12.8 compatibility include applied,1024,8192,1024,float32,0.125,25,100,30,312.1599853038788,,0,Tesla T4,7.5,2.11.0+cu128,12.8,2026-08-23T19:18:54.248164+00:00
a3736910273bdc2ee52968c49381ec2cf963c876,warp_reduction,compact warp-reduction custom CUDA; header-only CUDA 12.8 compatibility include applied,1024,8192,1024,float32,0.125,25,100,31,311.2959861755371,,0,Tesla T4,7.5,2.11.0+cu128,12.8,2026-08-23T19:18:54.248164+00:00
a3736910273bdc2ee52968c49381ec2cf963c876,warp_reduction,compact warp-reduction custom CUDA; header-only CUDA 12.8 compatibility include applied,1024,8192,1024,float32,0.125,25,100,32,310.59199571609497,,0,Tesla T4,7.5,2.11.0+cu128,12.8,2026-08-23T19:18:54.248164+00:00
a3736910273bdc2ee52968c49381ec2cf963c876,warp_reduction,compact warp-reduction custom CUDA; header-only CUDA 12.8 compatibility include applied,1024,8192,1024,float32,0.125,25,100,33,311.67998909950256,,0,Tesla T4,7.5,2.11.0+cu128,12.8,2026-08-23T19:18:54.248164+00:00
a3736910273bdc2ee52968c49381ec2cf963c876,warp_reduction,compact warp-reduction custom CUDA; header-only CUDA 12.8 compatibility include applied,1024,8192,1024,float32,0.125,25,100,34,311.2320005893707,,0,Tesla T4,7.5,2.11.0+cu128,12.8,2026-08-23T19:18:54.248164+00:00
a3736910273bdc2ee52968c49381ec2cf963c876,warp_reduction,compact warp-reduction custom CUDA; header-only CUDA 12.8 compatibility include applied,1024,8192,1024,float32,0.125,25,100,35,310.4639947414398,,0,Tesla T4,7.5,2.11.0+cu128,12.8,2026-08-23T19:18:54.248164+00:00
a3736910273bdc2ee52968c49381ec2cf963c876,warp_reduction,compact warp-reduction custom CUDA; header-only CUDA 12.8 compatibility include applied,1024,8192,1024,float32,0.125,25,100,36,311.6160035133362,,0,Tesla T4,7.5,2.11.0+cu128,12.8,2026-08-23T19:18:54.248164+00:00
a3736910273bdc2ee52968c49381ec2cf963c876,warp_reduction,compact warp-reduction custom CUDA; header-only CUDA 12.8 compatibility include applied,1024,8192,1024,float32,0.125,25,100,37,311.2640082836151,,0,Tesla T4,7.5,2.11.0+cu128,12.8,2026-08-23T19:18:54.248164+00:00
a3736910273bdc2ee52968c49381ec2cf963c876,warp_reduction,compact warp-reduction custom CUDA; header-only CUDA 12.8 compatibility include applied,1024,8192,1024,float32,0.125,25,100,38,310.65601110458374,,0,Tesla T4,7.5,2.11.0+cu128,12.8,2026-08-23T19:18:54.248164+00:00
a3736910273bdc2ee52968c49381ec2cf963c876,warp_reduction,compact warp-reduction custom CUDA; header-only CUDA 12.8 compatibility include applied,1024,8192,1024,float32,0.125,25,100,39,312.1280074119568,,0,Tesla T4,7.5,2.11.0+cu128,12.8,2026-08-23T19:18:54.248164+00:00
a3736910273bdc2ee52968c49381ec2cf963c876,warp_reduction,compact warp-reduction custom CUDA; header-only CUDA 12.8 compatibility include applied,1024,8192,1024,float32,0.125,25,100,40,309.9839985370636,,0,Tesla T4,7.5,2.11.0+cu128,12.8,2026-08-23T19:18:54.248164+00:00
a3736910273bdc2ee52968c49381ec2cf963c876,warp_reduction,compact warp-reduction custom CUDA; header-only CUDA 12.8 compatibility include applied,1024,8192,1024,float32,0.125,25,100,41,310.3039860725403,,0,Tesla T4,7.5,2.11.0+cu128,12.8,2026-08-23T19:18:54.248164+00:00
a3736910273bdc2ee52968c49381ec2cf963c876,warp_reduction,compact warp-reduction custom CUDA; header-only CUDA 12.8 compatibility include applied,1024,8192,1024,float32,0.125,25,100,42,311.2640082836151,,0,Tesla T4,7.5,2.11.0+cu128,12.8,2026-08-23T19:18:54.248164+00:00
a3736910273bdc2ee52968c49381ec2cf963c876,warp_reduction,compact warp-reduction custom CUDA; header-only CUDA 12.8 compatibility include applied,1024,8192,1024,float32,0.125,25,100,43,311.1039996147156,,0,Tesla T4,7.5,2.11.0+cu128,12.8,2026-08-23T19:18:54.248164+00:00
a3736910273bdc2ee52968c49381ec2cf963c876,warp_reduction,compact warp-reduction custom CUDA; header-only CUDA 12.8 compatibility include applied,1024,8192,1024,float32,0.125,25,100,44,310.3039860725403,,0,Tesla T4,7.5,2.11.0+cu128,12.8,2026-08-23T19:18:54.248164+00:00
a3736910273bdc2ee52968c49381ec2cf963c876,warp_reduction,compact warp-reduction custom CUDA; header-only CUDA 12.8 compatibility include applied,1024,8192,1024,float32,0.125,25,100,45,313.31199407577515,,0,Tesla T4,7.5,2.11.0+cu128,12.8,2026-08-23T19:18:54.248164+00:00
a3736910273bdc2ee52968c49381ec2cf963c876,warp_reduction,compact warp-reduction custom CUDA; header-only CUDA 12.8 compatibility include applied,1024,8192,1024,float32,0.125,25,100,46,311.6160035133362,,0,Tesla T4,7.5,2.11.0+cu128,12.8,2026-08-23T19:18:54.248164+00:00
a3736910273bdc2ee52968c49381ec2cf963c876,warp_reduction,compact warp-reduction custom CUDA; header-only CUDA 12.8 compatibility include applied,1024,8192,1024,float32,0.125,25,100,47,309.6959888935089,,0,Tesla T4,7.5,2.11.0+cu128,12.8,2026-08-23T19:18:54.248164+00:00
a3736910273bdc2ee52968c49381ec2cf963c876,warp_reduction,compact warp-reduction custom CUDA; header-only CUDA 12.8 compatibility include applied,1024,8192,1024,float32,0.125,25,100,48,333.95200967788696,,0,Tesla T4,7.5,2.11.0+cu128,12.8,2026-08-23T19:18:54.248164+00:00
a3736910273bdc2ee52968c49381ec2cf963c876,warp_reduction,compact warp-reduction custom CUDA; header-only CUDA 12.8 compatibility include applied,1024,8192,1024,float32,0.125,25,100,49,317.440003156662,,0,Tesla T4,7.5,2.11.0+cu128,12.8,2026-08-23T19:18:54.248164+00:00
a3736910273bdc2ee52968c49381ec2cf963c876,warp_reduction,compact warp-reduction custom CUDA; header-only CUDA 12.8 compatibility include applied,1024,8192,1024,float32,0.125,25,100,50,313.31199407577515,,0,Tesla T4,7.5,2.11.0+cu128,12.8,2026-08-23T19:18:54.248164+00:00
a3736910273bdc2ee52968c49381ec2cf963c876,warp_reduction,compact warp-reduction custom CUDA; header-only CUDA 12.8 compatibility include applied,1024,8192,1024,float32,0.125,25,100,51,313.3760094642639,,0,Tesla T4,7.5,2.11.0+cu128,12.8,2026-08-23T19:18:54.248164+00:00
a3736910273bdc2ee52968c49381ec2cf963c876,warp_reduction,compact warp-reduction custom CUDA; header-only CUDA 12.8 compatibility include applied,1024,8192,1024,float32,0.125,25,100,52,313.02401423454285,,0,Tesla T4,7.5,2.11.0+cu128,12.8,2026-08-23T19:18:54.248164+00:00
a3736910273bdc2ee52968c49381ec2cf963c876,warp_reduction,compact warp-reduction custom CUDA; header-only CUDA 12.8 compatibility include applied,1024,8192,1024,float32,0.125,25,100,53,309.9519908428192,,0,Tesla T4,7.5,2.11.0+cu128,12.8,2026-08-23T19:18:54.248164+00:00
a3736910273bdc2ee52968c49381ec2cf963c876,warp_reduction,compact warp-reduction custom CUDA; header-only CUDA 12.8 compatibility include applied,1024,8192,1024,float32,0.125,25,100,54,311.2959861755371,,0,Tesla T4,7.5,2.11.0+cu128,12.8,2026-08-23T19:18:54.248164+00:00
a3736910273bdc2ee52968c49381ec2cf963c876,warp_reduction,compact warp-reduction custom CUDA; header-only CUDA 12.8 compatibility include applied,1024,8192,1024,float32,0.125,25,100,55,311.2959861755371,,0,Tesla T4,7.5,2.11.0+cu128,12.8,2026-08-23T19:18:54.248164+00:00
a3736910273bdc2ee52968c49381ec2cf963c876,warp_reduction,compact warp-reduction custom CUDA; header-only CUDA 12.8 compatibility include applied,1024,8192,1024,float32,0.125,25,100,56,311.2959861755371,,0,Tesla T4,7.5,2.11.0+cu128,12.8,2026-08-23T19:18:54.248164+00:00
a3736910273bdc2ee52968c49381ec2cf963c876,warp_reduction,compact warp-reduction custom CUDA; header-only CUDA 12.8 compatibility include applied,1024,8192,1024,float32,0.125,25,100,57,311.5519881248474,,0,Tesla T4,7.5,2.11.0+cu128,12.8,2026-08-23T19:18:54.248164+00:00
a3736910273bdc2ee52968c49381ec2cf963c876,warp_reduction,compact warp-reduction custom CUDA; header-only CUDA 12.8 compatibility include applied,1024,8192,1024,float32,0.125,25,100,58,311.2959861755371,,0,Tesla T4,7.5,2.11.0+cu128,12.8,2026-08-23T19:18:54.248164+00:00
a3736910273bdc2ee52968c49381ec2cf963c876,warp_reduction,compact warp-reduction custom CUDA; header-only CUDA 12.8 compatibility include applied,1024,8192,1024,float32,0.125,25,100,59,310.62400341033936,,0,Tesla T4,7.5,2.11.0+cu128,12.8,2026-08-23T19:18:54.248164+00:00
a3736910273bdc2ee52968c49381ec2cf963c876,warp_reduction,compact warp-reduction custom CUDA; header-only CUDA 12.8 compatibility include applied,1024,8192,1024,float32,0.125,25,100,60,311.90401315689087,,0,Tesla T4,7.5,2.11.0+cu128,12.8,2026-08-23T19:18:54.248164+00:00
a3736910273bdc2ee52968c49381ec2cf963c876,warp_reduction,compact warp-reduction custom CUDA; header-only CUDA 12.8 compatibility include applied,1024,8192,1024,float32,0.125,25,100,61,311.90401315689087,,0,Tesla T4,7.5,2.11.0+cu128,12.8,2026-08-23T19:18:54.248164+00:00
a3736910273bdc2ee52968c49381ec2cf963c876,warp_reduction,compact warp-reduction custom CUDA; header-only CUDA 12.8 compatibility include applied,1024,8192,1024,float32,0.125,25,100,62,310.9759986400604,,0,Tesla T4,7.5,2.11.0+cu128,12.8,2026-08-23T19:18:54.248164+00:00
a3736910273bdc2ee52968c49381ec2cf963c876,warp_reduction,compact warp-reduction custom CUDA; header-only CUDA 12.8 compatibility include applied,1024,8192,1024,float32,0.125,25,100,63,313.34400177001953,,0,Tesla T4,7.5,2.11.0+cu128,12.8,2026-08-23T19:18:54.248164+00:00
a3736910273bdc2ee52968c49381ec2cf963c876,warp_reduction,compact warp-reduction custom CUDA; header-only CUDA 12.8 compatibility include applied,1024,8192,1024,float32,0.125,25,100,64,311.2959861755371,,0,Tesla T4,7.5,2.11.0+cu128,12.8,2026-08-23T19:18:54.248164+00:00
a3736910273bdc2ee52968c49381ec2cf963c876,warp_reduction,compact warp-reduction custom CUDA; header-only CUDA 12.8 compatibility include applied,1024,8192,1024,float32,0.125,25,100,65,322.9439854621887,,0,Tesla T4,7.5,2.11.0+cu128,12.8,2026-08-23T19:18:54.248164+00:00
a3736910273bdc2ee52968c49381ec2cf963c876,warp_reduction,compact warp-reduction custom CUDA; header-only CUDA 12.8 compatibility include applied,1024,8192,1024,float32,0.125,25,100,66,311.45599484443665,,0,Tesla T4,7.5,2.11.0+cu128,12.8,2026-08-23T19:18:54.248164+00:00
a3736910273bdc2ee52968c49381ec2cf963c876,warp_reduction,compact warp-reduction custom CUDA; header-only CUDA 12.8 compatibility include applied,1024,8192,1024,float32,0.125,25,100,67,311.74400448799133,,0,Tesla T4,7.5,2.11.0+cu128,12.8,2026-08-23T19:18:54.248164+00:00
a3736910273bdc2ee52968c49381ec2cf963c876,warp_reduction,compact warp-reduction custom CUDA; header-only CUDA 12.8 compatibility include applied,1024,8192,1024,float32,0.125,25,100,68,310.2720081806183,,0,Tesla T4,7.5,2.11.0+cu128,12.8,2026-08-23T19:18:54.248164+00:00
a3736910273bdc2ee52968c49381ec2cf963c876,warp_reduction,compact warp-reduction custom CUDA; header-only CUDA 12.8 compatibility include applied,1024,8192,1024,float32,0.125,25,100,69,313.34400177001953,,0,Tesla T4,7.5,2.11.0+cu128,12.8,2026-08-23T19:18:54.248164+00:00
a3736910273bdc2ee52968c49381ec2cf963c876,warp_reduction,compact warp-reduction custom CUDA; header-only CUDA 12.8 compatibility include applied,1024,8192,1024,float32,0.125,25,100,70,311.8720054626465,,0,Tesla T4,7.5,2.11.0+cu128,12.8,2026-08-23T19:18:54.248164+00:00
a3736910273bdc2ee52968c49381ec2cf963c876,warp_reduction,compact warp-reduction custom CUDA; header-only CUDA 12.8 compatibility include applied,1024,8192,1024,float32,0.125,25,100,71,311.5200102329254,,0,Tesla T4,7.5,2.11.0+cu128,12.8,2026-08-23T19:18:54.248164+00:00
a3736910273bdc2ee52968c49381ec2cf963c876,warp_reduction,compact warp-reduction custom CUDA; header-only CUDA 12.8 compatibility include applied,1024,8192,1024,float32,0.125,25,100,72,313.27998638153076,,0,Tesla T4,7.5,2.11.0+cu128,12.8,2026-08-23T19:18:54.248164+00:00
a3736910273bdc2ee52968c49381ec2cf963c876,warp_reduction,compact warp-reduction custom CUDA; header-only CUDA 12.8 compatibility include applied,1024,8192,1024,float32,0.125,25,100,73,312.8319978713989,,0,Tesla T4,7.5,2.11.0+cu128,12.8,2026-08-23T19:18:54.248164+00:00
a3736910273bdc2ee52968c49381ec2cf963c876,warp_reduction,compact warp-reduction custom CUDA; header-only CUDA 12.8 compatibility include applied,1024,8192,1024,float32,0.125,25,100,74,310.9759986400604,,0,Tesla T4,7.5,2.11.0+cu128,12.8,2026-08-23T19:18:54.248164+00:00
a3736910273bdc2ee52968c49381ec2cf963c876,warp_reduction,compact warp-reduction custom CUDA; header-only CUDA 12.8 compatibility include applied,1024,8192,1024,float32,0.125,25,100,75,317.440003156662,,0,Tesla T4,7.5,2.11.0+cu128,12.8,2026-08-23T19:18:54.248164+00:00
a3736910273bdc2ee52968c49381ec2cf963c876,warp_reduction,compact warp-reduction custom CUDA; header-only CUDA 12.8 compatibility include applied,1024,8192,1024,float32,0.125,25,100,76,313.53598833084106,,0,Tesla T4,7.5,2.11.0+cu128,12.8,2026-08-23T19:18:54.248164+00:00
a3736910273bdc2ee52968c49381ec2cf963c876,warp_reduction,compact warp-reduction custom CUDA; header-only CUDA 12.8 compatibility include applied,1024,8192,1024,float32,0.125,25,100,77,311.3279938697815,,0,Tesla T4,7.5,2.11.0+cu128,12.8,2026-08-23T19:18:54.248164+00:00
a3736910273bdc2ee52968c49381ec2cf963c876,warp_reduction,compact warp-reduction custom CUDA; header-only CUDA 12.8 compatibility include applied,1024,8192,1024,float32,0.125,25,100,78,313.56799602508545,,0,Tesla T4,7.5,2.11.0+cu128,12.8,2026-08-23T19:18:54.248164+00:00
a3736910273bdc2ee52968c49381ec2cf963c876,warp_reduction,compact warp-reduction custom CUDA; header-only CUDA 12.8 compatibility include applied,1024,8192,1024,float32,0.125,25,100,79,312.0959997177124,,0,Tesla T4,7.5,2.11.0+cu128,12.8,2026-08-23T19:18:54.248164+00:00
a3736910273bdc2ee52968c49381ec2cf963c876,warp_reduction,compact warp-reduction custom CUDA; header-only CUDA 12.8 compatibility include applied,1024,8192,1024,float32,0.125,25,100,80,311.71199679374695,,0,Tesla T4,7.5,2.11.0+cu128,12.8,2026-08-23T19:18:54.248164+00:00
a3736910273bdc2ee52968c49381ec2cf963c876,warp_reduction,compact warp-reduction custom CUDA; header-only CUDA 12.8 compatibility include applied,1024,8192,1024,float32,0.125,25,100,81,313.6320114135742,,0,Tesla T4,7.5,2.11.0+cu128,12.8,2026-08-23T19:18:54.248164+00:00
a3736910273bdc2ee52968c49381ec2cf963c876,warp_reduction,compact warp-reduction custom CUDA; header-only CUDA 12.8 compatibility include applied,1024,8192,1024,float32,0.125,25,100,82,314.11200761795044,,0,Tesla T4,7.5,2.11.0+cu128,12.8,2026-08-23T19:18:54.248164+00:00
a3736910273bdc2ee52968c49381ec2cf963c876,warp_reduction,compact warp-reduction custom CUDA; header-only CUDA 12.8 compatibility include applied,1024,8192,1024,float32,0.125,25,100,83,314.5599961280823,,0,Tesla T4,7.5,2.11.0+cu128,12.8,2026-08-23T19:18:54.248164+00:00
a3736910273bdc2ee52968c49381ec2cf963c876,warp_reduction,compact warp-reduction custom CUDA; header-only CUDA 12.8 compatibility include applied,1024,8192,1024,float32,0.125,25,100,84,313.82399797439575,,0,Tesla T4,7.5,2.11.0+cu128,12.8,2026-08-23T19:18:54.248164+00:00
a3736910273bdc2ee52968c49381ec2cf963c876,warp_reduction,compact warp-reduction custom CUDA; header-only CUDA 12.8 compatibility include applied,1024,8192,1024,float32,0.125,25,100,85,311.3279938697815,,0,Tesla T4,7.5,2.11.0+cu128,12.8,2026-08-23T19:18:54.248164+00:00
a3736910273bdc2ee52968c49381ec2cf963c876,warp_reduction,compact warp-reduction custom CUDA; header-only CUDA 12.8 compatibility include applied,1024,8192,1024,float32,0.125,25,100,86,325.47199726104736,,0,Tesla T4,7.5,2.11.0+cu128,12.8,2026-08-23T19:18:54.248164+00:00
a3736910273bdc2ee52968c49381ec2cf963c876,warp_reduction,compact warp-reduction custom CUDA; header-only CUDA 12.8 compatibility include applied,1024,8192,1024,float32,0.125,25,100,87,319.3280100822449,,0,Tesla T4,7.5,2.11.0+cu128,12.8,2026-08-23T19:18:54.248164+00:00
a3736910273bdc2ee52968c49381ec2cf963c876,warp_reduction,compact warp-reduction custom CUDA; header-only CUDA 12.8 compatibility include applied,1024,8192,1024,float32,0.125,25,100,88,312.48000264167786,,0,Tesla T4,7.5,2.11.0+cu128,12.8,2026-08-23T19:18:54.248164+00:00
a3736910273bdc2ee52968c49381ec2cf963c876,warp_reduction,compact warp-reduction custom CUDA; header-only CUDA 12.8 compatibility include applied,1024,8192,1024,float32,0.125,25,100,89,331.90399408340454,,0,Tesla T4,7.5,2.11.0+cu128,12.8,2026-08-23T19:18:54.248164+00:00
a3736910273bdc2ee52968c49381ec2cf963c876,warp_reduction,compact warp-reduction custom CUDA; header-only CUDA 12.8 compatibility include applied,1024,8192,1024,float32,0.125,25,100,90,313.34400177001953,,0,Tesla T4,7.5,2.11.0+cu128,12.8,2026-08-23T19:18:54.248164+00:00
a3736910273bdc2ee52968c49381ec2cf963c876,warp_reduction,compact warp-reduction custom CUDA; header-only CUDA 12.8 compatibility include applied,1024,8192,1024,float32,0.125,25,100,91,313.18399310112,,0,Tesla T4,7.5,2.11.0+cu128,12.8,2026-08-23T19:18:54.248164+00:00
a3736910273bdc2ee52968c49381ec2cf963c876,warp_reduction,compact warp-reduction custom CUDA; header-only CUDA 12.8 compatibility include applied,1024,8192,1024,float32,0.125,25,100,92,312.79999017715454,,0,Tesla T4,7.5,2.11.0+cu128,12.8,2026-08-23T19:18:54.248164+00:00
a3736910273bdc2ee52968c49381ec2cf963c876,warp_reduction,compact warp-reduction custom CUDA; header-only CUDA 12.8 compatibility include applied,1024,8192,1024,float32,0.125,25,100,93,313.27998638153076,,0,Tesla T4,7.5,2.11.0+cu128,12.8,2026-08-23T19:18:54.248164+00:00
a3736910273bdc2ee52968c49381ec2cf963c876,warp_reduction,compact warp-reduction custom CUDA; header-only CUDA 12.8 compatibility include applied,1024,8192,1024,float32,0.125,25,100,94,311.45599484443665,,0,Tesla T4,7.5,2.11.0+cu128,12.8,2026-08-23T19:18:54.248164+00:00
a3736910273bdc2ee52968c49381ec2cf963c876,warp_reduction,compact warp-reduction custom CUDA; header-only CUDA 12.8 compatibility include applied,1024,8192,1024,float32,0.125,25,100,95,309.82398986816406,,0,Tesla T4,7.5,2.11.0+cu128,12.8,2026-08-23T19:18:54.248164+00:00
a3736910273bdc2ee52968c49381ec2cf963c876,warp_reduction,compact warp-reduction custom CUDA; header-only CUDA 12.8 compatibility include applied,1024,8192,1024,float32,0.125,25,100,96,311.2959861755371,,0,Tesla T4,7.5,2.11.0+cu128,12.8,2026-08-23T19:18:54.248164+00:00
a3736910273bdc2ee52968c49381ec2cf963c876,warp_reduction,compact warp-reduction custom CUDA; header-only CUDA 12.8 compatibility include applied,1024,8192,1024,float32,0.125,25,100,97,311.2959861755371,,0,Tesla T4,7.5,2.11.0+cu128,12.8,2026-08-23T19:18:54.248164+00:00
a3736910273bdc2ee52968c49381ec2cf963c876,warp_reduction,compact warp-reduction custom CUDA; header-only CUDA 12.8 compatibility include applied,1024,8192,1024,float32,0.125,25,100,98,311.1039996147156,,0,Tesla T4,7.5,2.11.0+cu128,12.8,2026-08-23T19:18:54.248164+00:00
a3736910273bdc2ee52968c49381ec2cf963c876,warp_reduction,compact warp-reduction custom CUDA; header-only CUDA 12.8 compatibility include applied,1024,8192,1024,float32,0.125,25,100,99,312.1280074119568,,0,Tesla T4,7.5,2.11.0+cu128,12.8,2026-08-23T19:18:54.248164+00:00
a3736910273bdc2ee52968c49381ec2cf963c876,warp_reduction,compact warp-reduction custom CUDA; header-only CUDA 12.8 compatibility include applied,1536,12288,1536,float32,0.125,25,100,0,707.5200080871582,,0,Tesla T4,7.5,2.11.0+cu128,12.8,2026-08-23T19:18:57.024723+00:00
a3736910273bdc2ee52968c49381ec2cf963c876,warp_reduction,compact warp-reduction custom CUDA; header-only CUDA 12.8 compatibility include applied,1536,12288,1536,float32,0.125,25,100,1,674.7199892997742,,0,Tesla T4,7.5,2.11.0+cu128,12.8,2026-08-23T19:18:57.024723+00:00
a3736910273bdc2ee52968c49381ec2cf963c876,warp_reduction,compact warp-reduction custom CUDA; header-only CUDA 12.8 compatibility include applied,1536,12288,1536,float32,0.125,25,100,2,671.5199947357178,,0,Tesla T4,7.5,2.11.0+cu128,12.8,2026-08-23T19:18:57.024723+00:00
a3736910273bdc2ee52968c49381ec2cf963c876,warp_reduction,compact warp-reduction custom CUDA; header-only CUDA 12.8 compatibility include applied,1536,12288,1536,float32,0.125,25,100,3,666.047990322113,,0,Tesla T4,7.5,2.11.0+cu128,12.8,2026-08-23T19:18:57.024723+00:00
a3736910273bdc2ee52968c49381ec2cf963c876,warp_reduction,compact warp-reduction custom CUDA; header-only CUDA 12.8 compatibility include applied,1536,12288,1536,float32,0.125,25,100,4,669.9519753456116,,0,Tesla T4,7.5,2.11.0+cu128,12.8,2026-08-23T19:18:57.024723+00:00
a3736910273bdc2ee52968c49381ec2cf963c876,warp_reduction,compact warp-reduction custom CUDA; header-only CUDA 12.8 compatibility include applied,1536,12288,1536,float32,0.125,25,100,5,668.3840155601501,,0,Tesla T4,7.5,2.11.0+cu128,12.8,2026-08-23T19:18:57.024723+00:00
a3736910273bdc2ee52968c49381ec2cf963c876,warp_reduction,compact warp-reduction custom CUDA; header-only CUDA 12.8 compatibility include applied,1536,12288,1536,float32,0.125,25,100,6,664.7679805755615,,0,Tesla T4,7.5,2.11.0+cu128,12.8,2026-08-23T19:18:57.024723+00:00
a3736910273bdc2ee52968c49381ec2cf963c876,warp_reduction,compact warp-reduction custom CUDA; header-only CUDA 12.8 compatibility include applied,1536,12288,1536,float32,0.125,25,100,7,668.1920289993286,,0,Tesla T4,7.5,2.11.0+cu128,12.8,2026-08-23T19:18:57.024723+00:00
a3736910273bdc2ee52968c49381ec2cf963c876,warp_reduction,compact warp-reduction custom CUDA; header-only CUDA 12.8 compatibility include applied,1536,12288,1536,float32,0.125,25,100,8,665.6000018119812,,0,Tesla T4,7.5,2.11.0+cu128,12.8,2026-08-23T19:18:57.024723+00:00
a3736910273bdc2ee52968c49381ec2cf963c876,warp_reduction,compact warp-reduction custom CUDA; header-only CUDA 12.8 compatibility include applied,1536,12288,1536,float32,0.125,25,100,9,668.4479713439941,,0,Tesla T4,7.5,2.11.0+cu128,12.8,2026-08-23T19:18:57.024723+00:00
a3736910273bdc2ee52968c49381ec2cf963c876,warp_reduction,compact warp-reduction custom CUDA; header-only CUDA 12.8 compatibility include applied,1536,12288,1536,float32,0.125,25,100,10,671.7759966850281,,0,Tesla T4,7.5,2.11.0+cu128,12.8,2026-08-23T19:18:57.024723+00:00
a3736910273bdc2ee52968c49381ec2cf963c876,warp_reduction,compact warp-reduction custom CUDA; header-only CUDA 12.8 compatibility include applied,1536,12288,1536,float32,0.125,25,100,11,669.6959733963013,,0,Tesla T4,7.5,2.11.0+cu128,12.8,2026-08-23T19:18:57.024723+00:00
a3736910273bdc2ee52968c49381ec2cf963c876,warp_reduction,compact warp-reduction custom CUDA; header-only CUDA 12.8 compatibility include applied,1536,12288,1536,float32,0.125,25,100,12,670.2399849891663,,0,Tesla T4,7.5,2.11.0+cu128,12.8,2026-08-23T19:18:57.024723+00:00
a3736910273bdc2ee52968c49381ec2cf963c876,warp_reduction,compact warp-reduction custom CUDA; header-only CUDA 12.8 compatibility include applied,1536,12288,1536,float32,0.125,25,100,13,665.6000018119812,,0,Tesla T4,7.5,2.11.0+cu128,12.8,2026-08-23T19:18:57.024723+00:00
a3736910273bdc2ee52968c49381ec2cf963c876,warp_reduction,compact warp-reduction custom CUDA; header-only CUDA 12.8 compatibility include applied,1536,12288,1536,float32,0.125,25,100,14,667.6480174064636,,0,Tesla T4,7.5,2.11.0+cu128,12.8,2026-08-23T19:18:57.024723+00:00
a3736910273bdc2ee52968c49381ec2cf963c876,warp_reduction,compact warp-reduction custom CUDA; header-only CUDA 12.8 compatibility include applied,1536,12288,1536,float32,0.125,25,100,15,664.9600267410278,,0,Tesla T4,7.5,2.11.0+cu128,12.8,2026-08-23T19:18:57.024723+00:00
a3736910273bdc2ee52968c49381ec2cf963c876,warp_reduction,compact warp-reduction custom CUDA; header-only CUDA 12.8 compatibility include applied,1536,12288,1536,float32,0.125,25,100,16,680.1599860191345,,0,Tesla T4,7.5,2.11.0+cu128,12.8,2026-08-23T19:18:57.024723+00:00
a3736910273bdc2ee52968c49381ec2cf963c876,warp_reduction,compact warp-reduction custom CUDA; header-only CUDA 12.8 compatibility include applied,1536,12288,1536,float32,0.125,25,100,17,700.3840208053589,,0,Tesla T4,7.5,2.11.0+cu128,12.8,2026-08-23T19:18:57.024723+00:00
a3736910273bdc2ee52968c49381ec2cf963c876,warp_reduction,compact warp-reduction custom CUDA; header-only CUDA 12.8 compatibility include applied,1536,12288,1536,float32,0.125,25,100,18,718.4000015258789,,0,Tesla T4,7.5,2.11.0+cu128,12.8,2026-08-23T19:18:57.024723+00:00
a3736910273bdc2ee52968c49381ec2cf963c876,warp_reduction,compact warp-reduction custom CUDA; header-only CUDA 12.8 compatibility include applied,1536,12288,1536,float32,0.125,25,100,19,669.5680022239685,,0,Tesla T4,7.5,2.11.0+cu128,12.8,2026-08-23T19:18:57.024723+00:00
a3736910273bdc2ee52968c49381ec2cf963c876,warp_reduction,compact warp-reduction custom CUDA; header-only CUDA 12.8 compatibility include applied,1536,12288,1536,float32,0.125,25,100,20,686.0160231590271,,0,Tesla T4,7.5,2.11.0+cu128,12.8,2026-08-23T19:18:57.024723+00:00
a3736910273bdc2ee52968c49381ec2cf963c876,warp_reduction,compact warp-reduction custom CUDA; header-only CUDA 12.8 compatibility include applied,1536,12288,1536,float32,0.125,25,100,21,673.7920045852661,,0,Tesla T4,7.5,2.11.0+cu128,12.8,2026-08-23T19:18:57.024723+00:00
a3736910273bdc2ee52968c49381ec2cf963c876,warp_reduction,compact warp-reduction custom CUDA; header-only CUDA 12.8 compatibility include applied,1536,12288,1536,float32,0.125,25,100,22,667.6480174064636,,0,Tesla T4,7.5,2.11.0+cu128,12.8,2026-08-23T19:18:57.024723+00:00
a3736910273bdc2ee52968c49381ec2cf963c876,warp_reduction,compact warp-reduction custom CUDA; header-only CUDA 12.8 compatibility include applied,1536,12288,1536,float32,0.125,25,100,23,695.5199837684631,,0,Tesla T4,7.5,2.11.0+cu128,12.8,2026-08-23T19:18:57.024723+00:00
a3736910273bdc2ee52968c49381ec2cf963c876,warp_reduction,compact warp-reduction custom CUDA; header-only CUDA 12.8 compatibility include applied,1536,12288,1536,float32,0.125,25,100,24,690.2080178260803,,0,Tesla T4,7.5,2.11.0+cu128,12.8,2026-08-23T19:18:57.024723+00:00
a3736910273bdc2ee52968c49381ec2cf963c876,warp_reduction,compact warp-reduction custom CUDA; header-only CUDA 12.8 compatibility include applied,1536,12288,1536,float32,0.125,25,100,25,675.8720278739929,,0,Tesla T4,7.5,2.11.0+cu128,12.8,2026-08-23T19:18:57.024723+00:00
a3736910273bdc2ee52968c49381ec2cf963c876,warp_reduction,compact warp-reduction custom CUDA; header-only CUDA 12.8 compatibility include applied,1536,12288,1536,float32,0.125,25,100,26,671.6160178184509,,0,Tesla T4,7.5,2.11.0+cu128,12.8,2026-08-23T19:18:57.024723+00:00
a3736910273bdc2ee52968c49381ec2cf963c876,warp_reduction,compact warp-reduction custom CUDA; header-only CUDA 12.8 compatibility include applied,1536,12288,1536,float32,0.125,25,100,27,667.5840020179749,,0,Tesla T4,7.5,2.11.0+cu128,12.8,2026-08-23T19:18:57.024723+00:00
a3736910273bdc2ee52968c49381ec2cf963c876,warp_reduction,compact warp-reduction custom CUDA; header-only CUDA 12.8 compatibility include applied,1536,12288,1536,float32,0.125,25,100,28,671.2639927864075,,0,Tesla T4,7.5,2.11.0+cu128,12.8,2026-08-23T19:18:57.024723+00:00
a3736910273bdc2ee52968c49381ec2cf963c876,warp_reduction,compact warp-reduction custom CUDA; header-only CUDA 12.8 compatibility include applied,1536,12288,1536,float32,0.125,25,100,29,687.5200271606445,,0,Tesla T4,7.5,2.11.0+cu128,12.8,2026-08-23T19:18:57.024723+00:00
a3736910273bdc2ee52968c49381ec2cf963c876,warp_reduction,compact warp-reduction custom CUDA; header-only CUDA 12.8 compatibility include applied,1536,12288,1536,float32,0.125,25,100,30,665.6320095062256,,0,Tesla T4,7.5,2.11.0+cu128,12.8,2026-08-23T19:18:57.024723+00:00
a3736910273bdc2ee52968c49381ec2cf963c876,warp_reduction,compact warp-reduction custom CUDA; header-only CUDA 12.8 compatibility include applied,1536,12288,1536,float32,0.125,25,100,31,671.5520024299622,,0,Tesla T4,7.5,2.11.0+cu128,12.8,2026-08-23T19:18:57.024723+00:00
a3736910273bdc2ee52968c49381ec2cf963c876,warp_reduction,compact warp-reduction custom CUDA; header-only CUDA 12.8 compatibility include applied,1536,12288,1536,float32,0.125,25,100,32,684.224009513855,,0,Tesla T4,7.5,2.11.0+cu128,12.8,2026-08-23T19:18:57.024723+00:00
a3736910273bdc2ee52968c49381ec2cf963c876,warp_reduction,compact warp-reduction custom CUDA; header-only CUDA 12.8 compatibility include applied,1536,12288,1536,float32,0.125,25,100,33,687.2640252113342,,0,Tesla T4,7.5,2.11.0+cu128,12.8,2026-08-23T19:18:57.024723+00:00
a3736910273bdc2ee52968c49381ec2cf963c876,warp_reduction,compact warp-reduction custom CUDA; header-only CUDA 12.8 compatibility include applied,1536,12288,1536,float32,0.125,25,100,34,667.9360270500183,,0,Tesla T4,7.5,2.11.0+cu128,12.8,2026-08-23T19:18:57.024723+00:00
a3736910273bdc2ee52968c49381ec2cf963c876,warp_reduction,compact warp-reduction custom CUDA; header-only CUDA 12.8 compatibility include applied,1536,12288,1536,float32,0.125,25,100,35,671.7759966850281,,0,Tesla T4,7.5,2.11.0+cu128,12.8,2026-08-23T19:18:57.024723+00:00
a3736910273bdc2ee52968c49381ec2cf963c876,warp_reduction,compact warp-reduction custom CUDA; header-only CUDA 12.8 compatibility include applied,1536,12288,1536,float32,0.125,25,100,36,688.2240176200867,,0,Tesla T4,7.5,2.11.0+cu128,12.8,2026-08-23T19:18:57.024723+00:00
a3736910273bdc2ee52968c49381ec2cf963c876,warp_reduction,compact warp-reduction custom CUDA; header-only CUDA 12.8 compatibility include applied,1536,12288,1536,float32,0.125,25,100,37,667.0719981193542,,0,Tesla T4,7.5,2.11.0+cu128,12.8,2026-08-23T19:18:57.024723+00:00
a3736910273bdc2ee52968c49381ec2cf963c876,warp_reduction,compact warp-reduction custom CUDA; header-only CUDA 12.8 compatibility include applied,1536,12288,1536,float32,0.125,25,100,38,670.3360080718994,,0,Tesla T4,7.5,2.11.0+cu128,12.8,2026-08-23T19:18:57.024723+00:00
a3736910273bdc2ee52968c49381ec2cf963c876,warp_reduction,compact warp-reduction custom CUDA; header-only CUDA 12.8 compatibility include applied,1536,12288,1536,float32,0.125,25,100,39,671.3600158691406,,0,Tesla T4,7.5,2.11.0+cu128,12.8,2026-08-23T19:18:57.024723+00:00
a3736910273bdc2ee52968c49381ec2cf963c876,warp_reduction,compact warp-reduction custom CUDA; header-only CUDA 12.8 compatibility include applied,1536,12288,1536,float32,0.125,25,100,40,665.66401720047,,0,Tesla T4,7.5,2.11.0+cu128,12.8,2026-08-23T19:18:57.024723+00:00
a3736910273bdc2ee52968c49381ec2cf963c876,warp_reduction,compact warp-reduction custom CUDA; header-only CUDA 12.8 compatibility include applied,1536,12288,1536,float32,0.125,25,100,41,667.2959923744202,,0,Tesla T4,7.5,2.11.0+cu128,12.8,2026-08-23T19:18:57.024723+00:00
a3736910273bdc2ee52968c49381ec2cf963c876,warp_reduction,compact warp-reduction custom CUDA; header-only CUDA 12.8 compatibility include applied,1536,12288,1536,float32,0.125,25,100,42,668.5439944267273,,0,Tesla T4,7.5,2.11.0+cu128,12.8,2026-08-23T19:18:57.024723+00:00
a3736910273bdc2ee52968c49381ec2cf963c876,warp_reduction,compact warp-reduction custom CUDA; header-only CUDA 12.8 compatibility include applied,1536,12288,1536,float32,0.125,25,100,43,667.680025100708,,0,Tesla T4,7.5,2.11.0+cu128,12.8,2026-08-23T19:18:57.024723+00:00
a3736910273bdc2ee52968c49381ec2cf963c876,warp_reduction,compact warp-reduction custom CUDA; header-only CUDA 12.8 compatibility include applied,1536,12288,1536,float32,0.125,25,100,44,663.5519862174988,,0,Tesla T4,7.5,2.11.0+cu128,12.8,2026-08-23T19:18:57.024723+00:00
a3736910273bdc2ee52968c49381ec2cf963c876,warp_reduction,compact warp-reduction custom CUDA; header-only CUDA 12.8 compatibility include applied,1536,12288,1536,float32,0.125,25,100,45,667.6480174064636,,0,Tesla T4,7.5,2.11.0+cu128,12.8,2026-08-23T19:18:57.024723+00:00
a3736910273bdc2ee52968c49381ec2cf963c876,warp_reduction,compact warp-reduction custom CUDA; header-only CUDA 12.8 compatibility include applied,1536,12288,1536,float32,0.125,25,100,46,686.0799789428711,,0,Tesla T4,7.5,2.11.0+cu128,12.8,2026-08-23T19:18:57.024723+00:00
a3736910273bdc2ee52968c49381ec2cf963c876,warp_reduction,compact warp-reduction custom CUDA; header-only CUDA 12.8 compatibility include applied,1536,12288,1536,float32,0.125,25,100,47,663.5519862174988,,0,Tesla T4,7.5,2.11.0+cu128,12.8,2026-08-23T19:18:57.024723+00:00
a3736910273bdc2ee52968c49381ec2cf963c876,warp_reduction,compact warp-reduction custom CUDA; header-only CUDA 12.8 compatibility include applied,1536,12288,1536,float32,0.125,25,100,48,666.3359999656677,,0,Tesla T4,7.5,2.11.0+cu128,12.8,2026-08-23T19:18:57.024723+00:00
a3736910273bdc2ee52968c49381ec2cf963c876,warp_reduction,compact warp-reduction custom CUDA; header-only CUDA 12.8 compatibility include applied,1536,12288,1536,float32,0.125,25,100,49,667.6480174064636,,0,Tesla T4,7.5,2.11.0+cu128,12.8,2026-08-23T19:18:57.024723+00:00
a3736910273bdc2ee52968c49381ec2cf963c876,warp_reduction,compact warp-reduction custom CUDA; header-only CUDA 12.8 compatibility include applied,1536,12288,1536,float32,0.125,25,100,50,671.7759966850281,,0,Tesla T4,7.5,2.11.0+cu128,12.8,2026-08-23T19:18:57.024723+00:00
a3736910273bdc2ee52968c49381ec2cf963c876,warp_reduction,compact warp-reduction custom CUDA; header-only CUDA 12.8 compatibility include applied,1536,12288,1536,float32,0.125,25,100,51,666.4320230484009,,0,Tesla T4,7.5,2.11.0+cu128,12.8,2026-08-23T19:18:57.024723+00:00
a3736910273bdc2ee52968c49381ec2cf963c876,warp_reduction,compact warp-reduction custom CUDA; header-only CUDA 12.8 compatibility include applied,1536,12288,1536,float32,0.125,25,100,52,667.6480174064636,,0,Tesla T4,7.5,2.11.0+cu128,12.8,2026-08-23T19:18:57.024723+00:00
a3736910273bdc2ee52968c49381ec2cf963c876,warp_reduction,compact warp-reduction custom CUDA; header-only CUDA 12.8 compatibility include applied,1536,12288,1536,float32,0.125,25,100,53,670.2719926834106,,0,Tesla T4,7.5,2.11.0+cu128,12.8,2026-08-23T19:18:57.024723+00:00
a3736910273bdc2ee52968c49381ec2cf963c876,warp_reduction,compact warp-reduction custom CUDA; header-only CUDA 12.8 compatibility include applied,1536,12288,1536,float32,0.125,25,100,54,665.1520133018494,,0,Tesla T4,7.5,2.11.0+cu128,12.8,2026-08-23T19:18:57.024723+00:00
a3736910273bdc2ee52968c49381ec2cf963c876,warp_reduction,compact warp-reduction custom CUDA; header-only CUDA 12.8 compatibility include applied,1536,12288,1536,float32,0.125,25,100,55,667.6480174064636,,0,Tesla T4,7.5,2.11.0+cu128,12.8,2026-08-23T19:18:57.024723+00:00
a3736910273bdc2ee52968c49381ec2cf963c876,warp_reduction,compact warp-reduction custom CUDA; header-only CUDA 12.8 compatibility include applied,1536,12288,1536,float32,0.125,25,100,56,668.7039732933044,,0,Tesla T4,7.5,2.11.0+cu128,12.8,2026-08-23T19:18:57.024723+00:00
a3736910273bdc2ee52968c49381ec2cf963c876,warp_reduction,compact warp-reduction custom CUDA; header-only CUDA 12.8 compatibility include applied,1536,12288,1536,float32,0.125,25,100,57,710.6239795684814,,0,Tesla T4,7.5,2.11.0+cu128,12.8,2026-08-23T19:18:57.024723+00:00
a3736910273bdc2ee52968c49381ec2cf963c876,warp_reduction,compact warp-reduction custom CUDA; header-only CUDA 12.8 compatibility include applied,1536,12288,1536,float32,0.125,25,100,58,673.8240122795105,,0,Tesla T4,7.5,2.11.0+cu128,12.8,2026-08-23T19:18:57.024723+00:00
a3736910273bdc2ee52968c49381ec2cf963c876,warp_reduction,compact warp-reduction custom CUDA; header-only CUDA 12.8 compatibility include applied,1536,12288,1536,float32,0.125,25,100,59,690.5919909477234,,0,Tesla T4,7.5,2.11.0+cu128,12.8,2026-08-23T19:18:57.024723+00:00
a3736910273bdc2ee52968c49381ec2cf963c876,warp_reduction,compact warp-reduction custom CUDA; header-only CUDA 12.8 compatibility include applied,1536,12288,1536,float32,0.125,25,100,60,682.7520132064819,,0,Tesla T4,7.5,2.11.0+cu128,12.8,2026-08-23T19:18:57.024723+00:00
a3736910273bdc2ee52968c49381ec2cf963c876,warp_reduction,compact warp-reduction custom CUDA; header-only CUDA 12.8 compatibility include applied,1536,12288,1536,float32,0.125,25,100,61,673.5039949417114,,0,Tesla T4,7.5,2.11.0+cu128,12.8,2026-08-23T19:18:57.024723+00:00
a3736910273bdc2ee52968c49381ec2cf963c876,warp_reduction,compact warp-reduction custom CUDA; header-only CUDA 12.8 compatibility include applied,1536,12288,1536,float32,0.125,25,100,62,667.680025100708,,0,Tesla T4,7.5,2.11.0+cu128,12.8,2026-08-23T19:18:57.024723+00:00
a3736910273bdc2ee52968c49381ec2cf963c876,warp_reduction,compact warp-reduction custom CUDA; header-only CUDA 12.8 compatibility include applied,1536,12288,1536,float32,0.125,25,100,63,667.7759885787964,,0,Tesla T4,7.5,2.11.0+cu128,12.8,2026-08-23T19:18:57.024723+00:00
a3736910273bdc2ee52968c49381ec2cf963c876,warp_reduction,compact warp-reduction custom CUDA; header-only CUDA 12.8 compatibility include applied,1536,12288,1536,float32,0.125,25,100,64,669.0239906311035,,0,Tesla T4,7.5,2.11.0+cu128,12.8,2026-08-23T19:18:57.024723+00:00
a3736910273bdc2ee52968c49381ec2cf963c876,warp_reduction,compact warp-reduction custom CUDA; header-only CUDA 12.8 compatibility include applied,1536,12288,1536,float32,0.125,25,100,65,667.680025100708,,0,Tesla T4,7.5,2.11.0+cu128,12.8,2026-08-23T19:18:57.024723+00:00
a3736910273bdc2ee52968c49381ec2cf963c876,warp_reduction,compact warp-reduction custom CUDA; header-only CUDA 12.8 compatibility include applied,1536,12288,1536,float32,0.125,25,100,66,667.3280000686646,,0,Tesla T4,7.5,2.11.0+cu128,12.8,2026-08-23T19:18:57.024723+00:00
a3736910273bdc2ee52968c49381ec2cf963c876,warp_reduction,compact warp-reduction custom CUDA; header-only CUDA 12.8 compatibility include applied,1536,12288,1536,float32,0.125,25,100,67,671.5840101242065,,0,Tesla T4,7.5,2.11.0+cu128,12.8,2026-08-23T19:18:57.024723+00:00
a3736910273bdc2ee52968c49381ec2cf963c876,warp_reduction,compact warp-reduction custom CUDA; header-only CUDA 12.8 compatibility include applied,1536,12288,1536,float32,0.125,25,100,68,667.680025100708,,0,Tesla T4,7.5,2.11.0+cu128,12.8,2026-08-23T19:18:57.024723+00:00
a3736910273bdc2ee52968c49381ec2cf963c876,warp_reduction,compact warp-reduction custom CUDA; header-only CUDA 12.8 compatibility include applied,1536,12288,1536,float32,0.125,25,100,69,664.8640036582947,,0,Tesla T4,7.5,2.11.0+cu128,12.8,2026-08-23T19:18:57.024723+00:00
a3736910273bdc2ee52968c49381ec2cf963c876,warp_reduction,compact warp-reduction custom CUDA; header-only CUDA 12.8 compatibility include applied,1536,12288,1536,float32,0.125,25,100,70,668.5760021209717,,0,Tesla T4,7.5,2.11.0+cu128,12.8,2026-08-23T19:18:57.024723+00:00
a3736910273bdc2ee52968c49381ec2cf963c876,warp_reduction,compact warp-reduction custom CUDA; header-only CUDA 12.8 compatibility include applied,1536,12288,1536,float32,0.125,25,100,71,675.711989402771,,0,Tesla T4,7.5,2.11.0+cu128,12.8,2026-08-23T19:18:57.024723+00:00
a3736910273bdc2ee52968c49381ec2cf963c876,warp_reduction,compact warp-reduction custom CUDA; header-only CUDA 12.8 compatibility include applied,1536,12288,1536,float32,0.125,25,100,72,663.5839939117432,,0,Tesla T4,7.5,2.11.0+cu128,12.8,2026-08-23T19:18:57.024723+00:00
a3736910273bdc2ee52968c49381ec2cf963c876,warp_reduction,compact warp-reduction custom CUDA; header-only CUDA 12.8 compatibility include applied,1536,12288,1536,float32,0.125,25,100,73,665.7599806785583,,0,Tesla T4,7.5,2.11.0+cu128,12.8,2026-08-23T19:18:57.024723+00:00
a3736910273bdc2ee52968c49381ec2cf963c876,warp_reduction,compact warp-reduction custom CUDA; header-only CUDA 12.8 compatibility include applied,1536,12288,1536,float32,0.125,25,100,74,669.3440079689026,,0,Tesla T4,7.5,2.11.0+cu128,12.8,2026-08-23T19:18:57.024723+00:00
a3736910273bdc2ee52968c49381ec2cf963c876,warp_reduction,compact warp-reduction custom CUDA; header-only CUDA 12.8 compatibility include applied,1536,12288,1536,float32,0.125,25,100,75,686.0479712486267,,0,Tesla T4,7.5,2.11.0+cu128,12.8,2026-08-23T19:18:57.024723+00:00
a3736910273bdc2ee52968c49381ec2cf963c876,warp_reduction,compact warp-reduction custom CUDA; header-only CUDA 12.8 compatibility include applied,1536,12288,1536,float32,0.125,25,100,76,665.4080152511597,,0,Tesla T4,7.5,2.11.0+cu128,12.8,2026-08-23T19:18:57.024723+00:00
a3736910273bdc2ee52968c49381ec2cf963c876,warp_reduction,compact warp-reduction custom CUDA; header-only CUDA 12.8 compatibility include applied,1536,12288,1536,float32,0.125,25,100,77,668.0319905281067,,0,Tesla T4,7.5,2.11.0+cu128,12.8,2026-08-23T19:18:57.024723+00:00
a3736910273bdc2ee52968c49381ec2cf963c876,warp_reduction,compact warp-reduction custom CUDA; header-only CUDA 12.8 compatibility include applied,1536,12288,1536,float32,0.125,25,100,78,671.5520024299622,,0,Tesla T4,7.5,2.11.0+cu128,12.8,2026-08-23T19:18:57.024723+00:00
a3736910273bdc2ee52968c49381ec2cf963c876,warp_reduction,compact warp-reduction custom CUDA; header-only CUDA 12.8 compatibility include applied,1536,12288,1536,float32,0.125,25,100,79,667.1680212020874,,0,Tesla T4,7.5,2.11.0+cu128,12.8,2026-08-23T19:18:57.024723+00:00
a3736910273bdc2ee52968c49381ec2cf963c876,warp_reduction,compact warp-reduction custom CUDA; header-only CUDA 12.8 compatibility include applied,1536,12288,1536,float32,0.125,25,100,80,667.8400039672852,,0,Tesla T4,7.5,2.11.0+cu128,12.8,2026-08-23T19:18:57.024723+00:00
a3736910273bdc2ee52968c49381ec2cf963c876,warp_reduction,compact warp-reduction custom CUDA; header-only CUDA 12.8 compatibility include applied,1536,12288,1536,float32,0.125,25,100,81,669.3120002746582,,0,Tesla T4,7.5,2.11.0+cu128,12.8,2026-08-23T19:18:57.024723+00:00
a3736910273bdc2ee52968c49381ec2cf963c876,warp_reduction,compact warp-reduction custom CUDA; header-only CUDA 12.8 compatibility include applied,1536,12288,1536,float32,0.125,25,100,82,663.5199785232544,,0,Tesla T4,7.5,2.11.0+cu128,12.8,2026-08-23T19:18:57.024723+00:00
a3736910273bdc2ee52968c49381ec2cf963c876,warp_reduction,compact warp-reduction custom CUDA; header-only CUDA 12.8 compatibility include applied,1536,12288,1536,float32,0.125,25,100,83,667.6480174064636,,0,Tesla T4,7.5,2.11.0+cu128,12.8,2026-08-23T19:18:57.024723+00:00
a3736910273bdc2ee52968c49381ec2cf963c876,warp_reduction,compact warp-reduction custom CUDA; header-only CUDA 12.8 compatibility include applied,1536,12288,1536,float32,0.125,25,100,84,668.1600213050842,,0,Tesla T4,7.5,2.11.0+cu128,12.8,2026-08-23T19:18:57.024723+00:00
a3736910273bdc2ee52968c49381ec2cf963c876,warp_reduction,compact warp-reduction custom CUDA; header-only CUDA 12.8 compatibility include applied,1536,12288,1536,float32,0.125,25,100,85,667.0399904251099,,0,Tesla T4,7.5,2.11.0+cu128,12.8,2026-08-23T19:18:57.024723+00:00
a3736910273bdc2ee52968c49381ec2cf963c876,warp_reduction,compact warp-reduction custom CUDA; header-only CUDA 12.8 compatibility include applied,1536,12288,1536,float32,0.125,25,100,86,664.5119786262512,,0,Tesla T4,7.5,2.11.0+cu128,12.8,2026-08-23T19:18:57.024723+00:00
a3736910273bdc2ee52968c49381ec2cf963c876,warp_reduction,compact warp-reduction custom CUDA; header-only CUDA 12.8 compatibility include applied,1536,12288,1536,float32,0.125,25,100,87,667.3920154571533,,0,Tesla T4,7.5,2.11.0+cu128,12.8,2026-08-23T19:18:57.024723+00:00
a3736910273bdc2ee52968c49381ec2cf963c876,warp_reduction,compact warp-reduction custom CUDA; header-only CUDA 12.8 compatibility include applied,1536,12288,1536,float32,0.125,25,100,88,666.208028793335,,0,Tesla T4,7.5,2.11.0+cu128,12.8,2026-08-23T19:18:57.024723+00:00
a3736910273bdc2ee52968c49381ec2cf963c876,warp_reduction,compact warp-reduction custom CUDA; header-only CUDA 12.8 compatibility include applied,1536,12288,1536,float32,0.125,25,100,89,665.6000018119812,,0,Tesla T4,7.5,2.11.0+cu128,12.8,2026-08-23T19:18:57.024723+00:00
a3736910273bdc2ee52968c49381ec2cf963c876,warp_reduction,compact warp-reduction custom CUDA; header-only CUDA 12.8 compatibility include applied,1536,12288,1536,float32,0.125,25,100,90,677.2480010986328,,0,Tesla T4,7.5,2.11.0+cu128,12.8,2026-08-23T19:18:57.024723+00:00
a3736910273bdc2ee52968c49381ec2cf963c876,warp_reduction,compact warp-reduction custom CUDA; header-only CUDA 12.8 compatibility include applied,1536,12288,1536,float32,0.125,25,100,91,668.0639982223511,,0,Tesla T4,7.5,2.11.0+cu128,12.8,2026-08-23T19:18:57.024723+00:00
a3736910273bdc2ee52968c49381ec2cf963c876,warp_reduction,compact warp-reduction custom CUDA; header-only CUDA 12.8 compatibility include applied,1536,12288,1536,float32,0.125,25,100,92,672.6080179214478,,0,Tesla T4,7.5,2.11.0+cu128,12.8,2026-08-23T19:18:57.024723+00:00
a3736910273bdc2ee52968c49381ec2cf963c876,warp_reduction,compact warp-reduction custom CUDA; header-only CUDA 12.8 compatibility include applied,1536,12288,1536,float32,0.125,25,100,93,685.2160096168518,,0,Tesla T4,7.5,2.11.0+cu128,12.8,2026-08-23T19:18:57.024723+00:00
a3736910273bdc2ee52968c49381ec2cf963c876,warp_reduction,compact warp-reduction custom CUDA; header-only CUDA 12.8 compatibility include applied,1536,12288,1536,float32,0.125,25,100,94,673.1200218200684,,0,Tesla T4,7.5,2.11.0+cu128,12.8,2026-08-23T19:18:57.024723+00:00
a3736910273bdc2ee52968c49381ec2cf963c876,warp_reduction,compact warp-reduction custom CUDA; header-only CUDA 12.8 compatibility include applied,1536,12288,1536,float32,0.125,25,100,95,669.6959733963013,,0,Tesla T4,7.5,2.11.0+cu128,12.8,2026-08-23T19:18:57.024723+00:00
a3736910273bdc2ee52968c49381ec2cf963c876,warp_reduction,compact warp-reduction custom CUDA; header-only CUDA 12.8 compatibility include applied,1536,12288,1536,float32,0.125,25,100,96,666.2399768829346,,0,Tesla T4,7.5,2.11.0+cu128,12.8,2026-08-23T19:18:57.024723+00:00
a3736910273bdc2ee52968c49381ec2cf963c876,warp_reduction,compact warp-reduction custom CUDA; header-only CUDA 12.8 compatibility include applied,1536,12288,1536,float32,0.125,25,100,97,670.1440215110779,,0,Tesla T4,7.5,2.11.0+cu128,12.8,2026-08-23T19:18:57.024723+00:00
a3736910273bdc2ee52968c49381ec2cf963c876,warp_reduction,compact warp-reduction custom CUDA; header-only CUDA 12.8 compatibility include applied,1536,12288,1536,float32,0.125,25,100,98,669.6959733963013,,0,Tesla T4,7.5,2.11.0+cu128,12.8,2026-08-23T19:18:57.024723+00:00
a3736910273bdc2ee52968c49381ec2cf963c876,warp_reduction,compact warp-reduction custom CUDA; header-only CUDA 12.8 compatibility include applied,1536,12288,1536,float32,0.125,25,100,99,663.5839939117432,,0,Tesla T4,7.5,2.11.0+cu128,12.8,2026-08-23T19:18:57.024723+00:00
a3736910273bdc2ee52968c49381ec2cf963c876,warp_reduction,compact warp-reduction custom CUDA; header-only CUDA 12.8 compatibility include applied,2048,16384,2048,float32,0.125,25,100,0,1259.5200538635254,,0,Tesla T4,7.5,2.11.0+cu128,12.8,2026-08-23T19:19:00.165106+00:00
a3736910273bdc2ee52968c49381ec2cf963c876,warp_reduction,compact warp-reduction custom CUDA; header-only CUDA 12.8 compatibility include applied,2048,16384,2048,float32,0.125,25,100,1,1230.8160066604614,,0,Tesla T4,7.5,2.11.0+cu128,12.8,2026-08-23T19:19:00.165106+00:00
a3736910273bdc2ee52968c49381ec2cf963c876,warp_reduction,compact warp-reduction custom CUDA; header-only CUDA 12.8 compatibility include applied,2048,16384,2048,float32,0.125,25,100,2,1234.976053237915,,0,Tesla T4,7.5,2.11.0+cu128,12.8,2026-08-23T19:19:00.165106+00:00
a3736910273bdc2ee52968c49381ec2cf963c876,warp_reduction,compact warp-reduction custom CUDA; header-only CUDA 12.8 compatibility include applied,2048,16384,2048,float32,0.125,25,100,3,1223.1040000915527,,0,Tesla T4,7.5,2.11.0+cu128,12.8,2026-08-23T19:19:00.165106+00:00
a3736910273bdc2ee52968c49381ec2cf963c876,warp_reduction,compact warp-reduction custom CUDA; header-only CUDA 12.8 compatibility include applied,2048,16384,2048,float32,0.125,25,100,4,1218.783974647522,,0,Tesla T4,7.5,2.11.0+cu128,12.8,2026-08-23T19:19:00.165106+00:00
a3736910273bdc2ee52968c49381ec2cf963c876,warp_reduction,compact warp-reduction custom CUDA; header-only CUDA 12.8 compatibility include applied,2048,16384,2048,float32,0.125,25,100,5,1219.5839881896973,,0,Tesla T4,7.5,2.11.0+cu128,12.8,2026-08-23T19:19:00.165106+00:00
a3736910273bdc2ee52968c49381ec2cf963c876,warp_reduction,compact warp-reduction custom CUDA; header-only CUDA 12.8 compatibility include applied,2048,16384,2048,float32,0.125,25,100,6,1220.3199863433838,,0,Tesla T4,7.5,2.11.0+cu128,12.8,2026-08-23T19:19:00.165106+00:00
a3736910273bdc2ee52968c49381ec2cf963c876,warp_reduction,compact warp-reduction custom CUDA; header-only CUDA 12.8 compatibility include applied,2048,16384,2048,float32,0.125,25,100,7,1234.9439859390259,,0,Tesla T4,7.5,2.11.0+cu128,12.8,2026-08-23T19:19:00.165106+00:00
a3736910273bdc2ee52968c49381ec2cf963c876,warp_reduction,compact warp-reduction custom CUDA; header-only CUDA 12.8 compatibility include applied,2048,16384,2048,float32,0.125,25,100,8,1222.208023071289,,0,Tesla T4,7.5,2.11.0+cu128,12.8,2026-08-23T19:19:00.165106+00:00
a3736910273bdc2ee52968c49381ec2cf963c876,warp_reduction,compact warp-reduction custom CUDA; header-only CUDA 12.8 compatibility include applied,2048,16384,2048,float32,0.125,25,100,9,1220.960021018982,,0,Tesla T4,7.5,2.11.0+cu128,12.8,2026-08-23T19:19:00.165106+00:00
a3736910273bdc2ee52968c49381ec2cf963c876,warp_reduction,compact warp-reduction custom CUDA; header-only CUDA 12.8 compatibility include applied,2048,16384,2048,float32,0.125,25,100,10,1222.1120595932007,,0,Tesla T4,7.5,2.11.0+cu128,12.8,2026-08-23T19:19:00.165106+00:00
a3736910273bdc2ee52968c49381ec2cf963c876,warp_reduction,compact warp-reduction custom CUDA; header-only CUDA 12.8 compatibility include applied,2048,16384,2048,float32,0.125,25,100,11,1224.287986755371,,0,Tesla T4,7.5,2.11.0+cu128,12.8,2026-08-23T19:19:00.165106+00:00
a3736910273bdc2ee52968c49381ec2cf963c876,warp_reduction,compact warp-reduction custom CUDA; header-only CUDA 12.8 compatibility include applied,2048,16384,2048,float32,0.125,25,100,12,1220.1919555664062,,0,Tesla T4,7.5,2.11.0+cu128,12.8,2026-08-23T19:19:00.165106+00:00
a3736910273bdc2ee52968c49381ec2cf963c876,warp_reduction,compact warp-reduction custom CUDA; header-only CUDA 12.8 compatibility include applied,2048,16384,2048,float32,0.125,25,100,13,1236.0960245132446,,0,Tesla T4,7.5,2.11.0+cu128,12.8,2026-08-23T19:19:00.165106+00:00
a3736910273bdc2ee52968c49381ec2cf963c876,warp_reduction,compact warp-reduction custom CUDA; header-only CUDA 12.8 compatibility include applied,2048,16384,2048,float32,0.125,25,100,14,1222.9119539260864,,0,Tesla T4,7.5,2.11.0+cu128,12.8,2026-08-23T19:19:00.165106+00:00
a3736910273bdc2ee52968c49381ec2cf963c876,warp_reduction,compact warp-reduction custom CUDA; header-only CUDA 12.8 compatibility include applied,2048,16384,2048,float32,0.125,25,100,15,1223.199963569641,,0,Tesla T4,7.5,2.11.0+cu128,12.8,2026-08-23T19:19:00.165106+00:00
a3736910273bdc2ee52968c49381ec2cf963c876,warp_reduction,compact warp-reduction custom CUDA; header-only CUDA 12.8 compatibility include applied,2048,16384,2048,float32,0.125,25,100,16,1219.7760343551636,,0,Tesla T4,7.5,2.11.0+cu128,12.8,2026-08-23T19:19:00.165106+00:00
a3736910273bdc2ee52968c49381ec2cf963c876,warp_reduction,compact warp-reduction custom CUDA; header-only CUDA 12.8 compatibility include applied,2048,16384,2048,float32,0.125,25,100,17,1224.5759963989258,,0,Tesla T4,7.5,2.11.0+cu128,12.8,2026-08-23T19:19:00.165106+00:00
a3736910273bdc2ee52968c49381ec2cf963c876,warp_reduction,compact warp-reduction custom CUDA; header-only CUDA 12.8 compatibility include applied,2048,16384,2048,float32,0.125,25,100,18,1258.847951889038,,0,Tesla T4,7.5,2.11.0+cu128,12.8,2026-08-23T19:19:00.165106+00:00
a3736910273bdc2ee52968c49381ec2cf963c876,warp_reduction,compact warp-reduction custom CUDA; header-only CUDA 12.8 compatibility include applied,2048,16384,2048,float32,0.125,25,100,19,1237.280011177063,,0,Tesla T4,7.5,2.11.0+cu128,12.8,2026-08-23T19:19:00.165106+00:00
a3736910273bdc2ee52968c49381ec2cf963c876,warp_reduction,compact warp-reduction custom CUDA; header-only CUDA 12.8 compatibility include applied,2048,16384,2048,float32,0.125,25,100,20,1224.7040271759033,,0,Tesla T4,7.5,2.11.0+cu128,12.8,2026-08-23T19:19:00.165106+00:00
a3736910273bdc2ee52968c49381ec2cf963c876,warp_reduction,compact warp-reduction custom CUDA; header-only CUDA 12.8 compatibility include applied,2048,16384,2048,float32,0.125,25,100,21,1218.5920476913452,,0,Tesla T4,7.5,2.11.0+cu128,12.8,2026-08-23T19:19:00.165106+00:00
a3736910273bdc2ee52968c49381ec2cf963c876,warp_reduction,compact warp-reduction custom CUDA; header-only CUDA 12.8 compatibility include applied,2048,16384,2048,float32,0.125,25,100,22,1220.8640575408936,,0,Tesla T4,7.5,2.11.0+cu128,12.8,2026-08-23T19:19:00.165106+00:00
a3736910273bdc2ee52968c49381ec2cf963c876,warp_reduction,compact warp-reduction custom CUDA; header-only CUDA 12.8 compatibility include applied,2048,16384,2048,float32,0.125,25,100,23,1241.5679693222046,,0,Tesla T4,7.5,2.11.0+cu128,12.8,2026-08-23T19:19:00.165106+00:00
a3736910273bdc2ee52968c49381ec2cf963c876,warp_reduction,compact warp-reduction custom CUDA; header-only CUDA 12.8 compatibility include applied,2048,16384,2048,float32,0.125,25,100,24,1222.1440076828003,,0,Tesla T4,7.5,2.11.0+cu128,12.8,2026-08-23T19:19:00.165106+00:00
a3736910273bdc2ee52968c49381ec2cf963c876,warp_reduction,compact warp-reduction custom CUDA; header-only CUDA 12.8 compatibility include applied,2048,16384,2048,float32,0.125,25,100,25,1220.031976699829,,0,Tesla T4,7.5,2.11.0+cu128,12.8,2026-08-23T19:19:00.165106+00:00
a3736910273bdc2ee52968c49381ec2cf963c876,warp_reduction,compact warp-reduction custom CUDA; header-only CUDA 12.8 compatibility include applied,2048,16384,2048,float32,0.125,25,100,26,1219.6160554885864,,0,Tesla T4,7.5,2.11.0+cu128,12.8,2026-08-23T19:19:00.165106+00:00
a3736910273bdc2ee52968c49381ec2cf963c876,warp_reduction,compact warp-reduction custom CUDA; header-only CUDA 12.8 compatibility include applied,2048,16384,2048,float32,0.125,25,100,27,1219.5839881896973,,0,Tesla T4,7.5,2.11.0+cu128,12.8,2026-08-23T19:19:00.165106+00:00
a3736910273bdc2ee52968c49381ec2cf963c876,warp_reduction,compact warp-reduction custom CUDA; header-only CUDA 12.8 compatibility include applied,2048,16384,2048,float32,0.125,25,100,28,1223.9999771118164,,0,Tesla T4,7.5,2.11.0+cu128,12.8,2026-08-23T19:19:00.165106+00:00
a3736910273bdc2ee52968c49381ec2cf963c876,warp_reduction,compact warp-reduction custom CUDA; header-only CUDA 12.8 compatibility include applied,2048,16384,2048,float32,0.125,25,100,29,1226.591944694519,,0,Tesla T4,7.5,2.11.0+cu128,12.8,2026-08-23T19:19:00.165106+00:00
a3736910273bdc2ee52968c49381ec2cf963c876,warp_reduction,compact warp-reduction custom CUDA; header-only CUDA 12.8 compatibility include applied,2048,16384,2048,float32,0.125,25,100,30,1224.5440483093262,,0,Tesla T4,7.5,2.11.0+cu128,12.8,2026-08-23T19:19:00.165106+00:00
a3736910273bdc2ee52968c49381ec2cf963c876,warp_reduction,compact warp-reduction custom CUDA; header-only CUDA 12.8 compatibility include applied,2048,16384,2048,float32,0.125,25,100,31,1226.6559600830078,,0,Tesla T4,7.5,2.11.0+cu128,12.8,2026-08-23T19:19:00.165106+00:00
a3736910273bdc2ee52968c49381ec2cf963c876,warp_reduction,compact warp-reduction custom CUDA; header-only CUDA 12.8 compatibility include applied,2048,16384,2048,float32,0.125,25,100,32,1219.3599939346313,,0,Tesla T4,7.5,2.11.0+cu128,12.8,2026-08-23T19:19:00.165106+00:00
a3736910273bdc2ee52968c49381ec2cf963c876,warp_reduction,compact warp-reduction custom CUDA; header-only CUDA 12.8 compatibility include applied,2048,16384,2048,float32,0.125,25,100,33,1222.7200269699097,,0,Tesla T4,7.5,2.11.0+cu128,12.8,2026-08-23T19:19:00.165106+00:00
a3736910273bdc2ee52968c49381ec2cf963c876,warp_reduction,compact warp-reduction custom CUDA; header-only CUDA 12.8 compatibility include applied,2048,16384,2048,float32,0.125,25,100,34,1220.0959920883179,,0,Tesla T4,7.5,2.11.0+cu128,12.8,2026-08-23T19:19:00.165106+00:00
a3736910273bdc2ee52968c49381ec2cf963c876,warp_reduction,compact warp-reduction custom CUDA; header-only CUDA 12.8 compatibility include applied,2048,16384,2048,float32,0.125,25,100,35,1230.8800220489502,,0,Tesla T4,7.5,2.11.0+cu128,12.8,2026-08-23T19:19:00.165106+00:00
a3736910273bdc2ee52968c49381ec2cf963c876,warp_reduction,compact warp-reduction custom CUDA; header-only CUDA 12.8 compatibility include applied,2048,16384,2048,float32,0.125,25,100,36,1226.7839908599854,,0,Tesla T4,7.5,2.11.0+cu128,12.8,2026-08-23T19:19:00.165106+00:00
a3736910273bdc2ee52968c49381ec2cf963c876,warp_reduction,compact warp-reduction custom CUDA; header-only CUDA 12.8 compatibility include applied,2048,16384,2048,float32,0.125,25,100,37,1220.4159498214722,,0,Tesla T4,7.5,2.11.0+cu128,12.8,2026-08-23T19:19:00.165106+00:00
a3736910273bdc2ee52968c49381ec2cf963c876,warp_reduction,compact warp-reduction custom CUDA; header-only CUDA 12.8 compatibility include applied,2048,16384,2048,float32,0.125,25,100,38,1222.656011581421,,0,Tesla T4,7.5,2.11.0+cu128,12.8,2026-08-23T19:19:00.165106+00:00
a3736910273bdc2ee52968c49381ec2cf963c876,warp_reduction,compact warp-reduction custom CUDA; header-only CUDA 12.8 compatibility include applied,2048,16384,2048,float32,0.125,25,100,39,1224.7040271759033,,0,Tesla T4,7.5,2.11.0+cu128,12.8,2026-08-23T19:19:00.165106+00:00
a3736910273bdc2ee52968c49381ec2cf963c876,warp_reduction,compact warp-reduction custom CUDA; header-only CUDA 12.8 compatibility include applied,2048,16384,2048,float32,0.125,25,100,40,1234.1439723968506,,0,Tesla T4,7.5,2.11.0+cu128,12.8,2026-08-23T19:19:00.165106+00:00
a3736910273bdc2ee52968c49381ec2cf963c876,warp_reduction,compact warp-reduction custom CUDA; header-only CUDA 12.8 compatibility include applied,2048,16384,2048,float32,0.125,25,100,41,1224.0959405899048,,0,Tesla T4,7.5,2.11.0+cu128,12.8,2026-08-23T19:19:00.165106+00:00
a3736910273bdc2ee52968c49381ec2cf963c876,warp_reduction,compact warp-reduction custom CUDA; header-only CUDA 12.8 compatibility include applied,2048,16384,2048,float32,0.125,25,100,42,1224.287986755371,,0,Tesla T4,7.5,2.11.0+cu128,12.8,2026-08-23T19:19:00.165106+00:00
a3736910273bdc2ee52968c49381ec2cf963c876,warp_reduction,compact warp-reduction custom CUDA; header-only CUDA 12.8 compatibility include applied,2048,16384,2048,float32,0.125,25,100,43,1230.8160066604614,,0,Tesla T4,7.5,2.11.0+cu128,12.8,2026-08-23T19:19:00.165106+00:00
a3736910273bdc2ee52968c49381ec2cf963c876,warp_reduction,compact warp-reduction custom CUDA; header-only CUDA 12.8 compatibility include applied,2048,16384,2048,float32,0.125,25,100,44,1219.040036201477,,0,Tesla T4,7.5,2.11.0+cu128,12.8,2026-08-23T19:19:00.165106+00:00
a3736910273bdc2ee52968c49381ec2cf963c876,warp_reduction,compact warp-reduction custom CUDA; header-only CUDA 12.8 compatibility include applied,2048,16384,2048,float32,0.125,25,100,45,1235.4559898376465,,0,Tesla T4,7.5,2.11.0+cu128,12.8,2026-08-23T19:19:00.165106+00:00
a3736910273bdc2ee52968c49381ec2cf963c876,warp_reduction,compact warp-reduction custom CUDA; header-only CUDA 12.8 compatibility include applied,2048,16384,2048,float32,0.125,25,100,46,1230.8800220489502,,0,Tesla T4,7.5,2.11.0+cu128,12.8,2026-08-23T19:19:00.165106+00:00
a3736910273bdc2ee52968c49381ec2cf963c876,warp_reduction,compact warp-reduction custom CUDA; header-only CUDA 12.8 compatibility include applied,2048,16384,2048,float32,0.125,25,100,47,1232.8640222549438,,0,Tesla T4,7.5,2.11.0+cu128,12.8,2026-08-23T19:19:00.165106+00:00
a3736910273bdc2ee52968c49381ec2cf963c876,warp_reduction,compact warp-reduction custom CUDA; header-only CUDA 12.8 compatibility include applied,2048,16384,2048,float32,0.125,25,100,48,1220.639944076538,,0,Tesla T4,7.5,2.11.0+cu128,12.8,2026-08-23T19:19:00.165106+00:00
a3736910273bdc2ee52968c49381ec2cf963c876,warp_reduction,compact warp-reduction custom CUDA; header-only CUDA 12.8 compatibility include applied,2048,16384,2048,float32,0.125,25,100,49,1220.8960056304932,,0,Tesla T4,7.5,2.11.0+cu128,12.8,2026-08-23T19:19:00.165106+00:00
a3736910273bdc2ee52968c49381ec2cf963c876,warp_reduction,compact warp-reduction custom CUDA; header-only CUDA 12.8 compatibility include applied,2048,16384,2048,float32,0.125,25,100,50,1217.9839611053467,,0,Tesla T4,7.5,2.11.0+cu128,12.8,2026-08-23T19:19:00.165106+00:00
a3736910273bdc2ee52968c49381ec2cf963c876,warp_reduction,compact warp-reduction custom CUDA; header-only CUDA 12.8 compatibility include applied,2048,16384,2048,float32,0.125,25,100,51,1220.6079959869385,,0,Tesla T4,7.5,2.11.0+cu128,12.8,2026-08-23T19:19:00.165106+00:00
a3736910273bdc2ee52968c49381ec2cf963c876,warp_reduction,compact warp-reduction custom CUDA; header-only CUDA 12.8 compatibility include applied,2048,16384,2048,float32,0.125,25,100,52,1223.3599424362183,,0,Tesla T4,7.5,2.11.0+cu128,12.8,2026-08-23T19:19:00.165106+00:00
a3736910273bdc2ee52968c49381ec2cf963c876,warp_reduction,compact warp-reduction custom CUDA; header-only CUDA 12.8 compatibility include applied,2048,16384,2048,float32,0.125,25,100,53,1224.7040271759033,,0,Tesla T4,7.5,2.11.0+cu128,12.8,2026-08-23T19:19:00.165106+00:00
a3736910273bdc2ee52968c49381ec2cf963c876,warp_reduction,compact warp-reduction custom CUDA; header-only CUDA 12.8 compatibility include applied,2048,16384,2048,float32,0.125,25,100,54,1224.7040271759033,,0,Tesla T4,7.5,2.11.0+cu128,12.8,2026-08-23T19:19:00.165106+00:00
a3736910273bdc2ee52968c49381ec2cf963c876,warp_reduction,compact warp-reduction custom CUDA; header-only CUDA 12.8 compatibility include applied,2048,16384,2048,float32,0.125,25,100,55,1223.7119674682617,,0,Tesla T4,7.5,2.11.0+cu128,12.8,2026-08-23T19:19:00.165106+00:00
a3736910273bdc2ee52968c49381ec2cf963c876,warp_reduction,compact warp-reduction custom CUDA; header-only CUDA 12.8 compatibility include applied,2048,16384,2048,float32,0.125,25,100,56,1225.5359888076782,,0,Tesla T4,7.5,2.11.0+cu128,12.8,2026-08-23T19:19:00.165106+00:00
a3736910273bdc2ee52968c49381ec2cf963c876,warp_reduction,compact warp-reduction custom CUDA; header-only CUDA 12.8 compatibility include applied,2048,16384,2048,float32,0.125,25,100,57,1221.119999885559,,0,Tesla T4,7.5,2.11.0+cu128,12.8,2026-08-23T19:19:00.165106+00:00
a3736910273bdc2ee52968c49381ec2cf963c876,warp_reduction,compact warp-reduction custom CUDA; header-only CUDA 12.8 compatibility include applied,2048,16384,2048,float32,0.125,25,100,58,1225.8559465408325,,0,Tesla T4,7.5,2.11.0+cu128,12.8,2026-08-23T19:19:00.165106+00:00
a3736910273bdc2ee52968c49381ec2cf963c876,warp_reduction,compact warp-reduction custom CUDA; header-only CUDA 12.8 compatibility include applied,2048,16384,2048,float32,0.125,25,100,59,1218.5920476913452,,0,Tesla T4,7.5,2.11.0+cu128,12.8,2026-08-23T19:19:00.165106+00:00
a3736910273bdc2ee52968c49381ec2cf963c876,warp_reduction,compact warp-reduction custom CUDA; header-only CUDA 12.8 compatibility include applied,2048,16384,2048,float32,0.125,25,100,60,1220.639944076538,,0,Tesla T4,7.5,2.11.0+cu128,12.8,2026-08-23T19:19:00.165106+00:00
a3736910273bdc2ee52968c49381ec2cf963c876,warp_reduction,compact warp-reduction custom CUDA; header-only CUDA 12.8 compatibility include applied,2048,16384,2048,float32,0.125,25,100,61,1223.8719463348389,,0,Tesla T4,7.5,2.11.0+cu128,12.8,2026-08-23T19:19:00.165106+00:00
a3736910273bdc2ee52968c49381ec2cf963c876,warp_reduction,compact warp-reduction custom CUDA; header-only CUDA 12.8 compatibility include applied,2048,16384,2048,float32,0.125,25,100,62,1227.936029434204,,0,Tesla T4,7.5,2.11.0+cu128,12.8,2026-08-23T19:19:00.165106+00:00
a3736910273bdc2ee52968c49381ec2cf963c876,warp_reduction,compact warp-reduction custom CUDA; header-only CUDA 12.8 compatibility include applied,2048,16384,2048,float32,0.125,25,100,63,1223.9680290222168,,0,Tesla T4,7.5,2.11.0+cu128,12.8,2026-08-23T19:19:00.165106+00:00
a3736910273bdc2ee52968c49381ec2cf963c876,warp_reduction,compact warp-reduction custom CUDA; header-only CUDA 12.8 compatibility include applied,2048,16384,2048,float32,0.125,25,100,64,1220.5760478973389,,0,Tesla T4,7.5,2.11.0+cu128,12.8,2026-08-23T19:19:00.165106+00:00
a3736910273bdc2ee52968c49381ec2cf963c876,warp_reduction,compact warp-reduction custom CUDA; header-only CUDA 12.8 compatibility include applied,2048,16384,2048,float32,0.125,25,100,65,1222.6239442825317,,0,Tesla T4,7.5,2.11.0+cu128,12.8,2026-08-23T19:19:00.165106+00:00
a3736910273bdc2ee52968c49381ec2cf963c876,warp_reduction,compact warp-reduction custom CUDA; header-only CUDA 12.8 compatibility include applied,2048,16384,2048,float32,0.125,25,100,66,1232.8959703445435,,0,Tesla T4,7.5,2.11.0+cu128,12.8,2026-08-23T19:19:00.165106+00:00
a3736910273bdc2ee52968c49381ec2cf963c876,warp_reduction,compact warp-reduction custom CUDA; header-only CUDA 12.8 compatibility include applied,2048,16384,2048,float32,0.125,25,100,67,1226.688027381897,,0,Tesla T4,7.5,2.11.0+cu128,12.8,2026-08-23T19:19:00.165106+00:00
a3736910273bdc2ee52968c49381ec2cf963c876,warp_reduction,compact warp-reduction custom CUDA; header-only CUDA 12.8 compatibility include applied,2048,16384,2048,float32,0.125,25,100,68,1226.7199754714966,,0,Tesla T4,7.5,2.11.0+cu128,12.8,2026-08-23T19:19:00.165106+00:00
a3736910273bdc2ee52968c49381ec2cf963c876,warp_reduction,compact warp-reduction custom CUDA; header-only CUDA 12.8 compatibility include applied,2048,16384,2048,float32,0.125,25,100,69,1224.7040271759033,,0,Tesla T4,7.5,2.11.0+cu128,12.8,2026-08-23T19:19:00.165106+00:00
a3736910273bdc2ee52968c49381ec2cf963c876,warp_reduction,compact warp-reduction custom CUDA; header-only CUDA 12.8 compatibility include applied,2048,16384,2048,float32,0.125,25,100,70,1232.640027999878,,0,Tesla T4,7.5,2.11.0+cu128,12.8,2026-08-23T19:19:00.165106+00:00
a3736910273bdc2ee52968c49381ec2cf963c876,warp_reduction,compact warp-reduction custom CUDA; header-only CUDA 12.8 compatibility include applied,2048,16384,2048,float32,0.125,25,100,71,1214.4320011138916,,0,Tesla T4,7.5,2.11.0+cu128,12.8,2026-08-23T19:19:00.165106+00:00
a3736910273bdc2ee52968c49381ec2cf963c876,warp_reduction,compact warp-reduction custom CUDA; header-only CUDA 12.8 compatibility include applied,2048,16384,2048,float32,0.125,25,100,72,1103.8399934768677,,0,Tesla T4,7.5,2.11.0+cu128,12.8,2026-08-23T19:19:00.165106+00:00
a3736910273bdc2ee52968c49381ec2cf963c876,warp_reduction,compact warp-reduction custom CUDA; header-only CUDA 12.8 compatibility include applied,2048,16384,2048,float32,0.125,25,100,73,1105.9199571609497,,0,Tesla T4,7.5,2.11.0+cu128,12.8,2026-08-23T19:19:00.165106+00:00
a3736910273bdc2ee52968c49381ec2cf963c876,warp_reduction,compact warp-reduction custom CUDA; header-only CUDA 12.8 compatibility include applied,2048,16384,2048,float32,0.125,25,100,74,1103.5840511322021,,0,Tesla T4,7.5,2.11.0+cu128,12.8,2026-08-23T19:19:00.165106+00:00
a3736910273bdc2ee52968c49381ec2cf963c876,warp_reduction,compact warp-reduction custom CUDA; header-only CUDA 12.8 compatibility include applied,2048,16384,2048,float32,0.125,25,100,75,1103.7440299987793,,0,Tesla T4,7.5,2.11.0+cu128,12.8,2026-08-23T19:19:00.165106+00:00
a3736910273bdc2ee52968c49381ec2cf963c876,warp_reduction,compact warp-reduction custom CUDA; header-only CUDA 12.8 compatibility include applied,2048,16384,2048,float32,0.125,25,100,76,1103.551983833313,,0,Tesla T4,7.5,2.11.0+cu128,12.8,2026-08-23T19:19:00.165106+00:00
a3736910273bdc2ee52968c49381ec2cf963c876,warp_reduction,compact warp-reduction custom CUDA; header-only CUDA 12.8 compatibility include applied,2048,16384,2048,float32,0.125,25,100,77,1108.0000400543213,,0,Tesla T4,7.5,2.11.0+cu128,12.8,2026-08-23T19:19:00.165106+00:00
a3736910273bdc2ee52968c49381ec2cf963c876,warp_reduction,compact warp-reduction custom CUDA; header-only CUDA 12.8 compatibility include applied,2048,16384,2048,float32,0.125,25,100,78,1105.728030204773,,0,Tesla T4,7.5,2.11.0+cu128,12.8,2026-08-23T19:19:00.165106+00:00
a3736910273bdc2ee52968c49381ec2cf963c876,warp_reduction,compact warp-reduction custom CUDA; header-only CUDA 12.8 compatibility include applied,2048,16384,2048,float32,0.125,25,100,79,1108.5439920425415,,0,Tesla T4,7.5,2.11.0+cu128,12.8,2026-08-23T19:19:00.165106+00:00
a3736910273bdc2ee52968c49381ec2cf963c876,warp_reduction,compact warp-reduction custom CUDA; header-only CUDA 12.8 compatibility include applied,2048,16384,2048,float32,0.125,25,100,80,1119.9040412902832,,0,Tesla T4,7.5,2.11.0+cu128,12.8,2026-08-23T19:19:00.165106+00:00
a3736910273bdc2ee52968c49381ec2cf963c876,warp_reduction,compact warp-reduction custom CUDA; header-only CUDA 12.8 compatibility include applied,2048,16384,2048,float32,0.125,25,100,81,1105.0560474395752,,0,Tesla T4,7.5,2.11.0+cu128,12.8,2026-08-23T19:19:00.165106+00:00
a3736910273bdc2ee52968c49381ec2cf963c876,warp_reduction,compact warp-reduction custom CUDA; header-only CUDA 12.8 compatibility include applied,2048,16384,2048,float32,0.125,25,100,82,1101.6639471054077,,0,Tesla T4,7.5,2.11.0+cu128,12.8,2026-08-23T19:19:00.165106+00:00
a3736910273bdc2ee52968c49381ec2cf963c876,warp_reduction,compact warp-reduction custom CUDA; header-only CUDA 12.8 compatibility include applied,2048,16384,2048,float32,0.125,25,100,83,1102.7519702911377,,0,Tesla T4,7.5,2.11.0+cu128,12.8,2026-08-23T19:19:00.165106+00:00
a3736910273bdc2ee52968c49381ec2cf963c876,warp_reduction,compact warp-reduction custom CUDA; header-only CUDA 12.8 compatibility include applied,2048,16384,2048,float32,0.125,25,100,84,1104.2239665985107,,0,Tesla T4,7.5,2.11.0+cu128,12.8,2026-08-23T19:19:00.165106+00:00
a3736910273bdc2ee52968c49381ec2cf963c876,warp_reduction,compact warp-reduction custom CUDA; header-only CUDA 12.8 compatibility include applied,2048,16384,2048,float32,0.125,25,100,85,1103.5840511322021,,0,Tesla T4,7.5,2.11.0+cu128,12.8,2026-08-23T19:19:00.165106+00:00
a3736910273bdc2ee52968c49381ec2cf963c876,warp_reduction,compact warp-reduction custom CUDA; header-only CUDA 12.8 compatibility include applied,2048,16384,2048,float32,0.125,25,100,86,1103.6159992218018,,0,Tesla T4,7.5,2.11.0+cu128,12.8,2026-08-23T19:19:00.165106+00:00
a3736910273bdc2ee52968c49381ec2cf963c876,warp_reduction,compact warp-reduction custom CUDA; header-only CUDA 12.8 compatibility include applied,2048,16384,2048,float32,0.125,25,100,87,1083.3280086517334,,0,Tesla T4,7.5,2.11.0+cu128,12.8,2026-08-23T19:19:00.165106+00:00
a3736910273bdc2ee52968c49381ec2cf963c876,warp_reduction,compact warp-reduction custom CUDA; header-only CUDA 12.8 compatibility include applied,2048,16384,2048,float32,0.125,25,100,88,1083.7440490722656,,0,Tesla T4,7.5,2.11.0+cu128,12.8,2026-08-23T19:19:00.165106+00:00
a3736910273bdc2ee52968c49381ec2cf963c876,warp_reduction,compact warp-reduction custom CUDA; header-only CUDA 12.8 compatibility include applied,2048,16384,2048,float32,0.125,25,100,89,1105.728030204773,,0,Tesla T4,7.5,2.11.0+cu128,12.8,2026-08-23T19:19:00.165106+00:00
a3736910273bdc2ee52968c49381ec2cf963c876,warp_reduction,compact warp-reduction custom CUDA; header-only CUDA 12.8 compatibility include applied,2048,16384,2048,float32,0.125,25,100,90,1089.0239477157593,,0,Tesla T4,7.5,2.11.0+cu128,12.8,2026-08-23T19:19:00.165106+00:00
a3736910273bdc2ee52968c49381ec2cf963c876,warp_reduction,compact warp-reduction custom CUDA; header-only CUDA 12.8 compatibility include applied,2048,16384,2048,float32,0.125,25,100,91,1082.4639797210693,,0,Tesla T4,7.5,2.11.0+cu128,12.8,2026-08-23T19:19:00.165106+00:00
a3736910273bdc2ee52968c49381ec2cf963c876,warp_reduction,compact warp-reduction custom CUDA; header-only CUDA 12.8 compatibility include applied,2048,16384,2048,float32,0.125,25,100,92,1081.3119411468506,,0,Tesla T4,7.5,2.11.0+cu128,12.8,2026-08-23T19:19:00.165106+00:00
a3736910273bdc2ee52968c49381ec2cf963c876,warp_reduction,compact warp-reduction custom CUDA; header-only CUDA 12.8 compatibility include applied,2048,16384,2048,float32,0.125,25,100,93,1079.2959928512573,,0,Tesla T4,7.5,2.11.0+cu128,12.8,2026-08-23T19:19:00.165106+00:00
a3736910273bdc2ee52968c49381ec2cf963c876,warp_reduction,compact warp-reduction custom CUDA; header-only CUDA 12.8 compatibility include applied,2048,16384,2048,float32,0.125,25,100,94,1079.4559717178345,,0,Tesla T4,7.5,2.11.0+cu128,12.8,2026-08-23T19:19:00.165106+00:00
a3736910273bdc2ee52968c49381ec2cf963c876,warp_reduction,compact warp-reduction custom CUDA; header-only CUDA 12.8 compatibility include applied,2048,16384,2048,float32,0.125,25,100,95,1093.6319828033447,,0,Tesla T4,7.5,2.11.0+cu128,12.8,2026-08-23T19:19:00.165106+00:00
a3736910273bdc2ee52968c49381ec2cf963c876,warp_reduction,compact warp-reduction custom CUDA; header-only CUDA 12.8 compatibility include applied,2048,16384,2048,float32,0.125,25,100,96,1089.5040035247803,,0,Tesla T4,7.5,2.11.0+cu128,12.8,2026-08-23T19:19:00.165106+00:00
a3736910273bdc2ee52968c49381ec2cf963c876,warp_reduction,compact warp-reduction custom CUDA; header-only CUDA 12.8 compatibility include applied,2048,16384,2048,float32,0.125,25,100,97,1083.7440490722656,,0,Tesla T4,7.5,2.11.0+cu128,12.8,2026-08-23T19:19:00.165106+00:00
a3736910273bdc2ee52968c49381ec2cf963c876,warp_reduction,compact warp-reduction custom CUDA; header-only CUDA 12.8 compatibility include applied,2048,16384,2048,float32,0.125,25,100,98,1081.1200141906738,,0,Tesla T4,7.5,2.11.0+cu128,12.8,2026-08-23T19:19:00.165106+00:00
a3736910273bdc2ee52968c49381ec2cf963c876,warp_reduction,compact warp-reduction custom CUDA; header-only CUDA 12.8 compatibility include applied,2048,16384,2048,float32,0.125,25,100,99,1095.8080291748047,,0,Tesla T4,7.5,2.11.0+cu128,12.8,2026-08-23T19:19:00.165106+00:00
