git_commit,implementation,implementation_description,sequence_length,rows,columns,dtype,scale,warmups,iterations,sample_index,latency_us,launch_block_size,compile_warmups,gpu_name,compute_capability,pytorch_version,cuda_version,timestamp
ca87722a00ebf585cd788c67949e7c0b32dca788,custom_cuda,warp-reduction custom CUDA fused scale + mask + softmax; block_size=128,128,1024,128,float32,0.125,25,100,0,40.991999208927155,128,0,Tesla T4,7.5,2.11.0+cu128,12.8,2026-08-23T19:09:45.152042+00:00
ca87722a00ebf585cd788c67949e7c0b32dca788,custom_cuda,warp-reduction custom CUDA fused scale + mask + softmax; block_size=128,128,1024,128,float32,0.125,25,100,1,28.672000393271446,128,0,Tesla T4,7.5,2.11.0+cu128,12.8,2026-08-23T19:09:45.152042+00:00
ca87722a00ebf585cd788c67949e7c0b32dca788,custom_cuda,warp-reduction custom CUDA fused scale + mask + softmax; block_size=128,128,1024,128,float32,0.125,25,100,2,24.607999250292778,128,0,Tesla T4,7.5,2.11.0+cu128,12.8,2026-08-23T19:09:45.152042+00:00
ca87722a00ebf585cd788c67949e7c0b32dca788,custom_cuda,warp-reduction custom CUDA fused scale + mask + softmax; block_size=128,128,1024,128,float32,0.125,25,100,3,24.54400062561035,128,0,Tesla T4,7.5,2.11.0+cu128,12.8,2026-08-23T19:09:45.152042+00:00
ca87722a00ebf585cd788c67949e7c0b32dca788,custom_cuda,warp-reduction custom CUDA fused scale + mask + softmax; block_size=128,128,1024,128,float32,0.125,25,100,4,23.552000522613525,128,0,Tesla T4,7.5,2.11.0+cu128,12.8,2026-08-23T19:09:45.152042+00:00
ca87722a00ebf585cd788c67949e7c0b32dca788,custom_cuda,warp-reduction custom CUDA fused scale + mask + softmax; block_size=128,128,1024,128,float32,0.125,25,100,5,23.679999634623528,128,0,Tesla T4,7.5,2.11.0+cu128,12.8,2026-08-23T19:09:45.152042+00:00
ca87722a00ebf585cd788c67949e7c0b32dca788,custom_cuda,warp-reduction custom CUDA fused scale + mask + softmax; block_size=128,128,1024,128,float32,0.125,25,100,6,23.16799946129322,128,0,Tesla T4,7.5,2.11.0+cu128,12.8,2026-08-23T19:09:45.152042+00:00
ca87722a00ebf585cd788c67949e7c0b32dca788,custom_cuda,warp-reduction custom CUDA fused scale + mask + softmax; block_size=128,128,1024,128,float32,0.125,25,100,7,23.455999791622162,128,0,Tesla T4,7.5,2.11.0+cu128,12.8,2026-08-23T19:09:45.152042+00:00
ca87722a00ebf585cd788c67949e7c0b32dca788,custom_cuda,warp-reduction custom CUDA fused scale + mask + softmax; block_size=128,128,1024,128,float32,0.125,25,100,8,24.57600086927414,128,0,Tesla T4,7.5,2.11.0+cu128,12.8,2026-08-23T19:09:45.152042+00:00
ca87722a00ebf585cd788c67949e7c0b32dca788,custom_cuda,warp-reduction custom CUDA fused scale + mask + softmax; block_size=128,128,1024,128,float32,0.125,25,100,9,23.520000278949738,128,0,Tesla T4,7.5,2.11.0+cu128,12.8,2026-08-23T19:09:45.152042+00:00
ca87722a00ebf585cd788c67949e7c0b32dca788,custom_cuda,warp-reduction custom CUDA fused scale + mask + softmax; block_size=128,128,1024,128,float32,0.125,25,100,10,23.48800003528595,128,0,Tesla T4,7.5,2.11.0+cu128,12.8,2026-08-23T19:09:45.152042+00:00
ca87722a00ebf585cd788c67949e7c0b32dca788,custom_cuda,warp-reduction custom CUDA fused scale + mask + softmax; block_size=128,128,1024,128,float32,0.125,25,100,11,24.191999807953835,128,0,Tesla T4,7.5,2.11.0+cu128,12.8,2026-08-23T19:09:45.152042+00:00
ca87722a00ebf585cd788c67949e7c0b32dca788,custom_cuda,warp-reduction custom CUDA fused scale + mask + softmax; block_size=128,128,1024,128,float32,0.125,25,100,12,37.88800165057182,128,0,Tesla T4,7.5,2.11.0+cu128,12.8,2026-08-23T19:09:45.152042+00:00
ca87722a00ebf585cd788c67949e7c0b32dca788,custom_cuda,warp-reduction custom CUDA fused scale + mask + softmax; block_size=128,128,1024,128,float32,0.125,25,100,13,24.73600022494793,128,0,Tesla T4,7.5,2.11.0+cu128,12.8,2026-08-23T19:09:45.152042+00:00
ca87722a00ebf585cd788c67949e7c0b32dca788,custom_cuda,warp-reduction custom CUDA fused scale + mask + softmax; block_size=128,128,1024,128,float32,0.125,25,100,14,23.423999547958374,128,0,Tesla T4,7.5,2.11.0+cu128,12.8,2026-08-23T19:09:45.152042+00:00
ca87722a00ebf585cd788c67949e7c0b32dca788,custom_cuda,warp-reduction custom CUDA fused scale + mask + softmax; block_size=128,128,1024,128,float32,0.125,25,100,15,24.512000381946564,128,0,Tesla T4,7.5,2.11.0+cu128,12.8,2026-08-23T19:09:45.152042+00:00
ca87722a00ebf585cd788c67949e7c0b32dca788,custom_cuda,warp-reduction custom CUDA fused scale + mask + softmax; block_size=128,128,1024,128,float32,0.125,25,100,16,24.57600086927414,128,0,Tesla T4,7.5,2.11.0+cu128,12.8,2026-08-23T19:09:45.152042+00:00
ca87722a00ebf585cd788c67949e7c0b32dca788,custom_cuda,warp-reduction custom CUDA fused scale + mask + softmax; block_size=128,128,1024,128,float32,0.125,25,100,17,24.57600086927414,128,0,Tesla T4,7.5,2.11.0+cu128,12.8,2026-08-23T19:09:45.152042+00:00
ca87722a00ebf585cd788c67949e7c0b32dca788,custom_cuda,warp-reduction custom CUDA fused scale + mask + softmax; block_size=128,128,1024,128,float32,0.125,25,100,18,24.09599907696247,128,0,Tesla T4,7.5,2.11.0+cu128,12.8,2026-08-23T19:09:45.152042+00:00
ca87722a00ebf585cd788c67949e7c0b32dca788,custom_cuda,warp-reduction custom CUDA fused scale + mask + softmax; block_size=128,128,1024,128,float32,0.125,25,100,19,22.975999861955643,128,0,Tesla T4,7.5,2.11.0+cu128,12.8,2026-08-23T19:09:45.152042+00:00
ca87722a00ebf585cd788c67949e7c0b32dca788,custom_cuda,warp-reduction custom CUDA fused scale + mask + softmax; block_size=128,128,1024,128,float32,0.125,25,100,20,24.224000051617622,128,0,Tesla T4,7.5,2.11.0+cu128,12.8,2026-08-23T19:09:45.152042+00:00
ca87722a00ebf585cd788c67949e7c0b32dca788,custom_cuda,warp-reduction custom CUDA fused scale + mask + softmax; block_size=128,128,1024,128,float32,0.125,25,100,21,23.679999634623528,128,0,Tesla T4,7.5,2.11.0+cu128,12.8,2026-08-23T19:09:45.152042+00:00
ca87722a00ebf585cd788c67949e7c0b32dca788,custom_cuda,warp-reduction custom CUDA fused scale + mask + softmax; block_size=128,128,1024,128,float32,0.125,25,100,22,23.296000435948372,128,0,Tesla T4,7.5,2.11.0+cu128,12.8,2026-08-23T19:09:45.152042+00:00
ca87722a00ebf585cd788c67949e7c0b32dca788,custom_cuda,warp-reduction custom CUDA fused scale + mask + softmax; block_size=128,128,1024,128,float32,0.125,25,100,23,23.840000852942467,128,0,Tesla T4,7.5,2.11.0+cu128,12.8,2026-08-23T19:09:45.152042+00:00
ca87722a00ebf585cd788c67949e7c0b32dca788,custom_cuda,warp-reduction custom CUDA fused scale + mask + softmax; block_size=128,128,1024,128,float32,0.125,25,100,24,23.00800010561943,128,0,Tesla T4,7.5,2.11.0+cu128,12.8,2026-08-23T19:09:45.152042+00:00
ca87722a00ebf585cd788c67949e7c0b32dca788,custom_cuda,warp-reduction custom CUDA fused scale + mask + softmax; block_size=128,128,1024,128,float32,0.125,25,100,25,23.04000034928322,128,0,Tesla T4,7.5,2.11.0+cu128,12.8,2026-08-23T19:09:45.152042+00:00
ca87722a00ebf585cd788c67949e7c0b32dca788,custom_cuda,warp-reduction custom CUDA fused scale + mask + softmax; block_size=128,128,1024,128,float32,0.125,25,100,26,24.064000695943832,128,0,Tesla T4,7.5,2.11.0+cu128,12.8,2026-08-23T19:09:45.152042+00:00
ca87722a00ebf585cd788c67949e7c0b32dca788,custom_cuda,warp-reduction custom CUDA fused scale + mask + softmax; block_size=128,128,1024,128,float32,0.125,25,100,27,23.19999970495701,128,0,Tesla T4,7.5,2.11.0+cu128,12.8,2026-08-23T19:09:45.152042+00:00
ca87722a00ebf585cd788c67949e7c0b32dca788,custom_cuda,warp-reduction custom CUDA fused scale + mask + softmax; block_size=128,128,1024,128,float32,0.125,25,100,28,23.64799939095974,128,0,Tesla T4,7.5,2.11.0+cu128,12.8,2026-08-23T19:09:45.152042+00:00
ca87722a00ebf585cd788c67949e7c0b32dca788,custom_cuda,warp-reduction custom CUDA fused scale + mask + softmax; block_size=128,128,1024,128,float32,0.125,25,100,29,23.423999547958374,128,0,Tesla T4,7.5,2.11.0+cu128,12.8,2026-08-23T19:09:45.152042+00:00
ca87722a00ebf585cd788c67949e7c0b32dca788,custom_cuda,warp-reduction custom CUDA fused scale + mask + softmax; block_size=128,128,1024,128,float32,0.125,25,100,30,23.77600036561489,128,0,Tesla T4,7.5,2.11.0+cu128,12.8,2026-08-23T19:09:45.152042+00:00
ca87722a00ebf585cd788c67949e7c0b32dca788,custom_cuda,warp-reduction custom CUDA fused scale + mask + softmax; block_size=128,128,1024,128,float32,0.125,25,100,31,23.296000435948372,128,0,Tesla T4,7.5,2.11.0+cu128,12.8,2026-08-23T19:09:45.152042+00:00
ca87722a00ebf585cd788c67949e7c0b32dca788,custom_cuda,warp-reduction custom CUDA fused scale + mask + softmax; block_size=128,128,1024,128,float32,0.125,25,100,32,22.52800017595291,128,0,Tesla T4,7.5,2.11.0+cu128,12.8,2026-08-23T19:09:45.152042+00:00
ca87722a00ebf585cd788c67949e7c0b32dca788,custom_cuda,warp-reduction custom CUDA fused scale + mask + softmax; block_size=128,128,1024,128,float32,0.125,25,100,33,23.455999791622162,128,0,Tesla T4,7.5,2.11.0+cu128,12.8,2026-08-23T19:09:45.152042+00:00
ca87722a00ebf585cd788c67949e7c0b32dca788,custom_cuda,warp-reduction custom CUDA fused scale + mask + softmax; block_size=128,128,1024,128,float32,0.125,25,100,34,24.000000208616257,128,0,Tesla T4,7.5,2.11.0+cu128,12.8,2026-08-23T19:09:45.152042+00:00
ca87722a00ebf585cd788c67949e7c0b32dca788,custom_cuda,warp-reduction custom CUDA fused scale + mask + softmax; block_size=128,128,1024,128,float32,0.125,25,100,35,23.264000192284584,128,0,Tesla T4,7.5,2.11.0+cu128,12.8,2026-08-23T19:09:45.152042+00:00
ca87722a00ebf585cd788c67949e7c0b32dca788,custom_cuda,warp-reduction custom CUDA fused scale + mask + softmax; block_size=128,128,1024,128,float32,0.125,25,100,36,45.05600035190582,128,0,Tesla T4,7.5,2.11.0+cu128,12.8,2026-08-23T19:09:45.152042+00:00
ca87722a00ebf585cd788c67949e7c0b32dca788,custom_cuda,warp-reduction custom CUDA fused scale + mask + softmax; block_size=128,128,1024,128,float32,0.125,25,100,37,24.831999093294144,128,0,Tesla T4,7.5,2.11.0+cu128,12.8,2026-08-23T19:09:45.152042+00:00
ca87722a00ebf585cd788c67949e7c0b32dca788,custom_cuda,warp-reduction custom CUDA fused scale + mask + softmax; block_size=128,128,1024,128,float32,0.125,25,100,38,24.000000208616257,128,0,Tesla T4,7.5,2.11.0+cu128,12.8,2026-08-23T19:09:45.152042+00:00
ca87722a00ebf585cd788c67949e7c0b32dca788,custom_cuda,warp-reduction custom CUDA fused scale + mask + softmax; block_size=128,128,1024,128,float32,0.125,25,100,39,23.04000034928322,128,0,Tesla T4,7.5,2.11.0+cu128,12.8,2026-08-23T19:09:45.152042+00:00
ca87722a00ebf585cd788c67949e7c0b32dca788,custom_cuda,warp-reduction custom CUDA fused scale + mask + softmax; block_size=128,128,1024,128,float32,0.125,25,100,40,23.520000278949738,128,0,Tesla T4,7.5,2.11.0+cu128,12.8,2026-08-23T19:09:45.152042+00:00
ca87722a00ebf585cd788c67949e7c0b32dca788,custom_cuda,warp-reduction custom CUDA fused scale + mask + softmax; block_size=128,128,1024,128,float32,0.125,25,100,41,23.391999304294586,128,0,Tesla T4,7.5,2.11.0+cu128,12.8,2026-08-23T19:09:45.152042+00:00
ca87722a00ebf585cd788c67949e7c0b32dca788,custom_cuda,warp-reduction custom CUDA fused scale + mask + softmax; block_size=128,128,1024,128,float32,0.125,25,100,42,24.57600086927414,128,0,Tesla T4,7.5,2.11.0+cu128,12.8,2026-08-23T19:09:45.152042+00:00
ca87722a00ebf585cd788c67949e7c0b32dca788,custom_cuda,warp-reduction custom CUDA fused scale + mask + softmax; block_size=128,128,1024,128,float32,0.125,25,100,43,23.871999233961105,128,0,Tesla T4,7.5,2.11.0+cu128,12.8,2026-08-23T19:09:45.152042+00:00
ca87722a00ebf585cd788c67949e7c0b32dca788,custom_cuda,warp-reduction custom CUDA fused scale + mask + softmax; block_size=128,128,1024,128,float32,0.125,25,100,44,23.16799946129322,128,0,Tesla T4,7.5,2.11.0+cu128,12.8,2026-08-23T19:09:45.152042+00:00
ca87722a00ebf585cd788c67949e7c0b32dca788,custom_cuda,warp-reduction custom CUDA fused scale + mask + softmax; block_size=128,128,1024,128,float32,0.125,25,100,45,22.87999913096428,128,0,Tesla T4,7.5,2.11.0+cu128,12.8,2026-08-23T19:09:45.152042+00:00
ca87722a00ebf585cd788c67949e7c0b32dca788,custom_cuda,warp-reduction custom CUDA fused scale + mask + softmax; block_size=128,128,1024,128,float32,0.125,25,100,46,24.57600086927414,128,0,Tesla T4,7.5,2.11.0+cu128,12.8,2026-08-23T19:09:45.152042+00:00
ca87722a00ebf585cd788c67949e7c0b32dca788,custom_cuda,warp-reduction custom CUDA fused scale + mask + softmax; block_size=128,128,1024,128,float32,0.125,25,100,47,24.383999407291412,128,0,Tesla T4,7.5,2.11.0+cu128,12.8,2026-08-23T19:09:45.152042+00:00
ca87722a00ebf585cd788c67949e7c0b32dca788,custom_cuda,warp-reduction custom CUDA fused scale + mask + softmax; block_size=128,128,1024,128,float32,0.125,25,100,48,23.93599972128868,128,0,Tesla T4,7.5,2.11.0+cu128,12.8,2026-08-23T19:09:45.152042+00:00
ca87722a00ebf585cd788c67949e7c0b32dca788,custom_cuda,warp-reduction custom CUDA fused scale + mask + softmax; block_size=128,128,1024,128,float32,0.125,25,100,49,23.423999547958374,128,0,Tesla T4,7.5,2.11.0+cu128,12.8,2026-08-23T19:09:45.152042+00:00
ca87722a00ebf585cd788c67949e7c0b32dca788,custom_cuda,warp-reduction custom CUDA fused scale + mask + softmax; block_size=128,128,1024,128,float32,0.125,25,100,50,23.711999878287315,128,0,Tesla T4,7.5,2.11.0+cu128,12.8,2026-08-23T19:09:45.152042+00:00
ca87722a00ebf585cd788c67949e7c0b32dca788,custom_cuda,warp-reduction custom CUDA fused scale + mask + softmax; block_size=128,128,1024,128,float32,0.125,25,100,51,22.87999913096428,128,0,Tesla T4,7.5,2.11.0+cu128,12.8,2026-08-23T19:09:45.152042+00:00
ca87722a00ebf585cd788c67949e7c0b32dca788,custom_cuda,warp-reduction custom CUDA fused scale + mask + softmax; block_size=128,128,1024,128,float32,0.125,25,100,52,23.840000852942467,128,0,Tesla T4,7.5,2.11.0+cu128,12.8,2026-08-23T19:09:45.152042+00:00
ca87722a00ebf585cd788c67949e7c0b32dca788,custom_cuda,warp-reduction custom CUDA fused scale + mask + softmax; block_size=128,128,1024,128,float32,0.125,25,100,53,24.064000695943832,128,0,Tesla T4,7.5,2.11.0+cu128,12.8,2026-08-23T19:09:45.152042+00:00
ca87722a00ebf585cd788c67949e7c0b32dca788,custom_cuda,warp-reduction custom CUDA fused scale + mask + softmax; block_size=128,128,1024,128,float32,0.125,25,100,54,24.064000695943832,128,0,Tesla T4,7.5,2.11.0+cu128,12.8,2026-08-23T19:09:45.152042+00:00
ca87722a00ebf585cd788c67949e7c0b32dca788,custom_cuda,warp-reduction custom CUDA fused scale + mask + softmax; block_size=128,128,1024,128,float32,0.125,25,100,55,23.360000923275948,128,0,Tesla T4,7.5,2.11.0+cu128,12.8,2026-08-23T19:09:45.152042+00:00
ca87722a00ebf585cd788c67949e7c0b32dca788,custom_cuda,warp-reduction custom CUDA fused scale + mask + softmax; block_size=128,128,1024,128,float32,0.125,25,100,56,22.975999861955643,128,0,Tesla T4,7.5,2.11.0+cu128,12.8,2026-08-23T19:09:45.152042+00:00
ca87722a00ebf585cd788c67949e7c0b32dca788,custom_cuda,warp-reduction custom CUDA fused scale + mask + softmax; block_size=128,128,1024,128,float32,0.125,25,100,57,22.5600004196167,128,0,Tesla T4,7.5,2.11.0+cu128,12.8,2026-08-23T19:09:45.152042+00:00
ca87722a00ebf585cd788c67949e7c0b32dca788,custom_cuda,warp-reduction custom CUDA fused scale + mask + softmax; block_size=128,128,1024,128,float32,0.125,25,100,58,22.5600004196167,128,0,Tesla T4,7.5,2.11.0+cu128,12.8,2026-08-23T19:09:45.152042+00:00
ca87722a00ebf585cd788c67949e7c0b32dca788,custom_cuda,warp-reduction custom CUDA fused scale + mask + softmax; block_size=128,128,1024,128,float32,0.125,25,100,59,24.480000138282776,128,0,Tesla T4,7.5,2.11.0+cu128,12.8,2026-08-23T19:09:45.152042+00:00
ca87722a00ebf585cd788c67949e7c0b32dca788,custom_cuda,warp-reduction custom CUDA fused scale + mask + softmax; block_size=128,128,1024,128,float32,0.125,25,100,60,96.89600020647049,128,0,Tesla T4,7.5,2.11.0+cu128,12.8,2026-08-23T19:09:45.152042+00:00
ca87722a00ebf585cd788c67949e7c0b32dca788,custom_cuda,warp-reduction custom CUDA fused scale + mask + softmax; block_size=128,128,1024,128,float32,0.125,25,100,61,38.27200084924698,128,0,Tesla T4,7.5,2.11.0+cu128,12.8,2026-08-23T19:09:45.152042+00:00
ca87722a00ebf585cd788c67949e7c0b32dca788,custom_cuda,warp-reduction custom CUDA fused scale + mask + softmax; block_size=128,128,1024,128,float32,0.125,25,100,62,40.95999896526337,128,0,Tesla T4,7.5,2.11.0+cu128,12.8,2026-08-23T19:09:45.152042+00:00
ca87722a00ebf585cd788c67949e7c0b32dca788,custom_cuda,warp-reduction custom CUDA fused scale + mask + softmax; block_size=128,128,1024,128,float32,0.125,25,100,63,23.552000522613525,128,0,Tesla T4,7.5,2.11.0+cu128,12.8,2026-08-23T19:09:45.152042+00:00
ca87722a00ebf585cd788c67949e7c0b32dca788,custom_cuda,warp-reduction custom CUDA fused scale + mask + softmax; block_size=128,128,1024,128,float32,0.125,25,100,64,34.432001411914825,128,0,Tesla T4,7.5,2.11.0+cu128,12.8,2026-08-23T19:09:45.152042+00:00
ca87722a00ebf585cd788c67949e7c0b32dca788,custom_cuda,warp-reduction custom CUDA fused scale + mask + softmax; block_size=128,128,1024,128,float32,0.125,25,100,65,25.312000885605812,128,0,Tesla T4,7.5,2.11.0+cu128,12.8,2026-08-23T19:09:45.152042+00:00
ca87722a00ebf585cd788c67949e7c0b32dca788,custom_cuda,warp-reduction custom CUDA fused scale + mask + softmax; block_size=128,128,1024,128,float32,0.125,25,100,66,24.86399933695793,128,0,Tesla T4,7.5,2.11.0+cu128,12.8,2026-08-23T19:09:45.152042+00:00
ca87722a00ebf585cd788c67949e7c0b32dca788,custom_cuda,warp-reduction custom CUDA fused scale + mask + softmax; block_size=128,128,1024,128,float32,0.125,25,100,67,24.607999250292778,128,0,Tesla T4,7.5,2.11.0+cu128,12.8,2026-08-23T19:09:45.152042+00:00
ca87722a00ebf585cd788c67949e7c0b32dca788,custom_cuda,warp-reduction custom CUDA fused scale + mask + softmax; block_size=128,128,1024,128,float32,0.125,25,100,68,24.54400062561035,128,0,Tesla T4,7.5,2.11.0+cu128,12.8,2026-08-23T19:09:45.152042+00:00
ca87722a00ebf585cd788c67949e7c0b32dca788,custom_cuda,warp-reduction custom CUDA fused scale + mask + softmax; block_size=128,128,1024,128,float32,0.125,25,100,69,24.288000538945198,128,0,Tesla T4,7.5,2.11.0+cu128,12.8,2026-08-23T19:09:45.152042+00:00
ca87722a00ebf585cd788c67949e7c0b32dca788,custom_cuda,warp-reduction custom CUDA fused scale + mask + softmax; block_size=128,128,1024,128,float32,0.125,25,100,70,24.57600086927414,128,0,Tesla T4,7.5,2.11.0+cu128,12.8,2026-08-23T19:09:45.152042+00:00
ca87722a00ebf585cd788c67949e7c0b32dca788,custom_cuda,warp-reduction custom CUDA fused scale + mask + softmax; block_size=128,128,1024,128,float32,0.125,25,100,71,23.455999791622162,128,0,Tesla T4,7.5,2.11.0+cu128,12.8,2026-08-23T19:09:45.152042+00:00
ca87722a00ebf585cd788c67949e7c0b32dca788,custom_cuda,warp-reduction custom CUDA fused scale + mask + softmax; block_size=128,128,1024,128,float32,0.125,25,100,72,24.57600086927414,128,0,Tesla T4,7.5,2.11.0+cu128,12.8,2026-08-23T19:09:45.152042+00:00
ca87722a00ebf585cd788c67949e7c0b32dca788,custom_cuda,warp-reduction custom CUDA fused scale + mask + softmax; block_size=128,128,1024,128,float32,0.125,25,100,73,24.607999250292778,128,0,Tesla T4,7.5,2.11.0+cu128,12.8,2026-08-23T19:09:45.152042+00:00
ca87722a00ebf585cd788c67949e7c0b32dca788,custom_cuda,warp-reduction custom CUDA fused scale + mask + softmax; block_size=128,128,1024,128,float32,0.125,25,100,74,24.54400062561035,128,0,Tesla T4,7.5,2.11.0+cu128,12.8,2026-08-23T19:09:45.152042+00:00
ca87722a00ebf585cd788c67949e7c0b32dca788,custom_cuda,warp-reduction custom CUDA fused scale + mask + softmax; block_size=128,128,1024,128,float32,0.125,25,100,75,24.607999250292778,128,0,Tesla T4,7.5,2.11.0+cu128,12.8,2026-08-23T19:09:45.152042+00:00
ca87722a00ebf585cd788c67949e7c0b32dca788,custom_cuda,warp-reduction custom CUDA fused scale + mask + softmax; block_size=128,128,1024,128,float32,0.125,25,100,76,24.73600022494793,128,0,Tesla T4,7.5,2.11.0+cu128,12.8,2026-08-23T19:09:45.152042+00:00
ca87722a00ebf585cd788c67949e7c0b32dca788,custom_cuda,warp-reduction custom CUDA fused scale + mask + softmax; block_size=128,128,1024,128,float32,0.125,25,100,77,25.34399926662445,128,0,Tesla T4,7.5,2.11.0+cu128,12.8,2026-08-23T19:09:45.152042+00:00
ca87722a00ebf585cd788c67949e7c0b32dca788,custom_cuda,warp-reduction custom CUDA fused scale + mask + softmax; block_size=128,128,1024,128,float32,0.125,25,100,78,24.54400062561035,128,0,Tesla T4,7.5,2.11.0+cu128,12.8,2026-08-23T19:09:45.152042+00:00
ca87722a00ebf585cd788c67949e7c0b32dca788,custom_cuda,warp-reduction custom CUDA fused scale + mask + softmax; block_size=128,128,1024,128,float32,0.125,25,100,79,26.623999699950218,128,0,Tesla T4,7.5,2.11.0+cu128,12.8,2026-08-23T19:09:45.152042+00:00
ca87722a00ebf585cd788c67949e7c0b32dca788,custom_cuda,warp-reduction custom CUDA fused scale + mask + softmax; block_size=128,128,1024,128,float32,0.125,25,100,80,43.90399903059006,128,0,Tesla T4,7.5,2.11.0+cu128,12.8,2026-08-23T19:09:45.152042+00:00
ca87722a00ebf585cd788c67949e7c0b32dca788,custom_cuda,warp-reduction custom CUDA fused scale + mask + softmax; block_size=128,128,1024,128,float32,0.125,25,100,81,32.76799991726875,128,0,Tesla T4,7.5,2.11.0+cu128,12.8,2026-08-23T19:09:45.152042+00:00
ca87722a00ebf585cd788c67949e7c0b32dca788,custom_cuda,warp-reduction custom CUDA fused scale + mask + softmax; block_size=128,128,1024,128,float32,0.125,25,100,82,27.648000046610832,128,0,Tesla T4,7.5,2.11.0+cu128,12.8,2026-08-23T19:09:45.152042+00:00
ca87722a00ebf585cd788c67949e7c0b32dca788,custom_cuda,warp-reduction custom CUDA fused scale + mask + softmax; block_size=128,128,1024,128,float32,0.125,25,100,83,26.367999613285065,128,0,Tesla T4,7.5,2.11.0+cu128,12.8,2026-08-23T19:09:45.152042+00:00
ca87722a00ebf585cd788c67949e7c0b32dca788,custom_cuda,warp-reduction custom CUDA fused scale + mask + softmax; block_size=128,128,1024,128,float32,0.125,25,100,84,25.472000241279602,128,0,Tesla T4,7.5,2.11.0+cu128,12.8,2026-08-23T19:09:45.152042+00:00
ca87722a00ebf585cd788c67949e7c0b32dca788,custom_cuda,warp-reduction custom CUDA fused scale + mask + softmax; block_size=128,128,1024,128,float32,0.125,25,100,85,27.744000777602196,128,0,Tesla T4,7.5,2.11.0+cu128,12.8,2026-08-23T19:09:45.152042+00:00
ca87722a00ebf585cd788c67949e7c0b32dca788,custom_cuda,warp-reduction custom CUDA fused scale + mask + softmax; block_size=128,128,1024,128,float32,0.125,25,100,86,26.623999699950218,128,0,Tesla T4,7.5,2.11.0+cu128,12.8,2026-08-23T19:09:45.152042+00:00
ca87722a00ebf585cd788c67949e7c0b32dca788,custom_cuda,warp-reduction custom CUDA fused scale + mask + softmax; block_size=128,128,1024,128,float32,0.125,25,100,87,25.50400048494339,128,0,Tesla T4,7.5,2.11.0+cu128,12.8,2026-08-23T19:09:45.152042+00:00
ca87722a00ebf585cd788c67949e7c0b32dca788,custom_cuda,warp-reduction custom CUDA fused scale + mask + softmax; block_size=128,128,1024,128,float32,0.125,25,100,88,26.623999699950218,128,0,Tesla T4,7.5,2.11.0+cu128,12.8,2026-08-23T19:09:45.152042+00:00
ca87722a00ebf585cd788c67949e7c0b32dca788,custom_cuda,warp-reduction custom CUDA fused scale + mask + softmax; block_size=128,128,1024,128,float32,0.125,25,100,89,26.59199945628643,128,0,Tesla T4,7.5,2.11.0+cu128,12.8,2026-08-23T19:09:45.152042+00:00
ca87722a00ebf585cd788c67949e7c0b32dca788,custom_cuda,warp-reduction custom CUDA fused scale + mask + softmax; block_size=128,128,1024,128,float32,0.125,25,100,90,26.623999699950218,128,0,Tesla T4,7.5,2.11.0+cu128,12.8,2026-08-23T19:09:45.152042+00:00
ca87722a00ebf585cd788c67949e7c0b32dca788,custom_cuda,warp-reduction custom CUDA fused scale + mask + softmax; block_size=128,128,1024,128,float32,0.125,25,100,91,26.528000831604004,128,0,Tesla T4,7.5,2.11.0+cu128,12.8,2026-08-23T19:09:45.152042+00:00
ca87722a00ebf585cd788c67949e7c0b32dca788,custom_cuda,warp-reduction custom CUDA fused scale + mask + softmax; block_size=128,128,1024,128,float32,0.125,25,100,92,25.95200017094612,128,0,Tesla T4,7.5,2.11.0+cu128,12.8,2026-08-23T19:09:45.152042+00:00
ca87722a00ebf585cd788c67949e7c0b32dca788,custom_cuda,warp-reduction custom CUDA fused scale + mask + softmax; block_size=128,128,1024,128,float32,0.125,25,100,93,25.919999927282333,128,0,Tesla T4,7.5,2.11.0+cu128,12.8,2026-08-23T19:09:45.152042+00:00
ca87722a00ebf585cd788c67949e7c0b32dca788,custom_cuda,warp-reduction custom CUDA fused scale + mask + softmax; block_size=128,128,1024,128,float32,0.125,25,100,94,26.559999212622643,128,0,Tesla T4,7.5,2.11.0+cu128,12.8,2026-08-23T19:09:45.152042+00:00
ca87722a00ebf585cd788c67949e7c0b32dca788,custom_cuda,warp-reduction custom CUDA fused scale + mask + softmax; block_size=128,128,1024,128,float32,0.125,25,100,95,25.280000641942024,128,0,Tesla T4,7.5,2.11.0+cu128,12.8,2026-08-23T19:09:45.152042+00:00
ca87722a00ebf585cd788c67949e7c0b32dca788,custom_cuda,warp-reduction custom CUDA fused scale + mask + softmax; block_size=128,128,1024,128,float32,0.125,25,100,96,26.623999699950218,128,0,Tesla T4,7.5,2.11.0+cu128,12.8,2026-08-23T19:09:45.152042+00:00
ca87722a00ebf585cd788c67949e7c0b32dca788,custom_cuda,warp-reduction custom CUDA fused scale + mask + softmax; block_size=128,128,1024,128,float32,0.125,25,100,97,26.30399912595749,128,0,Tesla T4,7.5,2.11.0+cu128,12.8,2026-08-23T19:09:45.152042+00:00
ca87722a00ebf585cd788c67949e7c0b32dca788,custom_cuda,warp-reduction custom CUDA fused scale + mask + softmax; block_size=128,128,1024,128,float32,0.125,25,100,98,25.79200081527233,128,0,Tesla T4,7.5,2.11.0+cu128,12.8,2026-08-23T19:09:45.152042+00:00
ca87722a00ebf585cd788c67949e7c0b32dca788,custom_cuda,warp-reduction custom CUDA fused scale + mask + softmax; block_size=128,128,1024,128,float32,0.125,25,100,99,26.623999699950218,128,0,Tesla T4,7.5,2.11.0+cu128,12.8,2026-08-23T19:09:45.152042+00:00
ca87722a00ebf585cd788c67949e7c0b32dca788,custom_cuda,warp-reduction custom CUDA fused scale + mask + softmax; block_size=128,255,2040,255,float32,0.125,25,100,0,49.215998500585556,128,0,Tesla T4,7.5,2.11.0+cu128,12.8,2026-08-23T19:09:47.580736+00:00
ca87722a00ebf585cd788c67949e7c0b32dca788,custom_cuda,warp-reduction custom CUDA fused scale + mask + softmax; block_size=128,255,2040,255,float32,0.125,25,100,1,40.991999208927155,128,0,Tesla T4,7.5,2.11.0+cu128,12.8,2026-08-23T19:09:47.580736+00:00
ca87722a00ebf585cd788c67949e7c0b32dca788,custom_cuda,warp-reduction custom CUDA fused scale + mask + softmax; block_size=128,255,2040,255,float32,0.125,25,100,2,39.712000638246536,128,0,Tesla T4,7.5,2.11.0+cu128,12.8,2026-08-23T19:09:47.580736+00:00
ca87722a00ebf585cd788c67949e7c0b32dca788,custom_cuda,warp-reduction custom CUDA fused scale + mask + softmax; block_size=128,255,2040,255,float32,0.125,25,100,3,38.59199956059456,128,0,Tesla T4,7.5,2.11.0+cu128,12.8,2026-08-23T19:09:47.580736+00:00
ca87722a00ebf585cd788c67949e7c0b32dca788,custom_cuda,warp-reduction custom CUDA fused scale + mask + softmax; block_size=128,255,2040,255,float32,0.125,25,100,4,37.087999284267426,128,0,Tesla T4,7.5,2.11.0+cu128,12.8,2026-08-23T19:09:47.580736+00:00
ca87722a00ebf585cd788c67949e7c0b32dca788,custom_cuda,warp-reduction custom CUDA fused scale + mask + softmax; block_size=128,255,2040,255,float32,0.125,25,100,5,38.015998899936676,128,0,Tesla T4,7.5,2.11.0+cu128,12.8,2026-08-23T19:09:47.580736+00:00
ca87722a00ebf585cd788c67949e7c0b32dca788,custom_cuda,warp-reduction custom CUDA fused scale + mask + softmax; block_size=128,255,2040,255,float32,0.125,25,100,6,37.31200098991394,128,0,Tesla T4,7.5,2.11.0+cu128,12.8,2026-08-23T19:09:47.580736+00:00
ca87722a00ebf585cd788c67949e7c0b32dca788,custom_cuda,warp-reduction custom CUDA fused scale + mask + softmax; block_size=128,255,2040,255,float32,0.125,25,100,7,37.34400123357773,128,0,Tesla T4,7.5,2.11.0+cu128,12.8,2026-08-23T19:09:47.580736+00:00
ca87722a00ebf585cd788c67949e7c0b32dca788,custom_cuda,warp-reduction custom CUDA fused scale + mask + softmax; block_size=128,255,2040,255,float32,0.125,25,100,8,40.89599847793579,128,0,Tesla T4,7.5,2.11.0+cu128,12.8,2026-08-23T19:09:47.580736+00:00
ca87722a00ebf585cd788c67949e7c0b32dca788,custom_cuda,warp-reduction custom CUDA fused scale + mask + softmax; block_size=128,255,2040,255,float32,0.125,25,100,9,37.88800165057182,128,0,Tesla T4,7.5,2.11.0+cu128,12.8,2026-08-23T19:09:47.580736+00:00
ca87722a00ebf585cd788c67949e7c0b32dca788,custom_cuda,warp-reduction custom CUDA fused scale + mask + softmax; block_size=128,255,2040,255,float32,0.125,25,100,10,38.495998829603195,128,0,Tesla T4,7.5,2.11.0+cu128,12.8,2026-08-23T19:09:47.580736+00:00
ca87722a00ebf585cd788c67949e7c0b32dca788,custom_cuda,warp-reduction custom CUDA fused scale + mask + softmax; block_size=128,255,2040,255,float32,0.125,25,100,11,37.11999952793121,128,0,Tesla T4,7.5,2.11.0+cu128,12.8,2026-08-23T19:09:47.580736+00:00
ca87722a00ebf585cd788c67949e7c0b32dca788,custom_cuda,warp-reduction custom CUDA fused scale + mask + softmax; block_size=128,255,2040,255,float32,0.125,25,100,12,37.728000432252884,128,0,Tesla T4,7.5,2.11.0+cu128,12.8,2026-08-23T19:09:47.580736+00:00
ca87722a00ebf585cd788c67949e7c0b32dca788,custom_cuda,warp-reduction custom CUDA fused scale + mask + softmax; block_size=128,255,2040,255,float32,0.125,25,100,13,38.94399851560593,128,0,Tesla T4,7.5,2.11.0+cu128,12.8,2026-08-23T19:09:47.580736+00:00
ca87722a00ebf585cd788c67949e7c0b32dca788,custom_cuda,warp-reduction custom CUDA fused scale + mask + softmax; block_size=128,255,2040,255,float32,0.125,25,100,14,37.66399994492531,128,0,Tesla T4,7.5,2.11.0+cu128,12.8,2026-08-23T19:09:47.580736+00:00
ca87722a00ebf585cd788c67949e7c0b32dca788,custom_cuda,warp-reduction custom CUDA fused scale + mask + softmax; block_size=128,255,2040,255,float32,0.125,25,100,15,38.84800150990486,128,0,Tesla T4,7.5,2.11.0+cu128,12.8,2026-08-23T19:09:47.580736+00:00
ca87722a00ebf585cd788c67949e7c0b32dca788,custom_cuda,warp-reduction custom CUDA fused scale + mask + softmax; block_size=128,255,2040,255,float32,0.125,25,100,16,38.30400109291077,128,0,Tesla T4,7.5,2.11.0+cu128,12.8,2026-08-23T19:09:47.580736+00:00
ca87722a00ebf585cd788c67949e7c0b32dca788,custom_cuda,warp-reduction custom CUDA fused scale + mask + softmax; block_size=128,255,2040,255,float32,0.125,25,100,17,41.6640006005764,128,0,Tesla T4,7.5,2.11.0+cu128,12.8,2026-08-23T19:09:47.580736+00:00
ca87722a00ebf585cd788c67949e7c0b32dca788,custom_cuda,warp-reduction custom CUDA fused scale + mask + softmax; block_size=128,255,2040,255,float32,0.125,25,100,18,40.47999903559685,128,0,Tesla T4,7.5,2.11.0+cu128,12.8,2026-08-23T19:09:47.580736+00:00
ca87722a00ebf585cd788c67949e7c0b32dca788,custom_cuda,warp-reduction custom CUDA fused scale + mask + softmax; block_size=128,255,2040,255,float32,0.125,25,100,19,39.48799893260002,128,0,Tesla T4,7.5,2.11.0+cu128,12.8,2026-08-23T19:09:47.580736+00:00
ca87722a00ebf585cd788c67949e7c0b32dca788,custom_cuda,warp-reduction custom CUDA fused scale + mask + softmax; block_size=128,255,2040,255,float32,0.125,25,100,20,38.91199827194214,128,0,Tesla T4,7.5,2.11.0+cu128,12.8,2026-08-23T19:09:47.580736+00:00
ca87722a00ebf585cd788c67949e7c0b32dca788,custom_cuda,warp-reduction custom CUDA fused scale + mask + softmax; block_size=128,255,2040,255,float32,0.125,25,100,21,39.99999910593033,128,0,Tesla T4,7.5,2.11.0+cu128,12.8,2026-08-23T19:09:47.580736+00:00
ca87722a00ebf585cd788c67949e7c0b32dca788,custom_cuda,warp-reduction custom CUDA fused scale + mask + softmax; block_size=128,255,2040,255,float32,0.125,25,100,22,40.192000567913055,128,0,Tesla T4,7.5,2.11.0+cu128,12.8,2026-08-23T19:09:47.580736+00:00
ca87722a00ebf585cd788c67949e7c0b32dca788,custom_cuda,warp-reduction custom CUDA fused scale + mask + softmax; block_size=128,255,2040,255,float32,0.125,25,100,23,39.135999977588654,128,0,Tesla T4,7.5,2.11.0+cu128,12.8,2026-08-23T19:09:47.580736+00:00
ca87722a00ebf585cd788c67949e7c0b32dca788,custom_cuda,warp-reduction custom CUDA fused scale + mask + softmax; block_size=128,255,2040,255,float32,0.125,25,100,24,39.20000046491623,128,0,Tesla T4,7.5,2.11.0+cu128,12.8,2026-08-23T19:09:47.580736+00:00
ca87722a00ebf585cd788c67949e7c0b32dca788,custom_cuda,warp-reduction custom CUDA fused scale + mask + softmax; block_size=128,255,2040,255,float32,0.125,25,100,25,40.95999896526337,128,0,Tesla T4,7.5,2.11.0+cu128,12.8,2026-08-23T19:09:47.580736+00:00
ca87722a00ebf585cd788c67949e7c0b32dca788,custom_cuda,warp-reduction custom CUDA fused scale + mask + softmax; block_size=128,255,2040,255,float32,0.125,25,100,26,40.28800129890442,128,0,Tesla T4,7.5,2.11.0+cu128,12.8,2026-08-23T19:09:47.580736+00:00
ca87722a00ebf585cd788c67949e7c0b32dca788,custom_cuda,warp-reduction custom CUDA fused scale + mask + softmax; block_size=128,255,2040,255,float32,0.125,25,100,27,39.51999917626381,128,0,Tesla T4,7.5,2.11.0+cu128,12.8,2026-08-23T19:09:47.580736+00:00
ca87722a00ebf585cd788c67949e7c0b32dca788,custom_cuda,warp-reduction custom CUDA fused scale + mask + softmax; block_size=128,255,2040,255,float32,0.125,25,100,28,39.23200070858002,128,0,Tesla T4,7.5,2.11.0+cu128,12.8,2026-08-23T19:09:47.580736+00:00
ca87722a00ebf585cd788c67949e7c0b32dca788,custom_cuda,warp-reduction custom CUDA fused scale + mask + softmax; block_size=128,255,2040,255,float32,0.125,25,100,29,45.05600035190582,128,0,Tesla T4,7.5,2.11.0+cu128,12.8,2026-08-23T19:09:47.580736+00:00
ca87722a00ebf585cd788c67949e7c0b32dca788,custom_cuda,warp-reduction custom CUDA fused scale + mask + softmax; block_size=128,255,2040,255,float32,0.125,25,100,30,40.863998234272,128,0,Tesla T4,7.5,2.11.0+cu128,12.8,2026-08-23T19:09:47.580736+00:00
ca87722a00ebf585cd788c67949e7c0b32dca788,custom_cuda,warp-reduction custom CUDA fused scale + mask + softmax; block_size=128,255,2040,255,float32,0.125,25,100,31,39.29600119590759,128,0,Tesla T4,7.5,2.11.0+cu128,12.8,2026-08-23T19:09:47.580736+00:00
ca87722a00ebf585cd788c67949e7c0b32dca788,custom_cuda,warp-reduction custom CUDA fused scale + mask + softmax; block_size=128,255,2040,255,float32,0.125,25,100,32,38.91199827194214,128,0,Tesla T4,7.5,2.11.0+cu128,12.8,2026-08-23T19:09:47.580736+00:00
ca87722a00ebf585cd788c67949e7c0b32dca788,custom_cuda,warp-reduction custom CUDA fused scale + mask + softmax; block_size=128,255,2040,255,float32,0.125,25,100,33,39.45599868893623,128,0,Tesla T4,7.5,2.11.0+cu128,12.8,2026-08-23T19:09:47.580736+00:00
ca87722a00ebf585cd788c67949e7c0b32dca788,custom_cuda,warp-reduction custom CUDA fused scale + mask + softmax; block_size=128,255,2040,255,float32,0.125,25,100,34,39.23200070858002,128,0,Tesla T4,7.5,2.11.0+cu128,12.8,2026-08-23T19:09:47.580736+00:00
ca87722a00ebf585cd788c67949e7c0b32dca788,custom_cuda,warp-reduction custom CUDA fused scale + mask + softmax; block_size=128,255,2040,255,float32,0.125,25,100,35,39.103999733924866,128,0,Tesla T4,7.5,2.11.0+cu128,12.8,2026-08-23T19:09:47.580736+00:00
ca87722a00ebf585cd788c67949e7c0b32dca788,custom_cuda,warp-reduction custom CUDA fused scale + mask + softmax; block_size=128,255,2040,255,float32,0.125,25,100,36,39.32800143957138,128,0,Tesla T4,7.5,2.11.0+cu128,12.8,2026-08-23T19:09:47.580736+00:00
ca87722a00ebf585cd788c67949e7c0b32dca788,custom_cuda,warp-reduction custom CUDA fused scale + mask + softmax; block_size=128,255,2040,255,float32,0.125,25,100,37,38.94399851560593,128,0,Tesla T4,7.5,2.11.0+cu128,12.8,2026-08-23T19:09:47.580736+00:00
ca87722a00ebf585cd788c67949e7c0b32dca788,custom_cuda,warp-reduction custom CUDA fused scale + mask + softmax; block_size=128,255,2040,255,float32,0.125,25,100,38,38.91199827194214,128,0,Tesla T4,7.5,2.11.0+cu128,12.8,2026-08-23T19:09:47.580736+00:00
ca87722a00ebf585cd788c67949e7c0b32dca788,custom_cuda,warp-reduction custom CUDA fused scale + mask + softmax; block_size=128,255,2040,255,float32,0.125,25,100,39,37.856001406908035,128,0,Tesla T4,7.5,2.11.0+cu128,12.8,2026-08-23T19:09:47.580736+00:00
ca87722a00ebf585cd788c67949e7c0b32dca788,custom_cuda,warp-reduction custom CUDA fused scale + mask + softmax; block_size=128,255,2040,255,float32,0.125,25,100,40,38.784001022577286,128,0,Tesla T4,7.5,2.11.0+cu128,12.8,2026-08-23T19:09:47.580736+00:00
ca87722a00ebf585cd788c67949e7c0b32dca788,custom_cuda,warp-reduction custom CUDA fused scale + mask + softmax; block_size=128,255,2040,255,float32,0.125,25,100,41,38.43199834227562,128,0,Tesla T4,7.5,2.11.0+cu128,12.8,2026-08-23T19:09:47.580736+00:00
ca87722a00ebf585cd788c67949e7c0b32dca788,custom_cuda,warp-reduction custom CUDA fused scale + mask + softmax; block_size=128,255,2040,255,float32,0.125,25,100,42,69.43999975919724,128,0,Tesla T4,7.5,2.11.0+cu128,12.8,2026-08-23T19:09:47.580736+00:00
ca87722a00ebf585cd788c67949e7c0b32dca788,custom_cuda,warp-reduction custom CUDA fused scale + mask + softmax; block_size=128,255,2040,255,float32,0.125,25,100,43,42.17600077390671,128,0,Tesla T4,7.5,2.11.0+cu128,12.8,2026-08-23T19:09:47.580736+00:00
ca87722a00ebf585cd788c67949e7c0b32dca788,custom_cuda,warp-reduction custom CUDA fused scale + mask + softmax; block_size=128,255,2040,255,float32,0.125,25,100,44,41.24800115823746,128,0,Tesla T4,7.5,2.11.0+cu128,12.8,2026-08-23T19:09:47.580736+00:00
ca87722a00ebf585cd788c67949e7c0b32dca788,custom_cuda,warp-reduction custom CUDA fused scale + mask + softmax; block_size=128,255,2040,255,float32,0.125,25,100,45,40.41599854826927,128,0,Tesla T4,7.5,2.11.0+cu128,12.8,2026-08-23T19:09:47.580736+00:00
ca87722a00ebf585cd788c67949e7c0b32dca788,custom_cuda,warp-reduction custom CUDA fused scale + mask + softmax; block_size=128,255,2040,255,float32,0.125,25,100,46,39.872001856565475,128,0,Tesla T4,7.5,2.11.0+cu128,12.8,2026-08-23T19:09:47.580736+00:00
ca87722a00ebf585cd788c67949e7c0b32dca788,custom_cuda,warp-reduction custom CUDA fused scale + mask + softmax; block_size=128,255,2040,255,float32,0.125,25,100,47,38.91199827194214,128,0,Tesla T4,7.5,2.11.0+cu128,12.8,2026-08-23T19:09:47.580736+00:00
ca87722a00ebf585cd788c67949e7c0b32dca788,custom_cuda,warp-reduction custom CUDA fused scale + mask + softmax; block_size=128,255,2040,255,float32,0.125,25,100,48,40.76800122857094,128,0,Tesla T4,7.5,2.11.0+cu128,12.8,2026-08-23T19:09:47.580736+00:00
ca87722a00ebf585cd788c67949e7c0b32dca788,custom_cuda,warp-reduction custom CUDA fused scale + mask + softmax; block_size=128,255,2040,255,float32,0.125,25,100,49,40.28800129890442,128,0,Tesla T4,7.5,2.11.0+cu128,12.8,2026-08-23T19:09:47.580736+00:00
ca87722a00ebf585cd788c67949e7c0b32dca788,custom_cuda,warp-reduction custom CUDA fused scale + mask + softmax; block_size=128,255,2040,255,float32,0.125,25,100,50,40.608000010252,128,0,Tesla T4,7.5,2.11.0+cu128,12.8,2026-08-23T19:09:47.580736+00:00
ca87722a00ebf585cd788c67949e7c0b32dca788,custom_cuda,warp-reduction custom CUDA fused scale + mask + softmax; block_size=128,255,2040,255,float32,0.125,25,100,51,39.51999917626381,128,0,Tesla T4,7.5,2.11.0+cu128,12.8,2026-08-23T19:09:47.580736+00:00
ca87722a00ebf585cd788c67949e7c0b32dca788,custom_cuda,warp-reduction custom CUDA fused scale + mask + softmax; block_size=128,255,2040,255,float32,0.125,25,100,52,40.95999896526337,128,0,Tesla T4,7.5,2.11.0+cu128,12.8,2026-08-23T19:09:47.580736+00:00
ca87722a00ebf585cd788c67949e7c0b32dca788,custom_cuda,warp-reduction custom CUDA fused scale + mask + softmax; block_size=128,255,2040,255,float32,0.125,25,100,53,40.92799872159958,128,0,Tesla T4,7.5,2.11.0+cu128,12.8,2026-08-23T19:09:47.580736+00:00
ca87722a00ebf585cd788c67949e7c0b32dca788,custom_cuda,warp-reduction custom CUDA fused scale + mask + softmax; block_size=128,255,2040,255,float32,0.125,25,100,54,40.32000154256821,128,0,Tesla T4,7.5,2.11.0+cu128,12.8,2026-08-23T19:09:47.580736+00:00
ca87722a00ebf585cd788c67949e7c0b32dca788,custom_cuda,warp-reduction custom CUDA fused scale + mask + softmax; block_size=128,255,2040,255,float32,0.125,25,100,55,39.77600112557411,128,0,Tesla T4,7.5,2.11.0+cu128,12.8,2026-08-23T19:09:47.580736+00:00
ca87722a00ebf585cd788c67949e7c0b32dca788,custom_cuda,warp-reduction custom CUDA fused scale + mask + softmax; block_size=128,255,2040,255,float32,0.125,25,100,56,43.136000633239746,128,0,Tesla T4,7.5,2.11.0+cu128,12.8,2026-08-23T19:09:47.580736+00:00
ca87722a00ebf585cd788c67949e7c0b32dca788,custom_cuda,warp-reduction custom CUDA fused scale + mask + softmax; block_size=128,255,2040,255,float32,0.125,25,100,57,38.94399851560593,128,0,Tesla T4,7.5,2.11.0+cu128,12.8,2026-08-23T19:09:47.580736+00:00
ca87722a00ebf585cd788c67949e7c0b32dca788,custom_cuda,warp-reduction custom CUDA fused scale + mask + softmax; block_size=128,255,2040,255,float32,0.125,25,100,58,40.95999896526337,128,0,Tesla T4,7.5,2.11.0+cu128,12.8,2026-08-23T19:09:47.580736+00:00
ca87722a00ebf585cd788c67949e7c0b32dca788,custom_cuda,warp-reduction custom CUDA fused scale + mask + softmax; block_size=128,255,2040,255,float32,0.125,25,100,59,40.22400081157684,128,0,Tesla T4,7.5,2.11.0+cu128,12.8,2026-08-23T19:09:47.580736+00:00
ca87722a00ebf585cd788c67949e7c0b32dca788,custom_cuda,warp-reduction custom CUDA fused scale + mask + softmax; block_size=128,255,2040,255,float32,0.125,25,100,60,43.35999861359596,128,0,Tesla T4,7.5,2.11.0+cu128,12.8,2026-08-23T19:09:47.580736+00:00
ca87722a00ebf585cd788c67949e7c0b32dca788,custom_cuda,warp-reduction custom CUDA fused scale + mask + softmax; block_size=128,255,2040,255,float32,0.125,25,100,61,40.832001715898514,128,0,Tesla T4,7.5,2.11.0+cu128,12.8,2026-08-23T19:09:47.580736+00:00
ca87722a00ebf585cd788c67949e7c0b32dca788,custom_cuda,warp-reduction custom CUDA fused scale + mask + softmax; block_size=128,255,2040,255,float32,0.125,25,100,62,38.816001266241074,128,0,Tesla T4,7.5,2.11.0+cu128,12.8,2026-08-23T19:09:47.580736+00:00
ca87722a00ebf585cd788c67949e7c0b32dca788,custom_cuda,warp-reduction custom CUDA fused scale + mask + softmax; block_size=128,255,2040,255,float32,0.125,25,100,63,38.91199827194214,128,0,Tesla T4,7.5,2.11.0+cu128,12.8,2026-08-23T19:09:47.580736+00:00
ca87722a00ebf585cd788c67949e7c0b32dca788,custom_cuda,warp-reduction custom CUDA fused scale + mask + softmax; block_size=128,255,2040,255,float32,0.125,25,100,64,38.91199827194214,128,0,Tesla T4,7.5,2.11.0+cu128,12.8,2026-08-23T19:09:47.580736+00:00
ca87722a00ebf585cd788c67949e7c0b32dca788,custom_cuda,warp-reduction custom CUDA fused scale + mask + softmax; block_size=128,255,2040,255,float32,0.125,25,100,65,38.7520007789135,128,0,Tesla T4,7.5,2.11.0+cu128,12.8,2026-08-23T19:09:47.580736+00:00
ca87722a00ebf585cd788c67949e7c0b32dca788,custom_cuda,warp-reduction custom CUDA fused scale + mask + softmax; block_size=128,255,2040,255,float32,0.125,25,100,66,38.52799907326698,128,0,Tesla T4,7.5,2.11.0+cu128,12.8,2026-08-23T19:09:47.580736+00:00
ca87722a00ebf585cd788c67949e7c0b32dca788,custom_cuda,warp-reduction custom CUDA fused scale + mask + softmax; block_size=128,255,2040,255,float32,0.125,25,100,67,37.31200098991394,128,0,Tesla T4,7.5,2.11.0+cu128,12.8,2026-08-23T19:09:47.580736+00:00
ca87722a00ebf585cd788c67949e7c0b32dca788,custom_cuda,warp-reduction custom CUDA fused scale + mask + softmax; block_size=128,255,2040,255,float32,0.125,25,100,68,40.95999896526337,128,0,Tesla T4,7.5,2.11.0+cu128,12.8,2026-08-23T19:09:47.580736+00:00
ca87722a00ebf585cd788c67949e7c0b32dca788,custom_cuda,warp-reduction custom CUDA fused scale + mask + softmax; block_size=128,255,2040,255,float32,0.125,25,100,69,38.88000175356865,128,0,Tesla T4,7.5,2.11.0+cu128,12.8,2026-08-23T19:09:47.580736+00:00
ca87722a00ebf585cd788c67949e7c0b32dca788,custom_cuda,warp-reduction custom CUDA fused scale + mask + softmax; block_size=128,255,2040,255,float32,0.125,25,100,70,38.816001266241074,128,0,Tesla T4,7.5,2.11.0+cu128,12.8,2026-08-23T19:09:47.580736+00:00
ca87722a00ebf585cd788c67949e7c0b32dca788,custom_cuda,warp-reduction custom CUDA fused scale + mask + softmax; block_size=128,255,2040,255,float32,0.125,25,100,71,38.816001266241074,128,0,Tesla T4,7.5,2.11.0+cu128,12.8,2026-08-23T19:09:47.580736+00:00
ca87722a00ebf585cd788c67949e7c0b32dca788,custom_cuda,warp-reduction custom CUDA fused scale + mask + softmax; block_size=128,255,2040,255,float32,0.125,25,100,72,37.696000188589096,128,0,Tesla T4,7.5,2.11.0+cu128,12.8,2026-08-23T19:09:47.580736+00:00
ca87722a00ebf585cd788c67949e7c0b32dca788,custom_cuda,warp-reduction custom CUDA fused scale + mask + softmax; block_size=128,255,2040,255,float32,0.125,25,100,73,38.2080003619194,128,0,Tesla T4,7.5,2.11.0+cu128,12.8,2026-08-23T19:09:47.580736+00:00
ca87722a00ebf585cd788c67949e7c0b32dca788,custom_cuda,warp-reduction custom CUDA fused scale + mask + softmax; block_size=128,255,2040,255,float32,0.125,25,100,74,39.423998445272446,128,0,Tesla T4,7.5,2.11.0+cu128,12.8,2026-08-23T19:09:47.580736+00:00
ca87722a00ebf585cd788c67949e7c0b32dca788,custom_cuda,warp-reduction custom CUDA fused scale + mask + softmax; block_size=128,255,2040,255,float32,0.125,25,100,75,38.91199827194214,128,0,Tesla T4,7.5,2.11.0+cu128,12.8,2026-08-23T19:09:47.580736+00:00
ca87722a00ebf585cd788c67949e7c0b32dca788,custom_cuda,warp-reduction custom CUDA fused scale + mask + softmax; block_size=128,255,2040,255,float32,0.125,25,100,76,38.816001266241074,128,0,Tesla T4,7.5,2.11.0+cu128,12.8,2026-08-23T19:09:47.580736+00:00
ca87722a00ebf585cd788c67949e7c0b32dca788,custom_cuda,warp-reduction custom CUDA fused scale + mask + softmax; block_size=128,255,2040,255,float32,0.125,25,100,77,38.55999931693077,128,0,Tesla T4,7.5,2.11.0+cu128,12.8,2026-08-23T19:09:47.580736+00:00
ca87722a00ebf585cd788c67949e7c0b32dca788,custom_cuda,warp-reduction custom CUDA fused scale + mask + softmax; block_size=128,255,2040,255,float32,0.125,25,100,78,39.29600119590759,128,0,Tesla T4,7.5,2.11.0+cu128,12.8,2026-08-23T19:09:47.580736+00:00
ca87722a00ebf585cd788c67949e7c0b32dca788,custom_cuda,warp-reduction custom CUDA fused scale + mask + softmax; block_size=128,255,2040,255,float32,0.125,25,100,79,38.88000175356865,128,0,Tesla T4,7.5,2.11.0+cu128,12.8,2026-08-23T19:09:47.580736+00:00
ca87722a00ebf585cd788c67949e7c0b32dca788,custom_cuda,warp-reduction custom CUDA fused scale + mask + softmax; block_size=128,255,2040,255,float32,0.125,25,100,80,38.91199827194214,128,0,Tesla T4,7.5,2.11.0+cu128,12.8,2026-08-23T19:09:47.580736+00:00
ca87722a00ebf585cd788c67949e7c0b32dca788,custom_cuda,warp-reduction custom CUDA fused scale + mask + softmax; block_size=128,255,2040,255,float32,0.125,25,100,81,38.62399980425835,128,0,Tesla T4,7.5,2.11.0+cu128,12.8,2026-08-23T19:09:47.580736+00:00
ca87722a00ebf585cd788c67949e7c0b32dca788,custom_cuda,warp-reduction custom CUDA fused scale + mask + softmax; block_size=128,255,2040,255,float32,0.125,25,100,82,37.21600025892258,128,0,Tesla T4,7.5,2.11.0+cu128,12.8,2026-08-23T19:09:47.580736+00:00
ca87722a00ebf585cd788c67949e7c0b32dca788,custom_cuda,warp-reduction custom CUDA fused scale + mask + softmax; block_size=128,255,2040,255,float32,0.125,25,100,83,38.59199956059456,128,0,Tesla T4,7.5,2.11.0+cu128,12.8,2026-08-23T19:09:47.580736+00:00
ca87722a00ebf585cd788c67949e7c0b32dca788,custom_cuda,warp-reduction custom CUDA fused scale + mask + softmax; block_size=128,255,2040,255,float32,0.125,25,100,84,38.68800029158592,128,0,Tesla T4,7.5,2.11.0+cu128,12.8,2026-08-23T19:09:47.580736+00:00
ca87722a00ebf585cd788c67949e7c0b32dca788,custom_cuda,warp-reduction custom CUDA fused scale + mask + softmax; block_size=128,255,2040,255,float32,0.125,25,100,85,38.14399987459183,128,0,Tesla T4,7.5,2.11.0+cu128,12.8,2026-08-23T19:09:47.580736+00:00
ca87722a00ebf585cd788c67949e7c0b32dca788,custom_cuda,warp-reduction custom CUDA fused scale + mask + softmax; block_size=128,255,2040,255,float32,0.125,25,100,86,37.728000432252884,128,0,Tesla T4,7.5,2.11.0+cu128,12.8,2026-08-23T19:09:47.580736+00:00
ca87722a00ebf585cd788c67949e7c0b32dca788,custom_cuda,warp-reduction custom CUDA fused scale + mask + softmax; block_size=128,255,2040,255,float32,0.125,25,100,87,38.495998829603195,128,0,Tesla T4,7.5,2.11.0+cu128,12.8,2026-08-23T19:09:47.580736+00:00
ca87722a00ebf585cd788c67949e7c0b32dca788,custom_cuda,warp-reduction custom CUDA fused scale + mask + softmax; block_size=128,255,2040,255,float32,0.125,25,100,88,38.40000182390213,128,0,Tesla T4,7.5,2.11.0+cu128,12.8,2026-08-23T19:09:47.580736+00:00
ca87722a00ebf585cd788c67949e7c0b32dca788,custom_cuda,warp-reduction custom CUDA fused scale + mask + softmax; block_size=128,255,2040,255,float32,0.125,25,100,89,38.91199827194214,128,0,Tesla T4,7.5,2.11.0+cu128,12.8,2026-08-23T19:09:47.580736+00:00
ca87722a00ebf585cd788c67949e7c0b32dca788,custom_cuda,warp-reduction custom CUDA fused scale + mask + softmax; block_size=128,255,2040,255,float32,0.125,25,100,90,37.02399879693985,128,0,Tesla T4,7.5,2.11.0+cu128,12.8,2026-08-23T19:09:47.580736+00:00
ca87722a00ebf585cd788c67949e7c0b32dca788,custom_cuda,warp-reduction custom CUDA fused scale + mask + softmax; block_size=128,255,2040,255,float32,0.125,25,100,91,55.743999779224396,128,0,Tesla T4,7.5,2.11.0+cu128,12.8,2026-08-23T19:09:47.580736+00:00
ca87722a00ebf585cd788c67949e7c0b32dca788,custom_cuda,warp-reduction custom CUDA fused scale + mask + softmax; block_size=128,255,2040,255,float32,0.125,25,100,92,39.103999733924866,128,0,Tesla T4,7.5,2.11.0+cu128,12.8,2026-08-23T19:09:47.580736+00:00
ca87722a00ebf585cd788c67949e7c0b32dca788,custom_cuda,warp-reduction custom CUDA fused scale + mask + softmax; block_size=128,255,2040,255,float32,0.125,25,100,93,38.55999931693077,128,0,Tesla T4,7.5,2.11.0+cu128,12.8,2026-08-23T19:09:47.580736+00:00
ca87722a00ebf585cd788c67949e7c0b32dca788,custom_cuda,warp-reduction custom CUDA fused scale + mask + softmax; block_size=128,255,2040,255,float32,0.125,25,100,94,38.59199956059456,128,0,Tesla T4,7.5,2.11.0+cu128,12.8,2026-08-23T19:09:47.580736+00:00
ca87722a00ebf585cd788c67949e7c0b32dca788,custom_cuda,warp-reduction custom CUDA fused scale + mask + softmax; block_size=128,255,2040,255,float32,0.125,25,100,95,37.31200098991394,128,0,Tesla T4,7.5,2.11.0+cu128,12.8,2026-08-23T19:09:47.580736+00:00
ca87722a00ebf585cd788c67949e7c0b32dca788,custom_cuda,warp-reduction custom CUDA fused scale + mask + softmax; block_size=128,255,2040,255,float32,0.125,25,100,96,39.20000046491623,128,0,Tesla T4,7.5,2.11.0+cu128,12.8,2026-08-23T19:09:47.580736+00:00
ca87722a00ebf585cd788c67949e7c0b32dca788,custom_cuda,warp-reduction custom CUDA fused scale + mask + softmax; block_size=128,255,2040,255,float32,0.125,25,100,97,37.567999213933945,128,0,Tesla T4,7.5,2.11.0+cu128,12.8,2026-08-23T19:09:47.580736+00:00
ca87722a00ebf585cd788c67949e7c0b32dca788,custom_cuda,warp-reduction custom CUDA fused scale + mask + softmax; block_size=128,255,2040,255,float32,0.125,25,100,98,38.495998829603195,128,0,Tesla T4,7.5,2.11.0+cu128,12.8,2026-08-23T19:09:47.580736+00:00
ca87722a00ebf585cd788c67949e7c0b32dca788,custom_cuda,warp-reduction custom CUDA fused scale + mask + softmax; block_size=128,255,2040,255,float32,0.125,25,100,99,38.40000182390213,128,0,Tesla T4,7.5,2.11.0+cu128,12.8,2026-08-23T19:09:47.580736+00:00
ca87722a00ebf585cd788c67949e7c0b32dca788,custom_cuda,warp-reduction custom CUDA fused scale + mask + softmax; block_size=128,512,4096,512,float32,0.125,25,100,0,147.45600521564484,128,0,Tesla T4,7.5,2.11.0+cu128,12.8,2026-08-23T19:09:50.788527+00:00
ca87722a00ebf585cd788c67949e7c0b32dca788,custom_cuda,warp-reduction custom CUDA fused scale + mask + softmax; block_size=128,512,4096,512,float32,0.125,25,100,1,120.64000219106674,128,0,Tesla T4,7.5,2.11.0+cu128,12.8,2026-08-23T19:09:50.788527+00:00
ca87722a00ebf585cd788c67949e7c0b32dca788,custom_cuda,warp-reduction custom CUDA fused scale + mask + softmax; block_size=128,512,4096,512,float32,0.125,25,100,2,116.15999788045883,128,0,Tesla T4,7.5,2.11.0+cu128,12.8,2026-08-23T19:09:50.788527+00:00
ca87722a00ebf585cd788c67949e7c0b32dca788,custom_cuda,warp-reduction custom CUDA fused scale + mask + softmax; block_size=128,512,4096,512,float32,0.125,25,100,3,110.72000116109848,128,0,Tesla T4,7.5,2.11.0+cu128,12.8,2026-08-23T19:09:50.788527+00:00
ca87722a00ebf585cd788c67949e7c0b32dca788,custom_cuda,warp-reduction custom CUDA fused scale + mask + softmax; block_size=128,512,4096,512,float32,0.125,25,100,4,109.56799983978271,128,0,Tesla T4,7.5,2.11.0+cu128,12.8,2026-08-23T19:09:50.788527+00:00
ca87722a00ebf585cd788c67949e7c0b32dca788,custom_cuda,warp-reduction custom CUDA fused scale + mask + softmax; block_size=128,512,4096,512,float32,0.125,25,100,5,122.20799922943115,128,0,Tesla T4,7.5,2.11.0+cu128,12.8,2026-08-23T19:09:50.788527+00:00
ca87722a00ebf585cd788c67949e7c0b32dca788,custom_cuda,warp-reduction custom CUDA fused scale + mask + softmax; block_size=128,512,4096,512,float32,0.125,25,100,6,121.2799996137619,128,0,Tesla T4,7.5,2.11.0+cu128,12.8,2026-08-23T19:09:50.788527+00:00
ca87722a00ebf585cd788c67949e7c0b32dca788,custom_cuda,warp-reduction custom CUDA fused scale + mask + softmax; block_size=128,512,4096,512,float32,0.125,25,100,7,113.98400366306305,128,0,Tesla T4,7.5,2.11.0+cu128,12.8,2026-08-23T19:09:50.788527+00:00
ca87722a00ebf585cd788c67949e7c0b32dca788,custom_cuda,warp-reduction custom CUDA fused scale + mask + softmax; block_size=128,512,4096,512,float32,0.125,25,100,8,109.15199667215347,128,0,Tesla T4,7.5,2.11.0+cu128,12.8,2026-08-23T19:09:50.788527+00:00
ca87722a00ebf585cd788c67949e7c0b32dca788,custom_cuda,warp-reduction custom CUDA fused scale + mask + softmax; block_size=128,512,4096,512,float32,0.125,25,100,9,109.24799740314484,128,0,Tesla T4,7.5,2.11.0+cu128,12.8,2026-08-23T19:09:50.788527+00:00
ca87722a00ebf585cd788c67949e7c0b32dca788,custom_cuda,warp-reduction custom CUDA fused scale + mask + softmax; block_size=128,512,4096,512,float32,0.125,25,100,10,113.8560026884079,128,0,Tesla T4,7.5,2.11.0+cu128,12.8,2026-08-23T19:09:50.788527+00:00
ca87722a00ebf585cd788c67949e7c0b32dca788,custom_cuda,warp-reduction custom CUDA fused scale + mask + softmax; block_size=128,512,4096,512,float32,0.125,25,100,11,112.2559979557991,128,0,Tesla T4,7.5,2.11.0+cu128,12.8,2026-08-23T19:09:50.788527+00:00
ca87722a00ebf585cd788c67949e7c0b32dca788,custom_cuda,warp-reduction custom CUDA fused scale + mask + softmax; block_size=128,512,4096,512,float32,0.125,25,100,12,119.13599818944931,128,0,Tesla T4,7.5,2.11.0+cu128,12.8,2026-08-23T19:09:50.788527+00:00
ca87722a00ebf585cd788c67949e7c0b32dca788,custom_cuda,warp-reduction custom CUDA fused scale + mask + softmax; block_size=128,512,4096,512,float32,0.125,25,100,13,111.04000359773636,128,0,Tesla T4,7.5,2.11.0+cu128,12.8,2026-08-23T19:09:50.788527+00:00
ca87722a00ebf585cd788c67949e7c0b32dca788,custom_cuda,warp-reduction custom CUDA fused scale + mask + softmax; block_size=128,512,4096,512,float32,0.125,25,100,14,113.27999830245972,128,0,Tesla T4,7.5,2.11.0+cu128,12.8,2026-08-23T19:09:50.788527+00:00
ca87722a00ebf585cd788c67949e7c0b32dca788,custom_cuda,warp-reduction custom CUDA fused scale + mask + softmax; block_size=128,512,4096,512,float32,0.125,25,100,15,111.93600296974182,128,0,Tesla T4,7.5,2.11.0+cu128,12.8,2026-08-23T19:09:50.788527+00:00
ca87722a00ebf585cd788c67949e7c0b32dca788,custom_cuda,warp-reduction custom CUDA fused scale + mask + softmax; block_size=128,512,4096,512,float32,0.125,25,100,16,115.55200070142746,128,0,Tesla T4,7.5,2.11.0+cu128,12.8,2026-08-23T19:09:50.788527+00:00
ca87722a00ebf585cd788c67949e7c0b32dca788,custom_cuda,warp-reduction custom CUDA fused scale + mask + softmax; block_size=128,512,4096,512,float32,0.125,25,100,17,113.02399635314941,128,0,Tesla T4,7.5,2.11.0+cu128,12.8,2026-08-23T19:09:50.788527+00:00
ca87722a00ebf585cd788c67949e7c0b32dca788,custom_cuda,warp-reduction custom CUDA fused scale + mask + softmax; block_size=128,512,4096,512,float32,0.125,25,100,18,140.76800644397736,128,0,Tesla T4,7.5,2.11.0+cu128,12.8,2026-08-23T19:09:50.788527+00:00
ca87722a00ebf585cd788c67949e7c0b32dca788,custom_cuda,warp-reduction custom CUDA fused scale + mask + softmax; block_size=128,512,4096,512,float32,0.125,25,100,19,115.1999980211258,128,0,Tesla T4,7.5,2.11.0+cu128,12.8,2026-08-23T19:09:50.788527+00:00
ca87722a00ebf585cd788c67949e7c0b32dca788,custom_cuda,warp-reduction custom CUDA fused scale + mask + softmax; block_size=128,512,4096,512,float32,0.125,25,100,20,133.27999413013458,128,0,Tesla T4,7.5,2.11.0+cu128,12.8,2026-08-23T19:09:50.788527+00:00
ca87722a00ebf585cd788c67949e7c0b32dca788,custom_cuda,warp-reduction custom CUDA fused scale + mask + softmax; block_size=128,512,4096,512,float32,0.125,25,100,21,110.33599823713303,128,0,Tesla T4,7.5,2.11.0+cu128,12.8,2026-08-23T19:09:50.788527+00:00
ca87722a00ebf585cd788c67949e7c0b32dca788,custom_cuda,warp-reduction custom CUDA fused scale + mask + softmax; block_size=128,512,4096,512,float32,0.125,25,100,22,108.70400071144104,128,0,Tesla T4,7.5,2.11.0+cu128,12.8,2026-08-23T19:09:50.788527+00:00
ca87722a00ebf585cd788c67949e7c0b32dca788,custom_cuda,warp-reduction custom CUDA fused scale + mask + softmax; block_size=128,512,4096,512,float32,0.125,25,100,23,110.43199896812439,128,0,Tesla T4,7.5,2.11.0+cu128,12.8,2026-08-23T19:09:50.788527+00:00
ca87722a00ebf585cd788c67949e7c0b32dca788,custom_cuda,warp-reduction custom CUDA fused scale + mask + softmax; block_size=128,512,4096,512,float32,0.125,25,100,24,109.27999764680862,128,0,Tesla T4,7.5,2.11.0+cu128,12.8,2026-08-23T19:09:50.788527+00:00
ca87722a00ebf585cd788c67949e7c0b32dca788,custom_cuda,warp-reduction custom CUDA fused scale + mask + softmax; block_size=128,512,4096,512,float32,0.125,25,100,25,118.94399672746658,128,0,Tesla T4,7.5,2.11.0+cu128,12.8,2026-08-23T19:09:50.788527+00:00
ca87722a00ebf585cd788c67949e7c0b32dca788,custom_cuda,warp-reduction custom CUDA fused scale + mask + softmax; block_size=128,512,4096,512,float32,0.125,25,100,26,112.60800063610077,128,0,Tesla T4,7.5,2.11.0+cu128,12.8,2026-08-23T19:09:50.788527+00:00
ca87722a00ebf585cd788c67949e7c0b32dca788,custom_cuda,warp-reduction custom CUDA fused scale + mask + softmax; block_size=128,512,4096,512,float32,0.125,25,100,27,116.70400202274323,128,0,Tesla T4,7.5,2.11.0+cu128,12.8,2026-08-23T19:09:50.788527+00:00
ca87722a00ebf585cd788c67949e7c0b32dca788,custom_cuda,warp-reduction custom CUDA fused scale + mask + softmax; block_size=128,512,4096,512,float32,0.125,25,100,28,113.3119985461235,128,0,Tesla T4,7.5,2.11.0+cu128,12.8,2026-08-23T19:09:50.788527+00:00
ca87722a00ebf585cd788c67949e7c0b32dca788,custom_cuda,warp-reduction custom CUDA fused scale + mask + softmax; block_size=128,512,4096,512,float32,0.125,25,100,29,111.455999314785,128,0,Tesla T4,7.5,2.11.0+cu128,12.8,2026-08-23T19:09:50.788527+00:00
ca87722a00ebf585cd788c67949e7c0b32dca788,custom_cuda,warp-reduction custom CUDA fused scale + mask + softmax; block_size=128,512,4096,512,float32,0.125,25,100,30,112.60800063610077,128,0,Tesla T4,7.5,2.11.0+cu128,12.8,2026-08-23T19:09:50.788527+00:00
ca87722a00ebf585cd788c67949e7c0b32dca788,custom_cuda,warp-reduction custom CUDA fused scale + mask + softmax; block_size=128,512,4096,512,float32,0.125,25,100,31,112.09599673748016,128,0,Tesla T4,7.5,2.11.0+cu128,12.8,2026-08-23T19:09:50.788527+00:00
ca87722a00ebf585cd788c67949e7c0b32dca788,custom_cuda,warp-reduction custom CUDA fused scale + mask + softmax; block_size=128,512,4096,512,float32,0.125,25,100,32,121.15199863910675,128,0,Tesla T4,7.5,2.11.0+cu128,12.8,2026-08-23T19:09:50.788527+00:00
ca87722a00ebf585cd788c67949e7c0b32dca788,custom_cuda,warp-reduction custom CUDA fused scale + mask + softmax; block_size=128,512,4096,512,float32,0.125,25,100,33,123.61600250005722,128,0,Tesla T4,7.5,2.11.0+cu128,12.8,2026-08-23T19:09:50.788527+00:00
ca87722a00ebf585cd788c67949e7c0b32dca788,custom_cuda,warp-reduction custom CUDA fused scale + mask + softmax; block_size=128,512,4096,512,float32,0.125,25,100,34,114.46399986743927,128,0,Tesla T4,7.5,2.11.0+cu128,12.8,2026-08-23T19:09:50.788527+00:00
ca87722a00ebf585cd788c67949e7c0b32dca788,custom_cuda,warp-reduction custom CUDA fused scale + mask + softmax; block_size=128,512,4096,512,float32,0.125,25,100,35,115.1999980211258,128,0,Tesla T4,7.5,2.11.0+cu128,12.8,2026-08-23T19:09:50.788527+00:00
ca87722a00ebf585cd788c67949e7c0b32dca788,custom_cuda,warp-reduction custom CUDA fused scale + mask + softmax; block_size=128,512,4096,512,float32,0.125,25,100,36,112.67200112342834,128,0,Tesla T4,7.5,2.11.0+cu128,12.8,2026-08-23T19:09:50.788527+00:00
ca87722a00ebf585cd788c67949e7c0b32dca788,custom_cuda,warp-reduction custom CUDA fused scale + mask + softmax; block_size=128,512,4096,512,float32,0.125,25,100,37,112.67200112342834,128,0,Tesla T4,7.5,2.11.0+cu128,12.8,2026-08-23T19:09:50.788527+00:00
ca87722a00ebf585cd788c67949e7c0b32dca788,custom_cuda,warp-reduction custom CUDA fused scale + mask + softmax; block_size=128,512,4096,512,float32,0.125,25,100,38,119.19999867677689,128,0,Tesla T4,7.5,2.11.0+cu128,12.8,2026-08-23T19:09:50.788527+00:00
ca87722a00ebf585cd788c67949e7c0b32dca788,custom_cuda,warp-reduction custom CUDA fused scale + mask + softmax; block_size=128,512,4096,512,float32,0.125,25,100,39,113.27999830245972,128,0,Tesla T4,7.5,2.11.0+cu128,12.8,2026-08-23T19:09:50.788527+00:00
ca87722a00ebf585cd788c67949e7c0b32dca788,custom_cuda,warp-reduction custom CUDA fused scale + mask + softmax; block_size=128,512,4096,512,float32,0.125,25,100,40,113.76000195741653,128,0,Tesla T4,7.5,2.11.0+cu128,12.8,2026-08-23T19:09:50.788527+00:00
ca87722a00ebf585cd788c67949e7c0b32dca788,custom_cuda,warp-reduction custom CUDA fused scale + mask + softmax; block_size=128,512,4096,512,float32,0.125,25,100,41,111.26399785280228,128,0,Tesla T4,7.5,2.11.0+cu128,12.8,2026-08-23T19:09:50.788527+00:00
ca87722a00ebf585cd788c67949e7c0b32dca788,custom_cuda,warp-reduction custom CUDA fused scale + mask + softmax; block_size=128,512,4096,512,float32,0.125,25,100,42,112.0000034570694,128,0,Tesla T4,7.5,2.11.0+cu128,12.8,2026-08-23T19:09:50.788527+00:00
ca87722a00ebf585cd788c67949e7c0b32dca788,custom_cuda,warp-reduction custom CUDA fused scale + mask + softmax; block_size=128,512,4096,512,float32,0.125,25,100,43,112.2559979557991,128,0,Tesla T4,7.5,2.11.0+cu128,12.8,2026-08-23T19:09:50.788527+00:00
ca87722a00ebf585cd788c67949e7c0b32dca788,custom_cuda,warp-reduction custom CUDA fused scale + mask + softmax; block_size=128,512,4096,512,float32,0.125,25,100,44,110.59200018644333,128,0,Tesla T4,7.5,2.11.0+cu128,12.8,2026-08-23T19:09:50.788527+00:00
ca87722a00ebf585cd788c67949e7c0b32dca788,custom_cuda,warp-reduction custom CUDA fused scale + mask + softmax; block_size=128,512,4096,512,float32,0.125,25,100,45,120.09599804878235,128,0,Tesla T4,7.5,2.11.0+cu128,12.8,2026-08-23T19:09:50.788527+00:00
ca87722a00ebf585cd788c67949e7c0b32dca788,custom_cuda,warp-reduction custom CUDA fused scale + mask + softmax; block_size=128,512,4096,512,float32,0.125,25,100,46,112.12799698114395,128,0,Tesla T4,7.5,2.11.0+cu128,12.8,2026-08-23T19:09:50.788527+00:00
ca87722a00ebf585cd788c67949e7c0b32dca788,custom_cuda,warp-reduction custom CUDA fused scale + mask + softmax; block_size=128,512,4096,512,float32,0.125,25,100,47,135.16800105571747,128,0,Tesla T4,7.5,2.11.0+cu128,12.8,2026-08-23T19:09:50.788527+00:00
ca87722a00ebf585cd788c67949e7c0b32dca788,custom_cuda,warp-reduction custom CUDA fused scale + mask + softmax; block_size=128,512,4096,512,float32,0.125,25,100,48,117.69600212574005,128,0,Tesla T4,7.5,2.11.0+cu128,12.8,2026-08-23T19:09:50.788527+00:00
ca87722a00ebf585cd788c67949e7c0b32dca788,custom_cuda,warp-reduction custom CUDA fused scale + mask + softmax; block_size=128,512,4096,512,float32,0.125,25,100,49,115.77600240707397,128,0,Tesla T4,7.5,2.11.0+cu128,12.8,2026-08-23T19:09:50.788527+00:00
ca87722a00ebf585cd788c67949e7c0b32dca788,custom_cuda,warp-reduction custom CUDA fused scale + mask + softmax; block_size=128,512,4096,512,float32,0.125,25,100,50,115.23199826478958,128,0,Tesla T4,7.5,2.11.0+cu128,12.8,2026-08-23T19:09:50.788527+00:00
ca87722a00ebf585cd788c67949e7c0b32dca788,custom_cuda,warp-reduction custom CUDA fused scale + mask + softmax; block_size=128,512,4096,512,float32,0.125,25,100,51,124.95999783277512,128,0,Tesla T4,7.5,2.11.0+cu128,12.8,2026-08-23T19:09:50.788527+00:00
ca87722a00ebf585cd788c67949e7c0b32dca788,custom_cuda,warp-reduction custom CUDA fused scale + mask + softmax; block_size=128,512,4096,512,float32,0.125,25,100,52,112.03200370073318,128,0,Tesla T4,7.5,2.11.0+cu128,12.8,2026-08-23T19:09:50.788527+00:00
ca87722a00ebf585cd788c67949e7c0b32dca788,custom_cuda,warp-reduction custom CUDA fused scale + mask + softmax; block_size=128,512,4096,512,float32,0.125,25,100,53,115.42399972677231,128,0,Tesla T4,7.5,2.11.0+cu128,12.8,2026-08-23T19:09:50.788527+00:00
ca87722a00ebf585cd788c67949e7c0b32dca788,custom_cuda,warp-reduction custom CUDA fused scale + mask + softmax; block_size=128,512,4096,512,float32,0.125,25,100,54,111.13599687814713,128,0,Tesla T4,7.5,2.11.0+cu128,12.8,2026-08-23T19:09:50.788527+00:00
ca87722a00ebf585cd788c67949e7c0b32dca788,custom_cuda,warp-reduction custom CUDA fused scale + mask + softmax; block_size=128,512,4096,512,float32,0.125,25,100,55,104.92800176143646,128,0,Tesla T4,7.5,2.11.0+cu128,12.8,2026-08-23T19:09:50.788527+00:00
ca87722a00ebf585cd788c67949e7c0b32dca788,custom_cuda,warp-reduction custom CUDA fused scale + mask + softmax; block_size=128,512,4096,512,float32,0.125,25,100,56,109.79200154542923,128,0,Tesla T4,7.5,2.11.0+cu128,12.8,2026-08-23T19:09:50.788527+00:00
ca87722a00ebf585cd788c67949e7c0b32dca788,custom_cuda,warp-reduction custom CUDA fused scale + mask + softmax; block_size=128,512,4096,512,float32,0.125,25,100,57,111.39199882745743,128,0,Tesla T4,7.5,2.11.0+cu128,12.8,2026-08-23T19:09:50.788527+00:00
ca87722a00ebf585cd788c67949e7c0b32dca788,custom_cuda,warp-reduction custom CUDA fused scale + mask + softmax; block_size=128,512,4096,512,float32,0.125,25,100,58,116.67200177907944,128,0,Tesla T4,7.5,2.11.0+cu128,12.8,2026-08-23T19:09:50.788527+00:00
ca87722a00ebf585cd788c67949e7c0b32dca788,custom_cuda,warp-reduction custom CUDA fused scale + mask + softmax; block_size=128,512,4096,512,float32,0.125,25,100,59,121.05599790811539,128,0,Tesla T4,7.5,2.11.0+cu128,12.8,2026-08-23T19:09:50.788527+00:00
ca87722a00ebf585cd788c67949e7c0b32dca788,custom_cuda,warp-reduction custom CUDA fused scale + mask + softmax; block_size=128,512,4096,512,float32,0.125,25,100,60,110.59200018644333,128,0,Tesla T4,7.5,2.11.0+cu128,12.8,2026-08-23T19:09:50.788527+00:00
ca87722a00ebf585cd788c67949e7c0b32dca788,custom_cuda,warp-reduction custom CUDA fused scale + mask + softmax; block_size=128,512,4096,512,float32,0.125,25,100,61,103.10400277376175,128,0,Tesla T4,7.5,2.11.0+cu128,12.8,2026-08-23T19:09:50.788527+00:00
ca87722a00ebf585cd788c67949e7c0b32dca788,custom_cuda,warp-reduction custom CUDA fused scale + mask + softmax; block_size=128,512,4096,512,float32,0.125,25,100,62,102.39999741315842,128,0,Tesla T4,7.5,2.11.0+cu128,12.8,2026-08-23T19:09:50.788527+00:00
ca87722a00ebf585cd788c67949e7c0b32dca788,custom_cuda,warp-reduction custom CUDA fused scale + mask + softmax; block_size=128,512,4096,512,float32,0.125,25,100,63,102.9760017991066,128,0,Tesla T4,7.5,2.11.0+cu128,12.8,2026-08-23T19:09:50.788527+00:00
ca87722a00ebf585cd788c67949e7c0b32dca788,custom_cuda,warp-reduction custom CUDA fused scale + mask + softmax; block_size=128,512,4096,512,float32,0.125,25,100,64,102.39999741315842,128,0,Tesla T4,7.5,2.11.0+cu128,12.8,2026-08-23T19:09:50.788527+00:00
ca87722a00ebf585cd788c67949e7c0b32dca788,custom_cuda,warp-reduction custom CUDA fused scale + mask + softmax; block_size=128,512,4096,512,float32,0.125,25,100,65,112.67200112342834,128,0,Tesla T4,7.5,2.11.0+cu128,12.8,2026-08-23T19:09:50.788527+00:00
ca87722a00ebf585cd788c67949e7c0b32dca788,custom_cuda,warp-reduction custom CUDA fused scale + mask + softmax; block_size=128,512,4096,512,float32,0.125,25,100,66,108.57599973678589,128,0,Tesla T4,7.5,2.11.0+cu128,12.8,2026-08-23T19:09:50.788527+00:00
ca87722a00ebf585cd788c67949e7c0b32dca788,custom_cuda,warp-reduction custom CUDA fused scale + mask + softmax; block_size=128,512,4096,512,float32,0.125,25,100,67,110.59200018644333,128,0,Tesla T4,7.5,2.11.0+cu128,12.8,2026-08-23T19:09:50.788527+00:00
ca87722a00ebf585cd788c67949e7c0b32dca788,custom_cuda,warp-reduction custom CUDA fused scale + mask + softmax; block_size=128,512,4096,512,float32,0.125,25,100,68,110.78400164842606,128,0,Tesla T4,7.5,2.11.0+cu128,12.8,2026-08-23T19:09:50.788527+00:00
ca87722a00ebf585cd788c67949e7c0b32dca788,custom_cuda,warp-reduction custom CUDA fused scale + mask + softmax; block_size=128,512,4096,512,float32,0.125,25,100,69,113.79200220108032,128,0,Tesla T4,7.5,2.11.0+cu128,12.8,2026-08-23T19:09:50.788527+00:00
ca87722a00ebf585cd788c67949e7c0b32dca788,custom_cuda,warp-reduction custom CUDA fused scale + mask + softmax; block_size=128,512,4096,512,float32,0.125,25,100,70,109.18399691581726,128,0,Tesla T4,7.5,2.11.0+cu128,12.8,2026-08-23T19:09:50.788527+00:00
ca87722a00ebf585cd788c67949e7c0b32dca788,custom_cuda,warp-reduction custom CUDA fused scale + mask + softmax; block_size=128,512,4096,512,float32,0.125,25,100,71,107.00800269842148,128,0,Tesla T4,7.5,2.11.0+cu128,12.8,2026-08-23T19:09:50.788527+00:00
ca87722a00ebf585cd788c67949e7c0b32dca788,custom_cuda,warp-reduction custom CUDA fused scale + mask + softmax; block_size=128,512,4096,512,float32,0.125,25,100,72,113.92000317573547,128,0,Tesla T4,7.5,2.11.0+cu128,12.8,2026-08-23T19:09:50.788527+00:00
ca87722a00ebf585cd788c67949e7c0b32dca788,custom_cuda,warp-reduction custom CUDA fused scale + mask + softmax; block_size=128,512,4096,512,float32,0.125,25,100,73,104.47999835014343,128,0,Tesla T4,7.5,2.11.0+cu128,12.8,2026-08-23T19:09:50.788527+00:00
ca87722a00ebf585cd788c67949e7c0b32dca788,custom_cuda,warp-reduction custom CUDA fused scale + mask + softmax; block_size=128,512,4096,512,float32,0.125,25,100,74,111.55200004577637,128,0,Tesla T4,7.5,2.11.0+cu128,12.8,2026-08-23T19:09:50.788527+00:00
ca87722a00ebf585cd788c67949e7c0b32dca788,custom_cuda,warp-reduction custom CUDA fused scale + mask + softmax; block_size=128,512,4096,512,float32,0.125,25,100,75,113.15199732780457,128,0,Tesla T4,7.5,2.11.0+cu128,12.8,2026-08-23T19:09:50.788527+00:00
ca87722a00ebf585cd788c67949e7c0b32dca788,custom_cuda,warp-reduction custom CUDA fused scale + mask + softmax; block_size=128,512,4096,512,float32,0.125,25,100,76,110.62400043010712,128,0,Tesla T4,7.5,2.11.0+cu128,12.8,2026-08-23T19:09:50.788527+00:00
ca87722a00ebf585cd788c67949e7c0b32dca788,custom_cuda,warp-reduction custom CUDA fused scale + mask + softmax; block_size=128,512,4096,512,float32,0.125,25,100,77,110.59200018644333,128,0,Tesla T4,7.5,2.11.0+cu128,12.8,2026-08-23T19:09:50.788527+00:00
ca87722a00ebf585cd788c67949e7c0b32dca788,custom_cuda,warp-reduction custom CUDA fused scale + mask + softmax; block_size=128,512,4096,512,float32,0.125,25,100,78,108.5439994931221,128,0,Tesla T4,7.5,2.11.0+cu128,12.8,2026-08-23T19:09:50.788527+00:00
ca87722a00ebf585cd788c67949e7c0b32dca788,custom_cuda,warp-reduction custom CUDA fused scale + mask + softmax; block_size=128,512,4096,512,float32,0.125,25,100,79,140.1280015707016,128,0,Tesla T4,7.5,2.11.0+cu128,12.8,2026-08-23T19:09:50.788527+00:00
ca87722a00ebf585cd788c67949e7c0b32dca788,custom_cuda,warp-reduction custom CUDA fused scale + mask + softmax; block_size=128,512,4096,512,float32,0.125,25,100,80,116.73600226640701,128,0,Tesla T4,7.5,2.11.0+cu128,12.8,2026-08-23T19:09:50.788527+00:00
ca87722a00ebf585cd788c67949e7c0b32dca788,custom_cuda,warp-reduction custom CUDA fused scale + mask + softmax; block_size=128,512,4096,512,float32,0.125,25,100,81,112.31999844312668,128,0,Tesla T4,7.5,2.11.0+cu128,12.8,2026-08-23T19:09:50.788527+00:00
ca87722a00ebf585cd788c67949e7c0b32dca788,custom_cuda,warp-reduction custom CUDA fused scale + mask + softmax; block_size=128,512,4096,512,float32,0.125,25,100,82,110.55999994277954,128,0,Tesla T4,7.5,2.11.0+cu128,12.8,2026-08-23T19:09:50.788527+00:00
ca87722a00ebf585cd788c67949e7c0b32dca788,custom_cuda,warp-reduction custom CUDA fused scale + mask + softmax; block_size=128,512,4096,512,float32,0.125,25,100,83,106.81600123643875,128,0,Tesla T4,7.5,2.11.0+cu128,12.8,2026-08-23T19:09:50.788527+00:00
ca87722a00ebf585cd788c67949e7c0b32dca788,custom_cuda,warp-reduction custom CUDA fused scale + mask + softmax; block_size=128,512,4096,512,float32,0.125,25,100,84,102.46399790048599,128,0,Tesla T4,7.5,2.11.0+cu128,12.8,2026-08-23T19:09:50.788527+00:00
ca87722a00ebf585cd788c67949e7c0b32dca788,custom_cuda,warp-reduction custom CUDA fused scale + mask + softmax; block_size=128,512,4096,512,float32,0.125,25,100,85,102.94400155544281,128,0,Tesla T4,7.5,2.11.0+cu128,12.8,2026-08-23T19:09:50.788527+00:00
ca87722a00ebf585cd788c67949e7c0b32dca788,custom_cuda,warp-reduction custom CUDA fused scale + mask + softmax; block_size=128,512,4096,512,float32,0.125,25,100,86,108.60799998044968,128,0,Tesla T4,7.5,2.11.0+cu128,12.8,2026-08-23T19:09:50.788527+00:00
ca87722a00ebf585cd788c67949e7c0b32dca788,custom_cuda,warp-reduction custom CUDA fused scale + mask + softmax; block_size=128,512,4096,512,float32,0.125,25,100,87,104.8320010304451,128,0,Tesla T4,7.5,2.11.0+cu128,12.8,2026-08-23T19:09:50.788527+00:00
ca87722a00ebf585cd788c67949e7c0b32dca788,custom_cuda,warp-reduction custom CUDA fused scale + mask + softmax; block_size=128,512,4096,512,float32,0.125,25,100,88,110.944002866745,128,0,Tesla T4,7.5,2.11.0+cu128,12.8,2026-08-23T19:09:50.788527+00:00
ca87722a00ebf585cd788c67949e7c0b32dca788,custom_cuda,warp-reduction custom CUDA fused scale + mask + softmax; block_size=128,512,4096,512,float32,0.125,25,100,89,106.59199953079224,128,0,Tesla T4,7.5,2.11.0+cu128,12.8,2026-08-23T19:09:50.788527+00:00
ca87722a00ebf585cd788c67949e7c0b32dca788,custom_cuda,warp-reduction custom CUDA fused scale + mask + softmax; block_size=128,512,4096,512,float32,0.125,25,100,90,145.4080045223236,128,0,Tesla T4,7.5,2.11.0+cu128,12.8,2026-08-23T19:09:50.788527+00:00
ca87722a00ebf585cd788c67949e7c0b32dca788,custom_cuda,warp-reduction custom CUDA fused scale + mask + softmax; block_size=128,512,4096,512,float32,0.125,25,100,91,131.071999669075,128,0,Tesla T4,7.5,2.11.0+cu128,12.8,2026-08-23T19:09:50.788527+00:00
ca87722a00ebf585cd788c67949e7c0b32dca788,custom_cuda,warp-reduction custom CUDA fused scale + mask + softmax; block_size=128,512,4096,512,float32,0.125,25,100,92,136.60800457000732,128,0,Tesla T4,7.5,2.11.0+cu128,12.8,2026-08-23T19:09:50.788527+00:00
ca87722a00ebf585cd788c67949e7c0b32dca788,custom_cuda,warp-reduction custom CUDA fused scale + mask + softmax; block_size=128,512,4096,512,float32,0.125,25,100,93,112.76800185441971,128,0,Tesla T4,7.5,2.11.0+cu128,12.8,2026-08-23T19:09:50.788527+00:00
ca87722a00ebf585cd788c67949e7c0b32dca788,custom_cuda,warp-reduction custom CUDA fused scale + mask + softmax; block_size=128,512,4096,512,float32,0.125,25,100,94,110.91200262308121,128,0,Tesla T4,7.5,2.11.0+cu128,12.8,2026-08-23T19:09:50.788527+00:00
ca87722a00ebf585cd788c67949e7c0b32dca788,custom_cuda,warp-reduction custom CUDA fused scale + mask + softmax; block_size=128,512,4096,512,float32,0.125,25,100,95,106.81600123643875,128,0,Tesla T4,7.5,2.11.0+cu128,12.8,2026-08-23T19:09:50.788527+00:00
ca87722a00ebf585cd788c67949e7c0b32dca788,custom_cuda,warp-reduction custom CUDA fused scale + mask + softmax; block_size=128,512,4096,512,float32,0.125,25,100,96,110.59200018644333,128,0,Tesla T4,7.5,2.11.0+cu128,12.8,2026-08-23T19:09:50.788527+00:00
ca87722a00ebf585cd788c67949e7c0b32dca788,custom_cuda,warp-reduction custom CUDA fused scale + mask + softmax; block_size=128,512,4096,512,float32,0.125,25,100,97,109.82400178909302,128,0,Tesla T4,7.5,2.11.0+cu128,12.8,2026-08-23T19:09:50.788527+00:00
ca87722a00ebf585cd788c67949e7c0b32dca788,custom_cuda,warp-reduction custom CUDA fused scale + mask + softmax; block_size=128,512,4096,512,float32,0.125,25,100,98,110.59200018644333,128,0,Tesla T4,7.5,2.11.0+cu128,12.8,2026-08-23T19:09:50.788527+00:00
ca87722a00ebf585cd788c67949e7c0b32dca788,custom_cuda,warp-reduction custom CUDA fused scale + mask + softmax; block_size=128,512,4096,512,float32,0.125,25,100,99,161.79199516773224,128,0,Tesla T4,7.5,2.11.0+cu128,12.8,2026-08-23T19:09:50.788527+00:00
ca87722a00ebf585cd788c67949e7c0b32dca788,custom_cuda,warp-reduction custom CUDA fused scale + mask + softmax; block_size=128,768,6144,768,float32,0.125,25,100,0,196.96000218391418,128,0,Tesla T4,7.5,2.11.0+cu128,12.8,2026-08-23T19:09:53.335942+00:00
ca87722a00ebf585cd788c67949e7c0b32dca788,custom_cuda,warp-reduction custom CUDA fused scale + mask + softmax; block_size=128,768,6144,768,float32,0.125,25,100,1,170.20800709724426,128,0,Tesla T4,7.5,2.11.0+cu128,12.8,2026-08-23T19:09:53.335942+00:00
ca87722a00ebf585cd788c67949e7c0b32dca788,custom_cuda,warp-reduction custom CUDA fused scale + mask + softmax; block_size=128,768,6144,768,float32,0.125,25,100,2,166.62399470806122,128,0,Tesla T4,7.5,2.11.0+cu128,12.8,2026-08-23T19:09:53.335942+00:00
ca87722a00ebf585cd788c67949e7c0b32dca788,custom_cuda,warp-reduction custom CUDA fused scale + mask + softmax; block_size=128,768,6144,768,float32,0.125,25,100,3,167.1999990940094,128,0,Tesla T4,7.5,2.11.0+cu128,12.8,2026-08-23T19:09:53.335942+00:00
ca87722a00ebf585cd788c67949e7c0b32dca788,custom_cuda,warp-reduction custom CUDA fused scale + mask + softmax; block_size=128,768,6144,768,float32,0.125,25,100,4,165.8879965543747,128,0,Tesla T4,7.5,2.11.0+cu128,12.8,2026-08-23T19:09:53.335942+00:00
ca87722a00ebf585cd788c67949e7c0b32dca788,custom_cuda,warp-reduction custom CUDA fused scale + mask + softmax; block_size=128,768,6144,768,float32,0.125,25,100,5,169.98399794101715,128,0,Tesla T4,7.5,2.11.0+cu128,12.8,2026-08-23T19:09:53.335942+00:00
ca87722a00ebf585cd788c67949e7c0b32dca788,custom_cuda,warp-reduction custom CUDA fused scale + mask + softmax; block_size=128,768,6144,768,float32,0.125,25,100,6,164.70399498939514,128,0,Tesla T4,7.5,2.11.0+cu128,12.8,2026-08-23T19:09:53.335942+00:00
ca87722a00ebf585cd788c67949e7c0b32dca788,custom_cuda,warp-reduction custom CUDA fused scale + mask + softmax; block_size=128,768,6144,768,float32,0.125,25,100,7,164.12800550460815,128,0,Tesla T4,7.5,2.11.0+cu128,12.8,2026-08-23T19:09:53.335942+00:00
ca87722a00ebf585cd788c67949e7c0b32dca788,custom_cuda,warp-reduction custom CUDA fused scale + mask + softmax; block_size=128,768,6144,768,float32,0.125,25,100,8,164.15999829769135,128,0,Tesla T4,7.5,2.11.0+cu128,12.8,2026-08-23T19:09:53.335942+00:00
ca87722a00ebf585cd788c67949e7c0b32dca788,custom_cuda,warp-reduction custom CUDA fused scale + mask + softmax; block_size=128,768,6144,768,float32,0.125,25,100,9,164.63999450206757,128,0,Tesla T4,7.5,2.11.0+cu128,12.8,2026-08-23T19:09:53.335942+00:00
ca87722a00ebf585cd788c67949e7c0b32dca788,custom_cuda,warp-reduction custom CUDA fused scale + mask + softmax; block_size=128,768,6144,768,float32,0.125,25,100,10,165.8879965543747,128,0,Tesla T4,7.5,2.11.0+cu128,12.8,2026-08-23T19:09:53.335942+00:00
ca87722a00ebf585cd788c67949e7c0b32dca788,custom_cuda,warp-reduction custom CUDA fused scale + mask + softmax; block_size=128,768,6144,768,float32,0.125,25,100,11,166.30400717258453,128,0,Tesla T4,7.5,2.11.0+cu128,12.8,2026-08-23T19:09:53.335942+00:00
ca87722a00ebf585cd788c67949e7c0b32dca788,custom_cuda,warp-reduction custom CUDA fused scale + mask + softmax; block_size=128,768,6144,768,float32,0.125,25,100,12,166.87999665737152,128,0,Tesla T4,7.5,2.11.0+cu128,12.8,2026-08-23T19:09:53.335942+00:00
ca87722a00ebf585cd788c67949e7c0b32dca788,custom_cuda,warp-reduction custom CUDA fused scale + mask + softmax; block_size=128,768,6144,768,float32,0.125,25,100,13,165.6000018119812,128,0,Tesla T4,7.5,2.11.0+cu128,12.8,2026-08-23T19:09:53.335942+00:00
ca87722a00ebf585cd788c67949e7c0b32dca788,custom_cuda,warp-reduction custom CUDA fused scale + mask + softmax; block_size=128,768,6144,768,float32,0.125,25,100,14,165.8560037612915,128,0,Tesla T4,7.5,2.11.0+cu128,12.8,2026-08-23T19:09:53.335942+00:00
ca87722a00ebf585cd788c67949e7c0b32dca788,custom_cuda,warp-reduction custom CUDA fused scale + mask + softmax; block_size=128,768,6144,768,float32,0.125,25,100,15,164.2560064792633,128,0,Tesla T4,7.5,2.11.0+cu128,12.8,2026-08-23T19:09:53.335942+00:00
ca87722a00ebf585cd788c67949e7c0b32dca788,custom_cuda,warp-reduction custom CUDA fused scale + mask + softmax; block_size=128,768,6144,768,float32,0.125,25,100,16,167.93599724769592,128,0,Tesla T4,7.5,2.11.0+cu128,12.8,2026-08-23T19:09:53.335942+00:00
ca87722a00ebf585cd788c67949e7c0b32dca788,custom_cuda,warp-reduction custom CUDA fused scale + mask + softmax; block_size=128,768,6144,768,float32,0.125,25,100,17,165.8560037612915,128,0,Tesla T4,7.5,2.11.0+cu128,12.8,2026-08-23T19:09:53.335942+00:00
ca87722a00ebf585cd788c67949e7c0b32dca788,custom_cuda,warp-reduction custom CUDA fused scale + mask + softmax; block_size=128,768,6144,768,float32,0.125,25,100,18,164.67200219631195,128,0,Tesla T4,7.5,2.11.0+cu128,12.8,2026-08-23T19:09:53.335942+00:00
ca87722a00ebf585cd788c67949e7c0b32dca788,custom_cuda,warp-reduction custom CUDA fused scale + mask + softmax; block_size=128,768,6144,768,float32,0.125,25,100,19,166.9120043516159,128,0,Tesla T4,7.5,2.11.0+cu128,12.8,2026-08-23T19:09:53.335942+00:00
ca87722a00ebf585cd788c67949e7c0b32dca788,custom_cuda,warp-reduction custom CUDA fused scale + mask + softmax; block_size=128,768,6144,768,float32,0.125,25,100,20,167.93599724769592,128,0,Tesla T4,7.5,2.11.0+cu128,12.8,2026-08-23T19:09:53.335942+00:00
ca87722a00ebf585cd788c67949e7c0b32dca788,custom_cuda,warp-reduction custom CUDA fused scale + mask + softmax; block_size=128,768,6144,768,float32,0.125,25,100,21,169.88800466060638,128,0,Tesla T4,7.5,2.11.0+cu128,12.8,2026-08-23T19:09:53.335942+00:00
ca87722a00ebf585cd788c67949e7c0b32dca788,custom_cuda,warp-reduction custom CUDA fused scale + mask + softmax; block_size=128,768,6144,768,float32,0.125,25,100,22,167.93599724769592,128,0,Tesla T4,7.5,2.11.0+cu128,12.8,2026-08-23T19:09:53.335942+00:00
ca87722a00ebf585cd788c67949e7c0b32dca788,custom_cuda,warp-reduction custom CUDA fused scale + mask + softmax; block_size=128,768,6144,768,float32,0.125,25,100,23,166.52800142765045,128,0,Tesla T4,7.5,2.11.0+cu128,12.8,2026-08-23T19:09:53.335942+00:00
ca87722a00ebf585cd788c67949e7c0b32dca788,custom_cuda,warp-reduction custom CUDA fused scale + mask + softmax; block_size=128,768,6144,768,float32,0.125,25,100,24,170.46399414539337,128,0,Tesla T4,7.5,2.11.0+cu128,12.8,2026-08-23T19:09:53.335942+00:00
ca87722a00ebf585cd788c67949e7c0b32dca788,custom_cuda,warp-reduction custom CUDA fused scale + mask + softmax; block_size=128,768,6144,768,float32,0.125,25,100,25,166.30400717258453,128,0,Tesla T4,7.5,2.11.0+cu128,12.8,2026-08-23T19:09:53.335942+00:00
ca87722a00ebf585cd788c67949e7c0b32dca788,custom_cuda,warp-reduction custom CUDA fused scale + mask + softmax; block_size=128,768,6144,768,float32,0.125,25,100,26,165.8879965543747,128,0,Tesla T4,7.5,2.11.0+cu128,12.8,2026-08-23T19:09:53.335942+00:00
ca87722a00ebf585cd788c67949e7c0b32dca788,custom_cuda,warp-reduction custom CUDA fused scale + mask + softmax; block_size=128,768,6144,768,float32,0.125,25,100,27,166.81599617004395,128,0,Tesla T4,7.5,2.11.0+cu128,12.8,2026-08-23T19:09:53.335942+00:00
ca87722a00ebf585cd788c67949e7c0b32dca788,custom_cuda,warp-reduction custom CUDA fused scale + mask + softmax; block_size=128,768,6144,768,float32,0.125,25,100,28,167.13599860668182,128,0,Tesla T4,7.5,2.11.0+cu128,12.8,2026-08-23T19:09:53.335942+00:00
ca87722a00ebf585cd788c67949e7c0b32dca788,custom_cuda,warp-reduction custom CUDA fused scale + mask + softmax; block_size=128,768,6144,768,float32,0.125,25,100,29,165.8879965543747,128,0,Tesla T4,7.5,2.11.0+cu128,12.8,2026-08-23T19:09:53.335942+00:00
ca87722a00ebf585cd788c67949e7c0b32dca788,custom_cuda,warp-reduction custom CUDA fused scale + mask + softmax; block_size=128,768,6144,768,float32,0.125,25,100,30,165.15199840068817,128,0,Tesla T4,7.5,2.11.0+cu128,12.8,2026-08-23T19:09:53.335942+00:00
ca87722a00ebf585cd788c67949e7c0b32dca788,custom_cuda,warp-reduction custom CUDA fused scale + mask + softmax; block_size=128,768,6144,768,float32,0.125,25,100,31,165.8560037612915,128,0,Tesla T4,7.5,2.11.0+cu128,12.8,2026-08-23T19:09:53.335942+00:00
ca87722a00ebf585cd788c67949e7c0b32dca788,custom_cuda,warp-reduction custom CUDA fused scale + mask + softmax; block_size=128,768,6144,768,float32,0.125,25,100,32,167.93599724769592,128,0,Tesla T4,7.5,2.11.0+cu128,12.8,2026-08-23T19:09:53.335942+00:00
ca87722a00ebf585cd788c67949e7c0b32dca788,custom_cuda,warp-reduction custom CUDA fused scale + mask + softmax; block_size=128,768,6144,768,float32,0.125,25,100,33,167.93599724769592,128,0,Tesla T4,7.5,2.11.0+cu128,12.8,2026-08-23T19:09:53.335942+00:00
ca87722a00ebf585cd788c67949e7c0b32dca788,custom_cuda,warp-reduction custom CUDA fused scale + mask + softmax; block_size=128,768,6144,768,float32,0.125,25,100,34,166.9120043516159,128,0,Tesla T4,7.5,2.11.0+cu128,12.8,2026-08-23T19:09:53.335942+00:00
ca87722a00ebf585cd788c67949e7c0b32dca788,custom_cuda,warp-reduction custom CUDA fused scale + mask + softmax; block_size=128,768,6144,768,float32,0.125,25,100,35,165.8879965543747,128,0,Tesla T4,7.5,2.11.0+cu128,12.8,2026-08-23T19:09:53.335942+00:00
ca87722a00ebf585cd788c67949e7c0b32dca788,custom_cuda,warp-reduction custom CUDA fused scale + mask + softmax; block_size=128,768,6144,768,float32,0.125,25,100,36,163.7759953737259,128,0,Tesla T4,7.5,2.11.0+cu128,12.8,2026-08-23T19:09:53.335942+00:00
ca87722a00ebf585cd788c67949e7c0b32dca788,custom_cuda,warp-reduction custom CUDA fused scale + mask + softmax; block_size=128,768,6144,768,float32,0.125,25,100,37,177.08800733089447,128,0,Tesla T4,7.5,2.11.0+cu128,12.8,2026-08-23T19:09:53.335942+00:00
ca87722a00ebf585cd788c67949e7c0b32dca788,custom_cuda,warp-reduction custom CUDA fused scale + mask + softmax; block_size=128,768,6144,768,float32,0.125,25,100,38,166.52800142765045,128,0,Tesla T4,7.5,2.11.0+cu128,12.8,2026-08-23T19:09:53.335942+00:00
ca87722a00ebf585cd788c67949e7c0b32dca788,custom_cuda,warp-reduction custom CUDA fused scale + mask + softmax; block_size=128,768,6144,768,float32,0.125,25,100,39,166.01599752902985,128,0,Tesla T4,7.5,2.11.0+cu128,12.8,2026-08-23T19:09:53.335942+00:00
ca87722a00ebf585cd788c67949e7c0b32dca788,custom_cuda,warp-reduction custom CUDA fused scale + mask + softmax; block_size=128,768,6144,768,float32,0.125,25,100,40,165.72800278663635,128,0,Tesla T4,7.5,2.11.0+cu128,12.8,2026-08-23T19:09:53.335942+00:00
ca87722a00ebf585cd788c67949e7c0b32dca788,custom_cuda,warp-reduction custom CUDA fused scale + mask + softmax; block_size=128,768,6144,768,float32,0.125,25,100,41,181.92000687122345,128,0,Tesla T4,7.5,2.11.0+cu128,12.8,2026-08-23T19:09:53.335942+00:00
ca87722a00ebf585cd788c67949e7c0b32dca788,custom_cuda,warp-reduction custom CUDA fused scale + mask + softmax; block_size=128,768,6144,768,float32,0.125,25,100,42,173.8239973783493,128,0,Tesla T4,7.5,2.11.0+cu128,12.8,2026-08-23T19:09:53.335942+00:00
ca87722a00ebf585cd788c67949e7c0b32dca788,custom_cuda,warp-reduction custom CUDA fused scale + mask + softmax; block_size=128,768,6144,768,float32,0.125,25,100,43,166.30400717258453,128,0,Tesla T4,7.5,2.11.0+cu128,12.8,2026-08-23T19:09:53.335942+00:00
ca87722a00ebf585cd788c67949e7c0b32dca788,custom_cuda,warp-reduction custom CUDA fused scale + mask + softmax; block_size=128,768,6144,768,float32,0.125,25,100,44,165.8560037612915,128,0,Tesla T4,7.5,2.11.0+cu128,12.8,2026-08-23T19:09:53.335942+00:00
ca87722a00ebf585cd788c67949e7c0b32dca788,custom_cuda,warp-reduction custom CUDA fused scale + mask + softmax; block_size=128,768,6144,768,float32,0.125,25,100,45,164.41600024700165,128,0,Tesla T4,7.5,2.11.0+cu128,12.8,2026-08-23T19:09:53.335942+00:00
ca87722a00ebf585cd788c67949e7c0b32dca788,custom_cuda,warp-reduction custom CUDA fused scale + mask + softmax; block_size=128,768,6144,768,float32,0.125,25,100,46,165.8879965543747,128,0,Tesla T4,7.5,2.11.0+cu128,12.8,2026-08-23T19:09:53.335942+00:00
ca87722a00ebf585cd788c67949e7c0b32dca788,custom_cuda,warp-reduction custom CUDA fused scale + mask + softmax; block_size=128,768,6144,768,float32,0.125,25,100,47,163.93600404262543,128,0,Tesla T4,7.5,2.11.0+cu128,12.8,2026-08-23T19:09:53.335942+00:00
ca87722a00ebf585cd788c67949e7c0b32dca788,custom_cuda,warp-reduction custom CUDA fused scale + mask + softmax; block_size=128,768,6144,768,float32,0.125,25,100,48,167.64800250530243,128,0,Tesla T4,7.5,2.11.0+cu128,12.8,2026-08-23T19:09:53.335942+00:00
ca87722a00ebf585cd788c67949e7c0b32dca788,custom_cuda,warp-reduction custom CUDA fused scale + mask + softmax; block_size=128,768,6144,768,float32,0.125,25,100,49,165.8879965543747,128,0,Tesla T4,7.5,2.11.0+cu128,12.8,2026-08-23T19:09:53.335942+00:00
ca87722a00ebf585cd788c67949e7c0b32dca788,custom_cuda,warp-reduction custom CUDA fused scale + mask + softmax; block_size=128,768,6144,768,float32,0.125,25,100,50,167.64800250530243,128,0,Tesla T4,7.5,2.11.0+cu128,12.8,2026-08-23T19:09:53.335942+00:00
ca87722a00ebf585cd788c67949e7c0b32dca788,custom_cuda,warp-reduction custom CUDA fused scale + mask + softmax; block_size=128,768,6144,768,float32,0.125,25,100,51,166.9120043516159,128,0,Tesla T4,7.5,2.11.0+cu128,12.8,2026-08-23T19:09:53.335942+00:00
ca87722a00ebf585cd788c67949e7c0b32dca788,custom_cuda,warp-reduction custom CUDA fused scale + mask + softmax; block_size=128,768,6144,768,float32,0.125,25,100,52,164.2879992723465,128,0,Tesla T4,7.5,2.11.0+cu128,12.8,2026-08-23T19:09:53.335942+00:00
ca87722a00ebf585cd788c67949e7c0b32dca788,custom_cuda,warp-reduction custom CUDA fused scale + mask + softmax; block_size=128,768,6144,768,float32,0.125,25,100,53,168.38400065898895,128,0,Tesla T4,7.5,2.11.0+cu128,12.8,2026-08-23T19:09:53.335942+00:00
ca87722a00ebf585cd788c67949e7c0b32dca788,custom_cuda,warp-reduction custom CUDA fused scale + mask + softmax; block_size=128,768,6144,768,float32,0.125,25,100,54,166.6560024023056,128,0,Tesla T4,7.5,2.11.0+cu128,12.8,2026-08-23T19:09:53.335942+00:00
ca87722a00ebf585cd788c67949e7c0b32dca788,custom_cuda,warp-reduction custom CUDA fused scale + mask + softmax; block_size=128,768,6144,768,float32,0.125,25,100,55,164.5440012216568,128,0,Tesla T4,7.5,2.11.0+cu128,12.8,2026-08-23T19:09:53.335942+00:00
ca87722a00ebf585cd788c67949e7c0b32dca788,custom_cuda,warp-reduction custom CUDA fused scale + mask + softmax; block_size=128,768,6144,768,float32,0.125,25,100,56,165.8879965543747,128,0,Tesla T4,7.5,2.11.0+cu128,12.8,2026-08-23T19:09:53.335942+00:00
ca87722a00ebf585cd788c67949e7c0b32dca788,custom_cuda,warp-reduction custom CUDA fused scale + mask + softmax; block_size=128,768,6144,768,float32,0.125,25,100,57,165.3759926557541,128,0,Tesla T4,7.5,2.11.0+cu128,12.8,2026-08-23T19:09:53.335942+00:00
ca87722a00ebf585cd788c67949e7c0b32dca788,custom_cuda,warp-reduction custom CUDA fused scale + mask + softmax; block_size=128,768,6144,768,float32,0.125,25,100,58,163.80800306797028,128,0,Tesla T4,7.5,2.11.0+cu128,12.8,2026-08-23T19:09:53.335942+00:00
ca87722a00ebf585cd788c67949e7c0b32dca788,custom_cuda,warp-reduction custom CUDA fused scale + mask + softmax; block_size=128,768,6144,768,float32,0.125,25,100,59,167.90400445461273,128,0,Tesla T4,7.5,2.11.0+cu128,12.8,2026-08-23T19:09:53.335942+00:00
ca87722a00ebf585cd788c67949e7c0b32dca788,custom_cuda,warp-reduction custom CUDA fused scale + mask + softmax; block_size=128,768,6144,768,float32,0.125,25,100,60,165.56799411773682,128,0,Tesla T4,7.5,2.11.0+cu128,12.8,2026-08-23T19:09:53.335942+00:00
ca87722a00ebf585cd788c67949e7c0b32dca788,custom_cuda,warp-reduction custom CUDA fused scale + mask + softmax; block_size=128,768,6144,768,float32,0.125,25,100,61,165.0879979133606,128,0,Tesla T4,7.5,2.11.0+cu128,12.8,2026-08-23T19:09:53.335942+00:00
ca87722a00ebf585cd788c67949e7c0b32dca788,custom_cuda,warp-reduction custom CUDA fused scale + mask + softmax; block_size=128,768,6144,768,float32,0.125,25,100,62,163.93600404262543,128,0,Tesla T4,7.5,2.11.0+cu128,12.8,2026-08-23T19:09:53.335942+00:00
ca87722a00ebf585cd788c67949e7c0b32dca788,custom_cuda,warp-reduction custom CUDA fused scale + mask + softmax; block_size=128,768,6144,768,float32,0.125,25,100,63,165.3759926557541,128,0,Tesla T4,7.5,2.11.0+cu128,12.8,2026-08-23T19:09:53.335942+00:00
ca87722a00ebf585cd788c67949e7c0b32dca788,custom_cuda,warp-reduction custom CUDA fused scale + mask + softmax; block_size=128,768,6144,768,float32,0.125,25,100,64,167.9680049419403,128,0,Tesla T4,7.5,2.11.0+cu128,12.8,2026-08-23T19:09:53.335942+00:00
ca87722a00ebf585cd788c67949e7c0b32dca788,custom_cuda,warp-reduction custom CUDA fused scale + mask + softmax; block_size=128,768,6144,768,float32,0.125,25,100,65,165.95199704170227,128,0,Tesla T4,7.5,2.11.0+cu128,12.8,2026-08-23T19:09:53.335942+00:00
ca87722a00ebf585cd788c67949e7c0b32dca788,custom_cuda,warp-reduction custom CUDA fused scale + mask + softmax; block_size=128,768,6144,768,float32,0.125,25,100,66,166.24000668525696,128,0,Tesla T4,7.5,2.11.0+cu128,12.8,2026-08-23T19:09:53.335942+00:00
ca87722a00ebf585cd788c67949e7c0b32dca788,custom_cuda,warp-reduction custom CUDA fused scale + mask + softmax; block_size=128,768,6144,768,float32,0.125,25,100,67,165.3759926557541,128,0,Tesla T4,7.5,2.11.0+cu128,12.8,2026-08-23T19:09:53.335942+00:00
ca87722a00ebf585cd788c67949e7c0b32dca788,custom_cuda,warp-reduction custom CUDA fused scale + mask + softmax; block_size=128,768,6144,768,float32,0.125,25,100,68,164.92800414562225,128,0,Tesla T4,7.5,2.11.0+cu128,12.8,2026-08-23T19:09:53.335942+00:00
ca87722a00ebf585cd788c67949e7c0b32dca788,custom_cuda,warp-reduction custom CUDA fused scale + mask + softmax; block_size=128,768,6144,768,float32,0.125,25,100,69,172.06400632858276,128,0,Tesla T4,7.5,2.11.0+cu128,12.8,2026-08-23T19:09:53.335942+00:00
ca87722a00ebf585cd788c67949e7c0b32dca788,custom_cuda,warp-reduction custom CUDA fused scale + mask + softmax; block_size=128,768,6144,768,float32,0.125,25,100,70,165.95199704170227,128,0,Tesla T4,7.5,2.11.0+cu128,12.8,2026-08-23T19:09:53.335942+00:00
ca87722a00ebf585cd788c67949e7c0b32dca788,custom_cuda,warp-reduction custom CUDA fused scale + mask + softmax; block_size=128,768,6144,768,float32,0.125,25,100,71,165.92000424861908,128,0,Tesla T4,7.5,2.11.0+cu128,12.8,2026-08-23T19:09:53.335942+00:00
ca87722a00ebf585cd788c67949e7c0b32dca788,custom_cuda,warp-reduction custom CUDA fused scale + mask + softmax; block_size=128,768,6144,768,float32,0.125,25,100,72,167.87199676036835,128,0,Tesla T4,7.5,2.11.0+cu128,12.8,2026-08-23T19:09:53.335942+00:00
ca87722a00ebf585cd788c67949e7c0b32dca788,custom_cuda,warp-reduction custom CUDA fused scale + mask + softmax; block_size=128,768,6144,768,float32,0.125,25,100,73,167.07199811935425,128,0,Tesla T4,7.5,2.11.0+cu128,12.8,2026-08-23T19:09:53.335942+00:00
ca87722a00ebf585cd788c67949e7c0b32dca788,custom_cuda,warp-reduction custom CUDA fused scale + mask + softmax; block_size=128,768,6144,768,float32,0.125,25,100,74,166.143998503685,128,0,Tesla T4,7.5,2.11.0+cu128,12.8,2026-08-23T19:09:53.335942+00:00
ca87722a00ebf585cd788c67949e7c0b32dca788,custom_cuda,warp-reduction custom CUDA fused scale + mask + softmax; block_size=128,768,6144,768,float32,0.125,25,100,75,171.51999473571777,128,0,Tesla T4,7.5,2.11.0+cu128,12.8,2026-08-23T19:09:53.335942+00:00
ca87722a00ebf585cd788c67949e7c0b32dca788,custom_cuda,warp-reduction custom CUDA fused scale + mask + softmax; block_size=128,768,6144,768,float32,0.125,25,100,76,167.00799763202667,128,0,Tesla T4,7.5,2.11.0+cu128,12.8,2026-08-23T19:09:53.335942+00:00
ca87722a00ebf585cd788c67949e7c0b32dca788,custom_cuda,warp-reduction custom CUDA fused scale + mask + softmax; block_size=128,768,6144,768,float32,0.125,25,100,77,164.8319959640503,128,0,Tesla T4,7.5,2.11.0+cu128,12.8,2026-08-23T19:09:53.335942+00:00
ca87722a00ebf585cd788c67949e7c0b32dca788,custom_cuda,warp-reduction custom CUDA fused scale + mask + softmax; block_size=128,768,6144,768,float32,0.125,25,100,78,167.29600727558136,128,0,Tesla T4,7.5,2.11.0+cu128,12.8,2026-08-23T19:09:53.335942+00:00
ca87722a00ebf585cd788c67949e7c0b32dca788,custom_cuda,warp-reduction custom CUDA fused scale + mask + softmax; block_size=128,768,6144,768,float32,0.125,25,100,79,165.0560051202774,128,0,Tesla T4,7.5,2.11.0+cu128,12.8,2026-08-23T19:09:53.335942+00:00
ca87722a00ebf585cd788c67949e7c0b32dca788,custom_cuda,warp-reduction custom CUDA fused scale + mask + softmax; block_size=128,768,6144,768,float32,0.125,25,100,80,185.40799617767334,128,0,Tesla T4,7.5,2.11.0+cu128,12.8,2026-08-23T19:09:53.335942+00:00
ca87722a00ebf585cd788c67949e7c0b32dca788,custom_cuda,warp-reduction custom CUDA fused scale + mask + softmax; block_size=128,768,6144,768,float32,0.125,25,100,81,167.90400445461273,128,0,Tesla T4,7.5,2.11.0+cu128,12.8,2026-08-23T19:09:53.335942+00:00
ca87722a00ebf585cd788c67949e7c0b32dca788,custom_cuda,warp-reduction custom CUDA fused scale + mask + softmax; block_size=128,768,6144,768,float32,0.125,25,100,82,166.36799275875092,128,0,Tesla T4,7.5,2.11.0+cu128,12.8,2026-08-23T19:09:53.335942+00:00
ca87722a00ebf585cd788c67949e7c0b32dca788,custom_cuda,warp-reduction custom CUDA fused scale + mask + softmax; block_size=128,768,6144,768,float32,0.125,25,100,83,164.22399878501892,128,0,Tesla T4,7.5,2.11.0+cu128,12.8,2026-08-23T19:09:53.335942+00:00
ca87722a00ebf585cd788c67949e7c0b32dca788,custom_cuda,warp-reduction custom CUDA fused scale + mask + softmax; block_size=128,768,6144,768,float32,0.125,25,100,84,165.15199840068817,128,0,Tesla T4,7.5,2.11.0+cu128,12.8,2026-08-23T19:09:53.335942+00:00
ca87722a00ebf585cd788c67949e7c0b32dca788,custom_cuda,warp-reduction custom CUDA fused scale + mask + softmax; block_size=128,768,6144,768,float32,0.125,25,100,85,168.2559996843338,128,0,Tesla T4,7.5,2.11.0+cu128,12.8,2026-08-23T19:09:53.335942+00:00
ca87722a00ebf585cd788c67949e7c0b32dca788,custom_cuda,warp-reduction custom CUDA fused scale + mask + softmax; block_size=128,768,6144,768,float32,0.125,25,100,86,165.8879965543747,128,0,Tesla T4,7.5,2.11.0+cu128,12.8,2026-08-23T19:09:53.335942+00:00
ca87722a00ebf585cd788c67949e7c0b32dca788,custom_cuda,warp-reduction custom CUDA fused scale + mask + softmax; block_size=128,768,6144,768,float32,0.125,25,100,87,164.92800414562225,128,0,Tesla T4,7.5,2.11.0+cu128,12.8,2026-08-23T19:09:53.335942+00:00
ca87722a00ebf585cd788c67949e7c0b32dca788,custom_cuda,warp-reduction custom CUDA fused scale + mask + softmax; block_size=128,768,6144,768,float32,0.125,25,100,88,165.8879965543747,128,0,Tesla T4,7.5,2.11.0+cu128,12.8,2026-08-23T19:09:53.335942+00:00
ca87722a00ebf585cd788c67949e7c0b32dca788,custom_cuda,warp-reduction custom CUDA fused scale + mask + softmax; block_size=128,768,6144,768,float32,0.125,25,100,89,165.92000424861908,128,0,Tesla T4,7.5,2.11.0+cu128,12.8,2026-08-23T19:09:53.335942+00:00
ca87722a00ebf585cd788c67949e7c0b32dca788,custom_cuda,warp-reduction custom CUDA fused scale + mask + softmax; block_size=128,768,6144,768,float32,0.125,25,100,90,165.0560051202774,128,0,Tesla T4,7.5,2.11.0+cu128,12.8,2026-08-23T19:09:53.335942+00:00
ca87722a00ebf585cd788c67949e7c0b32dca788,custom_cuda,warp-reduction custom CUDA fused scale + mask + softmax; block_size=128,768,6144,768,float32,0.125,25,100,91,167.52000153064728,128,0,Tesla T4,7.5,2.11.0+cu128,12.8,2026-08-23T19:09:53.335942+00:00
ca87722a00ebf585cd788c67949e7c0b32dca788,custom_cuda,warp-reduction custom CUDA fused scale + mask + softmax; block_size=128,768,6144,768,float32,0.125,25,100,92,166.4319932460785,128,0,Tesla T4,7.5,2.11.0+cu128,12.8,2026-08-23T19:09:53.335942+00:00
ca87722a00ebf585cd788c67949e7c0b32dca788,custom_cuda,warp-reduction custom CUDA fused scale + mask + softmax; block_size=128,768,6144,768,float32,0.125,25,100,93,163.90399634838104,128,0,Tesla T4,7.5,2.11.0+cu128,12.8,2026-08-23T19:09:53.335942+00:00
ca87722a00ebf585cd788c67949e7c0b32dca788,custom_cuda,warp-reduction custom CUDA fused scale + mask + softmax; block_size=128,768,6144,768,float32,0.125,25,100,94,165.3759926557541,128,0,Tesla T4,7.5,2.11.0+cu128,12.8,2026-08-23T19:09:53.335942+00:00
ca87722a00ebf585cd788c67949e7c0b32dca788,custom_cuda,warp-reduction custom CUDA fused scale + mask + softmax; block_size=128,768,6144,768,float32,0.125,25,100,95,163.90399634838104,128,0,Tesla T4,7.5,2.11.0+cu128,12.8,2026-08-23T19:09:53.335942+00:00
ca87722a00ebf585cd788c67949e7c0b32dca788,custom_cuda,warp-reduction custom CUDA fused scale + mask + softmax; block_size=128,768,6144,768,float32,0.125,25,100,96,167.55199432373047,128,0,Tesla T4,7.5,2.11.0+cu128,12.8,2026-08-23T19:09:53.335942+00:00
ca87722a00ebf585cd788c67949e7c0b32dca788,custom_cuda,warp-reduction custom CUDA fused scale + mask + softmax; block_size=128,768,6144,768,float32,0.125,25,100,97,166.1120057106018,128,0,Tesla T4,7.5,2.11.0+cu128,12.8,2026-08-23T19:09:53.335942+00:00
ca87722a00ebf585cd788c67949e7c0b32dca788,custom_cuda,warp-reduction custom CUDA fused scale + mask + softmax; block_size=128,768,6144,768,float32,0.125,25,100,98,166.78400337696075,128,0,Tesla T4,7.5,2.11.0+cu128,12.8,2026-08-23T19:09:53.335942+00:00
ca87722a00ebf585cd788c67949e7c0b32dca788,custom_cuda,warp-reduction custom CUDA fused scale + mask + softmax; block_size=128,768,6144,768,float32,0.125,25,100,99,166.07999801635742,128,0,Tesla T4,7.5,2.11.0+cu128,12.8,2026-08-23T19:09:53.335942+00:00
ca87722a00ebf585cd788c67949e7c0b32dca788,custom_cuda,warp-reduction custom CUDA fused scale + mask + softmax; block_size=128,1024,8192,1024,float32,0.125,25,100,0,305.2479922771454,128,0,Tesla T4,7.5,2.11.0+cu128,12.8,2026-08-23T19:09:55.805333+00:00
ca87722a00ebf585cd788c67949e7c0b32dca788,custom_cuda,warp-reduction custom CUDA fused scale + mask + softmax; block_size=128,1024,8192,1024,float32,0.125,25,100,1,284.67199206352234,128,0,Tesla T4,7.5,2.11.0+cu128,12.8,2026-08-23T19:09:55.805333+00:00
ca87722a00ebf585cd788c67949e7c0b32dca788,custom_cuda,warp-reduction custom CUDA fused scale + mask + softmax; block_size=128,1024,8192,1024,float32,0.125,25,100,2,285.0559949874878,128,0,Tesla T4,7.5,2.11.0+cu128,12.8,2026-08-23T19:09:55.805333+00:00
ca87722a00ebf585cd788c67949e7c0b32dca788,custom_cuda,warp-reduction custom CUDA fused scale + mask + softmax; block_size=128,1024,8192,1024,float32,0.125,25,100,3,280.5759906768799,128,0,Tesla T4,7.5,2.11.0+cu128,12.8,2026-08-23T19:09:55.805333+00:00
ca87722a00ebf585cd788c67949e7c0b32dca788,custom_cuda,warp-reduction custom CUDA fused scale + mask + softmax; block_size=128,1024,8192,1024,float32,0.125,25,100,4,282.6240062713623,128,0,Tesla T4,7.5,2.11.0+cu128,12.8,2026-08-23T19:09:55.805333+00:00
ca87722a00ebf585cd788c67949e7c0b32dca788,custom_cuda,warp-reduction custom CUDA fused scale + mask + softmax; block_size=128,1024,8192,1024,float32,0.125,25,100,5,284.67199206352234,128,0,Tesla T4,7.5,2.11.0+cu128,12.8,2026-08-23T19:09:55.805333+00:00
ca87722a00ebf585cd788c67949e7c0b32dca788,custom_cuda,warp-reduction custom CUDA fused scale + mask + softmax; block_size=128,1024,8192,1024,float32,0.125,25,100,6,280.5440127849579,128,0,Tesla T4,7.5,2.11.0+cu128,12.8,2026-08-23T19:09:55.805333+00:00
ca87722a00ebf585cd788c67949e7c0b32dca788,custom_cuda,warp-reduction custom CUDA fused scale + mask + softmax; block_size=128,1024,8192,1024,float32,0.125,25,100,7,280.0320088863373,128,0,Tesla T4,7.5,2.11.0+cu128,12.8,2026-08-23T19:09:55.805333+00:00
ca87722a00ebf585cd788c67949e7c0b32dca788,custom_cuda,warp-reduction custom CUDA fused scale + mask + softmax; block_size=128,1024,8192,1024,float32,0.125,25,100,8,282.30398893356323,128,0,Tesla T4,7.5,2.11.0+cu128,12.8,2026-08-23T19:09:55.805333+00:00
ca87722a00ebf585cd788c67949e7c0b32dca788,custom_cuda,warp-reduction custom CUDA fused scale + mask + softmax; block_size=128,1024,8192,1024,float32,0.125,25,100,9,279.83999252319336,128,0,Tesla T4,7.5,2.11.0+cu128,12.8,2026-08-23T19:09:55.805333+00:00
ca87722a00ebf585cd788c67949e7c0b32dca788,custom_cuda,warp-reduction custom CUDA fused scale + mask + softmax; block_size=128,1024,8192,1024,float32,0.125,25,100,10,278.75199913978577,128,0,Tesla T4,7.5,2.11.0+cu128,12.8,2026-08-23T19:09:55.805333+00:00
ca87722a00ebf585cd788c67949e7c0b32dca788,custom_cuda,warp-reduction custom CUDA fused scale + mask + softmax; block_size=128,1024,8192,1024,float32,0.125,25,100,11,282.943993806839,128,0,Tesla T4,7.5,2.11.0+cu128,12.8,2026-08-23T19:09:55.805333+00:00
ca87722a00ebf585cd788c67949e7c0b32dca788,custom_cuda,warp-reduction custom CUDA fused scale + mask + softmax; block_size=128,1024,8192,1024,float32,0.125,25,100,12,296.7039942741394,128,0,Tesla T4,7.5,2.11.0+cu128,12.8,2026-08-23T19:09:55.805333+00:00
ca87722a00ebf585cd788c67949e7c0b32dca788,custom_cuda,warp-reduction custom CUDA fused scale + mask + softmax; block_size=128,1024,8192,1024,float32,0.125,25,100,13,284.15998816490173,128,0,Tesla T4,7.5,2.11.0+cu128,12.8,2026-08-23T19:09:55.805333+00:00
ca87722a00ebf585cd788c67949e7c0b32dca788,custom_cuda,warp-reduction custom CUDA fused scale + mask + softmax; block_size=128,1024,8192,1024,float32,0.125,25,100,14,281.3439965248108,128,0,Tesla T4,7.5,2.11.0+cu128,12.8,2026-08-23T19:09:55.805333+00:00
ca87722a00ebf585cd788c67949e7c0b32dca788,custom_cuda,warp-reduction custom CUDA fused scale + mask + softmax; block_size=128,1024,8192,1024,float32,0.125,25,100,15,282.75200724601746,128,0,Tesla T4,7.5,2.11.0+cu128,12.8,2026-08-23T19:09:55.805333+00:00
ca87722a00ebf585cd788c67949e7c0b32dca788,custom_cuda,warp-reduction custom CUDA fused scale + mask + softmax; block_size=128,1024,8192,1024,float32,0.125,25,100,16,280.92798590660095,128,0,Tesla T4,7.5,2.11.0+cu128,12.8,2026-08-23T19:09:55.805333+00:00
ca87722a00ebf585cd788c67949e7c0b32dca788,custom_cuda,warp-reduction custom CUDA fused scale + mask + softmax; block_size=128,1024,8192,1024,float32,0.125,25,100,17,280.5759906768799,128,0,Tesla T4,7.5,2.11.0+cu128,12.8,2026-08-23T19:09:55.805333+00:00
ca87722a00ebf585cd788c67949e7c0b32dca788,custom_cuda,warp-reduction custom CUDA fused scale + mask + softmax; block_size=128,1024,8192,1024,float32,0.125,25,100,18,282.6240062713623,128,0,Tesla T4,7.5,2.11.0+cu128,12.8,2026-08-23T19:09:55.805333+00:00
ca87722a00ebf585cd788c67949e7c0b32dca788,custom_cuda,warp-reduction custom CUDA fused scale + mask + softmax; block_size=128,1024,8192,1024,float32,0.125,25,100,19,281.43998980522156,128,0,Tesla T4,7.5,2.11.0+cu128,12.8,2026-08-23T19:09:55.805333+00:00
ca87722a00ebf585cd788c67949e7c0b32dca788,custom_cuda,warp-reduction custom CUDA fused scale + mask + softmax; block_size=128,1024,8192,1024,float32,0.125,25,100,20,280.5759906768799,128,0,Tesla T4,7.5,2.11.0+cu128,12.8,2026-08-23T19:09:55.805333+00:00
ca87722a00ebf585cd788c67949e7c0b32dca788,custom_cuda,warp-reduction custom CUDA fused scale + mask + softmax; block_size=128,1024,8192,1024,float32,0.125,25,100,21,282.4000120162964,128,0,Tesla T4,7.5,2.11.0+cu128,12.8,2026-08-23T19:09:55.805333+00:00
ca87722a00ebf585cd788c67949e7c0b32dca788,custom_cuda,warp-reduction custom CUDA fused scale + mask + softmax; block_size=128,1024,8192,1024,float32,0.125,25,100,22,278.9439857006073,128,0,Tesla T4,7.5,2.11.0+cu128,12.8,2026-08-23T19:09:55.805333+00:00
ca87722a00ebf585cd788c67949e7c0b32dca788,custom_cuda,warp-reduction custom CUDA fused scale + mask + softmax; block_size=128,1024,8192,1024,float32,0.125,25,100,23,279.61599826812744,128,0,Tesla T4,7.5,2.11.0+cu128,12.8,2026-08-23T19:09:55.805333+00:00
ca87722a00ebf585cd788c67949e7c0b32dca788,custom_cuda,warp-reduction custom CUDA fused scale + mask + softmax; block_size=128,1024,8192,1024,float32,0.125,25,100,24,290.8160090446472,128,0,Tesla T4,7.5,2.11.0+cu128,12.8,2026-08-23T19:09:55.805333+00:00
ca87722a00ebf585cd788c67949e7c0b32dca788,custom_cuda,warp-reduction custom CUDA fused scale + mask + softmax; block_size=128,1024,8192,1024,float32,0.125,25,100,25,286.6879999637604,128,0,Tesla T4,7.5,2.11.0+cu128,12.8,2026-08-23T19:09:55.805333+00:00
ca87722a00ebf585cd788c67949e7c0b32dca788,custom_cuda,warp-reduction custom CUDA fused scale + mask + softmax; block_size=128,1024,8192,1024,float32,0.125,25,100,26,278.78400683403015,128,0,Tesla T4,7.5,2.11.0+cu128,12.8,2026-08-23T19:09:55.805333+00:00
ca87722a00ebf585cd788c67949e7c0b32dca788,custom_cuda,warp-reduction custom CUDA fused scale + mask + softmax; block_size=128,1024,8192,1024,float32,0.125,25,100,27,282.6240062713623,128,0,Tesla T4,7.5,2.11.0+cu128,12.8,2026-08-23T19:09:55.805333+00:00
ca87722a00ebf585cd788c67949e7c0b32dca788,custom_cuda,warp-reduction custom CUDA fused scale + mask + softmax; block_size=128,1024,8192,1024,float32,0.125,25,100,28,281.3439965248108,128,0,Tesla T4,7.5,2.11.0+cu128,12.8,2026-08-23T19:09:55.805333+00:00
ca87722a00ebf585cd788c67949e7c0b32dca788,custom_cuda,warp-reduction custom CUDA fused scale + mask + softmax; block_size=128,1024,8192,1024,float32,0.125,25,100,29,280.44798970222473,128,0,Tesla T4,7.5,2.11.0+cu128,12.8,2026-08-23T19:09:55.805333+00:00
ca87722a00ebf585cd788c67949e7c0b32dca788,custom_cuda,warp-reduction custom CUDA fused scale + mask + softmax; block_size=128,1024,8192,1024,float32,0.125,25,100,30,279.29601073265076,128,0,Tesla T4,7.5,2.11.0+cu128,12.8,2026-08-23T19:09:55.805333+00:00
ca87722a00ebf585cd788c67949e7c0b32dca788,custom_cuda,warp-reduction custom CUDA fused scale + mask + softmax; block_size=128,1024,8192,1024,float32,0.125,25,100,31,282.75200724601746,128,0,Tesla T4,7.5,2.11.0+cu128,12.8,2026-08-23T19:09:55.805333+00:00
ca87722a00ebf585cd788c67949e7c0b32dca788,custom_cuda,warp-reduction custom CUDA fused scale + mask + softmax; block_size=128,1024,8192,1024,float32,0.125,25,100,32,278.9120078086853,128,0,Tesla T4,7.5,2.11.0+cu128,12.8,2026-08-23T19:09:55.805333+00:00
ca87722a00ebf585cd788c67949e7c0b32dca788,custom_cuda,warp-reduction custom CUDA fused scale + mask + softmax; block_size=128,1024,8192,1024,float32,0.125,25,100,33,279.1360020637512,128,0,Tesla T4,7.5,2.11.0+cu128,12.8,2026-08-23T19:09:55.805333+00:00
ca87722a00ebf585cd788c67949e7c0b32dca788,custom_cuda,warp-reduction custom CUDA fused scale + mask + softmax; block_size=128,1024,8192,1024,float32,0.125,25,100,34,278.59199047088623,128,0,Tesla T4,7.5,2.11.0+cu128,12.8,2026-08-23T19:09:55.805333+00:00
ca87722a00ebf585cd788c67949e7c0b32dca788,custom_cuda,warp-reduction custom CUDA fused scale + mask + softmax; block_size=128,1024,8192,1024,float32,0.125,25,100,35,281.40801191329956,128,0,Tesla T4,7.5,2.11.0+cu128,12.8,2026-08-23T19:09:55.805333+00:00
ca87722a00ebf585cd788c67949e7c0b32dca788,custom_cuda,warp-reduction custom CUDA fused scale + mask + softmax; block_size=128,1024,8192,1024,float32,0.125,25,100,36,282.30398893356323,128,0,Tesla T4,7.5,2.11.0+cu128,12.8,2026-08-23T19:09:55.805333+00:00
ca87722a00ebf585cd788c67949e7c0b32dca788,custom_cuda,warp-reduction custom CUDA fused scale + mask + softmax; block_size=128,1024,8192,1024,float32,0.125,25,100,37,281.2800109386444,128,0,Tesla T4,7.5,2.11.0+cu128,12.8,2026-08-23T19:09:55.805333+00:00
ca87722a00ebf585cd788c67949e7c0b32dca788,custom_cuda,warp-reduction custom CUDA fused scale + mask + softmax; block_size=128,1024,8192,1024,float32,0.125,25,100,38,283.07199478149414,128,0,Tesla T4,7.5,2.11.0+cu128,12.8,2026-08-23T19:09:55.805333+00:00
ca87722a00ebf585cd788c67949e7c0b32dca788,custom_cuda,warp-reduction custom CUDA fused scale + mask + softmax; block_size=128,1024,8192,1024,float32,0.125,25,100,39,280.5759906768799,128,0,Tesla T4,7.5,2.11.0+cu128,12.8,2026-08-23T19:09:55.805333+00:00
ca87722a00ebf585cd788c67949e7c0b32dca788,custom_cuda,warp-reduction custom CUDA fused scale + mask + softmax; block_size=128,1024,8192,1024,float32,0.125,25,100,40,278.8800001144409,128,0,Tesla T4,7.5,2.11.0+cu128,12.8,2026-08-23T19:09:55.805333+00:00
ca87722a00ebf585cd788c67949e7c0b32dca788,custom_cuda,warp-reduction custom CUDA fused scale + mask + softmax; block_size=128,1024,8192,1024,float32,0.125,25,100,41,284.64001417160034,128,0,Tesla T4,7.5,2.11.0+cu128,12.8,2026-08-23T19:09:55.805333+00:00
ca87722a00ebf585cd788c67949e7c0b32dca788,custom_cuda,warp-reduction custom CUDA fused scale + mask + softmax; block_size=128,1024,8192,1024,float32,0.125,25,100,42,281.792014837265,128,0,Tesla T4,7.5,2.11.0+cu128,12.8,2026-08-23T19:09:55.805333+00:00
ca87722a00ebf585cd788c67949e7c0b32dca788,custom_cuda,warp-reduction custom CUDA fused scale + mask + softmax; block_size=128,1024,8192,1024,float32,0.125,25,100,43,280.2560031414032,128,0,Tesla T4,7.5,2.11.0+cu128,12.8,2026-08-23T19:09:55.805333+00:00
ca87722a00ebf585cd788c67949e7c0b32dca788,custom_cuda,warp-reduction custom CUDA fused scale + mask + softmax; block_size=128,1024,8192,1024,float32,0.125,25,100,44,283.3920121192932,128,0,Tesla T4,7.5,2.11.0+cu128,12.8,2026-08-23T19:09:55.805333+00:00
ca87722a00ebf585cd788c67949e7c0b32dca788,custom_cuda,warp-reduction custom CUDA fused scale + mask + softmax; block_size=128,1024,8192,1024,float32,0.125,25,100,45,282.6240062713623,128,0,Tesla T4,7.5,2.11.0+cu128,12.8,2026-08-23T19:09:55.805333+00:00
ca87722a00ebf585cd788c67949e7c0b32dca788,custom_cuda,warp-reduction custom CUDA fused scale + mask + softmax; block_size=128,1024,8192,1024,float32,0.125,25,100,46,280.2239954471588,128,0,Tesla T4,7.5,2.11.0+cu128,12.8,2026-08-23T19:09:55.805333+00:00
ca87722a00ebf585cd788c67949e7c0b32dca788,custom_cuda,warp-reduction custom CUDA fused scale + mask + softmax; block_size=128,1024,8192,1024,float32,0.125,25,100,47,280.5120050907135,128,0,Tesla T4,7.5,2.11.0+cu128,12.8,2026-08-23T19:09:55.805333+00:00
ca87722a00ebf585cd788c67949e7c0b32dca788,custom_cuda,warp-reduction custom CUDA fused scale + mask + softmax; block_size=128,1024,8192,1024,float32,0.125,25,100,48,282.04798698425293,128,0,Tesla T4,7.5,2.11.0+cu128,12.8,2026-08-23T19:09:55.805333+00:00
ca87722a00ebf585cd788c67949e7c0b32dca788,custom_cuda,warp-reduction custom CUDA fused scale + mask + softmax; block_size=128,1024,8192,1024,float32,0.125,25,100,49,280.44798970222473,128,0,Tesla T4,7.5,2.11.0+cu128,12.8,2026-08-23T19:09:55.805333+00:00
ca87722a00ebf585cd788c67949e7c0b32dca788,custom_cuda,warp-reduction custom CUDA fused scale + mask + softmax; block_size=128,1024,8192,1024,float32,0.125,25,100,50,281.8560004234314,128,0,Tesla T4,7.5,2.11.0+cu128,12.8,2026-08-23T19:09:55.805333+00:00
ca87722a00ebf585cd788c67949e7c0b32dca788,custom_cuda,warp-reduction custom CUDA fused scale + mask + softmax; block_size=128,1024,8192,1024,float32,0.125,25,100,51,283.61600637435913,128,0,Tesla T4,7.5,2.11.0+cu128,12.8,2026-08-23T19:09:55.805333+00:00
ca87722a00ebf585cd788c67949e7c0b32dca788,custom_cuda,warp-reduction custom CUDA fused scale + mask + softmax; block_size=128,1024,8192,1024,float32,0.125,25,100,52,280.5759906768799,128,0,Tesla T4,7.5,2.11.0+cu128,12.8,2026-08-23T19:09:55.805333+00:00
ca87722a00ebf585cd788c67949e7c0b32dca788,custom_cuda,warp-reduction custom CUDA fused scale + mask + softmax; block_size=128,1024,8192,1024,float32,0.125,25,100,53,280.38400411605835,128,0,Tesla T4,7.5,2.11.0+cu128,12.8,2026-08-23T19:09:55.805333+00:00
ca87722a00ebf585cd788c67949e7c0b32dca788,custom_cuda,warp-reduction custom CUDA fused scale + mask + softmax; block_size=128,1024,8192,1024,float32,0.125,25,100,54,280.5759906768799,128,0,Tesla T4,7.5,2.11.0+cu128,12.8,2026-08-23T19:09:55.805333+00:00
ca87722a00ebf585cd788c67949e7c0b32dca788,custom_cuda,warp-reduction custom CUDA fused scale + mask + softmax; block_size=128,1024,8192,1024,float32,0.125,25,100,55,280.12800216674805,128,0,Tesla T4,7.5,2.11.0+cu128,12.8,2026-08-23T19:09:55.805333+00:00
ca87722a00ebf585cd788c67949e7c0b32dca788,custom_cuda,warp-reduction custom CUDA fused scale + mask + softmax; block_size=128,1024,8192,1024,float32,0.125,25,100,56,280.38400411605835,128,0,Tesla T4,7.5,2.11.0+cu128,12.8,2026-08-23T19:09:55.805333+00:00
ca87722a00ebf585cd788c67949e7c0b32dca788,custom_cuda,warp-reduction custom CUDA fused scale + mask + softmax; block_size=128,1024,8192,1024,float32,0.125,25,100,57,292.7680015563965,128,0,Tesla T4,7.5,2.11.0+cu128,12.8,2026-08-23T19:09:55.805333+00:00
ca87722a00ebf585cd788c67949e7c0b32dca788,custom_cuda,warp-reduction custom CUDA fused scale + mask + softmax; block_size=128,1024,8192,1024,float32,0.125,25,100,58,284.960001707077,128,0,Tesla T4,7.5,2.11.0+cu128,12.8,2026-08-23T19:09:55.805333+00:00
ca87722a00ebf585cd788c67949e7c0b32dca788,custom_cuda,warp-reduction custom CUDA fused scale + mask + softmax; block_size=128,1024,8192,1024,float32,0.125,25,100,59,279.2640030384064,128,0,Tesla T4,7.5,2.11.0+cu128,12.8,2026-08-23T19:09:55.805333+00:00
ca87722a00ebf585cd788c67949e7c0b32dca788,custom_cuda,warp-reduction custom CUDA fused scale + mask + softmax; block_size=128,1024,8192,1024,float32,0.125,25,100,60,280.60799837112427,128,0,Tesla T4,7.5,2.11.0+cu128,12.8,2026-08-23T19:09:55.805333+00:00
ca87722a00ebf585cd788c67949e7c0b32dca788,custom_cuda,warp-reduction custom CUDA fused scale + mask + softmax; block_size=128,1024,8192,1024,float32,0.125,25,100,61,282.46399760246277,128,0,Tesla T4,7.5,2.11.0+cu128,12.8,2026-08-23T19:09:55.805333+00:00
ca87722a00ebf585cd788c67949e7c0b32dca788,custom_cuda,warp-reduction custom CUDA fused scale + mask + softmax; block_size=128,1024,8192,1024,float32,0.125,25,100,62,280.2880108356476,128,0,Tesla T4,7.5,2.11.0+cu128,12.8,2026-08-23T19:09:55.805333+00:00
ca87722a00ebf585cd788c67949e7c0b32dca788,custom_cuda,warp-reduction custom CUDA fused scale + mask + softmax; block_size=128,1024,8192,1024,float32,0.125,25,100,63,281.72799944877625,128,0,Tesla T4,7.5,2.11.0+cu128,12.8,2026-08-23T19:09:55.805333+00:00
ca87722a00ebf585cd788c67949e7c0b32dca788,custom_cuda,warp-reduction custom CUDA fused scale + mask + softmax; block_size=128,1024,8192,1024,float32,0.125,25,100,64,282.20799565315247,128,0,Tesla T4,7.5,2.11.0+cu128,12.8,2026-08-23T19:09:55.805333+00:00
ca87722a00ebf585cd788c67949e7c0b32dca788,custom_cuda,warp-reduction custom CUDA fused scale + mask + softmax; block_size=128,1024,8192,1024,float32,0.125,25,100,65,282.27201104164124,128,0,Tesla T4,7.5,2.11.0+cu128,12.8,2026-08-23T19:09:55.805333+00:00
ca87722a00ebf585cd788c67949e7c0b32dca788,custom_cuda,warp-reduction custom CUDA fused scale + mask + softmax; block_size=128,1024,8192,1024,float32,0.125,25,100,66,292.89600253105164,128,0,Tesla T4,7.5,2.11.0+cu128,12.8,2026-08-23T19:09:55.805333+00:00
ca87722a00ebf585cd788c67949e7c0b32dca788,custom_cuda,warp-reduction custom CUDA fused scale + mask + softmax; block_size=128,1024,8192,1024,float32,0.125,25,100,67,280.5759906768799,128,0,Tesla T4,7.5,2.11.0+cu128,12.8,2026-08-23T19:09:55.805333+00:00
ca87722a00ebf585cd788c67949e7c0b32dca788,custom_cuda,warp-reduction custom CUDA fused scale + mask + softmax; block_size=128,1024,8192,1024,float32,0.125,25,100,68,283.07199478149414,128,0,Tesla T4,7.5,2.11.0+cu128,12.8,2026-08-23T19:09:55.805333+00:00
ca87722a00ebf585cd788c67949e7c0b32dca788,custom_cuda,warp-reduction custom CUDA fused scale + mask + softmax; block_size=128,1024,8192,1024,float32,0.125,25,100,69,279.9679934978485,128,0,Tesla T4,7.5,2.11.0+cu128,12.8,2026-08-23T19:09:55.805333+00:00
ca87722a00ebf585cd788c67949e7c0b32dca788,custom_cuda,warp-reduction custom CUDA fused scale + mask + softmax; block_size=128,1024,8192,1024,float32,0.125,25,100,70,278.52800488471985,128,0,Tesla T4,7.5,2.11.0+cu128,12.8,2026-08-23T19:09:55.805333+00:00
ca87722a00ebf585cd788c67949e7c0b32dca788,custom_cuda,warp-reduction custom CUDA fused scale + mask + softmax; block_size=128,1024,8192,1024,float32,0.125,25,100,71,282.6240062713623,128,0,Tesla T4,7.5,2.11.0+cu128,12.8,2026-08-23T19:09:55.805333+00:00
ca87722a00ebf585cd788c67949e7c0b32dca788,custom_cuda,warp-reduction custom CUDA fused scale + mask + softmax; block_size=128,1024,8192,1024,float32,0.125,25,100,72,279.1680097579956,128,0,Tesla T4,7.5,2.11.0+cu128,12.8,2026-08-23T19:09:55.805333+00:00
ca87722a00ebf585cd788c67949e7c0b32dca788,custom_cuda,warp-reduction custom CUDA fused scale + mask + softmax; block_size=128,1024,8192,1024,float32,0.125,25,100,73,279.1999876499176,128,0,Tesla T4,7.5,2.11.0+cu128,12.8,2026-08-23T19:09:55.805333+00:00
ca87722a00ebf585cd788c67949e7c0b32dca788,custom_cuda,warp-reduction custom CUDA fused scale + mask + softmax; block_size=128,1024,8192,1024,float32,0.125,25,100,74,281.0879945755005,128,0,Tesla T4,7.5,2.11.0+cu128,12.8,2026-08-23T19:09:55.805333+00:00
ca87722a00ebf585cd788c67949e7c0b32dca788,custom_cuda,warp-reduction custom CUDA fused scale + mask + softmax; block_size=128,1024,8192,1024,float32,0.125,25,100,75,280.5759906768799,128,0,Tesla T4,7.5,2.11.0+cu128,12.8,2026-08-23T19:09:55.805333+00:00
ca87722a00ebf585cd788c67949e7c0b32dca788,custom_cuda,warp-reduction custom CUDA fused scale + mask + softmax; block_size=128,1024,8192,1024,float32,0.125,25,100,76,278.9759933948517,128,0,Tesla T4,7.5,2.11.0+cu128,12.8,2026-08-23T19:09:55.805333+00:00
ca87722a00ebf585cd788c67949e7c0b32dca788,custom_cuda,warp-reduction custom CUDA fused scale + mask + softmax; block_size=128,1024,8192,1024,float32,0.125,25,100,77,281.823992729187,128,0,Tesla T4,7.5,2.11.0+cu128,12.8,2026-08-23T19:09:55.805333+00:00
ca87722a00ebf585cd788c67949e7c0b32dca788,custom_cuda,warp-reduction custom CUDA fused scale + mask + softmax; block_size=128,1024,8192,1024,float32,0.125,25,100,78,282.6240062713623,128,0,Tesla T4,7.5,2.11.0+cu128,12.8,2026-08-23T19:09:55.805333+00:00
ca87722a00ebf585cd788c67949e7c0b32dca788,custom_cuda,warp-reduction custom CUDA fused scale + mask + softmax; block_size=128,1024,8192,1024,float32,0.125,25,100,79,281.76000714302063,128,0,Tesla T4,7.5,2.11.0+cu128,12.8,2026-08-23T19:09:55.805333+00:00
ca87722a00ebf585cd788c67949e7c0b32dca788,custom_cuda,warp-reduction custom CUDA fused scale + mask + softmax; block_size=128,1024,8192,1024,float32,0.125,25,100,80,280.70399165153503,128,0,Tesla T4,7.5,2.11.0+cu128,12.8,2026-08-23T19:09:55.805333+00:00
ca87722a00ebf585cd788c67949e7c0b32dca788,custom_cuda,warp-reduction custom CUDA fused scale + mask + softmax; block_size=128,1024,8192,1024,float32,0.125,25,100,81,280.9920012950897,128,0,Tesla T4,7.5,2.11.0+cu128,12.8,2026-08-23T19:09:55.805333+00:00
ca87722a00ebf585cd788c67949e7c0b32dca788,custom_cuda,warp-reduction custom CUDA fused scale + mask + softmax; block_size=128,1024,8192,1024,float32,0.125,25,100,82,279.35999631881714,128,0,Tesla T4,7.5,2.11.0+cu128,12.8,2026-08-23T19:09:55.805333+00:00
ca87722a00ebf585cd788c67949e7c0b32dca788,custom_cuda,warp-reduction custom CUDA fused scale + mask + softmax; block_size=128,1024,8192,1024,float32,0.125,25,100,83,280.5759906768799,128,0,Tesla T4,7.5,2.11.0+cu128,12.8,2026-08-23T19:09:55.805333+00:00
ca87722a00ebf585cd788c67949e7c0b32dca788,custom_cuda,warp-reduction custom CUDA fused scale + mask + softmax; block_size=128,1024,8192,1024,float32,0.125,25,100,84,279.58399057388306,128,0,Tesla T4,7.5,2.11.0+cu128,12.8,2026-08-23T19:09:55.805333+00:00
ca87722a00ebf585cd788c67949e7c0b32dca788,custom_cuda,warp-reduction custom CUDA fused scale + mask + softmax; block_size=128,1024,8192,1024,float32,0.125,25,100,85,278.3359885215759,128,0,Tesla T4,7.5,2.11.0+cu128,12.8,2026-08-23T19:09:55.805333+00:00
ca87722a00ebf585cd788c67949e7c0b32dca788,custom_cuda,warp-reduction custom CUDA fused scale + mask + softmax; block_size=128,1024,8192,1024,float32,0.125,25,100,86,280.5759906768799,128,0,Tesla T4,7.5,2.11.0+cu128,12.8,2026-08-23T19:09:55.805333+00:00
ca87722a00ebf585cd788c67949e7c0b32dca788,custom_cuda,warp-reduction custom CUDA fused scale + mask + softmax; block_size=128,1024,8192,1024,float32,0.125,25,100,87,279.32798862457275,128,0,Tesla T4,7.5,2.11.0+cu128,12.8,2026-08-23T19:09:55.805333+00:00
ca87722a00ebf585cd788c67949e7c0b32dca788,custom_cuda,warp-reduction custom CUDA fused scale + mask + softmax; block_size=128,1024,8192,1024,float32,0.125,25,100,88,280.5440127849579,128,0,Tesla T4,7.5,2.11.0+cu128,12.8,2026-08-23T19:09:55.805333+00:00
ca87722a00ebf585cd788c67949e7c0b32dca788,custom_cuda,warp-reduction custom CUDA fused scale + mask + softmax; block_size=128,1024,8192,1024,float32,0.125,25,100,89,279.1999876499176,128,0,Tesla T4,7.5,2.11.0+cu128,12.8,2026-08-23T19:09:55.805333+00:00
ca87722a00ebf585cd788c67949e7c0b32dca788,custom_cuda,warp-reduction custom CUDA fused scale + mask + softmax; block_size=128,1024,8192,1024,float32,0.125,25,100,90,279.55201268196106,128,0,Tesla T4,7.5,2.11.0+cu128,12.8,2026-08-23T19:09:55.805333+00:00
ca87722a00ebf585cd788c67949e7c0b32dca788,custom_cuda,warp-reduction custom CUDA fused scale + mask + softmax; block_size=128,1024,8192,1024,float32,0.125,25,100,91,281.0879945755005,128,0,Tesla T4,7.5,2.11.0+cu128,12.8,2026-08-23T19:09:55.805333+00:00
ca87722a00ebf585cd788c67949e7c0b32dca788,custom_cuda,warp-reduction custom CUDA fused scale + mask + softmax; block_size=128,1024,8192,1024,float32,0.125,25,100,92,278.75199913978577,128,0,Tesla T4,7.5,2.11.0+cu128,12.8,2026-08-23T19:09:55.805333+00:00
ca87722a00ebf585cd788c67949e7c0b32dca788,custom_cuda,warp-reduction custom CUDA fused scale + mask + softmax; block_size=128,1024,8192,1024,float32,0.125,25,100,93,278.52800488471985,128,0,Tesla T4,7.5,2.11.0+cu128,12.8,2026-08-23T19:09:55.805333+00:00
ca87722a00ebf585cd788c67949e7c0b32dca788,custom_cuda,warp-reduction custom CUDA fused scale + mask + softmax; block_size=128,1024,8192,1024,float32,0.125,25,100,94,287.1359884738922,128,0,Tesla T4,7.5,2.11.0+cu128,12.8,2026-08-23T19:09:55.805333+00:00
ca87722a00ebf585cd788c67949e7c0b32dca788,custom_cuda,warp-reduction custom CUDA fused scale + mask + softmax; block_size=128,1024,8192,1024,float32,0.125,25,100,95,283.32799673080444,128,0,Tesla T4,7.5,2.11.0+cu128,12.8,2026-08-23T19:09:55.805333+00:00
ca87722a00ebf585cd788c67949e7c0b32dca788,custom_cuda,warp-reduction custom CUDA fused scale + mask + softmax; block_size=128,1024,8192,1024,float32,0.125,25,100,96,280.5759906768799,128,0,Tesla T4,7.5,2.11.0+cu128,12.8,2026-08-23T19:09:55.805333+00:00
ca87722a00ebf585cd788c67949e7c0b32dca788,custom_cuda,warp-reduction custom CUDA fused scale + mask + softmax; block_size=128,1024,8192,1024,float32,0.125,25,100,97,280.5120050907135,128,0,Tesla T4,7.5,2.11.0+cu128,12.8,2026-08-23T19:09:55.805333+00:00
ca87722a00ebf585cd788c67949e7c0b32dca788,custom_cuda,warp-reduction custom CUDA fused scale + mask + softmax; block_size=128,1024,8192,1024,float32,0.125,25,100,98,284.67199206352234,128,0,Tesla T4,7.5,2.11.0+cu128,12.8,2026-08-23T19:09:55.805333+00:00
ca87722a00ebf585cd788c67949e7c0b32dca788,custom_cuda,warp-reduction custom CUDA fused scale + mask + softmax; block_size=128,1024,8192,1024,float32,0.125,25,100,99,278.656005859375,128,0,Tesla T4,7.5,2.11.0+cu128,12.8,2026-08-23T19:09:55.805333+00:00
ca87722a00ebf585cd788c67949e7c0b32dca788,custom_cuda,warp-reduction custom CUDA fused scale + mask + softmax; block_size=128,1536,12288,1536,float32,0.125,25,100,0,740.99200963974,128,0,Tesla T4,7.5,2.11.0+cu128,12.8,2026-08-23T19:09:58.322432+00:00
ca87722a00ebf585cd788c67949e7c0b32dca788,custom_cuda,warp-reduction custom CUDA fused scale + mask + softmax; block_size=128,1536,12288,1536,float32,0.125,25,100,1,721.3760018348694,128,0,Tesla T4,7.5,2.11.0+cu128,12.8,2026-08-23T19:09:58.322432+00:00
ca87722a00ebf585cd788c67949e7c0b32dca788,custom_cuda,warp-reduction custom CUDA fused scale + mask + softmax; block_size=128,1536,12288,1536,float32,0.125,25,100,2,706.4319849014282,128,0,Tesla T4,7.5,2.11.0+cu128,12.8,2026-08-23T19:09:58.322432+00:00
ca87722a00ebf585cd788c67949e7c0b32dca788,custom_cuda,warp-reduction custom CUDA fused scale + mask + softmax; block_size=128,1536,12288,1536,float32,0.125,25,100,3,697.2479820251465,128,0,Tesla T4,7.5,2.11.0+cu128,12.8,2026-08-23T19:09:58.322432+00:00
ca87722a00ebf585cd788c67949e7c0b32dca788,custom_cuda,warp-reduction custom CUDA fused scale + mask + softmax; block_size=128,1536,12288,1536,float32,0.125,25,100,4,717.0559763908386,128,0,Tesla T4,7.5,2.11.0+cu128,12.8,2026-08-23T19:09:58.322432+00:00
ca87722a00ebf585cd788c67949e7c0b32dca788,custom_cuda,warp-reduction custom CUDA fused scale + mask + softmax; block_size=128,1536,12288,1536,float32,0.125,25,100,5,708.0640196800232,128,0,Tesla T4,7.5,2.11.0+cu128,12.8,2026-08-23T19:09:58.322432+00:00
ca87722a00ebf585cd788c67949e7c0b32dca788,custom_cuda,warp-reduction custom CUDA fused scale + mask + softmax; block_size=128,1536,12288,1536,float32,0.125,25,100,6,702.5600075721741,128,0,Tesla T4,7.5,2.11.0+cu128,12.8,2026-08-23T19:09:58.322432+00:00
ca87722a00ebf585cd788c67949e7c0b32dca788,custom_cuda,warp-reduction custom CUDA fused scale + mask + softmax; block_size=128,1536,12288,1536,float32,0.125,25,100,7,701.3760209083557,128,0,Tesla T4,7.5,2.11.0+cu128,12.8,2026-08-23T19:09:58.322432+00:00
ca87722a00ebf585cd788c67949e7c0b32dca788,custom_cuda,warp-reduction custom CUDA fused scale + mask + softmax; block_size=128,1536,12288,1536,float32,0.125,25,100,8,701.8880248069763,128,0,Tesla T4,7.5,2.11.0+cu128,12.8,2026-08-23T19:09:58.322432+00:00
ca87722a00ebf585cd788c67949e7c0b32dca788,custom_cuda,warp-reduction custom CUDA fused scale + mask + softmax; block_size=128,1536,12288,1536,float32,0.125,25,100,9,697.5039839744568,128,0,Tesla T4,7.5,2.11.0+cu128,12.8,2026-08-23T19:09:58.322432+00:00
ca87722a00ebf585cd788c67949e7c0b32dca788,custom_cuda,warp-reduction custom CUDA fused scale + mask + softmax; block_size=128,1536,12288,1536,float32,0.125,25,100,10,704.479992389679,128,0,Tesla T4,7.5,2.11.0+cu128,12.8,2026-08-23T19:09:58.322432+00:00
ca87722a00ebf585cd788c67949e7c0b32dca788,custom_cuda,warp-reduction custom CUDA fused scale + mask + softmax; block_size=128,1536,12288,1536,float32,0.125,25,100,11,737.280011177063,128,0,Tesla T4,7.5,2.11.0+cu128,12.8,2026-08-23T19:09:58.322432+00:00
ca87722a00ebf585cd788c67949e7c0b32dca788,custom_cuda,warp-reduction custom CUDA fused scale + mask + softmax; block_size=128,1536,12288,1536,float32,0.125,25,100,12,708.6399793624878,128,0,Tesla T4,7.5,2.11.0+cu128,12.8,2026-08-23T19:09:58.322432+00:00
ca87722a00ebf585cd788c67949e7c0b32dca788,custom_cuda,warp-reduction custom CUDA fused scale + mask + softmax; block_size=128,1536,12288,1536,float32,0.125,25,100,13,706.5280079841614,128,0,Tesla T4,7.5,2.11.0+cu128,12.8,2026-08-23T19:09:58.322432+00:00
ca87722a00ebf585cd788c67949e7c0b32dca788,custom_cuda,warp-reduction custom CUDA fused scale + mask + softmax; block_size=128,1536,12288,1536,float32,0.125,25,100,14,717.0559763908386,128,0,Tesla T4,7.5,2.11.0+cu128,12.8,2026-08-23T19:09:58.322432+00:00
ca87722a00ebf585cd788c67949e7c0b32dca788,custom_cuda,warp-reduction custom CUDA fused scale + mask + softmax; block_size=128,1536,12288,1536,float32,0.125,25,100,15,701.9199728965759,128,0,Tesla T4,7.5,2.11.0+cu128,12.8,2026-08-23T19:09:58.322432+00:00
ca87722a00ebf585cd788c67949e7c0b32dca788,custom_cuda,warp-reduction custom CUDA fused scale + mask + softmax; block_size=128,1536,12288,1536,float32,0.125,25,100,16,701.312005519867,128,0,Tesla T4,7.5,2.11.0+cu128,12.8,2026-08-23T19:09:58.322432+00:00
ca87722a00ebf585cd788c67949e7c0b32dca788,custom_cuda,warp-reduction custom CUDA fused scale + mask + softmax; block_size=128,1536,12288,1536,float32,0.125,25,100,17,701.1520266532898,128,0,Tesla T4,7.5,2.11.0+cu128,12.8,2026-08-23T19:09:58.322432+00:00
ca87722a00ebf585cd788c67949e7c0b32dca788,custom_cuda,warp-reduction custom CUDA fused scale + mask + softmax; block_size=128,1536,12288,1536,float32,0.125,25,100,18,696.832001209259,128,0,Tesla T4,7.5,2.11.0+cu128,12.8,2026-08-23T19:09:58.322432+00:00
ca87722a00ebf585cd788c67949e7c0b32dca788,custom_cuda,warp-reduction custom CUDA fused scale + mask + softmax; block_size=128,1536,12288,1536,float32,0.125,25,100,19,701.2479901313782,128,0,Tesla T4,7.5,2.11.0+cu128,12.8,2026-08-23T19:09:58.322432+00:00
ca87722a00ebf585cd788c67949e7c0b32dca788,custom_cuda,warp-reduction custom CUDA fused scale + mask + softmax; block_size=128,1536,12288,1536,float32,0.125,25,100,20,697.4400281906128,128,0,Tesla T4,7.5,2.11.0+cu128,12.8,2026-08-23T19:09:58.322432+00:00
ca87722a00ebf585cd788c67949e7c0b32dca788,custom_cuda,warp-reduction custom CUDA fused scale + mask + softmax; block_size=128,1536,12288,1536,float32,0.125,25,100,21,699.1040110588074,128,0,Tesla T4,7.5,2.11.0+cu128,12.8,2026-08-23T19:09:58.322432+00:00
ca87722a00ebf585cd788c67949e7c0b32dca788,custom_cuda,warp-reduction custom CUDA fused scale + mask + softmax; block_size=128,1536,12288,1536,float32,0.125,25,100,22,700.767993927002,128,0,Tesla T4,7.5,2.11.0+cu128,12.8,2026-08-23T19:09:58.322432+00:00
ca87722a00ebf585cd788c67949e7c0b32dca788,custom_cuda,warp-reduction custom CUDA fused scale + mask + softmax; block_size=128,1536,12288,1536,float32,0.125,25,100,23,704.800009727478,128,0,Tesla T4,7.5,2.11.0+cu128,12.8,2026-08-23T19:09:58.322432+00:00
ca87722a00ebf585cd788c67949e7c0b32dca788,custom_cuda,warp-reduction custom CUDA fused scale + mask + softmax; block_size=128,1536,12288,1536,float32,0.125,25,100,24,704.6399712562561,128,0,Tesla T4,7.5,2.11.0+cu128,12.8,2026-08-23T19:09:58.322432+00:00
ca87722a00ebf585cd788c67949e7c0b32dca788,custom_cuda,warp-reduction custom CUDA fused scale + mask + softmax; block_size=128,1536,12288,1536,float32,0.125,25,100,25,699.8720169067383,128,0,Tesla T4,7.5,2.11.0+cu128,12.8,2026-08-23T19:09:58.322432+00:00
ca87722a00ebf585cd788c67949e7c0b32dca788,custom_cuda,warp-reduction custom CUDA fused scale + mask + softmax; block_size=128,1536,12288,1536,float32,0.125,25,100,26,705.6959867477417,128,0,Tesla T4,7.5,2.11.0+cu128,12.8,2026-08-23T19:09:58.322432+00:00
ca87722a00ebf585cd788c67949e7c0b32dca788,custom_cuda,warp-reduction custom CUDA fused scale + mask + softmax; block_size=128,1536,12288,1536,float32,0.125,25,100,27,700.9279727935791,128,0,Tesla T4,7.5,2.11.0+cu128,12.8,2026-08-23T19:09:58.322432+00:00
ca87722a00ebf585cd788c67949e7c0b32dca788,custom_cuda,warp-reduction custom CUDA fused scale + mask + softmax; block_size=128,1536,12288,1536,float32,0.125,25,100,28,705.5360078811646,128,0,Tesla T4,7.5,2.11.0+cu128,12.8,2026-08-23T19:09:58.322432+00:00
ca87722a00ebf585cd788c67949e7c0b32dca788,custom_cuda,warp-reduction custom CUDA fused scale + mask + softmax; block_size=128,1536,12288,1536,float32,0.125,25,100,29,698.0800032615662,128,0,Tesla T4,7.5,2.11.0+cu128,12.8,2026-08-23T19:09:58.322432+00:00
ca87722a00ebf585cd788c67949e7c0b32dca788,custom_cuda,warp-reduction custom CUDA fused scale + mask + softmax; block_size=128,1536,12288,1536,float32,0.125,25,100,30,697.5359916687012,128,0,Tesla T4,7.5,2.11.0+cu128,12.8,2026-08-23T19:09:58.322432+00:00
ca87722a00ebf585cd788c67949e7c0b32dca788,custom_cuda,warp-reduction custom CUDA fused scale + mask + softmax; block_size=128,1536,12288,1536,float32,0.125,25,100,31,700.2879977226257,128,0,Tesla T4,7.5,2.11.0+cu128,12.8,2026-08-23T19:09:58.322432+00:00
ca87722a00ebf585cd788c67949e7c0b32dca788,custom_cuda,warp-reduction custom CUDA fused scale + mask + softmax; block_size=128,1536,12288,1536,float32,0.125,25,100,32,700.1919746398926,128,0,Tesla T4,7.5,2.11.0+cu128,12.8,2026-08-23T19:09:58.322432+00:00
ca87722a00ebf585cd788c67949e7c0b32dca788,custom_cuda,warp-reduction custom CUDA fused scale + mask + softmax; block_size=128,1536,12288,1536,float32,0.125,25,100,33,700.4160284996033,128,0,Tesla T4,7.5,2.11.0+cu128,12.8,2026-08-23T19:09:58.322432+00:00
ca87722a00ebf585cd788c67949e7c0b32dca788,custom_cuda,warp-reduction custom CUDA fused scale + mask + softmax; block_size=128,1536,12288,1536,float32,0.125,25,100,34,700.223982334137,128,0,Tesla T4,7.5,2.11.0+cu128,12.8,2026-08-23T19:09:58.322432+00:00
ca87722a00ebf585cd788c67949e7c0b32dca788,custom_cuda,warp-reduction custom CUDA fused scale + mask + softmax; block_size=128,1536,12288,1536,float32,0.125,25,100,35,704.3200135231018,128,0,Tesla T4,7.5,2.11.0+cu128,12.8,2026-08-23T19:09:58.322432+00:00
ca87722a00ebf585cd788c67949e7c0b32dca788,custom_cuda,warp-reduction custom CUDA fused scale + mask + softmax; block_size=128,1536,12288,1536,float32,0.125,25,100,36,698.3680129051208,128,0,Tesla T4,7.5,2.11.0+cu128,12.8,2026-08-23T19:09:58.322432+00:00
ca87722a00ebf585cd788c67949e7c0b32dca788,custom_cuda,warp-reduction custom CUDA fused scale + mask + softmax; block_size=128,1536,12288,1536,float32,0.125,25,100,37,701.9839882850647,128,0,Tesla T4,7.5,2.11.0+cu128,12.8,2026-08-23T19:09:58.322432+00:00
ca87722a00ebf585cd788c67949e7c0b32dca788,custom_cuda,warp-reduction custom CUDA fused scale + mask + softmax; block_size=128,1536,12288,1536,float32,0.125,25,100,38,702.4639844894409,128,0,Tesla T4,7.5,2.11.0+cu128,12.8,2026-08-23T19:09:58.322432+00:00
ca87722a00ebf585cd788c67949e7c0b32dca788,custom_cuda,warp-reduction custom CUDA fused scale + mask + softmax; block_size=128,1536,12288,1536,float32,0.125,25,100,39,698.3680129051208,128,0,Tesla T4,7.5,2.11.0+cu128,12.8,2026-08-23T19:09:58.322432+00:00
ca87722a00ebf585cd788c67949e7c0b32dca788,custom_cuda,warp-reduction custom CUDA fused scale + mask + softmax; block_size=128,1536,12288,1536,float32,0.125,25,100,40,704.1919827461243,128,0,Tesla T4,7.5,2.11.0+cu128,12.8,2026-08-23T19:09:58.322432+00:00
ca87722a00ebf585cd788c67949e7c0b32dca788,custom_cuda,warp-reduction custom CUDA fused scale + mask + softmax; block_size=128,1536,12288,1536,float32,0.125,25,100,41,705.1519751548767,128,0,Tesla T4,7.5,2.11.0+cu128,12.8,2026-08-23T19:09:58.322432+00:00
ca87722a00ebf585cd788c67949e7c0b32dca788,custom_cuda,warp-reduction custom CUDA fused scale + mask + softmax; block_size=128,1536,12288,1536,float32,0.125,25,100,42,699.3920207023621,128,0,Tesla T4,7.5,2.11.0+cu128,12.8,2026-08-23T19:09:58.322432+00:00
ca87722a00ebf585cd788c67949e7c0b32dca788,custom_cuda,warp-reduction custom CUDA fused scale + mask + softmax; block_size=128,1536,12288,1536,float32,0.125,25,100,43,700.8000016212463,128,0,Tesla T4,7.5,2.11.0+cu128,12.8,2026-08-23T19:09:58.322432+00:00
ca87722a00ebf585cd788c67949e7c0b32dca788,custom_cuda,warp-reduction custom CUDA fused scale + mask + softmax; block_size=128,1536,12288,1536,float32,0.125,25,100,44,722.7839827537537,128,0,Tesla T4,7.5,2.11.0+cu128,12.8,2026-08-23T19:09:58.322432+00:00
ca87722a00ebf585cd788c67949e7c0b32dca788,custom_cuda,warp-reduction custom CUDA fused scale + mask + softmax; block_size=128,1536,12288,1536,float32,0.125,25,100,45,725.4400253295898,128,0,Tesla T4,7.5,2.11.0+cu128,12.8,2026-08-23T19:09:58.322432+00:00
ca87722a00ebf585cd788c67949e7c0b32dca788,custom_cuda,warp-reduction custom CUDA fused scale + mask + softmax; block_size=128,1536,12288,1536,float32,0.125,25,100,46,733.1839799880981,128,0,Tesla T4,7.5,2.11.0+cu128,12.8,2026-08-23T19:09:58.322432+00:00
ca87722a00ebf585cd788c67949e7c0b32dca788,custom_cuda,warp-reduction custom CUDA fused scale + mask + softmax; block_size=128,1536,12288,1536,float32,0.125,25,100,47,723.7439751625061,128,0,Tesla T4,7.5,2.11.0+cu128,12.8,2026-08-23T19:09:58.322432+00:00
ca87722a00ebf585cd788c67949e7c0b32dca788,custom_cuda,warp-reduction custom CUDA fused scale + mask + softmax; block_size=128,1536,12288,1536,float32,0.125,25,100,48,716.0959839820862,128,0,Tesla T4,7.5,2.11.0+cu128,12.8,2026-08-23T19:09:58.322432+00:00
ca87722a00ebf585cd788c67949e7c0b32dca788,custom_cuda,warp-reduction custom CUDA fused scale + mask + softmax; block_size=128,1536,12288,1536,float32,0.125,25,100,49,716.5759801864624,128,0,Tesla T4,7.5,2.11.0+cu128,12.8,2026-08-23T19:09:58.322432+00:00
ca87722a00ebf585cd788c67949e7c0b32dca788,custom_cuda,warp-reduction custom CUDA fused scale + mask + softmax; block_size=128,1536,12288,1536,float32,0.125,25,100,50,708.736002445221,128,0,Tesla T4,7.5,2.11.0+cu128,12.8,2026-08-23T19:09:58.322432+00:00
ca87722a00ebf585cd788c67949e7c0b32dca788,custom_cuda,warp-reduction custom CUDA fused scale + mask + softmax; block_size=128,1536,12288,1536,float32,0.125,25,100,51,712.7040028572083,128,0,Tesla T4,7.5,2.11.0+cu128,12.8,2026-08-23T19:09:58.322432+00:00
ca87722a00ebf585cd788c67949e7c0b32dca788,custom_cuda,warp-reduction custom CUDA fused scale + mask + softmax; block_size=128,1536,12288,1536,float32,0.125,25,100,52,711.1679911613464,128,0,Tesla T4,7.5,2.11.0+cu128,12.8,2026-08-23T19:09:58.322432+00:00
ca87722a00ebf585cd788c67949e7c0b32dca788,custom_cuda,warp-reduction custom CUDA fused scale + mask + softmax; block_size=128,1536,12288,1536,float32,0.125,25,100,53,710.6559872627258,128,0,Tesla T4,7.5,2.11.0+cu128,12.8,2026-08-23T19:09:58.322432+00:00
ca87722a00ebf585cd788c67949e7c0b32dca788,custom_cuda,warp-reduction custom CUDA fused scale + mask + softmax; block_size=128,1536,12288,1536,float32,0.125,25,100,54,715.008020401001,128,0,Tesla T4,7.5,2.11.0+cu128,12.8,2026-08-23T19:09:58.322432+00:00
ca87722a00ebf585cd788c67949e7c0b32dca788,custom_cuda,warp-reduction custom CUDA fused scale + mask + softmax; block_size=128,1536,12288,1536,float32,0.125,25,100,55,714.5599722862244,128,0,Tesla T4,7.5,2.11.0+cu128,12.8,2026-08-23T19:09:58.322432+00:00
ca87722a00ebf585cd788c67949e7c0b32dca788,custom_cuda,warp-reduction custom CUDA fused scale + mask + softmax; block_size=128,1536,12288,1536,float32,0.125,25,100,56,722.2399711608887,128,0,Tesla T4,7.5,2.11.0+cu128,12.8,2026-08-23T19:09:58.322432+00:00
ca87722a00ebf585cd788c67949e7c0b32dca788,custom_cuda,warp-reduction custom CUDA fused scale + mask + softmax; block_size=128,1536,12288,1536,float32,0.125,25,100,57,724.9919772148132,128,0,Tesla T4,7.5,2.11.0+cu128,12.8,2026-08-23T19:09:58.322432+00:00
ca87722a00ebf585cd788c67949e7c0b32dca788,custom_cuda,warp-reduction custom CUDA fused scale + mask + softmax; block_size=128,1536,12288,1536,float32,0.125,25,100,58,713.8879895210266,128,0,Tesla T4,7.5,2.11.0+cu128,12.8,2026-08-23T19:09:58.322432+00:00
ca87722a00ebf585cd788c67949e7c0b32dca788,custom_cuda,warp-reduction custom CUDA fused scale + mask + softmax; block_size=128,1536,12288,1536,float32,0.125,25,100,59,724.128007888794,128,0,Tesla T4,7.5,2.11.0+cu128,12.8,2026-08-23T19:09:58.322432+00:00
ca87722a00ebf585cd788c67949e7c0b32dca788,custom_cuda,warp-reduction custom CUDA fused scale + mask + softmax; block_size=128,1536,12288,1536,float32,0.125,25,100,60,714.2080068588257,128,0,Tesla T4,7.5,2.11.0+cu128,12.8,2026-08-23T19:09:58.322432+00:00
ca87722a00ebf585cd788c67949e7c0b32dca788,custom_cuda,warp-reduction custom CUDA fused scale + mask + softmax; block_size=128,1536,12288,1536,float32,0.125,25,100,61,712.6079797744751,128,0,Tesla T4,7.5,2.11.0+cu128,12.8,2026-08-23T19:09:58.322432+00:00
ca87722a00ebf585cd788c67949e7c0b32dca788,custom_cuda,warp-reduction custom CUDA fused scale + mask + softmax; block_size=128,1536,12288,1536,float32,0.125,25,100,62,710.6239795684814,128,0,Tesla T4,7.5,2.11.0+cu128,12.8,2026-08-23T19:09:58.322432+00:00
ca87722a00ebf585cd788c67949e7c0b32dca788,custom_cuda,warp-reduction custom CUDA fused scale + mask + softmax; block_size=128,1536,12288,1536,float32,0.125,25,100,63,708.0000042915344,128,0,Tesla T4,7.5,2.11.0+cu128,12.8,2026-08-23T19:09:58.322432+00:00
ca87722a00ebf585cd788c67949e7c0b32dca788,custom_cuda,warp-reduction custom CUDA fused scale + mask + softmax; block_size=128,1536,12288,1536,float32,0.125,25,100,64,713.2800221443176,128,0,Tesla T4,7.5,2.11.0+cu128,12.8,2026-08-23T19:09:58.322432+00:00
ca87722a00ebf585cd788c67949e7c0b32dca788,custom_cuda,warp-reduction custom CUDA fused scale + mask + softmax; block_size=128,1536,12288,1536,float32,0.125,25,100,65,710.6559872627258,128,0,Tesla T4,7.5,2.11.0+cu128,12.8,2026-08-23T19:09:58.322432+00:00
ca87722a00ebf585cd788c67949e7c0b32dca788,custom_cuda,warp-reduction custom CUDA fused scale + mask + softmax; block_size=128,1536,12288,1536,float32,0.125,25,100,66,713.9520049095154,128,0,Tesla T4,7.5,2.11.0+cu128,12.8,2026-08-23T19:09:58.322432+00:00
ca87722a00ebf585cd788c67949e7c0b32dca788,custom_cuda,warp-reduction custom CUDA fused scale + mask + softmax; block_size=128,1536,12288,1536,float32,0.125,25,100,67,718.9440131187439,128,0,Tesla T4,7.5,2.11.0+cu128,12.8,2026-08-23T19:09:58.322432+00:00
ca87722a00ebf585cd788c67949e7c0b32dca788,custom_cuda,warp-reduction custom CUDA fused scale + mask + softmax; block_size=128,1536,12288,1536,float32,0.125,25,100,68,713.5999798774719,128,0,Tesla T4,7.5,2.11.0+cu128,12.8,2026-08-23T19:09:58.322432+00:00
ca87722a00ebf585cd788c67949e7c0b32dca788,custom_cuda,warp-reduction custom CUDA fused scale + mask + softmax; block_size=128,1536,12288,1536,float32,0.125,25,100,69,714.4320011138916,128,0,Tesla T4,7.5,2.11.0+cu128,12.8,2026-08-23T19:09:58.322432+00:00
ca87722a00ebf585cd788c67949e7c0b32dca788,custom_cuda,warp-reduction custom CUDA fused scale + mask + softmax; block_size=128,1536,12288,1536,float32,0.125,25,100,70,706.5600156784058,128,0,Tesla T4,7.5,2.11.0+cu128,12.8,2026-08-23T19:09:58.322432+00:00
ca87722a00ebf585cd788c67949e7c0b32dca788,custom_cuda,warp-reduction custom CUDA fused scale + mask + softmax; block_size=128,1536,12288,1536,float32,0.125,25,100,71,713.7920260429382,128,0,Tesla T4,7.5,2.11.0+cu128,12.8,2026-08-23T19:09:58.322432+00:00
ca87722a00ebf585cd788c67949e7c0b32dca788,custom_cuda,warp-reduction custom CUDA fused scale + mask + softmax; block_size=128,1536,12288,1536,float32,0.125,25,100,72,710.6559872627258,128,0,Tesla T4,7.5,2.11.0+cu128,12.8,2026-08-23T19:09:58.322432+00:00
ca87722a00ebf585cd788c67949e7c0b32dca788,custom_cuda,warp-reduction custom CUDA fused scale + mask + softmax; block_size=128,1536,12288,1536,float32,0.125,25,100,73,711.9359970092773,128,0,Tesla T4,7.5,2.11.0+cu128,12.8,2026-08-23T19:09:58.322432+00:00
ca87722a00ebf585cd788c67949e7c0b32dca788,custom_cuda,warp-reduction custom CUDA fused scale + mask + softmax; block_size=128,1536,12288,1536,float32,0.125,25,100,74,722.9440212249756,128,0,Tesla T4,7.5,2.11.0+cu128,12.8,2026-08-23T19:09:58.322432+00:00
ca87722a00ebf585cd788c67949e7c0b32dca788,custom_cuda,warp-reduction custom CUDA fused scale + mask + softmax; block_size=128,1536,12288,1536,float32,0.125,25,100,75,727.0399928092957,128,0,Tesla T4,7.5,2.11.0+cu128,12.8,2026-08-23T19:09:58.322432+00:00
ca87722a00ebf585cd788c67949e7c0b32dca788,custom_cuda,warp-reduction custom CUDA fused scale + mask + softmax; block_size=128,1536,12288,1536,float32,0.125,25,100,76,712.768018245697,128,0,Tesla T4,7.5,2.11.0+cu128,12.8,2026-08-23T19:09:58.322432+00:00
ca87722a00ebf585cd788c67949e7c0b32dca788,custom_cuda,warp-reduction custom CUDA fused scale + mask + softmax; block_size=128,1536,12288,1536,float32,0.125,25,100,77,718.6239957809448,128,0,Tesla T4,7.5,2.11.0+cu128,12.8,2026-08-23T19:09:58.322432+00:00
ca87722a00ebf585cd788c67949e7c0b32dca788,custom_cuda,warp-reduction custom CUDA fused scale + mask + softmax; block_size=128,1536,12288,1536,float32,0.125,25,100,78,712.7040028572083,128,0,Tesla T4,7.5,2.11.0+cu128,12.8,2026-08-23T19:09:58.322432+00:00
ca87722a00ebf585cd788c67949e7c0b32dca788,custom_cuda,warp-reduction custom CUDA fused scale + mask + softmax; block_size=128,1536,12288,1536,float32,0.125,25,100,79,708.9279890060425,128,0,Tesla T4,7.5,2.11.0+cu128,12.8,2026-08-23T19:09:58.322432+00:00
ca87722a00ebf585cd788c67949e7c0b32dca788,custom_cuda,warp-reduction custom CUDA fused scale + mask + softmax; block_size=128,1536,12288,1536,float32,0.125,25,100,80,710.6559872627258,128,0,Tesla T4,7.5,2.11.0+cu128,12.8,2026-08-23T19:09:58.322432+00:00
ca87722a00ebf585cd788c67949e7c0b32dca788,custom_cuda,warp-reduction custom CUDA fused scale + mask + softmax; block_size=128,1536,12288,1536,float32,0.125,25,100,81,710.6879949569702,128,0,Tesla T4,7.5,2.11.0+cu128,12.8,2026-08-23T19:09:58.322432+00:00
ca87722a00ebf585cd788c67949e7c0b32dca788,custom_cuda,warp-reduction custom CUDA fused scale + mask + softmax; block_size=128,1536,12288,1536,float32,0.125,25,100,82,713.919997215271,128,0,Tesla T4,7.5,2.11.0+cu128,12.8,2026-08-23T19:09:58.322432+00:00
ca87722a00ebf585cd788c67949e7c0b32dca788,custom_cuda,warp-reduction custom CUDA fused scale + mask + softmax; block_size=128,1536,12288,1536,float32,0.125,25,100,83,710.7200026512146,128,0,Tesla T4,7.5,2.11.0+cu128,12.8,2026-08-23T19:09:58.322432+00:00
ca87722a00ebf585cd788c67949e7c0b32dca788,custom_cuda,warp-reduction custom CUDA fused scale + mask + softmax; block_size=128,1536,12288,1536,float32,0.125,25,100,84,712.5120162963867,128,0,Tesla T4,7.5,2.11.0+cu128,12.8,2026-08-23T19:09:58.322432+00:00
ca87722a00ebf585cd788c67949e7c0b32dca788,custom_cuda,warp-reduction custom CUDA fused scale + mask + softmax; block_size=128,1536,12288,1536,float32,0.125,25,100,85,715.7440185546875,128,0,Tesla T4,7.5,2.11.0+cu128,12.8,2026-08-23T19:09:58.322432+00:00
ca87722a00ebf585cd788c67949e7c0b32dca788,custom_cuda,warp-reduction custom CUDA fused scale + mask + softmax; block_size=128,1536,12288,1536,float32,0.125,25,100,86,710.5600237846375,128,0,Tesla T4,7.5,2.11.0+cu128,12.8,2026-08-23T19:09:58.322432+00:00
ca87722a00ebf585cd788c67949e7c0b32dca788,custom_cuda,warp-reduction custom CUDA fused scale + mask + softmax; block_size=128,1536,12288,1536,float32,0.125,25,100,87,708.6079716682434,128,0,Tesla T4,7.5,2.11.0+cu128,12.8,2026-08-23T19:09:58.322432+00:00
ca87722a00ebf585cd788c67949e7c0b32dca788,custom_cuda,warp-reduction custom CUDA fused scale + mask + softmax; block_size=128,1536,12288,1536,float32,0.125,25,100,88,708.8000178337097,128,0,Tesla T4,7.5,2.11.0+cu128,12.8,2026-08-23T19:09:58.322432+00:00
ca87722a00ebf585cd788c67949e7c0b32dca788,custom_cuda,warp-reduction custom CUDA fused scale + mask + softmax; block_size=128,1536,12288,1536,float32,0.125,25,100,89,721.9840288162231,128,0,Tesla T4,7.5,2.11.0+cu128,12.8,2026-08-23T19:09:58.322432+00:00
ca87722a00ebf585cd788c67949e7c0b32dca788,custom_cuda,warp-reduction custom CUDA fused scale + mask + softmax; block_size=128,1536,12288,1536,float32,0.125,25,100,90,713.1519913673401,128,0,Tesla T4,7.5,2.11.0+cu128,12.8,2026-08-23T19:09:58.322432+00:00
ca87722a00ebf585cd788c67949e7c0b32dca788,custom_cuda,warp-reduction custom CUDA fused scale + mask + softmax; block_size=128,1536,12288,1536,float32,0.125,25,100,91,717.1840071678162,128,0,Tesla T4,7.5,2.11.0+cu128,12.8,2026-08-23T19:09:58.322432+00:00
ca87722a00ebf585cd788c67949e7c0b32dca788,custom_cuda,warp-reduction custom CUDA fused scale + mask + softmax; block_size=128,1536,12288,1536,float32,0.125,25,100,92,709.3120217323303,128,0,Tesla T4,7.5,2.11.0+cu128,12.8,2026-08-23T19:09:58.322432+00:00
ca87722a00ebf585cd788c67949e7c0b32dca788,custom_cuda,warp-reduction custom CUDA fused scale + mask + softmax; block_size=128,1536,12288,1536,float32,0.125,25,100,93,729.0880084037781,128,0,Tesla T4,7.5,2.11.0+cu128,12.8,2026-08-23T19:09:58.322432+00:00
ca87722a00ebf585cd788c67949e7c0b32dca788,custom_cuda,warp-reduction custom CUDA fused scale + mask + softmax; block_size=128,1536,12288,1536,float32,0.125,25,100,94,716.9920206069946,128,0,Tesla T4,7.5,2.11.0+cu128,12.8,2026-08-23T19:09:58.322432+00:00
ca87722a00ebf585cd788c67949e7c0b32dca788,custom_cuda,warp-reduction custom CUDA fused scale + mask + softmax; block_size=128,1536,12288,1536,float32,0.125,25,100,95,714.7200107574463,128,0,Tesla T4,7.5,2.11.0+cu128,12.8,2026-08-23T19:09:58.322432+00:00
ca87722a00ebf585cd788c67949e7c0b32dca788,custom_cuda,warp-reduction custom CUDA fused scale + mask + softmax; block_size=128,1536,12288,1536,float32,0.125,25,100,96,712.7040028572083,128,0,Tesla T4,7.5,2.11.0+cu128,12.8,2026-08-23T19:09:58.322432+00:00
ca87722a00ebf585cd788c67949e7c0b32dca788,custom_cuda,warp-reduction custom CUDA fused scale + mask + softmax; block_size=128,1536,12288,1536,float32,0.125,25,100,97,714.847981929779,128,0,Tesla T4,7.5,2.11.0+cu128,12.8,2026-08-23T19:09:58.322432+00:00
ca87722a00ebf585cd788c67949e7c0b32dca788,custom_cuda,warp-reduction custom CUDA fused scale + mask + softmax; block_size=128,1536,12288,1536,float32,0.125,25,100,98,712.3200297355652,128,0,Tesla T4,7.5,2.11.0+cu128,12.8,2026-08-23T19:09:58.322432+00:00
ca87722a00ebf585cd788c67949e7c0b32dca788,custom_cuda,warp-reduction custom CUDA fused scale + mask + softmax; block_size=128,1536,12288,1536,float32,0.125,25,100,99,711.7440104484558,128,0,Tesla T4,7.5,2.11.0+cu128,12.8,2026-08-23T19:09:58.322432+00:00
ca87722a00ebf585cd788c67949e7c0b32dca788,custom_cuda,warp-reduction custom CUDA fused scale + mask + softmax; block_size=128,2048,16384,2048,float32,0.125,25,100,0,1567.903995513916,128,0,Tesla T4,7.5,2.11.0+cu128,12.8,2026-08-23T19:10:00.874586+00:00
ca87722a00ebf585cd788c67949e7c0b32dca788,custom_cuda,warp-reduction custom CUDA fused scale + mask + softmax; block_size=128,2048,16384,2048,float32,0.125,25,100,1,1539.2320156097412,128,0,Tesla T4,7.5,2.11.0+cu128,12.8,2026-08-23T19:10:00.874586+00:00
ca87722a00ebf585cd788c67949e7c0b32dca788,custom_cuda,warp-reduction custom CUDA fused scale + mask + softmax; block_size=128,2048,16384,2048,float32,0.125,25,100,2,1549.8559474945068,128,0,Tesla T4,7.5,2.11.0+cu128,12.8,2026-08-23T19:10:00.874586+00:00
ca87722a00ebf585cd788c67949e7c0b32dca788,custom_cuda,warp-reduction custom CUDA fused scale + mask + softmax; block_size=128,2048,16384,2048,float32,0.125,25,100,3,1534.0800285339355,128,0,Tesla T4,7.5,2.11.0+cu128,12.8,2026-08-23T19:10:00.874586+00:00
ca87722a00ebf585cd788c67949e7c0b32dca788,custom_cuda,warp-reduction custom CUDA fused scale + mask + softmax; block_size=128,2048,16384,2048,float32,0.125,25,100,4,1536.1599922180176,128,0,Tesla T4,7.5,2.11.0+cu128,12.8,2026-08-23T19:10:00.874586+00:00
ca87722a00ebf585cd788c67949e7c0b32dca788,custom_cuda,warp-reduction custom CUDA fused scale + mask + softmax; block_size=128,2048,16384,2048,float32,0.125,25,100,5,1537.343978881836,128,0,Tesla T4,7.5,2.11.0+cu128,12.8,2026-08-23T19:10:00.874586+00:00
ca87722a00ebf585cd788c67949e7c0b32dca788,custom_cuda,warp-reduction custom CUDA fused scale + mask + softmax; block_size=128,2048,16384,2048,float32,0.125,25,100,6,1534.3040227890015,128,0,Tesla T4,7.5,2.11.0+cu128,12.8,2026-08-23T19:10:00.874586+00:00
ca87722a00ebf585cd788c67949e7c0b32dca788,custom_cuda,warp-reduction custom CUDA fused scale + mask + softmax; block_size=128,2048,16384,2048,float32,0.125,25,100,7,1544.2559719085693,128,0,Tesla T4,7.5,2.11.0+cu128,12.8,2026-08-23T19:10:00.874586+00:00
ca87722a00ebf585cd788c67949e7c0b32dca788,custom_cuda,warp-reduction custom CUDA fused scale + mask + softmax; block_size=128,2048,16384,2048,float32,0.125,25,100,8,1531.9679975509644,128,0,Tesla T4,7.5,2.11.0+cu128,12.8,2026-08-23T19:10:00.874586+00:00
ca87722a00ebf585cd788c67949e7c0b32dca788,custom_cuda,warp-reduction custom CUDA fused scale + mask + softmax; block_size=128,2048,16384,2048,float32,0.125,25,100,9,1539.1360521316528,128,0,Tesla T4,7.5,2.11.0+cu128,12.8,2026-08-23T19:10:00.874586+00:00
ca87722a00ebf585cd788c67949e7c0b32dca788,custom_cuda,warp-reduction custom CUDA fused scale + mask + softmax; block_size=128,2048,16384,2048,float32,0.125,25,100,10,1534.8479747772217,128,0,Tesla T4,7.5,2.11.0+cu128,12.8,2026-08-23T19:10:00.874586+00:00
ca87722a00ebf585cd788c67949e7c0b32dca788,custom_cuda,warp-reduction custom CUDA fused scale + mask + softmax; block_size=128,2048,16384,2048,float32,0.125,25,100,11,1541.759967803955,128,0,Tesla T4,7.5,2.11.0+cu128,12.8,2026-08-23T19:10:00.874586+00:00
ca87722a00ebf585cd788c67949e7c0b32dca788,custom_cuda,warp-reduction custom CUDA fused scale + mask + softmax; block_size=128,2048,16384,2048,float32,0.125,25,100,12,1535.1359844207764,128,0,Tesla T4,7.5,2.11.0+cu128,12.8,2026-08-23T19:10:00.874586+00:00
ca87722a00ebf585cd788c67949e7c0b32dca788,custom_cuda,warp-reduction custom CUDA fused scale + mask + softmax; block_size=128,2048,16384,2048,float32,0.125,25,100,13,1531.872034072876,128,0,Tesla T4,7.5,2.11.0+cu128,12.8,2026-08-23T19:10:00.874586+00:00
ca87722a00ebf585cd788c67949e7c0b32dca788,custom_cuda,warp-reduction custom CUDA fused scale + mask + softmax; block_size=128,2048,16384,2048,float32,0.125,25,100,14,1546.2720394134521,128,0,Tesla T4,7.5,2.11.0+cu128,12.8,2026-08-23T19:10:00.874586+00:00
ca87722a00ebf585cd788c67949e7c0b32dca788,custom_cuda,warp-reduction custom CUDA fused scale + mask + softmax; block_size=128,2048,16384,2048,float32,0.125,25,100,15,1533.5040092468262,128,0,Tesla T4,7.5,2.11.0+cu128,12.8,2026-08-23T19:10:00.874586+00:00
ca87722a00ebf585cd788c67949e7c0b32dca788,custom_cuda,warp-reduction custom CUDA fused scale + mask + softmax; block_size=128,2048,16384,2048,float32,0.125,25,100,16,1547.6800203323364,128,0,Tesla T4,7.5,2.11.0+cu128,12.8,2026-08-23T19:10:00.874586+00:00
ca87722a00ebf585cd788c67949e7c0b32dca788,custom_cuda,warp-reduction custom CUDA fused scale + mask + softmax; block_size=128,2048,16384,2048,float32,0.125,25,100,17,1574.7840404510498,128,0,Tesla T4,7.5,2.11.0+cu128,12.8,2026-08-23T19:10:00.874586+00:00
ca87722a00ebf585cd788c67949e7c0b32dca788,custom_cuda,warp-reduction custom CUDA fused scale + mask + softmax; block_size=128,2048,16384,2048,float32,0.125,25,100,18,1564.6400451660156,128,0,Tesla T4,7.5,2.11.0+cu128,12.8,2026-08-23T19:10:00.874586+00:00
ca87722a00ebf585cd788c67949e7c0b32dca788,custom_cuda,warp-reduction custom CUDA fused scale + mask + softmax; block_size=128,2048,16384,2048,float32,0.125,25,100,19,1561.3759756088257,128,0,Tesla T4,7.5,2.11.0+cu128,12.8,2026-08-23T19:10:00.874586+00:00
ca87722a00ebf585cd788c67949e7c0b32dca788,custom_cuda,warp-reduction custom CUDA fused scale + mask + softmax; block_size=128,2048,16384,2048,float32,0.125,25,100,20,1560.6080293655396,128,0,Tesla T4,7.5,2.11.0+cu128,12.8,2026-08-23T19:10:00.874586+00:00
ca87722a00ebf585cd788c67949e7c0b32dca788,custom_cuda,warp-reduction custom CUDA fused scale + mask + softmax; block_size=128,2048,16384,2048,float32,0.125,25,100,21,1564.5760297775269,128,0,Tesla T4,7.5,2.11.0+cu128,12.8,2026-08-23T19:10:00.874586+00:00
ca87722a00ebf585cd788c67949e7c0b32dca788,custom_cuda,warp-reduction custom CUDA fused scale + mask + softmax; block_size=128,2048,16384,2048,float32,0.125,25,100,22,1570.1440572738647,128,0,Tesla T4,7.5,2.11.0+cu128,12.8,2026-08-23T19:10:00.874586+00:00
ca87722a00ebf585cd788c67949e7c0b32dca788,custom_cuda,warp-reduction custom CUDA fused scale + mask + softmax; block_size=128,2048,16384,2048,float32,0.125,25,100,23,1572.864055633545,128,0,Tesla T4,7.5,2.11.0+cu128,12.8,2026-08-23T19:10:00.874586+00:00
ca87722a00ebf585cd788c67949e7c0b32dca788,custom_cuda,warp-reduction custom CUDA fused scale + mask + softmax; block_size=128,2048,16384,2048,float32,0.125,25,100,24,1568.6719417572021,128,0,Tesla T4,7.5,2.11.0+cu128,12.8,2026-08-23T19:10:00.874586+00:00
ca87722a00ebf585cd788c67949e7c0b32dca788,custom_cuda,warp-reduction custom CUDA fused scale + mask + softmax; block_size=128,2048,16384,2048,float32,0.125,25,100,25,1566.4960145950317,128,0,Tesla T4,7.5,2.11.0+cu128,12.8,2026-08-23T19:10:00.874586+00:00
ca87722a00ebf585cd788c67949e7c0b32dca788,custom_cuda,warp-reduction custom CUDA fused scale + mask + softmax; block_size=128,2048,16384,2048,float32,0.125,25,100,26,1569.9199438095093,128,0,Tesla T4,7.5,2.11.0+cu128,12.8,2026-08-23T19:10:00.874586+00:00
ca87722a00ebf585cd788c67949e7c0b32dca788,custom_cuda,warp-reduction custom CUDA fused scale + mask + softmax; block_size=128,2048,16384,2048,float32,0.125,25,100,27,1565.4079914093018,128,0,Tesla T4,7.5,2.11.0+cu128,12.8,2026-08-23T19:10:00.874586+00:00
ca87722a00ebf585cd788c67949e7c0b32dca788,custom_cuda,warp-reduction custom CUDA fused scale + mask + softmax; block_size=128,2048,16384,2048,float32,0.125,25,100,28,1566.431999206543,128,0,Tesla T4,7.5,2.11.0+cu128,12.8,2026-08-23T19:10:00.874586+00:00
ca87722a00ebf585cd788c67949e7c0b32dca788,custom_cuda,warp-reduction custom CUDA fused scale + mask + softmax; block_size=128,2048,16384,2048,float32,0.125,25,100,29,1566.6879415512085,128,0,Tesla T4,7.5,2.11.0+cu128,12.8,2026-08-23T19:10:00.874586+00:00
ca87722a00ebf585cd788c67949e7c0b32dca788,custom_cuda,warp-reduction custom CUDA fused scale + mask + softmax; block_size=128,2048,16384,2048,float32,0.125,25,100,30,1562.9440546035767,128,0,Tesla T4,7.5,2.11.0+cu128,12.8,2026-08-23T19:10:00.874586+00:00
ca87722a00ebf585cd788c67949e7c0b32dca788,custom_cuda,warp-reduction custom CUDA fused scale + mask + softmax; block_size=128,2048,16384,2048,float32,0.125,25,100,31,1566.7200088500977,128,0,Tesla T4,7.5,2.11.0+cu128,12.8,2026-08-23T19:10:00.874586+00:00
ca87722a00ebf585cd788c67949e7c0b32dca788,custom_cuda,warp-reduction custom CUDA fused scale + mask + softmax; block_size=128,2048,16384,2048,float32,0.125,25,100,32,1558.527946472168,128,0,Tesla T4,7.5,2.11.0+cu128,12.8,2026-08-23T19:10:00.874586+00:00
ca87722a00ebf585cd788c67949e7c0b32dca788,custom_cuda,warp-reduction custom CUDA fused scale + mask + softmax; block_size=128,2048,16384,2048,float32,0.125,25,100,33,1561.9839429855347,128,0,Tesla T4,7.5,2.11.0+cu128,12.8,2026-08-23T19:10:00.874586+00:00
ca87722a00ebf585cd788c67949e7c0b32dca788,custom_cuda,warp-reduction custom CUDA fused scale + mask + softmax; block_size=128,2048,16384,2048,float32,0.125,25,100,34,1585.15202999115,128,0,Tesla T4,7.5,2.11.0+cu128,12.8,2026-08-23T19:10:00.874586+00:00
ca87722a00ebf585cd788c67949e7c0b32dca788,custom_cuda,warp-reduction custom CUDA fused scale + mask + softmax; block_size=128,2048,16384,2048,float32,0.125,25,100,35,1560.7680082321167,128,0,Tesla T4,7.5,2.11.0+cu128,12.8,2026-08-23T19:10:00.874586+00:00
ca87722a00ebf585cd788c67949e7c0b32dca788,custom_cuda,warp-reduction custom CUDA fused scale + mask + softmax; block_size=128,2048,16384,2048,float32,0.125,25,100,36,1560.5759620666504,128,0,Tesla T4,7.5,2.11.0+cu128,12.8,2026-08-23T19:10:00.874586+00:00
ca87722a00ebf585cd788c67949e7c0b32dca788,custom_cuda,warp-reduction custom CUDA fused scale + mask + softmax; block_size=128,2048,16384,2048,float32,0.125,25,100,37,1558.3360195159912,128,0,Tesla T4,7.5,2.11.0+cu128,12.8,2026-08-23T19:10:00.874586+00:00
ca87722a00ebf585cd788c67949e7c0b32dca788,custom_cuda,warp-reduction custom CUDA fused scale + mask + softmax; block_size=128,2048,16384,2048,float32,0.125,25,100,38,1557.8880310058594,128,0,Tesla T4,7.5,2.11.0+cu128,12.8,2026-08-23T19:10:00.874586+00:00
ca87722a00ebf585cd788c67949e7c0b32dca788,custom_cuda,warp-reduction custom CUDA fused scale + mask + softmax; block_size=128,2048,16384,2048,float32,0.125,25,100,39,1558.527946472168,128,0,Tesla T4,7.5,2.11.0+cu128,12.8,2026-08-23T19:10:00.874586+00:00
ca87722a00ebf585cd788c67949e7c0b32dca788,custom_cuda,warp-reduction custom CUDA fused scale + mask + softmax; block_size=128,2048,16384,2048,float32,0.125,25,100,40,1445.95205783844,128,0,Tesla T4,7.5,2.11.0+cu128,12.8,2026-08-23T19:10:00.874586+00:00
ca87722a00ebf585cd788c67949e7c0b32dca788,custom_cuda,warp-reduction custom CUDA fused scale + mask + softmax; block_size=128,2048,16384,2048,float32,0.125,25,100,41,1437.7919435501099,128,0,Tesla T4,7.5,2.11.0+cu128,12.8,2026-08-23T19:10:00.874586+00:00
ca87722a00ebf585cd788c67949e7c0b32dca788,custom_cuda,warp-reduction custom CUDA fused scale + mask + softmax; block_size=128,2048,16384,2048,float32,0.125,25,100,42,1456.704020500183,128,0,Tesla T4,7.5,2.11.0+cu128,12.8,2026-08-23T19:10:00.874586+00:00
ca87722a00ebf585cd788c67949e7c0b32dca788,custom_cuda,warp-reduction custom CUDA fused scale + mask + softmax; block_size=128,2048,16384,2048,float32,0.125,25,100,43,1437.6959800720215,128,0,Tesla T4,7.5,2.11.0+cu128,12.8,2026-08-23T19:10:00.874586+00:00
ca87722a00ebf585cd788c67949e7c0b32dca788,custom_cuda,warp-reduction custom CUDA fused scale + mask + softmax; block_size=128,2048,16384,2048,float32,0.125,25,100,44,1442.4320459365845,128,0,Tesla T4,7.5,2.11.0+cu128,12.8,2026-08-23T19:10:00.874586+00:00
ca87722a00ebf585cd788c67949e7c0b32dca788,custom_cuda,warp-reduction custom CUDA fused scale + mask + softmax; block_size=128,2048,16384,2048,float32,0.125,25,100,45,1433.087944984436,128,0,Tesla T4,7.5,2.11.0+cu128,12.8,2026-08-23T19:10:00.874586+00:00
ca87722a00ebf585cd788c67949e7c0b32dca788,custom_cuda,warp-reduction custom CUDA fused scale + mask + softmax; block_size=128,2048,16384,2048,float32,0.125,25,100,46,1449.9839544296265,128,0,Tesla T4,7.5,2.11.0+cu128,12.8,2026-08-23T19:10:00.874586+00:00
ca87722a00ebf585cd788c67949e7c0b32dca788,custom_cuda,warp-reduction custom CUDA fused scale + mask + softmax; block_size=128,2048,16384,2048,float32,0.125,25,100,47,1453.7279605865479,128,0,Tesla T4,7.5,2.11.0+cu128,12.8,2026-08-23T19:10:00.874586+00:00
ca87722a00ebf585cd788c67949e7c0b32dca788,custom_cuda,warp-reduction custom CUDA fused scale + mask + softmax; block_size=128,2048,16384,2048,float32,0.125,25,100,48,1437.0239973068237,128,0,Tesla T4,7.5,2.11.0+cu128,12.8,2026-08-23T19:10:00.874586+00:00
ca87722a00ebf585cd788c67949e7c0b32dca788,custom_cuda,warp-reduction custom CUDA fused scale + mask + softmax; block_size=128,2048,16384,2048,float32,0.125,25,100,49,1443.8400268554688,128,0,Tesla T4,7.5,2.11.0+cu128,12.8,2026-08-23T19:10:00.874586+00:00
ca87722a00ebf585cd788c67949e7c0b32dca788,custom_cuda,warp-reduction custom CUDA fused scale + mask + softmax; block_size=128,2048,16384,2048,float32,0.125,25,100,50,1435.647964477539,128,0,Tesla T4,7.5,2.11.0+cu128,12.8,2026-08-23T19:10:00.874586+00:00
ca87722a00ebf585cd788c67949e7c0b32dca788,custom_cuda,warp-reduction custom CUDA fused scale + mask + softmax; block_size=128,2048,16384,2048,float32,0.125,25,100,51,1442.2399997711182,128,0,Tesla T4,7.5,2.11.0+cu128,12.8,2026-08-23T19:10:00.874586+00:00
ca87722a00ebf585cd788c67949e7c0b32dca788,custom_cuda,warp-reduction custom CUDA fused scale + mask + softmax; block_size=128,2048,16384,2048,float32,0.125,25,100,52,1458.016037940979,128,0,Tesla T4,7.5,2.11.0+cu128,12.8,2026-08-23T19:10:00.874586+00:00
ca87722a00ebf585cd788c67949e7c0b32dca788,custom_cuda,warp-reduction custom CUDA fused scale + mask + softmax; block_size=128,2048,16384,2048,float32,0.125,25,100,53,1435.6160163879395,128,0,Tesla T4,7.5,2.11.0+cu128,12.8,2026-08-23T19:10:00.874586+00:00
ca87722a00ebf585cd788c67949e7c0b32dca788,custom_cuda,warp-reduction custom CUDA fused scale + mask + softmax; block_size=128,2048,16384,2048,float32,0.125,25,100,54,1447.424054145813,128,0,Tesla T4,7.5,2.11.0+cu128,12.8,2026-08-23T19:10:00.874586+00:00
ca87722a00ebf585cd788c67949e7c0b32dca788,custom_cuda,warp-reduction custom CUDA fused scale + mask + softmax; block_size=128,2048,16384,2048,float32,0.125,25,100,55,1437.6959800720215,128,0,Tesla T4,7.5,2.11.0+cu128,12.8,2026-08-23T19:10:00.874586+00:00
ca87722a00ebf585cd788c67949e7c0b32dca788,custom_cuda,warp-reduction custom CUDA fused scale + mask + softmax; block_size=128,2048,16384,2048,float32,0.125,25,100,56,1444.8959827423096,128,0,Tesla T4,7.5,2.11.0+cu128,12.8,2026-08-23T19:10:00.874586+00:00
ca87722a00ebf585cd788c67949e7c0b32dca788,custom_cuda,warp-reduction custom CUDA fused scale + mask + softmax; block_size=128,2048,16384,2048,float32,0.125,25,100,57,1441.9840574264526,128,0,Tesla T4,7.5,2.11.0+cu128,12.8,2026-08-23T19:10:00.874586+00:00
ca87722a00ebf585cd788c67949e7c0b32dca788,custom_cuda,warp-reduction custom CUDA fused scale + mask + softmax; block_size=128,2048,16384,2048,float32,0.125,25,100,58,1457.1199417114258,128,0,Tesla T4,7.5,2.11.0+cu128,12.8,2026-08-23T19:10:00.874586+00:00
ca87722a00ebf585cd788c67949e7c0b32dca788,custom_cuda,warp-reduction custom CUDA fused scale + mask + softmax; block_size=128,2048,16384,2048,float32,0.125,25,100,59,1435.647964477539,128,0,Tesla T4,7.5,2.11.0+cu128,12.8,2026-08-23T19:10:00.874586+00:00
ca87722a00ebf585cd788c67949e7c0b32dca788,custom_cuda,warp-reduction custom CUDA fused scale + mask + softmax; block_size=128,2048,16384,2048,float32,0.125,25,100,60,1442.5599575042725,128,0,Tesla T4,7.5,2.11.0+cu128,12.8,2026-08-23T19:10:00.874586+00:00
ca87722a00ebf585cd788c67949e7c0b32dca788,custom_cuda,warp-reduction custom CUDA fused scale + mask + softmax; block_size=128,2048,16384,2048,float32,0.125,25,100,61,1443.2640075683594,128,0,Tesla T4,7.5,2.11.0+cu128,12.8,2026-08-23T19:10:00.874586+00:00
ca87722a00ebf585cd788c67949e7c0b32dca788,custom_cuda,warp-reduction custom CUDA fused scale + mask + softmax; block_size=128,2048,16384,2048,float32,0.125,25,100,62,1445.8880424499512,128,0,Tesla T4,7.5,2.11.0+cu128,12.8,2026-08-23T19:10:00.874586+00:00
ca87722a00ebf585cd788c67949e7c0b32dca788,custom_cuda,warp-reduction custom CUDA fused scale + mask + softmax; block_size=128,2048,16384,2048,float32,0.125,25,100,63,1443.8719749450684,128,0,Tesla T4,7.5,2.11.0+cu128,12.8,2026-08-23T19:10:00.874586+00:00
ca87722a00ebf585cd788c67949e7c0b32dca788,custom_cuda,warp-reduction custom CUDA fused scale + mask + softmax; block_size=128,2048,16384,2048,float32,0.125,25,100,64,1458.5920572280884,128,0,Tesla T4,7.5,2.11.0+cu128,12.8,2026-08-23T19:10:00.874586+00:00
ca87722a00ebf585cd788c67949e7c0b32dca788,custom_cuda,warp-reduction custom CUDA fused scale + mask + softmax; block_size=128,2048,16384,2048,float32,0.125,25,100,65,1460.5120420455933,128,0,Tesla T4,7.5,2.11.0+cu128,12.8,2026-08-23T19:10:00.874586+00:00
ca87722a00ebf585cd788c67949e7c0b32dca788,custom_cuda,warp-reduction custom CUDA fused scale + mask + softmax; block_size=128,2048,16384,2048,float32,0.125,25,100,66,1442.3680305480957,128,0,Tesla T4,7.5,2.11.0+cu128,12.8,2026-08-23T19:10:00.874586+00:00
ca87722a00ebf585cd788c67949e7c0b32dca788,custom_cuda,warp-reduction custom CUDA fused scale + mask + softmax; block_size=128,2048,16384,2048,float32,0.125,25,100,67,1443.77601146698,128,0,Tesla T4,7.5,2.11.0+cu128,12.8,2026-08-23T19:10:00.874586+00:00
ca87722a00ebf585cd788c67949e7c0b32dca788,custom_cuda,warp-reduction custom CUDA fused scale + mask + softmax; block_size=128,2048,16384,2048,float32,0.125,25,100,68,1448.0960369110107,128,0,Tesla T4,7.5,2.11.0+cu128,12.8,2026-08-23T19:10:00.874586+00:00
ca87722a00ebf585cd788c67949e7c0b32dca788,custom_cuda,warp-reduction custom CUDA fused scale + mask + softmax; block_size=128,2048,16384,2048,float32,0.125,25,100,69,1441.9200420379639,128,0,Tesla T4,7.5,2.11.0+cu128,12.8,2026-08-23T19:10:00.874586+00:00
ca87722a00ebf585cd788c67949e7c0b32dca788,custom_cuda,warp-reduction custom CUDA fused scale + mask + softmax; block_size=128,2048,16384,2048,float32,0.125,25,100,70,1435.871958732605,128,0,Tesla T4,7.5,2.11.0+cu128,12.8,2026-08-23T19:10:00.874586+00:00
ca87722a00ebf585cd788c67949e7c0b32dca788,custom_cuda,warp-reduction custom CUDA fused scale + mask + softmax; block_size=128,2048,16384,2048,float32,0.125,25,100,71,1448.0960369110107,128,0,Tesla T4,7.5,2.11.0+cu128,12.8,2026-08-23T19:10:00.874586+00:00
ca87722a00ebf585cd788c67949e7c0b32dca788,custom_cuda,warp-reduction custom CUDA fused scale + mask + softmax; block_size=128,2048,16384,2048,float32,0.125,25,100,72,1441.7920112609863,128,0,Tesla T4,7.5,2.11.0+cu128,12.8,2026-08-23T19:10:00.874586+00:00
ca87722a00ebf585cd788c67949e7c0b32dca788,custom_cuda,warp-reduction custom CUDA fused scale + mask + softmax; block_size=128,2048,16384,2048,float32,0.125,25,100,73,1468.2879447937012,128,0,Tesla T4,7.5,2.11.0+cu128,12.8,2026-08-23T19:10:00.874586+00:00
ca87722a00ebf585cd788c67949e7c0b32dca788,custom_cuda,warp-reduction custom CUDA fused scale + mask + softmax; block_size=128,2048,16384,2048,float32,0.125,25,100,74,1439.743995666504,128,0,Tesla T4,7.5,2.11.0+cu128,12.8,2026-08-23T19:10:00.874586+00:00
ca87722a00ebf585cd788c67949e7c0b32dca788,custom_cuda,warp-reduction custom CUDA fused scale + mask + softmax; block_size=128,2048,16384,2048,float32,0.125,25,100,75,1449.9839544296265,128,0,Tesla T4,7.5,2.11.0+cu128,12.8,2026-08-23T19:10:00.874586+00:00
ca87722a00ebf585cd788c67949e7c0b32dca788,custom_cuda,warp-reduction custom CUDA fused scale + mask + softmax; block_size=128,2048,16384,2048,float32,0.125,25,100,76,1442.2080516815186,128,0,Tesla T4,7.5,2.11.0+cu128,12.8,2026-08-23T19:10:00.874586+00:00
ca87722a00ebf585cd788c67949e7c0b32dca788,custom_cuda,warp-reduction custom CUDA fused scale + mask + softmax; block_size=128,2048,16384,2048,float32,0.125,25,100,77,1437.6319646835327,128,0,Tesla T4,7.5,2.11.0+cu128,12.8,2026-08-23T19:10:00.874586+00:00
ca87722a00ebf585cd788c67949e7c0b32dca788,custom_cuda,warp-reduction custom CUDA fused scale + mask + softmax; block_size=128,2048,16384,2048,float32,0.125,25,100,78,1442.7200555801392,128,0,Tesla T4,7.5,2.11.0+cu128,12.8,2026-08-23T19:10:00.874586+00:00
ca87722a00ebf585cd788c67949e7c0b32dca788,custom_cuda,warp-reduction custom CUDA fused scale + mask + softmax; block_size=128,2048,16384,2048,float32,0.125,25,100,79,1458.1760168075562,128,0,Tesla T4,7.5,2.11.0+cu128,12.8,2026-08-23T19:10:00.874586+00:00
ca87722a00ebf585cd788c67949e7c0b32dca788,custom_cuda,warp-reduction custom CUDA fused scale + mask + softmax; block_size=128,2048,16384,2048,float32,0.125,25,100,80,1442.68798828125,128,0,Tesla T4,7.5,2.11.0+cu128,12.8,2026-08-23T19:10:00.874586+00:00
ca87722a00ebf585cd788c67949e7c0b32dca788,custom_cuda,warp-reduction custom CUDA fused scale + mask + softmax; block_size=128,2048,16384,2048,float32,0.125,25,100,81,1439.3600225448608,128,0,Tesla T4,7.5,2.11.0+cu128,12.8,2026-08-23T19:10:00.874586+00:00
ca87722a00ebf585cd788c67949e7c0b32dca788,custom_cuda,warp-reduction custom CUDA fused scale + mask + softmax; block_size=128,2048,16384,2048,float32,0.125,25,100,82,1441.9519901275635,128,0,Tesla T4,7.5,2.11.0+cu128,12.8,2026-08-23T19:10:00.874586+00:00
ca87722a00ebf585cd788c67949e7c0b32dca788,custom_cuda,warp-reduction custom CUDA fused scale + mask + softmax; block_size=128,2048,16384,2048,float32,0.125,25,100,83,1438.431978225708,128,0,Tesla T4,7.5,2.11.0+cu128,12.8,2026-08-23T19:10:00.874586+00:00
ca87722a00ebf585cd788c67949e7c0b32dca788,custom_cuda,warp-reduction custom CUDA fused scale + mask + softmax; block_size=128,2048,16384,2048,float32,0.125,25,100,84,1443.8400268554688,128,0,Tesla T4,7.5,2.11.0+cu128,12.8,2026-08-23T19:10:00.874586+00:00
ca87722a00ebf585cd788c67949e7c0b32dca788,custom_cuda,warp-reduction custom CUDA fused scale + mask + softmax; block_size=128,2048,16384,2048,float32,0.125,25,100,85,1439.743995666504,128,0,Tesla T4,7.5,2.11.0+cu128,12.8,2026-08-23T19:10:00.874586+00:00
ca87722a00ebf585cd788c67949e7c0b32dca788,custom_cuda,warp-reduction custom CUDA fused scale + mask + softmax; block_size=128,2048,16384,2048,float32,0.125,25,100,86,1441.6320323944092,128,0,Tesla T4,7.5,2.11.0+cu128,12.8,2026-08-23T19:10:00.874586+00:00
ca87722a00ebf585cd788c67949e7c0b32dca788,custom_cuda,warp-reduction custom CUDA fused scale + mask + softmax; block_size=128,2048,16384,2048,float32,0.125,25,100,87,1445.3120231628418,128,0,Tesla T4,7.5,2.11.0+cu128,12.8,2026-08-23T19:10:00.874586+00:00
ca87722a00ebf585cd788c67949e7c0b32dca788,custom_cuda,warp-reduction custom CUDA fused scale + mask + softmax; block_size=128,2048,16384,2048,float32,0.125,25,100,88,1456.4160108566284,128,0,Tesla T4,7.5,2.11.0+cu128,12.8,2026-08-23T19:10:00.874586+00:00
ca87722a00ebf585cd788c67949e7c0b32dca788,custom_cuda,warp-reduction custom CUDA fused scale + mask + softmax; block_size=128,2048,16384,2048,float32,0.125,25,100,89,1444.8000192642212,128,0,Tesla T4,7.5,2.11.0+cu128,12.8,2026-08-23T19:10:00.874586+00:00
ca87722a00ebf585cd788c67949e7c0b32dca788,custom_cuda,warp-reduction custom CUDA fused scale + mask + softmax; block_size=128,2048,16384,2048,float32,0.125,25,100,90,1435.647964477539,128,0,Tesla T4,7.5,2.11.0+cu128,12.8,2026-08-23T19:10:00.874586+00:00
ca87722a00ebf585cd788c67949e7c0b32dca788,custom_cuda,warp-reduction custom CUDA fused scale + mask + softmax; block_size=128,2048,16384,2048,float32,0.125,25,100,91,1442.5280094146729,128,0,Tesla T4,7.5,2.11.0+cu128,12.8,2026-08-23T19:10:00.874586+00:00
ca87722a00ebf585cd788c67949e7c0b32dca788,custom_cuda,warp-reduction custom CUDA fused scale + mask + softmax; block_size=128,2048,16384,2048,float32,0.125,25,100,92,1435.3280067443848,128,0,Tesla T4,7.5,2.11.0+cu128,12.8,2026-08-23T19:10:00.874586+00:00
ca87722a00ebf585cd788c67949e7c0b32dca788,custom_cuda,warp-reduction custom CUDA fused scale + mask + softmax; block_size=128,2048,16384,2048,float32,0.125,25,100,93,1444.86403465271,128,0,Tesla T4,7.5,2.11.0+cu128,12.8,2026-08-23T19:10:00.874586+00:00
ca87722a00ebf585cd788c67949e7c0b32dca788,custom_cuda,warp-reduction custom CUDA fused scale + mask + softmax; block_size=128,2048,16384,2048,float32,0.125,25,100,94,1438.2719993591309,128,0,Tesla T4,7.5,2.11.0+cu128,12.8,2026-08-23T19:10:00.874586+00:00
ca87722a00ebf585cd788c67949e7c0b32dca788,custom_cuda,warp-reduction custom CUDA fused scale + mask + softmax; block_size=128,2048,16384,2048,float32,0.125,25,100,95,1425.1519441604614,128,0,Tesla T4,7.5,2.11.0+cu128,12.8,2026-08-23T19:10:00.874586+00:00
ca87722a00ebf585cd788c67949e7c0b32dca788,custom_cuda,warp-reduction custom CUDA fused scale + mask + softmax; block_size=128,2048,16384,2048,float32,0.125,25,100,96,1437.343955039978,128,0,Tesla T4,7.5,2.11.0+cu128,12.8,2026-08-23T19:10:00.874586+00:00
ca87722a00ebf585cd788c67949e7c0b32dca788,custom_cuda,warp-reduction custom CUDA fused scale + mask + softmax; block_size=128,2048,16384,2048,float32,0.125,25,100,97,1422.144055366516,128,0,Tesla T4,7.5,2.11.0+cu128,12.8,2026-08-23T19:10:00.874586+00:00
ca87722a00ebf585cd788c67949e7c0b32dca788,custom_cuda,warp-reduction custom CUDA fused scale + mask + softmax; block_size=128,2048,16384,2048,float32,0.125,25,100,98,1435.520052909851,128,0,Tesla T4,7.5,2.11.0+cu128,12.8,2026-08-23T19:10:00.874586+00:00
ca87722a00ebf585cd788c67949e7c0b32dca788,custom_cuda,warp-reduction custom CUDA fused scale + mask + softmax; block_size=128,2048,16384,2048,float32,0.125,25,100,99,1435.3599548339844,128,0,Tesla T4,7.5,2.11.0+cu128,12.8,2026-08-23T19:10:00.874586+00:00
ca87722a00ebf585cd788c67949e7c0b32dca788,custom_cuda,warp-reduction custom CUDA fused scale + mask + softmax; block_size=256,128,1024,128,float32,0.125,25,100,0,47.10400104522705,256,0,Tesla T4,7.5,2.11.0+cu128,12.8,2026-08-23T19:10:04.248711+00:00
ca87722a00ebf585cd788c67949e7c0b32dca788,custom_cuda,warp-reduction custom CUDA fused scale + mask + softmax; block_size=256,128,1024,128,float32,0.125,25,100,1,40.95999896526337,256,0,Tesla T4,7.5,2.11.0+cu128,12.8,2026-08-23T19:10:04.248711+00:00
ca87722a00ebf585cd788c67949e7c0b32dca788,custom_cuda,warp-reduction custom CUDA fused scale + mask + softmax; block_size=256,128,1024,128,float32,0.125,25,100,2,38.94399851560593,256,0,Tesla T4,7.5,2.11.0+cu128,12.8,2026-08-23T19:10:04.248711+00:00
ca87722a00ebf585cd788c67949e7c0b32dca788,custom_cuda,warp-reduction custom CUDA fused scale + mask + softmax; block_size=256,128,1024,128,float32,0.125,25,100,3,38.816001266241074,256,0,Tesla T4,7.5,2.11.0+cu128,12.8,2026-08-23T19:10:04.248711+00:00
ca87722a00ebf585cd788c67949e7c0b32dca788,custom_cuda,warp-reduction custom CUDA fused scale + mask + softmax; block_size=256,128,1024,128,float32,0.125,25,100,4,37.88800165057182,256,0,Tesla T4,7.5,2.11.0+cu128,12.8,2026-08-23T19:10:04.248711+00:00
ca87722a00ebf585cd788c67949e7c0b32dca788,custom_cuda,warp-reduction custom CUDA fused scale + mask + softmax; block_size=256,128,1024,128,float32,0.125,25,100,5,38.07999938726425,256,0,Tesla T4,7.5,2.11.0+cu128,12.8,2026-08-23T19:10:04.248711+00:00
ca87722a00ebf585cd788c67949e7c0b32dca788,custom_cuda,warp-reduction custom CUDA fused scale + mask + softmax; block_size=256,128,1024,128,float32,0.125,25,100,6,43.007999658584595,256,0,Tesla T4,7.5,2.11.0+cu128,12.8,2026-08-23T19:10:04.248711+00:00
ca87722a00ebf585cd788c67949e7c0b32dca788,custom_cuda,warp-reduction custom CUDA fused scale + mask + softmax; block_size=256,128,1024,128,float32,0.125,25,100,7,40.991999208927155,256,0,Tesla T4,7.5,2.11.0+cu128,12.8,2026-08-23T19:10:04.248711+00:00
ca87722a00ebf585cd788c67949e7c0b32dca788,custom_cuda,warp-reduction custom CUDA fused scale + mask + softmax; block_size=256,128,1024,128,float32,0.125,25,100,8,38.72000053524971,256,0,Tesla T4,7.5,2.11.0+cu128,12.8,2026-08-23T19:10:04.248711+00:00
ca87722a00ebf585cd788c67949e7c0b32dca788,custom_cuda,warp-reduction custom CUDA fused scale + mask + softmax; block_size=256,128,1024,128,float32,0.125,25,100,9,37.728000432252884,256,0,Tesla T4,7.5,2.11.0+cu128,12.8,2026-08-23T19:10:04.248711+00:00
ca87722a00ebf585cd788c67949e7c0b32dca788,custom_cuda,warp-reduction custom CUDA fused scale + mask + softmax; block_size=256,128,1024,128,float32,0.125,25,100,10,37.21600025892258,256,0,Tesla T4,7.5,2.11.0+cu128,12.8,2026-08-23T19:10:04.248711+00:00
ca87722a00ebf585cd788c67949e7c0b32dca788,custom_cuda,warp-reduction custom CUDA fused scale + mask + softmax; block_size=256,128,1024,128,float32,0.125,25,100,11,37.248000502586365,256,0,Tesla T4,7.5,2.11.0+cu128,12.8,2026-08-23T19:10:04.248711+00:00
ca87722a00ebf585cd788c67949e7c0b32dca788,custom_cuda,warp-reduction custom CUDA fused scale + mask + softmax; block_size=256,128,1024,128,float32,0.125,25,100,12,37.408001720905304,256,0,Tesla T4,7.5,2.11.0+cu128,12.8,2026-08-23T19:10:04.248711+00:00
ca87722a00ebf585cd788c67949e7c0b32dca788,custom_cuda,warp-reduction custom CUDA fused scale + mask + softmax; block_size=256,128,1024,128,float32,0.125,25,100,13,37.21600025892258,256,0,Tesla T4,7.5,2.11.0+cu128,12.8,2026-08-23T19:10:04.248711+00:00
ca87722a00ebf585cd788c67949e7c0b32dca788,custom_cuda,warp-reduction custom CUDA fused scale + mask + softmax; block_size=256,128,1024,128,float32,0.125,25,100,14,37.696000188589096,256,0,Tesla T4,7.5,2.11.0+cu128,12.8,2026-08-23T19:10:04.248711+00:00
ca87722a00ebf585cd788c67949e7c0b32dca788,custom_cuda,warp-reduction custom CUDA fused scale + mask + softmax; block_size=256,128,1024,128,float32,0.125,25,100,15,38.59199956059456,256,0,Tesla T4,7.5,2.11.0+cu128,12.8,2026-08-23T19:10:04.248711+00:00
ca87722a00ebf585cd788c67949e7c0b32dca788,custom_cuda,warp-reduction custom CUDA fused scale + mask + softmax; block_size=256,128,1024,128,float32,0.125,25,100,16,38.55999931693077,256,0,Tesla T4,7.5,2.11.0+cu128,12.8,2026-08-23T19:10:04.248711+00:00
ca87722a00ebf585cd788c67949e7c0b32dca788,custom_cuda,warp-reduction custom CUDA fused scale + mask + softmax; block_size=256,128,1024,128,float32,0.125,25,100,17,38.656000047922134,256,0,Tesla T4,7.5,2.11.0+cu128,12.8,2026-08-23T19:10:04.248711+00:00
ca87722a00ebf585cd788c67949e7c0b32dca788,custom_cuda,warp-reduction custom CUDA fused scale + mask + softmax; block_size=256,128,1024,128,float32,0.125,25,100,18,38.176000118255615,256,0,Tesla T4,7.5,2.11.0+cu128,12.8,2026-08-23T19:10:04.248711+00:00
ca87722a00ebf585cd788c67949e7c0b32dca788,custom_cuda,warp-reduction custom CUDA fused scale + mask + softmax; block_size=256,128,1024,128,float32,0.125,25,100,19,36.959998309612274,256,0,Tesla T4,7.5,2.11.0+cu128,12.8,2026-08-23T19:10:04.248711+00:00
ca87722a00ebf585cd788c67949e7c0b32dca788,custom_cuda,warp-reduction custom CUDA fused scale + mask + softmax; block_size=256,128,1024,128,float32,0.125,25,100,20,37.567999213933945,256,0,Tesla T4,7.5,2.11.0+cu128,12.8,2026-08-23T19:10:04.248711+00:00
ca87722a00ebf585cd788c67949e7c0b32dca788,custom_cuda,warp-reduction custom CUDA fused scale + mask + softmax; block_size=256,128,1024,128,float32,0.125,25,100,21,38.784001022577286,256,0,Tesla T4,7.5,2.11.0+cu128,12.8,2026-08-23T19:10:04.248711+00:00
ca87722a00ebf585cd788c67949e7c0b32dca788,custom_cuda,warp-reduction custom CUDA fused scale + mask + softmax; block_size=256,128,1024,128,float32,0.125,25,100,22,36.896001547575,256,0,Tesla T4,7.5,2.11.0+cu128,12.8,2026-08-23T19:10:04.248711+00:00
ca87722a00ebf585cd788c67949e7c0b32dca788,custom_cuda,warp-reduction custom CUDA fused scale + mask + softmax; block_size=256,128,1024,128,float32,0.125,25,100,23,37.50399872660637,256,0,Tesla T4,7.5,2.11.0+cu128,12.8,2026-08-23T19:10:04.248711+00:00
ca87722a00ebf585cd788c67949e7c0b32dca788,custom_cuda,warp-reduction custom CUDA fused scale + mask + softmax; block_size=256,128,1024,128,float32,0.125,25,100,24,39.99999910593033,256,0,Tesla T4,7.5,2.11.0+cu128,12.8,2026-08-23T19:10:04.248711+00:00
ca87722a00ebf585cd788c67949e7c0b32dca788,custom_cuda,warp-reduction custom CUDA fused scale + mask + softmax; block_size=256,128,1024,128,float32,0.125,25,100,25,40.25600105524063,256,0,Tesla T4,7.5,2.11.0+cu128,12.8,2026-08-23T19:10:04.248711+00:00
ca87722a00ebf585cd788c67949e7c0b32dca788,custom_cuda,warp-reduction custom CUDA fused scale + mask + softmax; block_size=256,128,1024,128,float32,0.125,25,100,26,36.959998309612274,256,0,Tesla T4,7.5,2.11.0+cu128,12.8,2026-08-23T19:10:04.248711+00:00
ca87722a00ebf585cd788c67949e7c0b32dca788,custom_cuda,warp-reduction custom CUDA fused scale + mask + softmax; block_size=256,128,1024,128,float32,0.125,25,100,27,37.53599897027016,256,0,Tesla T4,7.5,2.11.0+cu128,12.8,2026-08-23T19:10:04.248711+00:00
ca87722a00ebf585cd788c67949e7c0b32dca788,custom_cuda,warp-reduction custom CUDA fused scale + mask + softmax; block_size=256,128,1024,128,float32,0.125,25,100,28,38.07999938726425,256,0,Tesla T4,7.5,2.11.0+cu128,12.8,2026-08-23T19:10:04.248711+00:00
ca87722a00ebf585cd788c67949e7c0b32dca788,custom_cuda,warp-reduction custom CUDA fused scale + mask + softmax; block_size=256,128,1024,128,float32,0.125,25,100,29,38.40000182390213,256,0,Tesla T4,7.5,2.11.0+cu128,12.8,2026-08-23T19:10:04.248711+00:00
ca87722a00ebf585cd788c67949e7c0b32dca788,custom_cuda,warp-reduction custom CUDA fused scale + mask + softmax; block_size=256,128,1024,128,float32,0.125,25,100,30,37.05599904060364,256,0,Tesla T4,7.5,2.11.0+cu128,12.8,2026-08-23T19:10:04.248711+00:00
ca87722a00ebf585cd788c67949e7c0b32dca788,custom_cuda,warp-reduction custom CUDA fused scale + mask + softmax; block_size=256,128,1024,128,float32,0.125,25,100,31,37.82400116324425,256,0,Tesla T4,7.5,2.11.0+cu128,12.8,2026-08-23T19:10:04.248711+00:00
ca87722a00ebf585cd788c67949e7c0b32dca788,custom_cuda,warp-reduction custom CUDA fused scale + mask + softmax; block_size=256,128,1024,128,float32,0.125,25,100,32,38.047999143600464,256,0,Tesla T4,7.5,2.11.0+cu128,12.8,2026-08-23T19:10:04.248711+00:00
ca87722a00ebf585cd788c67949e7c0b32dca788,custom_cuda,warp-reduction custom CUDA fused scale + mask + softmax; block_size=256,128,1024,128,float32,0.125,25,100,33,38.047999143600464,256,0,Tesla T4,7.5,2.11.0+cu128,12.8,2026-08-23T19:10:04.248711+00:00
ca87722a00ebf585cd788c67949e7c0b32dca788,custom_cuda,warp-reduction custom CUDA fused scale + mask + softmax; block_size=256,128,1024,128,float32,0.125,25,100,34,37.248000502586365,256,0,Tesla T4,7.5,2.11.0+cu128,12.8,2026-08-23T19:10:04.248711+00:00
ca87722a00ebf585cd788c67949e7c0b32dca788,custom_cuda,warp-reduction custom CUDA fused scale + mask + softmax; block_size=256,128,1024,128,float32,0.125,25,100,35,36.896001547575,256,0,Tesla T4,7.5,2.11.0+cu128,12.8,2026-08-23T19:10:04.248711+00:00
ca87722a00ebf585cd788c67949e7c0b32dca788,custom_cuda,warp-reduction custom CUDA fused scale + mask + softmax; block_size=256,128,1024,128,float32,0.125,25,100,36,37.47199848294258,256,0,Tesla T4,7.5,2.11.0+cu128,12.8,2026-08-23T19:10:04.248711+00:00
ca87722a00ebf585cd788c67949e7c0b32dca788,custom_cuda,warp-reduction custom CUDA fused scale + mask + softmax; block_size=256,128,1024,128,float32,0.125,25,100,37,36.896001547575,256,0,Tesla T4,7.5,2.11.0+cu128,12.8,2026-08-23T19:10:04.248711+00:00
ca87722a00ebf585cd788c67949e7c0b32dca788,custom_cuda,warp-reduction custom CUDA fused scale + mask + softmax; block_size=256,128,1024,128,float32,0.125,25,100,38,38.91199827194214,256,0,Tesla T4,7.5,2.11.0+cu128,12.8,2026-08-23T19:10:04.248711+00:00
ca87722a00ebf585cd788c67949e7c0b32dca788,custom_cuda,warp-reduction custom CUDA fused scale + mask + softmax; block_size=256,128,1024,128,float32,0.125,25,100,39,38.11199963092804,256,0,Tesla T4,7.5,2.11.0+cu128,12.8,2026-08-23T19:10:04.248711+00:00
ca87722a00ebf585cd788c67949e7c0b32dca788,custom_cuda,warp-reduction custom CUDA fused scale + mask + softmax; block_size=256,128,1024,128,float32,0.125,25,100,40,37.11999952793121,256,0,Tesla T4,7.5,2.11.0+cu128,12.8,2026-08-23T19:10:04.248711+00:00
ca87722a00ebf585cd788c67949e7c0b32dca788,custom_cuda,warp-reduction custom CUDA fused scale + mask + softmax; block_size=256,128,1024,128,float32,0.125,25,100,41,37.05599904060364,256,0,Tesla T4,7.5,2.11.0+cu128,12.8,2026-08-23T19:10:04.248711+00:00
ca87722a00ebf585cd788c67949e7c0b32dca788,custom_cuda,warp-reduction custom CUDA fused scale + mask + softmax; block_size=256,128,1024,128,float32,0.125,25,100,42,59.84000116586685,256,0,Tesla T4,7.5,2.11.0+cu128,12.8,2026-08-23T19:10:04.248711+00:00
ca87722a00ebf585cd788c67949e7c0b32dca788,custom_cuda,warp-reduction custom CUDA fused scale + mask + softmax; block_size=256,128,1024,128,float32,0.125,25,100,43,41.50399938225746,256,0,Tesla T4,7.5,2.11.0+cu128,12.8,2026-08-23T19:10:04.248711+00:00
ca87722a00ebf585cd788c67949e7c0b32dca788,custom_cuda,warp-reduction custom CUDA fused scale + mask + softmax; block_size=256,128,1024,128,float32,0.125,25,100,44,39.712000638246536,256,0,Tesla T4,7.5,2.11.0+cu128,12.8,2026-08-23T19:10:04.248711+00:00
ca87722a00ebf585cd788c67949e7c0b32dca788,custom_cuda,warp-reduction custom CUDA fused scale + mask + softmax; block_size=256,128,1024,128,float32,0.125,25,100,45,40.95999896526337,256,0,Tesla T4,7.5,2.11.0+cu128,12.8,2026-08-23T19:10:04.248711+00:00
ca87722a00ebf585cd788c67949e7c0b32dca788,custom_cuda,warp-reduction custom CUDA fused scale + mask + softmax; block_size=256,128,1024,128,float32,0.125,25,100,46,40.44799879193306,256,0,Tesla T4,7.5,2.11.0+cu128,12.8,2026-08-23T19:10:04.248711+00:00
ca87722a00ebf585cd788c67949e7c0b32dca788,custom_cuda,warp-reduction custom CUDA fused scale + mask + softmax; block_size=256,128,1024,128,float32,0.125,25,100,47,39.39199820160866,256,0,Tesla T4,7.5,2.11.0+cu128,12.8,2026-08-23T19:10:04.248711+00:00
ca87722a00ebf585cd788c67949e7c0b32dca788,custom_cuda,warp-reduction custom CUDA fused scale + mask + softmax; block_size=256,128,1024,128,float32,0.125,25,100,48,40.352001786231995,256,0,Tesla T4,7.5,2.11.0+cu128,12.8,2026-08-23T19:10:04.248711+00:00
ca87722a00ebf585cd788c67949e7c0b32dca788,custom_cuda,warp-reduction custom CUDA fused scale + mask + softmax; block_size=256,128,1024,128,float32,0.125,25,100,49,39.29600119590759,256,0,Tesla T4,7.5,2.11.0+cu128,12.8,2026-08-23T19:10:04.248711+00:00
ca87722a00ebf585cd788c67949e7c0b32dca788,custom_cuda,warp-reduction custom CUDA fused scale + mask + softmax; block_size=256,128,1024,128,float32,0.125,25,100,50,43.71200129389763,256,0,Tesla T4,7.5,2.11.0+cu128,12.8,2026-08-23T19:10:04.248711+00:00
ca87722a00ebf585cd788c67949e7c0b32dca788,custom_cuda,warp-reduction custom CUDA fused scale + mask + softmax; block_size=256,128,1024,128,float32,0.125,25,100,51,38.816001266241074,256,0,Tesla T4,7.5,2.11.0+cu128,12.8,2026-08-23T19:10:04.248711+00:00
ca87722a00ebf585cd788c67949e7c0b32dca788,custom_cuda,warp-reduction custom CUDA fused scale + mask + softmax; block_size=256,128,1024,128,float32,0.125,25,100,52,40.991999208927155,256,0,Tesla T4,7.5,2.11.0+cu128,12.8,2026-08-23T19:10:04.248711+00:00
ca87722a00ebf585cd788c67949e7c0b32dca788,custom_cuda,warp-reduction custom CUDA fused scale + mask + softmax; block_size=256,128,1024,128,float32,0.125,25,100,53,40.063999593257904,256,0,Tesla T4,7.5,2.11.0+cu128,12.8,2026-08-23T19:10:04.248711+00:00
ca87722a00ebf585cd788c67949e7c0b32dca788,custom_cuda,warp-reduction custom CUDA fused scale + mask + softmax; block_size=256,128,1024,128,float32,0.125,25,100,54,38.7520007789135,256,0,Tesla T4,7.5,2.11.0+cu128,12.8,2026-08-23T19:10:04.248711+00:00
ca87722a00ebf585cd788c67949e7c0b32dca788,custom_cuda,warp-reduction custom CUDA fused scale + mask + softmax; block_size=256,128,1024,128,float32,0.125,25,100,55,39.20000046491623,256,0,Tesla T4,7.5,2.11.0+cu128,12.8,2026-08-23T19:10:04.248711+00:00
ca87722a00ebf585cd788c67949e7c0b32dca788,custom_cuda,warp-reduction custom CUDA fused scale + mask + softmax; block_size=256,128,1024,128,float32,0.125,25,100,56,39.20000046491623,256,0,Tesla T4,7.5,2.11.0+cu128,12.8,2026-08-23T19:10:04.248711+00:00
ca87722a00ebf585cd788c67949e7c0b32dca788,custom_cuda,warp-reduction custom CUDA fused scale + mask + softmax; block_size=256,128,1024,128,float32,0.125,25,100,57,61.47199869155884,256,0,Tesla T4,7.5,2.11.0+cu128,12.8,2026-08-23T19:10:04.248711+00:00
ca87722a00ebf585cd788c67949e7c0b32dca788,custom_cuda,warp-reduction custom CUDA fused scale + mask + softmax; block_size=256,128,1024,128,float32,0.125,25,100,58,41.05599969625473,256,0,Tesla T4,7.5,2.11.0+cu128,12.8,2026-08-23T19:10:04.248711+00:00
ca87722a00ebf585cd788c67949e7c0b32dca788,custom_cuda,warp-reduction custom CUDA fused scale + mask + softmax; block_size=256,128,1024,128,float32,0.125,25,100,59,39.0079990029335,256,0,Tesla T4,7.5,2.11.0+cu128,12.8,2026-08-23T19:10:04.248711+00:00
ca87722a00ebf585cd788c67949e7c0b32dca788,custom_cuda,warp-reduction custom CUDA fused scale + mask + softmax; block_size=256,128,1024,128,float32,0.125,25,100,60,39.135999977588654,256,0,Tesla T4,7.5,2.11.0+cu128,12.8,2026-08-23T19:10:04.248711+00:00
ca87722a00ebf585cd788c67949e7c0b32dca788,custom_cuda,warp-reduction custom CUDA fused scale + mask + softmax; block_size=256,128,1024,128,float32,0.125,25,100,61,38.91199827194214,256,0,Tesla T4,7.5,2.11.0+cu128,12.8,2026-08-23T19:10:04.248711+00:00
ca87722a00ebf585cd788c67949e7c0b32dca788,custom_cuda,warp-reduction custom CUDA fused scale + mask + softmax; block_size=256,128,1024,128,float32,0.125,25,100,62,43.58400031924248,256,0,Tesla T4,7.5,2.11.0+cu128,12.8,2026-08-23T19:10:04.248711+00:00
ca87722a00ebf585cd788c67949e7c0b32dca788,custom_cuda,warp-reduction custom CUDA fused scale + mask + softmax; block_size=256,128,1024,128,float32,0.125,25,100,63,39.77600112557411,256,0,Tesla T4,7.5,2.11.0+cu128,12.8,2026-08-23T19:10:04.248711+00:00
ca87722a00ebf585cd788c67949e7c0b32dca788,custom_cuda,warp-reduction custom CUDA fused scale + mask + softmax; block_size=256,128,1024,128,float32,0.125,25,100,64,38.94399851560593,256,0,Tesla T4,7.5,2.11.0+cu128,12.8,2026-08-23T19:10:04.248711+00:00
ca87722a00ebf585cd788c67949e7c0b32dca788,custom_cuda,warp-reduction custom CUDA fused scale + mask + softmax; block_size=256,128,1024,128,float32,0.125,25,100,65,39.07199949026108,256,0,Tesla T4,7.5,2.11.0+cu128,12.8,2026-08-23T19:10:04.248711+00:00
ca87722a00ebf585cd788c67949e7c0b32dca788,custom_cuda,warp-reduction custom CUDA fused scale + mask + softmax; block_size=256,128,1024,128,float32,0.125,25,100,66,40.32000154256821,256,0,Tesla T4,7.5,2.11.0+cu128,12.8,2026-08-23T19:10:04.248711+00:00
ca87722a00ebf585cd788c67949e7c0b32dca788,custom_cuda,warp-reduction custom CUDA fused scale + mask + softmax; block_size=256,128,1024,128,float32,0.125,25,100,67,39.16800022125244,256,0,Tesla T4,7.5,2.11.0+cu128,12.8,2026-08-23T19:10:04.248711+00:00
ca87722a00ebf585cd788c67949e7c0b32dca788,custom_cuda,warp-reduction custom CUDA fused scale + mask + softmax; block_size=256,128,1024,128,float32,0.125,25,100,68,40.54399952292442,256,0,Tesla T4,7.5,2.11.0+cu128,12.8,2026-08-23T19:10:04.248711+00:00
ca87722a00ebf585cd788c67949e7c0b32dca788,custom_cuda,warp-reduction custom CUDA fused scale + mask + softmax; block_size=256,128,1024,128,float32,0.125,25,100,69,38.91199827194214,256,0,Tesla T4,7.5,2.11.0+cu128,12.8,2026-08-23T19:10:04.248711+00:00
ca87722a00ebf585cd788c67949e7c0b32dca788,custom_cuda,warp-reduction custom CUDA fused scale + mask + softmax; block_size=256,128,1024,128,float32,0.125,25,100,70,38.88000175356865,256,0,Tesla T4,7.5,2.11.0+cu128,12.8,2026-08-23T19:10:04.248711+00:00
ca87722a00ebf585cd788c67949e7c0b32dca788,custom_cuda,warp-reduction custom CUDA fused scale + mask + softmax; block_size=256,128,1024,128,float32,0.125,25,100,71,39.103999733924866,256,0,Tesla T4,7.5,2.11.0+cu128,12.8,2026-08-23T19:10:04.248711+00:00
ca87722a00ebf585cd788c67949e7c0b32dca788,custom_cuda,warp-reduction custom CUDA fused scale + mask + softmax; block_size=256,128,1024,128,float32,0.125,25,100,72,39.16800022125244,256,0,Tesla T4,7.5,2.11.0+cu128,12.8,2026-08-23T19:10:04.248711+00:00
ca87722a00ebf585cd788c67949e7c0b32dca788,custom_cuda,warp-reduction custom CUDA fused scale + mask + softmax; block_size=256,128,1024,128,float32,0.125,25,100,73,51.072001457214355,256,0,Tesla T4,7.5,2.11.0+cu128,12.8,2026-08-23T19:10:04.248711+00:00
ca87722a00ebf585cd788c67949e7c0b32dca788,custom_cuda,warp-reduction custom CUDA fused scale + mask + softmax; block_size=256,128,1024,128,float32,0.125,25,100,74,40.92799872159958,256,0,Tesla T4,7.5,2.11.0+cu128,12.8,2026-08-23T19:10:04.248711+00:00
ca87722a00ebf585cd788c67949e7c0b32dca788,custom_cuda,warp-reduction custom CUDA fused scale + mask + softmax; block_size=256,128,1024,128,float32,0.125,25,100,75,39.264000952243805,256,0,Tesla T4,7.5,2.11.0+cu128,12.8,2026-08-23T19:10:04.248711+00:00
ca87722a00ebf585cd788c67949e7c0b32dca788,custom_cuda,warp-reduction custom CUDA fused scale + mask + softmax; block_size=256,128,1024,128,float32,0.125,25,100,76,40.832001715898514,256,0,Tesla T4,7.5,2.11.0+cu128,12.8,2026-08-23T19:10:04.248711+00:00
ca87722a00ebf585cd788c67949e7c0b32dca788,custom_cuda,warp-reduction custom CUDA fused scale + mask + softmax; block_size=256,128,1024,128,float32,0.125,25,100,77,38.94399851560593,256,0,Tesla T4,7.5,2.11.0+cu128,12.8,2026-08-23T19:10:04.248711+00:00
ca87722a00ebf585cd788c67949e7c0b32dca788,custom_cuda,warp-reduction custom CUDA fused scale + mask + softmax; block_size=256,128,1024,128,float32,0.125,25,100,78,44.19200122356415,256,0,Tesla T4,7.5,2.11.0+cu128,12.8,2026-08-23T19:10:04.248711+00:00
ca87722a00ebf585cd788c67949e7c0b32dca788,custom_cuda,warp-reduction custom CUDA fused scale + mask + softmax; block_size=256,128,1024,128,float32,0.125,25,100,79,39.23200070858002,256,0,Tesla T4,7.5,2.11.0+cu128,12.8,2026-08-23T19:10:04.248711+00:00
ca87722a00ebf585cd788c67949e7c0b32dca788,custom_cuda,warp-reduction custom CUDA fused scale + mask + softmax; block_size=256,128,1024,128,float32,0.125,25,100,80,38.88000175356865,256,0,Tesla T4,7.5,2.11.0+cu128,12.8,2026-08-23T19:10:04.248711+00:00
ca87722a00ebf585cd788c67949e7c0b32dca788,custom_cuda,warp-reduction custom CUDA fused scale + mask + softmax; block_size=256,128,1024,128,float32,0.125,25,100,81,51.16799846291542,256,0,Tesla T4,7.5,2.11.0+cu128,12.8,2026-08-23T19:10:04.248711+00:00
ca87722a00ebf585cd788c67949e7c0b32dca788,custom_cuda,warp-reduction custom CUDA fused scale + mask + softmax; block_size=256,128,1024,128,float32,0.125,25,100,82,53.568001836538315,256,0,Tesla T4,7.5,2.11.0+cu128,12.8,2026-08-23T19:10:04.248711+00:00
ca87722a00ebf585cd788c67949e7c0b32dca788,custom_cuda,warp-reduction custom CUDA fused scale + mask + softmax; block_size=256,128,1024,128,float32,0.125,25,100,83,38.07999938726425,256,0,Tesla T4,7.5,2.11.0+cu128,12.8,2026-08-23T19:10:04.248711+00:00
ca87722a00ebf585cd788c67949e7c0b32dca788,custom_cuda,warp-reduction custom CUDA fused scale + mask + softmax; block_size=256,128,1024,128,float32,0.125,25,100,84,37.18400001525879,256,0,Tesla T4,7.5,2.11.0+cu128,12.8,2026-08-23T19:10:04.248711+00:00
ca87722a00ebf585cd788c67949e7c0b32dca788,custom_cuda,warp-reduction custom CUDA fused scale + mask + softmax; block_size=256,128,1024,128,float32,0.125,25,100,85,36.896001547575,256,0,Tesla T4,7.5,2.11.0+cu128,12.8,2026-08-23T19:10:04.248711+00:00
ca87722a00ebf585cd788c67949e7c0b32dca788,custom_cuda,warp-reduction custom CUDA fused scale + mask + softmax; block_size=256,128,1024,128,float32,0.125,25,100,86,37.53599897027016,256,0,Tesla T4,7.5,2.11.0+cu128,12.8,2026-08-23T19:10:04.248711+00:00
ca87722a00ebf585cd788c67949e7c0b32dca788,custom_cuda,warp-reduction custom CUDA fused scale + mask + softmax; block_size=256,128,1024,128,float32,0.125,25,100,87,36.86400130391121,256,0,Tesla T4,7.5,2.11.0+cu128,12.8,2026-08-23T19:10:04.248711+00:00
ca87722a00ebf585cd788c67949e7c0b32dca788,custom_cuda,warp-reduction custom CUDA fused scale + mask + softmax; block_size=256,128,1024,128,float32,0.125,25,100,88,37.28000074625015,256,0,Tesla T4,7.5,2.11.0+cu128,12.8,2026-08-23T19:10:04.248711+00:00
ca87722a00ebf585cd788c67949e7c0b32dca788,custom_cuda,warp-reduction custom CUDA fused scale + mask + softmax; block_size=256,128,1024,128,float32,0.125,25,100,89,37.21600025892258,256,0,Tesla T4,7.5,2.11.0+cu128,12.8,2026-08-23T19:10:04.248711+00:00
ca87722a00ebf585cd788c67949e7c0b32dca788,custom_cuda,warp-reduction custom CUDA fused scale + mask + softmax; block_size=256,128,1024,128,float32,0.125,25,100,90,47.07200080156326,256,0,Tesla T4,7.5,2.11.0+cu128,12.8,2026-08-23T19:10:04.248711+00:00
ca87722a00ebf585cd788c67949e7c0b32dca788,custom_cuda,warp-reduction custom CUDA fused scale + mask + softmax; block_size=256,128,1024,128,float32,0.125,25,100,91,56.15999922156334,256,0,Tesla T4,7.5,2.11.0+cu128,12.8,2026-08-23T19:10:04.248711+00:00
ca87722a00ebf585cd788c67949e7c0b32dca788,custom_cuda,warp-reduction custom CUDA fused scale + mask + softmax; block_size=256,128,1024,128,float32,0.125,25,100,92,38.7520007789135,256,0,Tesla T4,7.5,2.11.0+cu128,12.8,2026-08-23T19:10:04.248711+00:00
ca87722a00ebf585cd788c67949e7c0b32dca788,custom_cuda,warp-reduction custom CUDA fused scale + mask + softmax; block_size=256,128,1024,128,float32,0.125,25,100,93,38.7520007789135,256,0,Tesla T4,7.5,2.11.0+cu128,12.8,2026-08-23T19:10:04.248711+00:00
ca87722a00ebf585cd788c67949e7c0b32dca788,custom_cuda,warp-reduction custom CUDA fused scale + mask + softmax; block_size=256,128,1024,128,float32,0.125,25,100,94,38.784001022577286,256,0,Tesla T4,7.5,2.11.0+cu128,12.8,2026-08-23T19:10:04.248711+00:00
ca87722a00ebf585cd788c67949e7c0b32dca788,custom_cuda,warp-reduction custom CUDA fused scale + mask + softmax; block_size=256,128,1024,128,float32,0.125,25,100,95,38.2080003619194,256,0,Tesla T4,7.5,2.11.0+cu128,12.8,2026-08-23T19:10:04.248711+00:00
ca87722a00ebf585cd788c67949e7c0b32dca788,custom_cuda,warp-reduction custom CUDA fused scale + mask + softmax; block_size=256,128,1024,128,float32,0.125,25,100,96,37.087999284267426,256,0,Tesla T4,7.5,2.11.0+cu128,12.8,2026-08-23T19:10:04.248711+00:00
ca87722a00ebf585cd788c67949e7c0b32dca788,custom_cuda,warp-reduction custom CUDA fused scale + mask + softmax; block_size=256,128,1024,128,float32,0.125,25,100,97,37.696000188589096,256,0,Tesla T4,7.5,2.11.0+cu128,12.8,2026-08-23T19:10:04.248711+00:00
ca87722a00ebf585cd788c67949e7c0b32dca788,custom_cuda,warp-reduction custom CUDA fused scale + mask + softmax; block_size=256,128,1024,128,float32,0.125,25,100,98,38.24000060558319,256,0,Tesla T4,7.5,2.11.0+cu128,12.8,2026-08-23T19:10:04.248711+00:00
ca87722a00ebf585cd788c67949e7c0b32dca788,custom_cuda,warp-reduction custom CUDA fused scale + mask + softmax; block_size=256,128,1024,128,float32,0.125,25,100,99,36.896001547575,256,0,Tesla T4,7.5,2.11.0+cu128,12.8,2026-08-23T19:10:04.248711+00:00
ca87722a00ebf585cd788c67949e7c0b32dca788,custom_cuda,warp-reduction custom CUDA fused scale + mask + softmax; block_size=256,255,2040,255,float32,0.125,25,100,0,85.05599945783615,256,0,Tesla T4,7.5,2.11.0+cu128,12.8,2026-08-23T19:10:06.751286+00:00
ca87722a00ebf585cd788c67949e7c0b32dca788,custom_cuda,warp-reduction custom CUDA fused scale + mask + softmax; block_size=256,255,2040,255,float32,0.125,25,100,1,63.48799914121628,256,0,Tesla T4,7.5,2.11.0+cu128,12.8,2026-08-23T19:10:06.751286+00:00
ca87722a00ebf585cd788c67949e7c0b32dca788,custom_cuda,warp-reduction custom CUDA fused scale + mask + softmax; block_size=256,255,2040,255,float32,0.125,25,100,2,61.47199869155884,256,0,Tesla T4,7.5,2.11.0+cu128,12.8,2026-08-23T19:10:06.751286+00:00
ca87722a00ebf585cd788c67949e7c0b32dca788,custom_cuda,warp-reduction custom CUDA fused scale + mask + softmax; block_size=256,255,2040,255,float32,0.125,25,100,3,59.55199897289276,256,0,Tesla T4,7.5,2.11.0+cu128,12.8,2026-08-23T19:10:06.751286+00:00
ca87722a00ebf585cd788c67949e7c0b32dca788,custom_cuda,warp-reduction custom CUDA fused scale + mask + softmax; block_size=256,255,2040,255,float32,0.125,25,100,4,58.75200033187866,256,0,Tesla T4,7.5,2.11.0+cu128,12.8,2026-08-23T19:10:06.751286+00:00
ca87722a00ebf585cd788c67949e7c0b32dca788,custom_cuda,warp-reduction custom CUDA fused scale + mask + softmax; block_size=256,255,2040,255,float32,0.125,25,100,5,59.39200147986412,256,0,Tesla T4,7.5,2.11.0+cu128,12.8,2026-08-23T19:10:06.751286+00:00
ca87722a00ebf585cd788c67949e7c0b32dca788,custom_cuda,warp-reduction custom CUDA fused scale + mask + softmax; block_size=256,255,2040,255,float32,0.125,25,100,6,58.17599967122078,256,0,Tesla T4,7.5,2.11.0+cu128,12.8,2026-08-23T19:10:06.751286+00:00
ca87722a00ebf585cd788c67949e7c0b32dca788,custom_cuda,warp-reduction custom CUDA fused scale + mask + softmax; block_size=256,255,2040,255,float32,0.125,25,100,7,58.97599831223488,256,0,Tesla T4,7.5,2.11.0+cu128,12.8,2026-08-23T19:10:06.751286+00:00
ca87722a00ebf585cd788c67949e7c0b32dca788,custom_cuda,warp-reduction custom CUDA fused scale + mask + softmax; block_size=256,255,2040,255,float32,0.125,25,100,8,58.81600081920624,256,0,Tesla T4,7.5,2.11.0+cu128,12.8,2026-08-23T19:10:06.751286+00:00
ca87722a00ebf585cd788c67949e7c0b32dca788,custom_cuda,warp-reduction custom CUDA fused scale + mask + softmax; block_size=256,255,2040,255,float32,0.125,25,100,9,59.039998799562454,256,0,Tesla T4,7.5,2.11.0+cu128,12.8,2026-08-23T19:10:06.751286+00:00
ca87722a00ebf585cd788c67949e7c0b32dca788,custom_cuda,warp-reduction custom CUDA fused scale + mask + softmax; block_size=256,255,2040,255,float32,0.125,25,100,10,59.42400172352791,256,0,Tesla T4,7.5,2.11.0+cu128,12.8,2026-08-23T19:10:06.751286+00:00
ca87722a00ebf585cd788c67949e7c0b32dca788,custom_cuda,warp-reduction custom CUDA fused scale + mask + softmax; block_size=256,255,2040,255,float32,0.125,25,100,11,73.44000041484833,256,0,Tesla T4,7.5,2.11.0+cu128,12.8,2026-08-23T19:10:06.751286+00:00
ca87722a00ebf585cd788c67949e7c0b32dca788,custom_cuda,warp-reduction custom CUDA fused scale + mask + softmax; block_size=256,255,2040,255,float32,0.125,25,100,12,60.896001756191254,256,0,Tesla T4,7.5,2.11.0+cu128,12.8,2026-08-23T19:10:06.751286+00:00
ca87722a00ebf585cd788c67949e7c0b32dca788,custom_cuda,warp-reduction custom CUDA fused scale + mask + softmax; block_size=256,255,2040,255,float32,0.125,25,100,13,59.776000678539276,256,0,Tesla T4,7.5,2.11.0+cu128,12.8,2026-08-23T19:10:06.751286+00:00
ca87722a00ebf585cd788c67949e7c0b32dca788,custom_cuda,warp-reduction custom CUDA fused scale + mask + softmax; block_size=256,255,2040,255,float32,0.125,25,100,14,60.47999858856201,256,0,Tesla T4,7.5,2.11.0+cu128,12.8,2026-08-23T19:10:06.751286+00:00
ca87722a00ebf585cd788c67949e7c0b32dca788,custom_cuda,warp-reduction custom CUDA fused scale + mask + softmax; block_size=256,255,2040,255,float32,0.125,25,100,15,59.39200147986412,256,0,Tesla T4,7.5,2.11.0+cu128,12.8,2026-08-23T19:10:06.751286+00:00
ca87722a00ebf585cd788c67949e7c0b32dca788,custom_cuda,warp-reduction custom CUDA fused scale + mask + softmax; block_size=256,255,2040,255,float32,0.125,25,100,16,59.39200147986412,256,0,Tesla T4,7.5,2.11.0+cu128,12.8,2026-08-23T19:10:06.751286+00:00
ca87722a00ebf585cd788c67949e7c0b32dca788,custom_cuda,warp-reduction custom CUDA fused scale + mask + softmax; block_size=256,255,2040,255,float32,0.125,25,100,17,59.39200147986412,256,0,Tesla T4,7.5,2.11.0+cu128,12.8,2026-08-23T19:10:06.751286+00:00
ca87722a00ebf585cd788c67949e7c0b32dca788,custom_cuda,warp-reduction custom CUDA fused scale + mask + softmax; block_size=256,255,2040,255,float32,0.125,25,100,18,59.39200147986412,256,0,Tesla T4,7.5,2.11.0+cu128,12.8,2026-08-23T19:10:06.751286+00:00
ca87722a00ebf585cd788c67949e7c0b32dca788,custom_cuda,warp-reduction custom CUDA fused scale + mask + softmax; block_size=256,255,2040,255,float32,0.125,25,100,19,59.36000123620033,256,0,Tesla T4,7.5,2.11.0+cu128,12.8,2026-08-23T19:10:06.751286+00:00
ca87722a00ebf585cd788c67949e7c0b32dca788,custom_cuda,warp-reduction custom CUDA fused scale + mask + softmax; block_size=256,255,2040,255,float32,0.125,25,100,20,59.39200147986412,256,0,Tesla T4,7.5,2.11.0+cu128,12.8,2026-08-23T19:10:06.751286+00:00
ca87722a00ebf585cd788c67949e7c0b32dca788,custom_cuda,warp-reduction custom CUDA fused scale + mask + softmax; block_size=256,255,2040,255,float32,0.125,25,100,21,59.13599953055382,256,0,Tesla T4,7.5,2.11.0+cu128,12.8,2026-08-23T19:10:06.751286+00:00
ca87722a00ebf585cd788c67949e7c0b32dca788,custom_cuda,warp-reduction custom CUDA fused scale + mask + softmax; block_size=256,255,2040,255,float32,0.125,25,100,22,58.36800113320351,256,0,Tesla T4,7.5,2.11.0+cu128,12.8,2026-08-23T19:10:06.751286+00:00
ca87722a00ebf585cd788c67949e7c0b32dca788,custom_cuda,warp-reduction custom CUDA fused scale + mask + softmax; block_size=256,255,2040,255,float32,0.125,25,100,23,77.82399654388428,256,0,Tesla T4,7.5,2.11.0+cu128,12.8,2026-08-23T19:10:06.751286+00:00
ca87722a00ebf585cd788c67949e7c0b32dca788,custom_cuda,warp-reduction custom CUDA fused scale + mask + softmax; block_size=256,255,2040,255,float32,0.125,25,100,24,61.08799949288368,256,0,Tesla T4,7.5,2.11.0+cu128,12.8,2026-08-23T19:10:06.751286+00:00
ca87722a00ebf585cd788c67949e7c0b32dca788,custom_cuda,warp-reduction custom CUDA fused scale + mask + softmax; block_size=256,255,2040,255,float32,0.125,25,100,25,59.39200147986412,256,0,Tesla T4,7.5,2.11.0+cu128,12.8,2026-08-23T19:10:06.751286+00:00
ca87722a00ebf585cd788c67949e7c0b32dca788,custom_cuda,warp-reduction custom CUDA fused scale + mask + softmax; block_size=256,255,2040,255,float32,0.125,25,100,26,60.736000537872314,256,0,Tesla T4,7.5,2.11.0+cu128,12.8,2026-08-23T19:10:06.751286+00:00
ca87722a00ebf585cd788c67949e7c0b32dca788,custom_cuda,warp-reduction custom CUDA fused scale + mask + softmax; block_size=256,255,2040,255,float32,0.125,25,100,27,58.94400179386139,256,0,Tesla T4,7.5,2.11.0+cu128,12.8,2026-08-23T19:10:06.751286+00:00
ca87722a00ebf585cd788c67949e7c0b32dca788,custom_cuda,warp-reduction custom CUDA fused scale + mask + softmax; block_size=256,255,2040,255,float32,0.125,25,100,28,59.039998799562454,256,0,Tesla T4,7.5,2.11.0+cu128,12.8,2026-08-23T19:10:06.751286+00:00
ca87722a00ebf585cd788c67949e7c0b32dca788,custom_cuda,warp-reduction custom CUDA fused scale + mask + softmax; block_size=256,255,2040,255,float32,0.125,25,100,29,58.75200033187866,256,0,Tesla T4,7.5,2.11.0+cu128,12.8,2026-08-23T19:10:06.751286+00:00
ca87722a00ebf585cd788c67949e7c0b32dca788,custom_cuda,warp-reduction custom CUDA fused scale + mask + softmax; block_size=256,255,2040,255,float32,0.125,25,100,30,57.760000228881836,256,0,Tesla T4,7.5,2.11.0+cu128,12.8,2026-08-23T19:10:06.751286+00:00
ca87722a00ebf585cd788c67949e7c0b32dca788,custom_cuda,warp-reduction custom CUDA fused scale + mask + softmax; block_size=256,255,2040,255,float32,0.125,25,100,31,58.079998940229416,256,0,Tesla T4,7.5,2.11.0+cu128,12.8,2026-08-23T19:10:06.751286+00:00
ca87722a00ebf585cd788c67949e7c0b32dca788,custom_cuda,warp-reduction custom CUDA fused scale + mask + softmax; block_size=256,255,2040,255,float32,0.125,25,100,32,58.30400064587593,256,0,Tesla T4,7.5,2.11.0+cu128,12.8,2026-08-23T19:10:06.751286+00:00
ca87722a00ebf585cd788c67949e7c0b32dca788,custom_cuda,warp-reduction custom CUDA fused scale + mask + softmax; block_size=256,255,2040,255,float32,0.125,25,100,33,59.36000123620033,256,0,Tesla T4,7.5,2.11.0+cu128,12.8,2026-08-23T19:10:06.751286+00:00
ca87722a00ebf585cd788c67949e7c0b32dca788,custom_cuda,warp-reduction custom CUDA fused scale + mask + softmax; block_size=256,255,2040,255,float32,0.125,25,100,34,58.88000130653381,256,0,Tesla T4,7.5,2.11.0+cu128,12.8,2026-08-23T19:10:06.751286+00:00
ca87722a00ebf585cd788c67949e7c0b32dca788,custom_cuda,warp-reduction custom CUDA fused scale + mask + softmax; block_size=256,255,2040,255,float32,0.125,25,100,35,112.64000087976456,256,0,Tesla T4,7.5,2.11.0+cu128,12.8,2026-08-23T19:10:06.751286+00:00
ca87722a00ebf585cd788c67949e7c0b32dca788,custom_cuda,warp-reduction custom CUDA fused scale + mask + softmax; block_size=256,255,2040,255,float32,0.125,25,100,36,63.231997191905975,256,0,Tesla T4,7.5,2.11.0+cu128,12.8,2026-08-23T19:10:06.751286+00:00
ca87722a00ebf585cd788c67949e7c0b32dca788,custom_cuda,warp-reduction custom CUDA fused scale + mask + softmax; block_size=256,255,2040,255,float32,0.125,25,100,37,60.47999858856201,256,0,Tesla T4,7.5,2.11.0+cu128,12.8,2026-08-23T19:10:06.751286+00:00
ca87722a00ebf585cd788c67949e7c0b32dca788,custom_cuda,warp-reduction custom CUDA fused scale + mask + softmax; block_size=256,255,2040,255,float32,0.125,25,100,38,59.808000922203064,256,0,Tesla T4,7.5,2.11.0+cu128,12.8,2026-08-23T19:10:06.751286+00:00
ca87722a00ebf585cd788c67949e7c0b32dca788,custom_cuda,warp-reduction custom CUDA fused scale + mask + softmax; block_size=256,255,2040,255,float32,0.125,25,100,39,59.42400172352791,256,0,Tesla T4,7.5,2.11.0+cu128,12.8,2026-08-23T19:10:06.751286+00:00
ca87722a00ebf585cd788c67949e7c0b32dca788,custom_cuda,warp-reduction custom CUDA fused scale + mask + softmax; block_size=256,255,2040,255,float32,0.125,25,100,40,59.39200147986412,256,0,Tesla T4,7.5,2.11.0+cu128,12.8,2026-08-23T19:10:06.751286+00:00
ca87722a00ebf585cd788c67949e7c0b32dca788,custom_cuda,warp-reduction custom CUDA fused scale + mask + softmax; block_size=256,255,2040,255,float32,0.125,25,100,41,59.74400043487549,256,0,Tesla T4,7.5,2.11.0+cu128,12.8,2026-08-23T19:10:06.751286+00:00
ca87722a00ebf585cd788c67949e7c0b32dca788,custom_cuda,warp-reduction custom CUDA fused scale + mask + softmax; block_size=256,255,2040,255,float32,0.125,25,100,42,58.687999844551086,256,0,Tesla T4,7.5,2.11.0+cu128,12.8,2026-08-23T19:10:06.751286+00:00
ca87722a00ebf585cd788c67949e7c0b32dca788,custom_cuda,warp-reduction custom CUDA fused scale + mask + softmax; block_size=256,255,2040,255,float32,0.125,25,100,43,58.78400057554245,256,0,Tesla T4,7.5,2.11.0+cu128,12.8,2026-08-23T19:10:06.751286+00:00
ca87722a00ebf585cd788c67949e7c0b32dca788,custom_cuda,warp-reduction custom CUDA fused scale + mask + softmax; block_size=256,255,2040,255,float32,0.125,25,100,44,69.98399645090103,256,0,Tesla T4,7.5,2.11.0+cu128,12.8,2026-08-23T19:10:06.751286+00:00
ca87722a00ebf585cd788c67949e7c0b32dca788,custom_cuda,warp-reduction custom CUDA fused scale + mask + softmax; block_size=256,255,2040,255,float32,0.125,25,100,45,59.93599817156792,256,0,Tesla T4,7.5,2.11.0+cu128,12.8,2026-08-23T19:10:06.751286+00:00
ca87722a00ebf585cd788c67949e7c0b32dca788,custom_cuda,warp-reduction custom CUDA fused scale + mask + softmax; block_size=256,255,2040,255,float32,0.125,25,100,46,70.592001080513,256,0,Tesla T4,7.5,2.11.0+cu128,12.8,2026-08-23T19:10:06.751286+00:00
ca87722a00ebf585cd788c67949e7c0b32dca788,custom_cuda,warp-reduction custom CUDA fused scale + mask + softmax; block_size=256,255,2040,255,float32,0.125,25,100,47,102.65599936246872,256,0,Tesla T4,7.5,2.11.0+cu128,12.8,2026-08-23T19:10:06.751286+00:00
ca87722a00ebf585cd788c67949e7c0b32dca788,custom_cuda,warp-reduction custom CUDA fused scale + mask + softmax; block_size=256,255,2040,255,float32,0.125,25,100,48,60.7680007815361,256,0,Tesla T4,7.5,2.11.0+cu128,12.8,2026-08-23T19:10:06.751286+00:00
ca87722a00ebf585cd788c67949e7c0b32dca788,custom_cuda,warp-reduction custom CUDA fused scale + mask + softmax; block_size=256,255,2040,255,float32,0.125,25,100,49,59.36000123620033,256,0,Tesla T4,7.5,2.11.0+cu128,12.8,2026-08-23T19:10:06.751286+00:00
ca87722a00ebf585cd788c67949e7c0b32dca788,custom_cuda,warp-reduction custom CUDA fused scale + mask + softmax; block_size=256,255,2040,255,float32,0.125,25,100,50,58.94400179386139,256,0,Tesla T4,7.5,2.11.0+cu128,12.8,2026-08-23T19:10:06.751286+00:00
ca87722a00ebf585cd788c67949e7c0b32dca788,custom_cuda,warp-reduction custom CUDA fused scale + mask + softmax; block_size=256,255,2040,255,float32,0.125,25,100,51,59.039998799562454,256,0,Tesla T4,7.5,2.11.0+cu128,12.8,2026-08-23T19:10:06.751286+00:00
ca87722a00ebf585cd788c67949e7c0b32dca788,custom_cuda,warp-reduction custom CUDA fused scale + mask + softmax; block_size=256,255,2040,255,float32,0.125,25,100,52,59.39200147986412,256,0,Tesla T4,7.5,2.11.0+cu128,12.8,2026-08-23T19:10:06.751286+00:00
ca87722a00ebf585cd788c67949e7c0b32dca788,custom_cuda,warp-reduction custom CUDA fused scale + mask + softmax; block_size=256,255,2040,255,float32,0.125,25,100,53,58.88000130653381,256,0,Tesla T4,7.5,2.11.0+cu128,12.8,2026-08-23T19:10:06.751286+00:00
ca87722a00ebf585cd788c67949e7c0b32dca788,custom_cuda,warp-reduction custom CUDA fused scale + mask + softmax; block_size=256,255,2040,255,float32,0.125,25,100,54,58.01599845290184,256,0,Tesla T4,7.5,2.11.0+cu128,12.8,2026-08-23T19:10:06.751286+00:00
ca87722a00ebf585cd788c67949e7c0b32dca788,custom_cuda,warp-reduction custom CUDA fused scale + mask + softmax; block_size=256,255,2040,255,float32,0.125,25,100,55,58.14399942755699,256,0,Tesla T4,7.5,2.11.0+cu128,12.8,2026-08-23T19:10:06.751286+00:00
ca87722a00ebf585cd788c67949e7c0b32dca788,custom_cuda,warp-reduction custom CUDA fused scale + mask + softmax; block_size=256,255,2040,255,float32,0.125,25,100,56,59.42400172352791,256,0,Tesla T4,7.5,2.11.0+cu128,12.8,2026-08-23T19:10:06.751286+00:00
ca87722a00ebf585cd788c67949e7c0b32dca788,custom_cuda,warp-reduction custom CUDA fused scale + mask + softmax; block_size=256,255,2040,255,float32,0.125,25,100,57,58.75200033187866,256,0,Tesla T4,7.5,2.11.0+cu128,12.8,2026-08-23T19:10:06.751286+00:00
ca87722a00ebf585cd788c67949e7c0b32dca788,custom_cuda,warp-reduction custom CUDA fused scale + mask + softmax; block_size=256,255,2040,255,float32,0.125,25,100,58,58.6559996008873,256,0,Tesla T4,7.5,2.11.0+cu128,12.8,2026-08-23T19:10:06.751286+00:00
ca87722a00ebf585cd788c67949e7c0b32dca788,custom_cuda,warp-reduction custom CUDA fused scale + mask + softmax; block_size=256,255,2040,255,float32,0.125,25,100,59,58.49599838256836,256,0,Tesla T4,7.5,2.11.0+cu128,12.8,2026-08-23T19:10:06.751286+00:00
ca87722a00ebf585cd788c67949e7c0b32dca788,custom_cuda,warp-reduction custom CUDA fused scale + mask + softmax; block_size=256,255,2040,255,float32,0.125,25,100,60,65.8240020275116,256,0,Tesla T4,7.5,2.11.0+cu128,12.8,2026-08-23T19:10:06.751286+00:00
ca87722a00ebf585cd788c67949e7c0b32dca788,custom_cuda,warp-reduction custom CUDA fused scale + mask + softmax; block_size=256,255,2040,255,float32,0.125,25,100,61,59.55199897289276,256,0,Tesla T4,7.5,2.11.0+cu128,12.8,2026-08-23T19:10:06.751286+00:00
ca87722a00ebf585cd788c67949e7c0b32dca788,custom_cuda,warp-reduction custom CUDA fused scale + mask + softmax; block_size=256,255,2040,255,float32,0.125,25,100,62,62.880001962184906,256,0,Tesla T4,7.5,2.11.0+cu128,12.8,2026-08-23T19:10:06.751286+00:00
ca87722a00ebf585cd788c67949e7c0b32dca788,custom_cuda,warp-reduction custom CUDA fused scale + mask + softmax; block_size=256,255,2040,255,float32,0.125,25,100,63,60.63999980688095,256,0,Tesla T4,7.5,2.11.0+cu128,12.8,2026-08-23T19:10:06.751286+00:00
ca87722a00ebf585cd788c67949e7c0b32dca788,custom_cuda,warp-reduction custom CUDA fused scale + mask + softmax; block_size=256,255,2040,255,float32,0.125,25,100,64,59.61599946022034,256,0,Tesla T4,7.5,2.11.0+cu128,12.8,2026-08-23T19:10:06.751286+00:00
ca87722a00ebf585cd788c67949e7c0b32dca788,custom_cuda,warp-reduction custom CUDA fused scale + mask + softmax; block_size=256,255,2040,255,float32,0.125,25,100,65,60.256000608205795,256,0,Tesla T4,7.5,2.11.0+cu128,12.8,2026-08-23T19:10:06.751286+00:00
ca87722a00ebf585cd788c67949e7c0b32dca788,custom_cuda,warp-reduction custom CUDA fused scale + mask + softmax; block_size=256,255,2040,255,float32,0.125,25,100,66,61.28000095486641,256,0,Tesla T4,7.5,2.11.0+cu128,12.8,2026-08-23T19:10:06.751286+00:00
ca87722a00ebf585cd788c67949e7c0b32dca788,custom_cuda,warp-reduction custom CUDA fused scale + mask + softmax; block_size=256,255,2040,255,float32,0.125,25,100,67,60.92799827456474,256,0,Tesla T4,7.5,2.11.0+cu128,12.8,2026-08-23T19:10:06.751286+00:00
ca87722a00ebf585cd788c67949e7c0b32dca788,custom_cuda,warp-reduction custom CUDA fused scale + mask + softmax; block_size=256,255,2040,255,float32,0.125,25,100,68,59.7120001912117,256,0,Tesla T4,7.5,2.11.0+cu128,12.8,2026-08-23T19:10:06.751286+00:00
ca87722a00ebf585cd788c67949e7c0b32dca788,custom_cuda,warp-reduction custom CUDA fused scale + mask + softmax; block_size=256,255,2040,255,float32,0.125,25,100,69,60.127999633550644,256,0,Tesla T4,7.5,2.11.0+cu128,12.8,2026-08-23T19:10:06.751286+00:00
ca87722a00ebf585cd788c67949e7c0b32dca788,custom_cuda,warp-reduction custom CUDA fused scale + mask + softmax; block_size=256,255,2040,255,float32,0.125,25,100,70,60.67200005054474,256,0,Tesla T4,7.5,2.11.0+cu128,12.8,2026-08-23T19:10:06.751286+00:00
ca87722a00ebf585cd788c67949e7c0b32dca788,custom_cuda,warp-reduction custom CUDA fused scale + mask + softmax; block_size=256,255,2040,255,float32,0.125,25,100,71,59.93599817156792,256,0,Tesla T4,7.5,2.11.0+cu128,12.8,2026-08-23T19:10:06.751286+00:00
ca87722a00ebf585cd788c67949e7c0b32dca788,custom_cuda,warp-reduction custom CUDA fused scale + mask + softmax; block_size=256,255,2040,255,float32,0.125,25,100,72,68.92800331115723,256,0,Tesla T4,7.5,2.11.0+cu128,12.8,2026-08-23T19:10:06.751286+00:00
ca87722a00ebf585cd788c67949e7c0b32dca788,custom_cuda,warp-reduction custom CUDA fused scale + mask + softmax; block_size=256,255,2040,255,float32,0.125,25,100,73,61.43999844789505,256,0,Tesla T4,7.5,2.11.0+cu128,12.8,2026-08-23T19:10:06.751286+00:00
ca87722a00ebf585cd788c67949e7c0b32dca788,custom_cuda,warp-reduction custom CUDA fused scale + mask + softmax; block_size=256,255,2040,255,float32,0.125,25,100,74,61.24800071120262,256,0,Tesla T4,7.5,2.11.0+cu128,12.8,2026-08-23T19:10:06.751286+00:00
ca87722a00ebf585cd788c67949e7c0b32dca788,custom_cuda,warp-reduction custom CUDA fused scale + mask + softmax; block_size=256,255,2040,255,float32,0.125,25,100,75,60.67200005054474,256,0,Tesla T4,7.5,2.11.0+cu128,12.8,2026-08-23T19:10:06.751286+00:00
ca87722a00ebf585cd788c67949e7c0b32dca788,custom_cuda,warp-reduction custom CUDA fused scale + mask + softmax; block_size=256,255,2040,255,float32,0.125,25,100,76,59.90400165319443,256,0,Tesla T4,7.5,2.11.0+cu128,12.8,2026-08-23T19:10:06.751286+00:00
ca87722a00ebf585cd788c67949e7c0b32dca788,custom_cuda,warp-reduction custom CUDA fused scale + mask + softmax; block_size=256,255,2040,255,float32,0.125,25,100,77,59.39200147986412,256,0,Tesla T4,7.5,2.11.0+cu128,12.8,2026-08-23T19:10:06.751286+00:00
ca87722a00ebf585cd788c67949e7c0b32dca788,custom_cuda,warp-reduction custom CUDA fused scale + mask + softmax; block_size=256,255,2040,255,float32,0.125,25,100,78,60.095999389886856,256,0,Tesla T4,7.5,2.11.0+cu128,12.8,2026-08-23T19:10:06.751286+00:00
ca87722a00ebf585cd788c67949e7c0b32dca788,custom_cuda,warp-reduction custom CUDA fused scale + mask + softmax; block_size=256,255,2040,255,float32,0.125,25,100,79,61.02399900555611,256,0,Tesla T4,7.5,2.11.0+cu128,12.8,2026-08-23T19:10:06.751286+00:00
ca87722a00ebf585cd788c67949e7c0b32dca788,custom_cuda,warp-reduction custom CUDA fused scale + mask + softmax; block_size=256,255,2040,255,float32,0.125,25,100,80,59.39200147986412,256,0,Tesla T4,7.5,2.11.0+cu128,12.8,2026-08-23T19:10:06.751286+00:00
ca87722a00ebf585cd788c67949e7c0b32dca788,custom_cuda,warp-reduction custom CUDA fused scale + mask + softmax; block_size=256,255,2040,255,float32,0.125,25,100,81,59.74400043487549,256,0,Tesla T4,7.5,2.11.0+cu128,12.8,2026-08-23T19:10:06.751286+00:00
ca87722a00ebf585cd788c67949e7c0b32dca788,custom_cuda,warp-reduction custom CUDA fused scale + mask + softmax; block_size=256,255,2040,255,float32,0.125,25,100,82,59.36000123620033,256,0,Tesla T4,7.5,2.11.0+cu128,12.8,2026-08-23T19:10:06.751286+00:00
ca87722a00ebf585cd788c67949e7c0b32dca788,custom_cuda,warp-reduction custom CUDA fused scale + mask + softmax; block_size=256,255,2040,255,float32,0.125,25,100,83,60.19200012087822,256,0,Tesla T4,7.5,2.11.0+cu128,12.8,2026-08-23T19:10:06.751286+00:00
ca87722a00ebf585cd788c67949e7c0b32dca788,custom_cuda,warp-reduction custom CUDA fused scale + mask + softmax; block_size=256,255,2040,255,float32,0.125,25,100,84,60.54399907588959,256,0,Tesla T4,7.5,2.11.0+cu128,12.8,2026-08-23T19:10:06.751286+00:00
ca87722a00ebf585cd788c67949e7c0b32dca788,custom_cuda,warp-reduction custom CUDA fused scale + mask + softmax; block_size=256,255,2040,255,float32,0.125,25,100,85,62.68800050020218,256,0,Tesla T4,7.5,2.11.0+cu128,12.8,2026-08-23T19:10:06.751286+00:00
ca87722a00ebf585cd788c67949e7c0b32dca788,custom_cuda,warp-reduction custom CUDA fused scale + mask + softmax; block_size=256,255,2040,255,float32,0.125,25,100,86,59.967998415231705,256,0,Tesla T4,7.5,2.11.0+cu128,12.8,2026-08-23T19:10:06.751286+00:00
ca87722a00ebf585cd788c67949e7c0b32dca788,custom_cuda,warp-reduction custom CUDA fused scale + mask + softmax; block_size=256,255,2040,255,float32,0.125,25,100,87,58.88000130653381,256,0,Tesla T4,7.5,2.11.0+cu128,12.8,2026-08-23T19:10:06.751286+00:00
ca87722a00ebf585cd788c67949e7c0b32dca788,custom_cuda,warp-reduction custom CUDA fused scale + mask + softmax; block_size=256,255,2040,255,float32,0.125,25,100,88,58.559998869895935,256,0,Tesla T4,7.5,2.11.0+cu128,12.8,2026-08-23T19:10:06.751286+00:00
ca87722a00ebf585cd788c67949e7c0b32dca788,custom_cuda,warp-reduction custom CUDA fused scale + mask + softmax; block_size=256,255,2040,255,float32,0.125,25,100,89,57.5999990105629,256,0,Tesla T4,7.5,2.11.0+cu128,12.8,2026-08-23T19:10:06.751286+00:00
ca87722a00ebf585cd788c67949e7c0b32dca788,custom_cuda,warp-reduction custom CUDA fused scale + mask + softmax; block_size=256,255,2040,255,float32,0.125,25,100,90,58.88000130653381,256,0,Tesla T4,7.5,2.11.0+cu128,12.8,2026-08-23T19:10:06.751286+00:00
ca87722a00ebf585cd788c67949e7c0b32dca788,custom_cuda,warp-reduction custom CUDA fused scale + mask + softmax; block_size=256,255,2040,255,float32,0.125,25,100,91,57.472001761198044,256,0,Tesla T4,7.5,2.11.0+cu128,12.8,2026-08-23T19:10:06.751286+00:00
ca87722a00ebf585cd788c67949e7c0b32dca788,custom_cuda,warp-reduction custom CUDA fused scale + mask + softmax; block_size=256,255,2040,255,float32,0.125,25,100,92,61.40799820423126,256,0,Tesla T4,7.5,2.11.0+cu128,12.8,2026-08-23T19:10:06.751286+00:00
ca87722a00ebf585cd788c67949e7c0b32dca788,custom_cuda,warp-reduction custom CUDA fused scale + mask + softmax; block_size=256,255,2040,255,float32,0.125,25,100,93,59.99999865889549,256,0,Tesla T4,7.5,2.11.0+cu128,12.8,2026-08-23T19:10:06.751286+00:00
ca87722a00ebf585cd788c67949e7c0b32dca788,custom_cuda,warp-reduction custom CUDA fused scale + mask + softmax; block_size=256,255,2040,255,float32,0.125,25,100,94,61.40799820423126,256,0,Tesla T4,7.5,2.11.0+cu128,12.8,2026-08-23T19:10:06.751286+00:00
ca87722a00ebf585cd788c67949e7c0b32dca788,custom_cuda,warp-reduction custom CUDA fused scale + mask + softmax; block_size=256,255,2040,255,float32,0.125,25,100,95,59.39200147986412,256,0,Tesla T4,7.5,2.11.0+cu128,12.8,2026-08-23T19:10:06.751286+00:00
ca87722a00ebf585cd788c67949e7c0b32dca788,custom_cuda,warp-reduction custom CUDA fused scale + mask + softmax; block_size=256,255,2040,255,float32,0.125,25,100,96,61.3120011985302,256,0,Tesla T4,7.5,2.11.0+cu128,12.8,2026-08-23T19:10:06.751286+00:00
ca87722a00ebf585cd788c67949e7c0b32dca788,custom_cuda,warp-reduction custom CUDA fused scale + mask + softmax; block_size=256,255,2040,255,float32,0.125,25,100,97,69.7920024394989,256,0,Tesla T4,7.5,2.11.0+cu128,12.8,2026-08-23T19:10:06.751286+00:00
ca87722a00ebf585cd788c67949e7c0b32dca788,custom_cuda,warp-reduction custom CUDA fused scale + mask + softmax; block_size=256,255,2040,255,float32,0.125,25,100,98,61.43999844789505,256,0,Tesla T4,7.5,2.11.0+cu128,12.8,2026-08-23T19:10:06.751286+00:00
ca87722a00ebf585cd788c67949e7c0b32dca788,custom_cuda,warp-reduction custom CUDA fused scale + mask + softmax; block_size=256,255,2040,255,float32,0.125,25,100,99,61.3120011985302,256,0,Tesla T4,7.5,2.11.0+cu128,12.8,2026-08-23T19:10:06.751286+00:00
ca87722a00ebf585cd788c67949e7c0b32dca788,custom_cuda,warp-reduction custom CUDA fused scale + mask + softmax; block_size=256,512,4096,512,float32,0.125,25,100,0,183.00800025463104,256,0,Tesla T4,7.5,2.11.0+cu128,12.8,2026-08-23T19:10:09.233336+00:00
ca87722a00ebf585cd788c67949e7c0b32dca788,custom_cuda,warp-reduction custom CUDA fused scale + mask + softmax; block_size=256,512,4096,512,float32,0.125,25,100,1,121.08799815177917,256,0,Tesla T4,7.5,2.11.0+cu128,12.8,2026-08-23T19:10:09.233336+00:00
ca87722a00ebf585cd788c67949e7c0b32dca788,custom_cuda,warp-reduction custom CUDA fused scale + mask + softmax; block_size=256,512,4096,512,float32,0.125,25,100,2,116.12799763679504,256,0,Tesla T4,7.5,2.11.0+cu128,12.8,2026-08-23T19:10:09.233336+00:00
ca87722a00ebf585cd788c67949e7c0b32dca788,custom_cuda,warp-reduction custom CUDA fused scale + mask + softmax; block_size=256,512,4096,512,float32,0.125,25,100,3,113.18399757146835,256,0,Tesla T4,7.5,2.11.0+cu128,12.8,2026-08-23T19:10:09.233336+00:00
ca87722a00ebf585cd788c67949e7c0b32dca788,custom_cuda,warp-reduction custom CUDA fused scale + mask + softmax; block_size=256,512,4096,512,float32,0.125,25,100,4,112.86400258541107,256,0,Tesla T4,7.5,2.11.0+cu128,12.8,2026-08-23T19:10:09.233336+00:00
ca87722a00ebf585cd788c67949e7c0b32dca788,custom_cuda,warp-reduction custom CUDA fused scale + mask + softmax; block_size=256,512,4096,512,float32,0.125,25,100,5,115.167997777462,256,0,Tesla T4,7.5,2.11.0+cu128,12.8,2026-08-23T19:10:09.233336+00:00
ca87722a00ebf585cd788c67949e7c0b32dca788,custom_cuda,warp-reduction custom CUDA fused scale + mask + softmax; block_size=256,512,4096,512,float32,0.125,25,100,6,112.64000087976456,256,0,Tesla T4,7.5,2.11.0+cu128,12.8,2026-08-23T19:10:09.233336+00:00
ca87722a00ebf585cd788c67949e7c0b32dca788,custom_cuda,warp-reduction custom CUDA fused scale + mask + softmax; block_size=256,512,4096,512,float32,0.125,25,100,7,115.77600240707397,256,0,Tesla T4,7.5,2.11.0+cu128,12.8,2026-08-23T19:10:09.233336+00:00
ca87722a00ebf585cd788c67949e7c0b32dca788,custom_cuda,warp-reduction custom CUDA fused scale + mask + softmax; block_size=256,512,4096,512,float32,0.125,25,100,8,112.96000331640244,256,0,Tesla T4,7.5,2.11.0+cu128,12.8,2026-08-23T19:10:09.233336+00:00
ca87722a00ebf585cd788c67949e7c0b32dca788,custom_cuda,warp-reduction custom CUDA fused scale + mask + softmax; block_size=256,512,4096,512,float32,0.125,25,100,9,118.78400295972824,256,0,Tesla T4,7.5,2.11.0+cu128,12.8,2026-08-23T19:10:09.233336+00:00
ca87722a00ebf585cd788c67949e7c0b32dca788,custom_cuda,warp-reduction custom CUDA fused scale + mask + softmax; block_size=256,512,4096,512,float32,0.125,25,100,10,113.21599781513214,256,0,Tesla T4,7.5,2.11.0+cu128,12.8,2026-08-23T19:10:09.233336+00:00
ca87722a00ebf585cd788c67949e7c0b32dca788,custom_cuda,warp-reduction custom CUDA fused scale + mask + softmax; block_size=256,512,4096,512,float32,0.125,25,100,11,112.64000087976456,256,0,Tesla T4,7.5,2.11.0+cu128,12.8,2026-08-23T19:10:09.233336+00:00
ca87722a00ebf585cd788c67949e7c0b32dca788,custom_cuda,warp-reduction custom CUDA fused scale + mask + softmax; block_size=256,512,4096,512,float32,0.125,25,100,12,111.58400028944016,256,0,Tesla T4,7.5,2.11.0+cu128,12.8,2026-08-23T19:10:09.233336+00:00
ca87722a00ebf585cd788c67949e7c0b32dca788,custom_cuda,warp-reduction custom CUDA fused scale + mask + softmax; block_size=256,512,4096,512,float32,0.125,25,100,13,111.23199760913849,256,0,Tesla T4,7.5,2.11.0+cu128,12.8,2026-08-23T19:10:09.233336+00:00
ca87722a00ebf585cd788c67949e7c0b32dca788,custom_cuda,warp-reduction custom CUDA fused scale + mask + softmax; block_size=256,512,4096,512,float32,0.125,25,100,14,111.35999858379364,256,0,Tesla T4,7.5,2.11.0+cu128,12.8,2026-08-23T19:10:09.233336+00:00
ca87722a00ebf585cd788c67949e7c0b32dca788,custom_cuda,warp-reduction custom CUDA fused scale + mask + softmax; block_size=256,512,4096,512,float32,0.125,25,100,15,113.6000007390976,256,0,Tesla T4,7.5,2.11.0+cu128,12.8,2026-08-23T19:10:09.233336+00:00
ca87722a00ebf585cd788c67949e7c0b32dca788,custom_cuda,warp-reduction custom CUDA fused scale + mask + softmax; block_size=256,512,4096,512,float32,0.125,25,100,16,114.52800035476685,256,0,Tesla T4,7.5,2.11.0+cu128,12.8,2026-08-23T19:10:09.233336+00:00
ca87722a00ebf585cd788c67949e7c0b32dca788,custom_cuda,warp-reduction custom CUDA fused scale + mask + softmax; block_size=256,512,4096,512,float32,0.125,25,100,17,112.76800185441971,256,0,Tesla T4,7.5,2.11.0+cu128,12.8,2026-08-23T19:10:09.233336+00:00
ca87722a00ebf585cd788c67949e7c0b32dca788,custom_cuda,warp-reduction custom CUDA fused scale + mask + softmax; block_size=256,512,4096,512,float32,0.125,25,100,18,112.64000087976456,256,0,Tesla T4,7.5,2.11.0+cu128,12.8,2026-08-23T19:10:09.233336+00:00
ca87722a00ebf585cd788c67949e7c0b32dca788,custom_cuda,warp-reduction custom CUDA fused scale + mask + softmax; block_size=256,512,4096,512,float32,0.125,25,100,19,111.1999973654747,256,0,Tesla T4,7.5,2.11.0+cu128,12.8,2026-08-23T19:10:09.233336+00:00
ca87722a00ebf585cd788c67949e7c0b32dca788,custom_cuda,warp-reduction custom CUDA fused scale + mask + softmax; block_size=256,512,4096,512,float32,0.125,25,100,20,112.64000087976456,256,0,Tesla T4,7.5,2.11.0+cu128,12.8,2026-08-23T19:10:09.233336+00:00
ca87722a00ebf585cd788c67949e7c0b32dca788,custom_cuda,warp-reduction custom CUDA fused scale + mask + softmax; block_size=256,512,4096,512,float32,0.125,25,100,21,112.64000087976456,256,0,Tesla T4,7.5,2.11.0+cu128,12.8,2026-08-23T19:10:09.233336+00:00
ca87722a00ebf585cd788c67949e7c0b32dca788,custom_cuda,warp-reduction custom CUDA fused scale + mask + softmax; block_size=256,512,4096,512,float32,0.125,25,100,22,111.55200004577637,256,0,Tesla T4,7.5,2.11.0+cu128,12.8,2026-08-23T19:10:09.233336+00:00
ca87722a00ebf585cd788c67949e7c0b32dca788,custom_cuda,warp-reduction custom CUDA fused scale + mask + softmax; block_size=256,512,4096,512,float32,0.125,25,100,23,113.08799684047699,256,0,Tesla T4,7.5,2.11.0+cu128,12.8,2026-08-23T19:10:09.233336+00:00
ca87722a00ebf585cd788c67949e7c0b32dca788,custom_cuda,warp-reduction custom CUDA fused scale + mask + softmax; block_size=256,512,4096,512,float32,0.125,25,100,24,112.64000087976456,256,0,Tesla T4,7.5,2.11.0+cu128,12.8,2026-08-23T19:10:09.233336+00:00
ca87722a00ebf585cd788c67949e7c0b32dca788,custom_cuda,warp-reduction custom CUDA fused scale + mask + softmax; block_size=256,512,4096,512,float32,0.125,25,100,25,113.47199976444244,256,0,Tesla T4,7.5,2.11.0+cu128,12.8,2026-08-23T19:10:09.233336+00:00
ca87722a00ebf585cd788c67949e7c0b32dca788,custom_cuda,warp-reduction custom CUDA fused scale + mask + softmax; block_size=256,512,4096,512,float32,0.125,25,100,26,112.5119999051094,256,0,Tesla T4,7.5,2.11.0+cu128,12.8,2026-08-23T19:10:09.233336+00:00
ca87722a00ebf585cd788c67949e7c0b32dca788,custom_cuda,warp-reduction custom CUDA fused scale + mask + softmax; block_size=256,512,4096,512,float32,0.125,25,100,27,112.5119999051094,256,0,Tesla T4,7.5,2.11.0+cu128,12.8,2026-08-23T19:10:09.233336+00:00
ca87722a00ebf585cd788c67949e7c0b32dca788,custom_cuda,warp-reduction custom CUDA fused scale + mask + softmax; block_size=256,512,4096,512,float32,0.125,25,100,28,112.60800063610077,256,0,Tesla T4,7.5,2.11.0+cu128,12.8,2026-08-23T19:10:09.233336+00:00
ca87722a00ebf585cd788c67949e7c0b32dca788,custom_cuda,warp-reduction custom CUDA fused scale + mask + softmax; block_size=256,512,4096,512,float32,0.125,25,100,29,113.8560026884079,256,0,Tesla T4,7.5,2.11.0+cu128,12.8,2026-08-23T19:10:09.233336+00:00
ca87722a00ebf585cd788c67949e7c0b32dca788,custom_cuda,warp-reduction custom CUDA fused scale + mask + softmax; block_size=256,512,4096,512,float32,0.125,25,100,30,114.59200084209442,256,0,Tesla T4,7.5,2.11.0+cu128,12.8,2026-08-23T19:10:09.233336+00:00
ca87722a00ebf585cd788c67949e7c0b32dca788,custom_cuda,warp-reduction custom CUDA fused scale + mask + softmax; block_size=256,512,4096,512,float32,0.125,25,100,31,131.20000064373016,256,0,Tesla T4,7.5,2.11.0+cu128,12.8,2026-08-23T19:10:09.233336+00:00
ca87722a00ebf585cd788c67949e7c0b32dca788,custom_cuda,warp-reduction custom CUDA fused scale + mask + softmax; block_size=256,512,4096,512,float32,0.125,25,100,32,115.42399972677231,256,0,Tesla T4,7.5,2.11.0+cu128,12.8,2026-08-23T19:10:09.233336+00:00
ca87722a00ebf585cd788c67949e7c0b32dca788,custom_cuda,warp-reduction custom CUDA fused scale + mask + softmax; block_size=256,512,4096,512,float32,0.125,25,100,33,114.656001329422,256,0,Tesla T4,7.5,2.11.0+cu128,12.8,2026-08-23T19:10:09.233336+00:00
ca87722a00ebf585cd788c67949e7c0b32dca788,custom_cuda,warp-reduction custom CUDA fused scale + mask + softmax; block_size=256,512,4096,512,float32,0.125,25,100,34,113.56800049543381,256,0,Tesla T4,7.5,2.11.0+cu128,12.8,2026-08-23T19:10:09.233336+00:00
ca87722a00ebf585cd788c67949e7c0b32dca788,custom_cuda,warp-reduction custom CUDA fused scale + mask + softmax; block_size=256,512,4096,512,float32,0.125,25,100,35,113.34399878978729,256,0,Tesla T4,7.5,2.11.0+cu128,12.8,2026-08-23T19:10:09.233336+00:00
ca87722a00ebf585cd788c67949e7c0b32dca788,custom_cuda,warp-reduction custom CUDA fused scale + mask + softmax; block_size=256,512,4096,512,float32,0.125,25,100,36,113.63200098276138,256,0,Tesla T4,7.5,2.11.0+cu128,12.8,2026-08-23T19:10:09.233336+00:00
ca87722a00ebf585cd788c67949e7c0b32dca788,custom_cuda,warp-reduction custom CUDA fused scale + mask + softmax; block_size=256,512,4096,512,float32,0.125,25,100,37,114.72000181674957,256,0,Tesla T4,7.5,2.11.0+cu128,12.8,2026-08-23T19:10:09.233336+00:00
ca87722a00ebf585cd788c67949e7c0b32dca788,custom_cuda,warp-reduction custom CUDA fused scale + mask + softmax; block_size=256,512,4096,512,float32,0.125,25,100,38,129.34400141239166,256,0,Tesla T4,7.5,2.11.0+cu128,12.8,2026-08-23T19:10:09.233336+00:00
ca87722a00ebf585cd788c67949e7c0b32dca788,custom_cuda,warp-reduction custom CUDA fused scale + mask + softmax; block_size=256,512,4096,512,float32,0.125,25,100,39,115.13599753379822,256,0,Tesla T4,7.5,2.11.0+cu128,12.8,2026-08-23T19:10:09.233336+00:00
ca87722a00ebf585cd788c67949e7c0b32dca788,custom_cuda,warp-reduction custom CUDA fused scale + mask + softmax; block_size=256,512,4096,512,float32,0.125,25,100,40,115.1999980211258,256,0,Tesla T4,7.5,2.11.0+cu128,12.8,2026-08-23T19:10:09.233336+00:00
ca87722a00ebf585cd788c67949e7c0b32dca788,custom_cuda,warp-reduction custom CUDA fused scale + mask + softmax; block_size=256,512,4096,512,float32,0.125,25,100,41,115.10399729013443,256,0,Tesla T4,7.5,2.11.0+cu128,12.8,2026-08-23T19:10:09.233336+00:00
ca87722a00ebf585cd788c67949e7c0b32dca788,custom_cuda,warp-reduction custom CUDA fused scale + mask + softmax; block_size=256,512,4096,512,float32,0.125,25,100,42,114.68800157308578,256,0,Tesla T4,7.5,2.11.0+cu128,12.8,2026-08-23T19:10:09.233336+00:00
ca87722a00ebf585cd788c67949e7c0b32dca788,custom_cuda,warp-reduction custom CUDA fused scale + mask + softmax; block_size=256,512,4096,512,float32,0.125,25,100,43,114.68800157308578,256,0,Tesla T4,7.5,2.11.0+cu128,12.8,2026-08-23T19:10:09.233336+00:00
ca87722a00ebf585cd788c67949e7c0b32dca788,custom_cuda,warp-reduction custom CUDA fused scale + mask + softmax; block_size=256,512,4096,512,float32,0.125,25,100,44,112.64000087976456,256,0,Tesla T4,7.5,2.11.0+cu128,12.8,2026-08-23T19:10:09.233336+00:00
ca87722a00ebf585cd788c67949e7c0b32dca788,custom_cuda,warp-reduction custom CUDA fused scale + mask + softmax; block_size=256,512,4096,512,float32,0.125,25,100,45,114.68800157308578,256,0,Tesla T4,7.5,2.11.0+cu128,12.8,2026-08-23T19:10:09.233336+00:00
ca87722a00ebf585cd788c67949e7c0b32dca788,custom_cuda,warp-reduction custom CUDA fused scale + mask + softmax; block_size=256,512,4096,512,float32,0.125,25,100,46,112.67200112342834,256,0,Tesla T4,7.5,2.11.0+cu128,12.8,2026-08-23T19:10:09.233336+00:00
ca87722a00ebf585cd788c67949e7c0b32dca788,custom_cuda,warp-reduction custom CUDA fused scale + mask + softmax; block_size=256,512,4096,512,float32,0.125,25,100,47,113.79200220108032,256,0,Tesla T4,7.5,2.11.0+cu128,12.8,2026-08-23T19:10:09.233336+00:00
ca87722a00ebf585cd788c67949e7c0b32dca788,custom_cuda,warp-reduction custom CUDA fused scale + mask + softmax; block_size=256,512,4096,512,float32,0.125,25,100,48,112.35199868679047,256,0,Tesla T4,7.5,2.11.0+cu128,12.8,2026-08-23T19:10:09.233336+00:00
ca87722a00ebf585cd788c67949e7c0b32dca788,custom_cuda,warp-reduction custom CUDA fused scale + mask + softmax; block_size=256,512,4096,512,float32,0.125,25,100,49,111.23199760913849,256,0,Tesla T4,7.5,2.11.0+cu128,12.8,2026-08-23T19:10:09.233336+00:00
ca87722a00ebf585cd788c67949e7c0b32dca788,custom_cuda,warp-reduction custom CUDA fused scale + mask + softmax; block_size=256,512,4096,512,float32,0.125,25,100,50,112.64000087976456,256,0,Tesla T4,7.5,2.11.0+cu128,12.8,2026-08-23T19:10:09.233336+00:00
ca87722a00ebf585cd788c67949e7c0b32dca788,custom_cuda,warp-reduction custom CUDA fused scale + mask + softmax; block_size=256,512,4096,512,float32,0.125,25,100,51,113.15199732780457,256,0,Tesla T4,7.5,2.11.0+cu128,12.8,2026-08-23T19:10:09.233336+00:00
ca87722a00ebf585cd788c67949e7c0b32dca788,custom_cuda,warp-reduction custom CUDA fused scale + mask + softmax; block_size=256,512,4096,512,float32,0.125,25,100,52,114.43199962377548,256,0,Tesla T4,7.5,2.11.0+cu128,12.8,2026-08-23T19:10:09.233336+00:00
ca87722a00ebf585cd788c67949e7c0b32dca788,custom_cuda,warp-reduction custom CUDA fused scale + mask + softmax; block_size=256,512,4096,512,float32,0.125,25,100,53,112.64000087976456,256,0,Tesla T4,7.5,2.11.0+cu128,12.8,2026-08-23T19:10:09.233336+00:00
ca87722a00ebf585cd788c67949e7c0b32dca788,custom_cuda,warp-reduction custom CUDA fused scale + mask + softmax; block_size=256,512,4096,512,float32,0.125,25,100,54,112.96000331640244,256,0,Tesla T4,7.5,2.11.0+cu128,12.8,2026-08-23T19:10:09.233336+00:00
ca87722a00ebf585cd788c67949e7c0b32dca788,custom_cuda,warp-reduction custom CUDA fused scale + mask + softmax; block_size=256,512,4096,512,float32,0.125,25,100,55,114.30399864912033,256,0,Tesla T4,7.5,2.11.0+cu128,12.8,2026-08-23T19:10:09.233336+00:00
ca87722a00ebf585cd788c67949e7c0b32dca788,custom_cuda,warp-reduction custom CUDA fused scale + mask + softmax; block_size=256,512,4096,512,float32,0.125,25,100,56,112.47999966144562,256,0,Tesla T4,7.5,2.11.0+cu128,12.8,2026-08-23T19:10:09.233336+00:00
ca87722a00ebf585cd788c67949e7c0b32dca788,custom_cuda,warp-reduction custom CUDA fused scale + mask + softmax; block_size=256,512,4096,512,float32,0.125,25,100,57,112.22399771213531,256,0,Tesla T4,7.5,2.11.0+cu128,12.8,2026-08-23T19:10:09.233336+00:00
ca87722a00ebf585cd788c67949e7c0b32dca788,custom_cuda,warp-reduction custom CUDA fused scale + mask + softmax; block_size=256,512,4096,512,float32,0.125,25,100,58,112.5440001487732,256,0,Tesla T4,7.5,2.11.0+cu128,12.8,2026-08-23T19:10:09.233336+00:00
ca87722a00ebf585cd788c67949e7c0b32dca788,custom_cuda,warp-reduction custom CUDA fused scale + mask + softmax; block_size=256,512,4096,512,float32,0.125,25,100,59,112.83200234174728,256,0,Tesla T4,7.5,2.11.0+cu128,12.8,2026-08-23T19:10:09.233336+00:00
ca87722a00ebf585cd788c67949e7c0b32dca788,custom_cuda,warp-reduction custom CUDA fused scale + mask + softmax; block_size=256,512,4096,512,float32,0.125,25,100,60,115.55200070142746,256,0,Tesla T4,7.5,2.11.0+cu128,12.8,2026-08-23T19:10:09.233336+00:00
ca87722a00ebf585cd788c67949e7c0b32dca788,custom_cuda,warp-reduction custom CUDA fused scale + mask + softmax; block_size=256,512,4096,512,float32,0.125,25,100,61,112.64000087976456,256,0,Tesla T4,7.5,2.11.0+cu128,12.8,2026-08-23T19:10:09.233336+00:00
ca87722a00ebf585cd788c67949e7c0b32dca788,custom_cuda,warp-reduction custom CUDA fused scale + mask + softmax; block_size=256,512,4096,512,float32,0.125,25,100,62,114.04799669981003,256,0,Tesla T4,7.5,2.11.0+cu128,12.8,2026-08-23T19:10:09.233336+00:00
ca87722a00ebf585cd788c67949e7c0b32dca788,custom_cuda,warp-reduction custom CUDA fused scale + mask + softmax; block_size=256,512,4096,512,float32,0.125,25,100,63,114.94400352239609,256,0,Tesla T4,7.5,2.11.0+cu128,12.8,2026-08-23T19:10:09.233336+00:00
ca87722a00ebf585cd788c67949e7c0b32dca788,custom_cuda,warp-reduction custom CUDA fused scale + mask + softmax; block_size=256,512,4096,512,float32,0.125,25,100,64,112.41599917411804,256,0,Tesla T4,7.5,2.11.0+cu128,12.8,2026-08-23T19:10:09.233336+00:00
ca87722a00ebf585cd788c67949e7c0b32dca788,custom_cuda,warp-reduction custom CUDA fused scale + mask + softmax; block_size=256,512,4096,512,float32,0.125,25,100,65,112.64000087976456,256,0,Tesla T4,7.5,2.11.0+cu128,12.8,2026-08-23T19:10:09.233336+00:00
ca87722a00ebf585cd788c67949e7c0b32dca788,custom_cuda,warp-reduction custom CUDA fused scale + mask + softmax; block_size=256,512,4096,512,float32,0.125,25,100,66,112.60800063610077,256,0,Tesla T4,7.5,2.11.0+cu128,12.8,2026-08-23T19:10:09.233336+00:00
ca87722a00ebf585cd788c67949e7c0b32dca788,custom_cuda,warp-reduction custom CUDA fused scale + mask + softmax; block_size=256,512,4096,512,float32,0.125,25,100,67,113.88800293207169,256,0,Tesla T4,7.5,2.11.0+cu128,12.8,2026-08-23T19:10:09.233336+00:00
ca87722a00ebf585cd788c67949e7c0b32dca788,custom_cuda,warp-reduction custom CUDA fused scale + mask + softmax; block_size=256,512,4096,512,float32,0.125,25,100,68,114.68800157308578,256,0,Tesla T4,7.5,2.11.0+cu128,12.8,2026-08-23T19:10:09.233336+00:00
ca87722a00ebf585cd788c67949e7c0b32dca788,custom_cuda,warp-reduction custom CUDA fused scale + mask + softmax; block_size=256,512,4096,512,float32,0.125,25,100,69,113.08799684047699,256,0,Tesla T4,7.5,2.11.0+cu128,12.8,2026-08-23T19:10:09.233336+00:00
ca87722a00ebf585cd788c67949e7c0b32dca788,custom_cuda,warp-reduction custom CUDA fused scale + mask + softmax; block_size=256,512,4096,512,float32,0.125,25,100,70,114.17599767446518,256,0,Tesla T4,7.5,2.11.0+cu128,12.8,2026-08-23T19:10:09.233336+00:00
ca87722a00ebf585cd788c67949e7c0b32dca788,custom_cuda,warp-reduction custom CUDA fused scale + mask + softmax; block_size=256,512,4096,512,float32,0.125,25,100,71,112.67200112342834,256,0,Tesla T4,7.5,2.11.0+cu128,12.8,2026-08-23T19:10:09.233336+00:00
ca87722a00ebf585cd788c67949e7c0b32dca788,custom_cuda,warp-reduction custom CUDA fused scale + mask + softmax; block_size=256,512,4096,512,float32,0.125,25,100,72,112.60800063610077,256,0,Tesla T4,7.5,2.11.0+cu128,12.8,2026-08-23T19:10:09.233336+00:00
ca87722a00ebf585cd788c67949e7c0b32dca788,custom_cuda,warp-reduction custom CUDA fused scale + mask + softmax; block_size=256,512,4096,512,float32,0.125,25,100,73,112.67200112342834,256,0,Tesla T4,7.5,2.11.0+cu128,12.8,2026-08-23T19:10:09.233336+00:00
ca87722a00ebf585cd788c67949e7c0b32dca788,custom_cuda,warp-reduction custom CUDA fused scale + mask + softmax; block_size=256,512,4096,512,float32,0.125,25,100,74,112.64000087976456,256,0,Tesla T4,7.5,2.11.0+cu128,12.8,2026-08-23T19:10:09.233336+00:00
ca87722a00ebf585cd788c67949e7c0b32dca788,custom_cuda,warp-reduction custom CUDA fused scale + mask + softmax; block_size=256,512,4096,512,float32,0.125,25,100,75,112.92800307273865,256,0,Tesla T4,7.5,2.11.0+cu128,12.8,2026-08-23T19:10:09.233336+00:00
ca87722a00ebf585cd788c67949e7c0b32dca788,custom_cuda,warp-reduction custom CUDA fused scale + mask + softmax; block_size=256,512,4096,512,float32,0.125,25,100,76,112.64000087976456,256,0,Tesla T4,7.5,2.11.0+cu128,12.8,2026-08-23T19:10:09.233336+00:00
ca87722a00ebf585cd788c67949e7c0b32dca788,custom_cuda,warp-reduction custom CUDA fused scale + mask + softmax; block_size=256,512,4096,512,float32,0.125,25,100,77,112.64000087976456,256,0,Tesla T4,7.5,2.11.0+cu128,12.8,2026-08-23T19:10:09.233336+00:00
ca87722a00ebf585cd788c67949e7c0b32dca788,custom_cuda,warp-reduction custom CUDA fused scale + mask + softmax; block_size=256,512,4096,512,float32,0.125,25,100,78,113.76000195741653,256,0,Tesla T4,7.5,2.11.0+cu128,12.8,2026-08-23T19:10:09.233336+00:00
ca87722a00ebf585cd788c67949e7c0b32dca788,custom_cuda,warp-reduction custom CUDA fused scale + mask + softmax; block_size=256,512,4096,512,float32,0.125,25,100,79,110.81600189208984,256,0,Tesla T4,7.5,2.11.0+cu128,12.8,2026-08-23T19:10:09.233336+00:00
ca87722a00ebf585cd788c67949e7c0b32dca788,custom_cuda,warp-reduction custom CUDA fused scale + mask + softmax; block_size=256,512,4096,512,float32,0.125,25,100,80,114.01599645614624,256,0,Tesla T4,7.5,2.11.0+cu128,12.8,2026-08-23T19:10:09.233336+00:00
ca87722a00ebf585cd788c67949e7c0b32dca788,custom_cuda,warp-reduction custom CUDA fused scale + mask + softmax; block_size=256,512,4096,512,float32,0.125,25,100,81,112.19199746847153,256,0,Tesla T4,7.5,2.11.0+cu128,12.8,2026-08-23T19:10:09.233336+00:00
ca87722a00ebf585cd788c67949e7c0b32dca788,custom_cuda,warp-reduction custom CUDA fused scale + mask + softmax; block_size=256,512,4096,512,float32,0.125,25,100,82,112.64000087976456,256,0,Tesla T4,7.5,2.11.0+cu128,12.8,2026-08-23T19:10:09.233336+00:00
ca87722a00ebf585cd788c67949e7c0b32dca788,custom_cuda,warp-reduction custom CUDA fused scale + mask + softmax; block_size=256,512,4096,512,float32,0.125,25,100,83,114.3679991364479,256,0,Tesla T4,7.5,2.11.0+cu128,12.8,2026-08-23T19:10:09.233336+00:00
ca87722a00ebf585cd788c67949e7c0b32dca788,custom_cuda,warp-reduction custom CUDA fused scale + mask + softmax; block_size=256,512,4096,512,float32,0.125,25,100,84,112.64000087976456,256,0,Tesla T4,7.5,2.11.0+cu128,12.8,2026-08-23T19:10:09.233336+00:00
ca87722a00ebf585cd788c67949e7c0b32dca788,custom_cuda,warp-reduction custom CUDA fused scale + mask + softmax; block_size=256,512,4096,512,float32,0.125,25,100,85,113.24799805879593,256,0,Tesla T4,7.5,2.11.0+cu128,12.8,2026-08-23T19:10:09.233336+00:00
ca87722a00ebf585cd788c67949e7c0b32dca788,custom_cuda,warp-reduction custom CUDA fused scale + mask + softmax; block_size=256,512,4096,512,float32,0.125,25,100,86,112.47999966144562,256,0,Tesla T4,7.5,2.11.0+cu128,12.8,2026-08-23T19:10:09.233336+00:00
ca87722a00ebf585cd788c67949e7c0b32dca788,custom_cuda,warp-reduction custom CUDA fused scale + mask + softmax; block_size=256,512,4096,512,float32,0.125,25,100,87,112.15999722480774,256,0,Tesla T4,7.5,2.11.0+cu128,12.8,2026-08-23T19:10:09.233336+00:00
ca87722a00ebf585cd788c67949e7c0b32dca788,custom_cuda,warp-reduction custom CUDA fused scale + mask + softmax; block_size=256,512,4096,512,float32,0.125,25,100,88,112.57600039243698,256,0,Tesla T4,7.5,2.11.0+cu128,12.8,2026-08-23T19:10:09.233336+00:00
ca87722a00ebf585cd788c67949e7c0b32dca788,custom_cuda,warp-reduction custom CUDA fused scale + mask + softmax; block_size=256,512,4096,512,float32,0.125,25,100,89,112.5440001487732,256,0,Tesla T4,7.5,2.11.0+cu128,12.8,2026-08-23T19:10:09.233336+00:00
ca87722a00ebf585cd788c67949e7c0b32dca788,custom_cuda,warp-reduction custom CUDA fused scale + mask + softmax; block_size=256,512,4096,512,float32,0.125,25,100,90,112.70400136709213,256,0,Tesla T4,7.5,2.11.0+cu128,12.8,2026-08-23T19:10:09.233336+00:00
ca87722a00ebf585cd788c67949e7c0b32dca788,custom_cuda,warp-reduction custom CUDA fused scale + mask + softmax; block_size=256,512,4096,512,float32,0.125,25,100,91,113.92000317573547,256,0,Tesla T4,7.5,2.11.0+cu128,12.8,2026-08-23T19:10:09.233336+00:00
ca87722a00ebf585cd788c67949e7c0b32dca788,custom_cuda,warp-reduction custom CUDA fused scale + mask + softmax; block_size=256,512,4096,512,float32,0.125,25,100,92,111.58400028944016,256,0,Tesla T4,7.5,2.11.0+cu128,12.8,2026-08-23T19:10:09.233336+00:00
ca87722a00ebf585cd788c67949e7c0b32dca788,custom_cuda,warp-reduction custom CUDA fused scale + mask + softmax; block_size=256,512,4096,512,float32,0.125,25,100,93,114.1119971871376,256,0,Tesla T4,7.5,2.11.0+cu128,12.8,2026-08-23T19:10:09.233336+00:00
ca87722a00ebf585cd788c67949e7c0b32dca788,custom_cuda,warp-reduction custom CUDA fused scale + mask + softmax; block_size=256,512,4096,512,float32,0.125,25,100,94,112.89600282907486,256,0,Tesla T4,7.5,2.11.0+cu128,12.8,2026-08-23T19:10:09.233336+00:00
ca87722a00ebf585cd788c67949e7c0b32dca788,custom_cuda,warp-reduction custom CUDA fused scale + mask + softmax; block_size=256,512,4096,512,float32,0.125,25,100,95,112.28799819946289,256,0,Tesla T4,7.5,2.11.0+cu128,12.8,2026-08-23T19:10:09.233336+00:00
ca87722a00ebf585cd788c67949e7c0b32dca788,custom_cuda,warp-reduction custom CUDA fused scale + mask + softmax; block_size=256,512,4096,512,float32,0.125,25,100,96,112.83200234174728,256,0,Tesla T4,7.5,2.11.0+cu128,12.8,2026-08-23T19:10:09.233336+00:00
ca87722a00ebf585cd788c67949e7c0b32dca788,custom_cuda,warp-reduction custom CUDA fused scale + mask + softmax; block_size=256,512,4096,512,float32,0.125,25,100,97,112.64000087976456,256,0,Tesla T4,7.5,2.11.0+cu128,12.8,2026-08-23T19:10:09.233336+00:00
ca87722a00ebf585cd788c67949e7c0b32dca788,custom_cuda,warp-reduction custom CUDA fused scale + mask + softmax; block_size=256,512,4096,512,float32,0.125,25,100,98,116.38399958610535,256,0,Tesla T4,7.5,2.11.0+cu128,12.8,2026-08-23T19:10:09.233336+00:00
ca87722a00ebf585cd788c67949e7c0b32dca788,custom_cuda,warp-reduction custom CUDA fused scale + mask + softmax; block_size=256,512,4096,512,float32,0.125,25,100,99,114.656001329422,256,0,Tesla T4,7.5,2.11.0+cu128,12.8,2026-08-23T19:10:09.233336+00:00
ca87722a00ebf585cd788c67949e7c0b32dca788,custom_cuda,warp-reduction custom CUDA fused scale + mask + softmax; block_size=256,768,6144,768,float32,0.125,25,100,0,274.399995803833,256,0,Tesla T4,7.5,2.11.0+cu128,12.8,2026-08-23T19:10:11.661194+00:00
ca87722a00ebf585cd788c67949e7c0b32dca788,custom_cuda,warp-reduction custom CUDA fused scale + mask + softmax; block_size=256,768,6144,768,float32,0.125,25,100,1,231.26399517059326,256,0,Tesla T4,7.5,2.11.0+cu128,12.8,2026-08-23T19:10:11.661194+00:00
ca87722a00ebf585cd788c67949e7c0b32dca788,custom_cuda,warp-reduction custom CUDA fused scale + mask + softmax; block_size=256,768,6144,768,float32,0.125,25,100,2,225.2800017595291,256,0,Tesla T4,7.5,2.11.0+cu128,12.8,2026-08-23T19:10:11.661194+00:00
ca87722a00ebf585cd788c67949e7c0b32dca788,custom_cuda,warp-reduction custom CUDA fused scale + mask + softmax; block_size=256,768,6144,768,float32,0.125,25,100,3,224.2880016565323,256,0,Tesla T4,7.5,2.11.0+cu128,12.8,2026-08-23T19:10:11.661194+00:00
ca87722a00ebf585cd788c67949e7c0b32dca788,custom_cuda,warp-reduction custom CUDA fused scale + mask + softmax; block_size=256,768,6144,768,float32,0.125,25,100,4,226.49599611759186,256,0,Tesla T4,7.5,2.11.0+cu128,12.8,2026-08-23T19:10:11.661194+00:00
ca87722a00ebf585cd788c67949e7c0b32dca788,custom_cuda,warp-reduction custom CUDA fused scale + mask + softmax; block_size=256,768,6144,768,float32,0.125,25,100,5,222.6240038871765,256,0,Tesla T4,7.5,2.11.0+cu128,12.8,2026-08-23T19:10:11.661194+00:00
ca87722a00ebf585cd788c67949e7c0b32dca788,custom_cuda,warp-reduction custom CUDA fused scale + mask + softmax; block_size=256,768,6144,768,float32,0.125,25,100,6,222.3999947309494,256,0,Tesla T4,7.5,2.11.0+cu128,12.8,2026-08-23T19:10:11.661194+00:00
ca87722a00ebf585cd788c67949e7c0b32dca788,custom_cuda,warp-reduction custom CUDA fused scale + mask + softmax; block_size=256,768,6144,768,float32,0.125,25,100,7,221.18400037288666,256,0,Tesla T4,7.5,2.11.0+cu128,12.8,2026-08-23T19:10:11.661194+00:00
ca87722a00ebf585cd788c67949e7c0b32dca788,custom_cuda,warp-reduction custom CUDA fused scale + mask + softmax; block_size=256,768,6144,768,float32,0.125,25,100,8,227.35999524593353,256,0,Tesla T4,7.5,2.11.0+cu128,12.8,2026-08-23T19:10:11.661194+00:00
ca87722a00ebf585cd788c67949e7c0b32dca788,custom_cuda,warp-reduction custom CUDA fused scale + mask + softmax; block_size=256,768,6144,768,float32,0.125,25,100,9,223.26399385929108,256,0,Tesla T4,7.5,2.11.0+cu128,12.8,2026-08-23T19:10:11.661194+00:00
ca87722a00ebf585cd788c67949e7c0b32dca788,custom_cuda,warp-reduction custom CUDA fused scale + mask + softmax; block_size=256,768,6144,768,float32,0.125,25,100,10,223.10400009155273,256,0,Tesla T4,7.5,2.11.0+cu128,12.8,2026-08-23T19:10:11.661194+00:00
ca87722a00ebf585cd788c67949e7c0b32dca788,custom_cuda,warp-reduction custom CUDA fused scale + mask + softmax; block_size=256,768,6144,768,float32,0.125,25,100,11,223.23200106620789,256,0,Tesla T4,7.5,2.11.0+cu128,12.8,2026-08-23T19:10:11.661194+00:00
ca87722a00ebf585cd788c67949e7c0b32dca788,custom_cuda,warp-reduction custom CUDA fused scale + mask + softmax; block_size=256,768,6144,768,float32,0.125,25,100,12,229.34399545192719,256,0,Tesla T4,7.5,2.11.0+cu128,12.8,2026-08-23T19:10:11.661194+00:00
ca87722a00ebf585cd788c67949e7c0b32dca788,custom_cuda,warp-reduction custom CUDA fused scale + mask + softmax; block_size=256,768,6144,768,float32,0.125,25,100,13,222.49600291252136,256,0,Tesla T4,7.5,2.11.0+cu128,12.8,2026-08-23T19:10:11.661194+00:00
ca87722a00ebf585cd788c67949e7c0b32dca788,custom_cuda,warp-reduction custom CUDA fused scale + mask + softmax; block_size=256,768,6144,768,float32,0.125,25,100,14,227.61599719524384,256,0,Tesla T4,7.5,2.11.0+cu128,12.8,2026-08-23T19:10:11.661194+00:00
ca87722a00ebf585cd788c67949e7c0b32dca788,custom_cuda,warp-reduction custom CUDA fused scale + mask + softmax; block_size=256,768,6144,768,float32,0.125,25,100,15,223.83999824523926,256,0,Tesla T4,7.5,2.11.0+cu128,12.8,2026-08-23T19:10:11.661194+00:00
ca87722a00ebf585cd788c67949e7c0b32dca788,custom_cuda,warp-reduction custom CUDA fused scale + mask + softmax; block_size=256,768,6144,768,float32,0.125,25,100,16,237.5359982252121,256,0,Tesla T4,7.5,2.11.0+cu128,12.8,2026-08-23T19:10:11.661194+00:00
ca87722a00ebf585cd788c67949e7c0b32dca788,custom_cuda,warp-reduction custom CUDA fused scale + mask + softmax; block_size=256,768,6144,768,float32,0.125,25,100,17,238.97600173950195,256,0,Tesla T4,7.5,2.11.0+cu128,12.8,2026-08-23T19:10:11.661194+00:00
ca87722a00ebf585cd788c67949e7c0b32dca788,custom_cuda,warp-reduction custom CUDA fused scale + mask + softmax; block_size=256,768,6144,768,float32,0.125,25,100,18,225.055992603302,256,0,Tesla T4,7.5,2.11.0+cu128,12.8,2026-08-23T19:10:11.661194+00:00
ca87722a00ebf585cd788c67949e7c0b32dca788,custom_cuda,warp-reduction custom CUDA fused scale + mask + softmax; block_size=256,768,6144,768,float32,0.125,25,100,19,223.23200106620789,256,0,Tesla T4,7.5,2.11.0+cu128,12.8,2026-08-23T19:10:11.661194+00:00
ca87722a00ebf585cd788c67949e7c0b32dca788,custom_cuda,warp-reduction custom CUDA fused scale + mask + softmax; block_size=256,768,6144,768,float32,0.125,25,100,20,223.26399385929108,256,0,Tesla T4,7.5,2.11.0+cu128,12.8,2026-08-23T19:10:11.661194+00:00
ca87722a00ebf585cd788c67949e7c0b32dca788,custom_cuda,warp-reduction custom CUDA fused scale + mask + softmax; block_size=256,768,6144,768,float32,0.125,25,100,21,221.02400660514832,256,0,Tesla T4,7.5,2.11.0+cu128,12.8,2026-08-23T19:10:11.661194+00:00
ca87722a00ebf585cd788c67949e7c0b32dca788,custom_cuda,warp-reduction custom CUDA fused scale + mask + softmax; block_size=256,768,6144,768,float32,0.125,25,100,22,221.18400037288666,256,0,Tesla T4,7.5,2.11.0+cu128,12.8,2026-08-23T19:10:11.661194+00:00
ca87722a00ebf585cd788c67949e7c0b32dca788,custom_cuda,warp-reduction custom CUDA fused scale + mask + softmax; block_size=256,768,6144,768,float32,0.125,25,100,23,220.60799598693848,256,0,Tesla T4,7.5,2.11.0+cu128,12.8,2026-08-23T19:10:11.661194+00:00
ca87722a00ebf585cd788c67949e7c0b32dca788,custom_cuda,warp-reduction custom CUDA fused scale + mask + softmax; block_size=256,768,6144,768,float32,0.125,25,100,24,223.03999960422516,256,0,Tesla T4,7.5,2.11.0+cu128,12.8,2026-08-23T19:10:11.661194+00:00
ca87722a00ebf585cd788c67949e7c0b32dca788,custom_cuda,warp-reduction custom CUDA fused scale + mask + softmax; block_size=256,768,6144,768,float32,0.125,25,100,25,222.6240038871765,256,0,Tesla T4,7.5,2.11.0+cu128,12.8,2026-08-23T19:10:11.661194+00:00
ca87722a00ebf585cd788c67949e7c0b32dca788,custom_cuda,warp-reduction custom CUDA fused scale + mask + softmax; block_size=256,768,6144,768,float32,0.125,25,100,26,220.86399793624878,256,0,Tesla T4,7.5,2.11.0+cu128,12.8,2026-08-23T19:10:11.661194+00:00
ca87722a00ebf585cd788c67949e7c0b32dca788,custom_cuda,warp-reduction custom CUDA fused scale + mask + softmax; block_size=256,768,6144,768,float32,0.125,25,100,27,221.18400037288666,256,0,Tesla T4,7.5,2.11.0+cu128,12.8,2026-08-23T19:10:11.661194+00:00
ca87722a00ebf585cd788c67949e7c0b32dca788,custom_cuda,warp-reduction custom CUDA fused scale + mask + softmax; block_size=256,768,6144,768,float32,0.125,25,100,28,221.15199267864227,256,0,Tesla T4,7.5,2.11.0+cu128,12.8,2026-08-23T19:10:11.661194+00:00
ca87722a00ebf585cd788c67949e7c0b32dca788,custom_cuda,warp-reduction custom CUDA fused scale + mask + softmax; block_size=256,768,6144,768,float32,0.125,25,100,29,224.2880016565323,256,0,Tesla T4,7.5,2.11.0+cu128,12.8,2026-08-23T19:10:11.661194+00:00
ca87722a00ebf585cd788c67949e7c0b32dca788,custom_cuda,warp-reduction custom CUDA fused scale + mask + softmax; block_size=256,768,6144,768,float32,0.125,25,100,30,221.24800086021423,256,0,Tesla T4,7.5,2.11.0+cu128,12.8,2026-08-23T19:10:11.661194+00:00
ca87722a00ebf585cd788c67949e7c0b32dca788,custom_cuda,warp-reduction custom CUDA fused scale + mask + softmax; block_size=256,768,6144,768,float32,0.125,25,100,31,221.50400280952454,256,0,Tesla T4,7.5,2.11.0+cu128,12.8,2026-08-23T19:10:11.661194+00:00
ca87722a00ebf585cd788c67949e7c0b32dca788,custom_cuda,warp-reduction custom CUDA fused scale + mask + softmax; block_size=256,768,6144,768,float32,0.125,25,100,32,221.0559993982315,256,0,Tesla T4,7.5,2.11.0+cu128,12.8,2026-08-23T19:10:11.661194+00:00
ca87722a00ebf585cd788c67949e7c0b32dca788,custom_cuda,warp-reduction custom CUDA fused scale + mask + softmax; block_size=256,768,6144,768,float32,0.125,25,100,33,223.23200106620789,256,0,Tesla T4,7.5,2.11.0+cu128,12.8,2026-08-23T19:10:11.661194+00:00
ca87722a00ebf585cd788c67949e7c0b32dca788,custom_cuda,warp-reduction custom CUDA fused scale + mask + softmax; block_size=256,768,6144,768,float32,0.125,25,100,34,221.3120013475418,256,0,Tesla T4,7.5,2.11.0+cu128,12.8,2026-08-23T19:10:11.661194+00:00
ca87722a00ebf585cd788c67949e7c0b32dca788,custom_cuda,warp-reduction custom CUDA fused scale + mask + softmax; block_size=256,768,6144,768,float32,0.125,25,100,35,221.40799462795258,256,0,Tesla T4,7.5,2.11.0+cu128,12.8,2026-08-23T19:10:11.661194+00:00
ca87722a00ebf585cd788c67949e7c0b32dca788,custom_cuda,warp-reduction custom CUDA fused scale + mask + softmax; block_size=256,768,6144,768,float32,0.125,25,100,36,222.52799570560455,256,0,Tesla T4,7.5,2.11.0+cu128,12.8,2026-08-23T19:10:11.661194+00:00
ca87722a00ebf585cd788c67949e7c0b32dca788,custom_cuda,warp-reduction custom CUDA fused scale + mask + softmax; block_size=256,768,6144,768,float32,0.125,25,100,37,224.86400604248047,256,0,Tesla T4,7.5,2.11.0+cu128,12.8,2026-08-23T19:10:11.661194+00:00
ca87722a00ebf585cd788c67949e7c0b32dca788,custom_cuda,warp-reduction custom CUDA fused scale + mask + softmax; block_size=256,768,6144,768,float32,0.125,25,100,38,221.18400037288666,256,0,Tesla T4,7.5,2.11.0+cu128,12.8,2026-08-23T19:10:11.661194+00:00
ca87722a00ebf585cd788c67949e7c0b32dca788,custom_cuda,warp-reduction custom CUDA fused scale + mask + softmax; block_size=256,768,6144,768,float32,0.125,25,100,39,221.72799706459045,256,0,Tesla T4,7.5,2.11.0+cu128,12.8,2026-08-23T19:10:11.661194+00:00
ca87722a00ebf585cd788c67949e7c0b32dca788,custom_cuda,warp-reduction custom CUDA fused scale + mask + softmax; block_size=256,768,6144,768,float32,0.125,25,100,40,223.03999960422516,256,0,Tesla T4,7.5,2.11.0+cu128,12.8,2026-08-23T19:10:11.661194+00:00
ca87722a00ebf585cd788c67949e7c0b32dca788,custom_cuda,warp-reduction custom CUDA fused scale + mask + softmax; block_size=256,768,6144,768,float32,0.125,25,100,41,224.03199970722198,256,0,Tesla T4,7.5,2.11.0+cu128,12.8,2026-08-23T19:10:11.661194+00:00
ca87722a00ebf585cd788c67949e7c0b32dca788,custom_cuda,warp-reduction custom CUDA fused scale + mask + softmax; block_size=256,768,6144,768,float32,0.125,25,100,42,228.99200022220612,256,0,Tesla T4,7.5,2.11.0+cu128,12.8,2026-08-23T19:10:11.661194+00:00
ca87722a00ebf585cd788c67949e7c0b32dca788,custom_cuda,warp-reduction custom CUDA fused scale + mask + softmax; block_size=256,768,6144,768,float32,0.125,25,100,43,221.15199267864227,256,0,Tesla T4,7.5,2.11.0+cu128,12.8,2026-08-23T19:10:11.661194+00:00
ca87722a00ebf585cd788c67949e7c0b32dca788,custom_cuda,warp-reduction custom CUDA fused scale + mask + softmax; block_size=256,768,6144,768,float32,0.125,25,100,44,221.72799706459045,256,0,Tesla T4,7.5,2.11.0+cu128,12.8,2026-08-23T19:10:11.661194+00:00
ca87722a00ebf585cd788c67949e7c0b32dca788,custom_cuda,warp-reduction custom CUDA fused scale + mask + softmax; block_size=256,768,6144,768,float32,0.125,25,100,45,223.1999933719635,256,0,Tesla T4,7.5,2.11.0+cu128,12.8,2026-08-23T19:10:11.661194+00:00
ca87722a00ebf585cd788c67949e7c0b32dca788,custom_cuda,warp-reduction custom CUDA fused scale + mask + softmax; block_size=256,768,6144,768,float32,0.125,25,100,46,221.18400037288666,256,0,Tesla T4,7.5,2.11.0+cu128,12.8,2026-08-23T19:10:11.661194+00:00
ca87722a00ebf585cd788c67949e7c0b32dca788,custom_cuda,warp-reduction custom CUDA fused scale + mask + softmax; block_size=256,768,6144,768,float32,0.125,25,100,47,221.18400037288666,256,0,Tesla T4,7.5,2.11.0+cu128,12.8,2026-08-23T19:10:11.661194+00:00
ca87722a00ebf585cd788c67949e7c0b32dca788,custom_cuda,warp-reduction custom CUDA fused scale + mask + softmax; block_size=256,768,6144,768,float32,0.125,25,100,48,221.18400037288666,256,0,Tesla T4,7.5,2.11.0+cu128,12.8,2026-08-23T19:10:11.661194+00:00
ca87722a00ebf585cd788c67949e7c0b32dca788,custom_cuda,warp-reduction custom CUDA fused scale + mask + softmax; block_size=256,768,6144,768,float32,0.125,25,100,49,225.2800017595291,256,0,Tesla T4,7.5,2.11.0+cu128,12.8,2026-08-23T19:10:11.661194+00:00
ca87722a00ebf585cd788c67949e7c0b32dca788,custom_cuda,warp-reduction custom CUDA fused scale + mask + softmax; block_size=256,768,6144,768,float32,0.125,25,100,50,223.07200729846954,256,0,Tesla T4,7.5,2.11.0+cu128,12.8,2026-08-23T19:10:11.661194+00:00
ca87722a00ebf585cd788c67949e7c0b32dca788,custom_cuda,warp-reduction custom CUDA fused scale + mask + softmax; block_size=256,768,6144,768,float32,0.125,25,100,51,225.2800017595291,256,0,Tesla T4,7.5,2.11.0+cu128,12.8,2026-08-23T19:10:11.661194+00:00
ca87722a00ebf585cd788c67949e7c0b32dca788,custom_cuda,warp-reduction custom CUDA fused scale + mask + softmax; block_size=256,768,6144,768,float32,0.125,25,100,52,223.23200106620789,256,0,Tesla T4,7.5,2.11.0+cu128,12.8,2026-08-23T19:10:11.661194+00:00
ca87722a00ebf585cd788c67949e7c0b32dca788,custom_cuda,warp-reduction custom CUDA fused scale + mask + softmax; block_size=256,768,6144,768,float32,0.125,25,100,53,229.37600314617157,256,0,Tesla T4,7.5,2.11.0+cu128,12.8,2026-08-23T19:10:11.661194+00:00
ca87722a00ebf585cd788c67949e7c0b32dca788,custom_cuda,warp-reduction custom CUDA fused scale + mask + softmax; block_size=256,768,6144,768,float32,0.125,25,100,54,223.61600399017334,256,0,Tesla T4,7.5,2.11.0+cu128,12.8,2026-08-23T19:10:11.661194+00:00
ca87722a00ebf585cd788c67949e7c0b32dca788,custom_cuda,warp-reduction custom CUDA fused scale + mask + softmax; block_size=256,768,6144,768,float32,0.125,25,100,55,222.30400145053864,256,0,Tesla T4,7.5,2.11.0+cu128,12.8,2026-08-23T19:10:11.661194+00:00
ca87722a00ebf585cd788c67949e7c0b32dca788,custom_cuda,warp-reduction custom CUDA fused scale + mask + softmax; block_size=256,768,6144,768,float32,0.125,25,100,56,221.5999960899353,256,0,Tesla T4,7.5,2.11.0+cu128,12.8,2026-08-23T19:10:11.661194+00:00
ca87722a00ebf585cd788c67949e7c0b32dca788,custom_cuda,warp-reduction custom CUDA fused scale + mask + softmax; block_size=256,768,6144,768,float32,0.125,25,100,57,222.4320024251938,256,0,Tesla T4,7.5,2.11.0+cu128,12.8,2026-08-23T19:10:11.661194+00:00
ca87722a00ebf585cd788c67949e7c0b32dca788,custom_cuda,warp-reduction custom CUDA fused scale + mask + softmax; block_size=256,768,6144,768,float32,0.125,25,100,58,224.89599883556366,256,0,Tesla T4,7.5,2.11.0+cu128,12.8,2026-08-23T19:10:11.661194+00:00
ca87722a00ebf585cd788c67949e7c0b32dca788,custom_cuda,warp-reduction custom CUDA fused scale + mask + softmax; block_size=256,768,6144,768,float32,0.125,25,100,59,221.88800573349,256,0,Tesla T4,7.5,2.11.0+cu128,12.8,2026-08-23T19:10:11.661194+00:00
ca87722a00ebf585cd788c67949e7c0b32dca788,custom_cuda,warp-reduction custom CUDA fused scale + mask + softmax; block_size=256,768,6144,768,float32,0.125,25,100,60,223.23200106620789,256,0,Tesla T4,7.5,2.11.0+cu128,12.8,2026-08-23T19:10:11.661194+00:00
ca87722a00ebf585cd788c67949e7c0b32dca788,custom_cuda,warp-reduction custom CUDA fused scale + mask + softmax; block_size=256,768,6144,768,float32,0.125,25,100,61,223.1680005788803,256,0,Tesla T4,7.5,2.11.0+cu128,12.8,2026-08-23T19:10:11.661194+00:00
ca87722a00ebf585cd788c67949e7c0b32dca788,custom_cuda,warp-reduction custom CUDA fused scale + mask + softmax; block_size=256,768,6144,768,float32,0.125,25,100,62,225.15200078487396,256,0,Tesla T4,7.5,2.11.0+cu128,12.8,2026-08-23T19:10:11.661194+00:00
ca87722a00ebf585cd788c67949e7c0b32dca788,custom_cuda,warp-reduction custom CUDA fused scale + mask + softmax; block_size=256,768,6144,768,float32,0.125,25,100,63,223.23200106620789,256,0,Tesla T4,7.5,2.11.0+cu128,12.8,2026-08-23T19:10:11.661194+00:00
ca87722a00ebf585cd788c67949e7c0b32dca788,custom_cuda,warp-reduction custom CUDA fused scale + mask + softmax; block_size=256,768,6144,768,float32,0.125,25,100,64,221.69600427150726,256,0,Tesla T4,7.5,2.11.0+cu128,12.8,2026-08-23T19:10:11.661194+00:00
ca87722a00ebf585cd788c67949e7c0b32dca788,custom_cuda,warp-reduction custom CUDA fused scale + mask + softmax; block_size=256,768,6144,768,float32,0.125,25,100,65,222.97599911689758,256,0,Tesla T4,7.5,2.11.0+cu128,12.8,2026-08-23T19:10:11.661194+00:00
ca87722a00ebf585cd788c67949e7c0b32dca788,custom_cuda,warp-reduction custom CUDA fused scale + mask + softmax; block_size=256,768,6144,768,float32,0.125,25,100,66,224.38399493694305,256,0,Tesla T4,7.5,2.11.0+cu128,12.8,2026-08-23T19:10:11.661194+00:00
ca87722a00ebf585cd788c67949e7c0b32dca788,custom_cuda,warp-reduction custom CUDA fused scale + mask + softmax; block_size=256,768,6144,768,float32,0.125,25,100,67,221.5999960899353,256,0,Tesla T4,7.5,2.11.0+cu128,12.8,2026-08-23T19:10:11.661194+00:00
ca87722a00ebf585cd788c67949e7c0b32dca788,custom_cuda,warp-reduction custom CUDA fused scale + mask + softmax; block_size=256,768,6144,768,float32,0.125,25,100,68,222.6880043745041,256,0,Tesla T4,7.5,2.11.0+cu128,12.8,2026-08-23T19:10:11.661194+00:00
ca87722a00ebf585cd788c67949e7c0b32dca788,custom_cuda,warp-reduction custom CUDA fused scale + mask + softmax; block_size=256,768,6144,768,float32,0.125,25,100,69,221.5680032968521,256,0,Tesla T4,7.5,2.11.0+cu128,12.8,2026-08-23T19:10:11.661194+00:00
ca87722a00ebf585cd788c67949e7c0b32dca788,custom_cuda,warp-reduction custom CUDA fused scale + mask + softmax; block_size=256,768,6144,768,float32,0.125,25,100,70,224.31999444961548,256,0,Tesla T4,7.5,2.11.0+cu128,12.8,2026-08-23T19:10:11.661194+00:00
ca87722a00ebf585cd788c67949e7c0b32dca788,custom_cuda,warp-reduction custom CUDA fused scale + mask + softmax; block_size=256,768,6144,768,float32,0.125,25,100,71,222.4320024251938,256,0,Tesla T4,7.5,2.11.0+cu128,12.8,2026-08-23T19:10:11.661194+00:00
ca87722a00ebf585cd788c67949e7c0b32dca788,custom_cuda,warp-reduction custom CUDA fused scale + mask + softmax; block_size=256,768,6144,768,float32,0.125,25,100,72,231.48800432682037,256,0,Tesla T4,7.5,2.11.0+cu128,12.8,2026-08-23T19:10:11.661194+00:00
ca87722a00ebf585cd788c67949e7c0b32dca788,custom_cuda,warp-reduction custom CUDA fused scale + mask + softmax; block_size=256,768,6144,768,float32,0.125,25,100,73,222.01600670814514,256,0,Tesla T4,7.5,2.11.0+cu128,12.8,2026-08-23T19:10:11.661194+00:00
ca87722a00ebf585cd788c67949e7c0b32dca788,custom_cuda,warp-reduction custom CUDA fused scale + mask + softmax; block_size=256,768,6144,768,float32,0.125,25,100,74,223.26399385929108,256,0,Tesla T4,7.5,2.11.0+cu128,12.8,2026-08-23T19:10:11.661194+00:00
ca87722a00ebf585cd788c67949e7c0b32dca788,custom_cuda,warp-reduction custom CUDA fused scale + mask + softmax; block_size=256,768,6144,768,float32,0.125,25,100,75,221.66399657726288,256,0,Tesla T4,7.5,2.11.0+cu128,12.8,2026-08-23T19:10:11.661194+00:00
ca87722a00ebf585cd788c67949e7c0b32dca788,custom_cuda,warp-reduction custom CUDA fused scale + mask + softmax; block_size=256,768,6144,768,float32,0.125,25,100,76,221.5999960899353,256,0,Tesla T4,7.5,2.11.0+cu128,12.8,2026-08-23T19:10:11.661194+00:00
ca87722a00ebf585cd788c67949e7c0b32dca788,custom_cuda,warp-reduction custom CUDA fused scale + mask + softmax; block_size=256,768,6144,768,float32,0.125,25,100,77,221.21599316596985,256,0,Tesla T4,7.5,2.11.0+cu128,12.8,2026-08-23T19:10:11.661194+00:00
ca87722a00ebf585cd788c67949e7c0b32dca788,custom_cuda,warp-reduction custom CUDA fused scale + mask + softmax; block_size=256,768,6144,768,float32,0.125,25,100,78,223.29600155353546,256,0,Tesla T4,7.5,2.11.0+cu128,12.8,2026-08-23T19:10:11.661194+00:00
ca87722a00ebf585cd788c67949e7c0b32dca788,custom_cuda,warp-reduction custom CUDA fused scale + mask + softmax; block_size=256,768,6144,768,float32,0.125,25,100,79,221.50400280952454,256,0,Tesla T4,7.5,2.11.0+cu128,12.8,2026-08-23T19:10:11.661194+00:00
ca87722a00ebf585cd788c67949e7c0b32dca788,custom_cuda,warp-reduction custom CUDA fused scale + mask + softmax; block_size=256,768,6144,768,float32,0.125,25,100,80,221.15199267864227,256,0,Tesla T4,7.5,2.11.0+cu128,12.8,2026-08-23T19:10:11.661194+00:00
ca87722a00ebf585cd788c67949e7c0b32dca788,custom_cuda,warp-reduction custom CUDA fused scale + mask + softmax; block_size=256,768,6144,768,float32,0.125,25,100,81,230.49600422382355,256,0,Tesla T4,7.5,2.11.0+cu128,12.8,2026-08-23T19:10:11.661194+00:00
ca87722a00ebf585cd788c67949e7c0b32dca788,custom_cuda,warp-reduction custom CUDA fused scale + mask + softmax; block_size=256,768,6144,768,float32,0.125,25,100,82,227.03999280929565,256,0,Tesla T4,7.5,2.11.0+cu128,12.8,2026-08-23T19:10:11.661194+00:00
ca87722a00ebf585cd788c67949e7c0b32dca788,custom_cuda,warp-reduction custom CUDA fused scale + mask + softmax; block_size=256,768,6144,768,float32,0.125,25,100,83,223.23200106620789,256,0,Tesla T4,7.5,2.11.0+cu128,12.8,2026-08-23T19:10:11.661194+00:00
ca87722a00ebf585cd788c67949e7c0b32dca788,custom_cuda,warp-reduction custom CUDA fused scale + mask + softmax; block_size=256,768,6144,768,float32,0.125,25,100,84,221.82400524616241,256,0,Tesla T4,7.5,2.11.0+cu128,12.8,2026-08-23T19:10:11.661194+00:00
ca87722a00ebf585cd788c67949e7c0b32dca788,custom_cuda,warp-reduction custom CUDA fused scale + mask + softmax; block_size=256,768,6144,768,float32,0.125,25,100,85,223.03999960422516,256,0,Tesla T4,7.5,2.11.0+cu128,12.8,2026-08-23T19:10:11.661194+00:00
ca87722a00ebf585cd788c67949e7c0b32dca788,custom_cuda,warp-reduction custom CUDA fused scale + mask + softmax; block_size=256,768,6144,768,float32,0.125,25,100,86,225.24799406528473,256,0,Tesla T4,7.5,2.11.0+cu128,12.8,2026-08-23T19:10:11.661194+00:00
ca87722a00ebf585cd788c67949e7c0b32dca788,custom_cuda,warp-reduction custom CUDA fused scale + mask + softmax; block_size=256,768,6144,768,float32,0.125,25,100,87,237.5040054321289,256,0,Tesla T4,7.5,2.11.0+cu128,12.8,2026-08-23T19:10:11.661194+00:00
ca87722a00ebf585cd788c67949e7c0b32dca788,custom_cuda,warp-reduction custom CUDA fused scale + mask + softmax; block_size=256,768,6144,768,float32,0.125,25,100,88,224.86400604248047,256,0,Tesla T4,7.5,2.11.0+cu128,12.8,2026-08-23T19:10:11.661194+00:00
ca87722a00ebf585cd788c67949e7c0b32dca788,custom_cuda,warp-reduction custom CUDA fused scale + mask + softmax; block_size=256,768,6144,768,float32,0.125,25,100,89,223.23200106620789,256,0,Tesla T4,7.5,2.11.0+cu128,12.8,2026-08-23T19:10:11.661194+00:00
ca87722a00ebf585cd788c67949e7c0b32dca788,custom_cuda,warp-reduction custom CUDA fused scale + mask + softmax; block_size=256,768,6144,768,float32,0.125,25,100,90,227.29599475860596,256,0,Tesla T4,7.5,2.11.0+cu128,12.8,2026-08-23T19:10:11.661194+00:00
ca87722a00ebf585cd788c67949e7c0b32dca788,custom_cuda,warp-reduction custom CUDA fused scale + mask + softmax; block_size=256,768,6144,768,float32,0.125,25,100,91,223.7440049648285,256,0,Tesla T4,7.5,2.11.0+cu128,12.8,2026-08-23T19:10:11.661194+00:00
ca87722a00ebf585cd788c67949e7c0b32dca788,custom_cuda,warp-reduction custom CUDA fused scale + mask + softmax; block_size=256,768,6144,768,float32,0.125,25,100,92,223.23200106620789,256,0,Tesla T4,7.5,2.11.0+cu128,12.8,2026-08-23T19:10:11.661194+00:00
ca87722a00ebf585cd788c67949e7c0b32dca788,custom_cuda,warp-reduction custom CUDA fused scale + mask + softmax; block_size=256,768,6144,768,float32,0.125,25,100,93,223.51999580860138,256,0,Tesla T4,7.5,2.11.0+cu128,12.8,2026-08-23T19:10:11.661194+00:00
ca87722a00ebf585cd788c67949e7c0b32dca788,custom_cuda,warp-reduction custom CUDA fused scale + mask + softmax; block_size=256,768,6144,768,float32,0.125,25,100,94,251.90401077270508,256,0,Tesla T4,7.5,2.11.0+cu128,12.8,2026-08-23T19:10:11.661194+00:00
ca87722a00ebf585cd788c67949e7c0b32dca788,custom_cuda,warp-reduction custom CUDA fused scale + mask + softmax; block_size=256,768,6144,768,float32,0.125,25,100,95,223.77599775791168,256,0,Tesla T4,7.5,2.11.0+cu128,12.8,2026-08-23T19:10:11.661194+00:00
ca87722a00ebf585cd788c67949e7c0b32dca788,custom_cuda,warp-reduction custom CUDA fused scale + mask + softmax; block_size=256,768,6144,768,float32,0.125,25,100,96,222.1439927816391,256,0,Tesla T4,7.5,2.11.0+cu128,12.8,2026-08-23T19:10:11.661194+00:00
ca87722a00ebf585cd788c67949e7c0b32dca788,custom_cuda,warp-reduction custom CUDA fused scale + mask + softmax; block_size=256,768,6144,768,float32,0.125,25,100,97,224.67200458049774,256,0,Tesla T4,7.5,2.11.0+cu128,12.8,2026-08-23T19:10:11.661194+00:00
ca87722a00ebf585cd788c67949e7c0b32dca788,custom_cuda,warp-reduction custom CUDA fused scale + mask + softmax; block_size=256,768,6144,768,float32,0.125,25,100,98,226.04799270629883,256,0,Tesla T4,7.5,2.11.0+cu128,12.8,2026-08-23T19:10:11.661194+00:00
ca87722a00ebf585cd788c67949e7c0b32dca788,custom_cuda,warp-reduction custom CUDA fused scale + mask + softmax; block_size=256,768,6144,768,float32,0.125,25,100,99,222.6559966802597,256,0,Tesla T4,7.5,2.11.0+cu128,12.8,2026-08-23T19:10:11.661194+00:00
ca87722a00ebf585cd788c67949e7c0b32dca788,custom_cuda,warp-reduction custom CUDA fused scale + mask + softmax; block_size=256,1024,8192,1024,float32,0.125,25,100,0,341.43999218940735,256,0,Tesla T4,7.5,2.11.0+cu128,12.8,2026-08-23T19:10:14.253736+00:00
ca87722a00ebf585cd788c67949e7c0b32dca788,custom_cuda,warp-reduction custom CUDA fused scale + mask + softmax; block_size=256,1024,8192,1024,float32,0.125,25,100,1,348.1599986553192,256,0,Tesla T4,7.5,2.11.0+cu128,12.8,2026-08-23T19:10:14.253736+00:00
ca87722a00ebf585cd788c67949e7c0b32dca788,custom_cuda,warp-reduction custom CUDA fused scale + mask + softmax; block_size=256,1024,8192,1024,float32,0.125,25,100,2,313.60000371932983,256,0,Tesla T4,7.5,2.11.0+cu128,12.8,2026-08-23T19:10:14.253736+00:00
ca87722a00ebf585cd788c67949e7c0b32dca788,custom_cuda,warp-reduction custom CUDA fused scale + mask + softmax; block_size=256,1024,8192,1024,float32,0.125,25,100,3,311.2959861755371,256,0,Tesla T4,7.5,2.11.0+cu128,12.8,2026-08-23T19:10:14.253736+00:00
ca87722a00ebf585cd788c67949e7c0b32dca788,custom_cuda,warp-reduction custom CUDA fused scale + mask + softmax; block_size=256,1024,8192,1024,float32,0.125,25,100,4,314.0160143375397,256,0,Tesla T4,7.5,2.11.0+cu128,12.8,2026-08-23T19:10:14.253736+00:00
ca87722a00ebf585cd788c67949e7c0b32dca788,custom_cuda,warp-reduction custom CUDA fused scale + mask + softmax; block_size=256,1024,8192,1024,float32,0.125,25,100,5,325.6320059299469,256,0,Tesla T4,7.5,2.11.0+cu128,12.8,2026-08-23T19:10:14.253736+00:00
ca87722a00ebf585cd788c67949e7c0b32dca788,custom_cuda,warp-reduction custom CUDA fused scale + mask + softmax; block_size=256,1024,8192,1024,float32,0.125,25,100,6,307.9040050506592,256,0,Tesla T4,7.5,2.11.0+cu128,12.8,2026-08-23T19:10:14.253736+00:00
ca87722a00ebf585cd788c67949e7c0b32dca788,custom_cuda,warp-reduction custom CUDA fused scale + mask + softmax; block_size=256,1024,8192,1024,float32,0.125,25,100,7,313.6320114135742,256,0,Tesla T4,7.5,2.11.0+cu128,12.8,2026-08-23T19:10:14.253736+00:00
ca87722a00ebf585cd788c67949e7c0b32dca788,custom_cuda,warp-reduction custom CUDA fused scale + mask + softmax; block_size=256,1024,8192,1024,float32,0.125,25,100,8,308.7039887905121,256,0,Tesla T4,7.5,2.11.0+cu128,12.8,2026-08-23T19:10:14.253736+00:00
ca87722a00ebf585cd788c67949e7c0b32dca788,custom_cuda,warp-reduction custom CUDA fused scale + mask + softmax; block_size=256,1024,8192,1024,float32,0.125,25,100,9,311.2959861755371,256,0,Tesla T4,7.5,2.11.0+cu128,12.8,2026-08-23T19:10:14.253736+00:00
ca87722a00ebf585cd788c67949e7c0b32dca788,custom_cuda,warp-reduction custom CUDA fused scale + mask + softmax; block_size=256,1024,8192,1024,float32,0.125,25,100,10,322.6560056209564,256,0,Tesla T4,7.5,2.11.0+cu128,12.8,2026-08-23T19:10:14.253736+00:00
ca87722a00ebf585cd788c67949e7c0b32dca788,custom_cuda,warp-reduction custom CUDA fused scale + mask + softmax; block_size=256,1024,8192,1024,float32,0.125,25,100,11,311.2959861755371,256,0,Tesla T4,7.5,2.11.0+cu128,12.8,2026-08-23T19:10:14.253736+00:00
ca87722a00ebf585cd788c67949e7c0b32dca788,custom_cuda,warp-reduction custom CUDA fused scale + mask + softmax; block_size=256,1024,8192,1024,float32,0.125,25,100,12,309.9519908428192,256,0,Tesla T4,7.5,2.11.0+cu128,12.8,2026-08-23T19:10:14.253736+00:00
ca87722a00ebf585cd788c67949e7c0b32dca788,custom_cuda,warp-reduction custom CUDA fused scale + mask + softmax; block_size=256,1024,8192,1024,float32,0.125,25,100,13,317.440003156662,256,0,Tesla T4,7.5,2.11.0+cu128,12.8,2026-08-23T19:10:14.253736+00:00
ca87722a00ebf585cd788c67949e7c0b32dca788,custom_cuda,warp-reduction custom CUDA fused scale + mask + softmax; block_size=256,1024,8192,1024,float32,0.125,25,100,14,306.11199140548706,256,0,Tesla T4,7.5,2.11.0+cu128,12.8,2026-08-23T19:10:14.253736+00:00
ca87722a00ebf585cd788c67949e7c0b32dca788,custom_cuda,warp-reduction custom CUDA fused scale + mask + softmax; block_size=256,1024,8192,1024,float32,0.125,25,100,15,308.25600028038025,256,0,Tesla T4,7.5,2.11.0+cu128,12.8,2026-08-23T19:10:14.253736+00:00
ca87722a00ebf585cd788c67949e7c0b32dca788,custom_cuda,warp-reduction custom CUDA fused scale + mask + softmax; block_size=256,1024,8192,1024,float32,0.125,25,100,16,313.18399310112,256,0,Tesla T4,7.5,2.11.0+cu128,12.8,2026-08-23T19:10:14.253736+00:00
ca87722a00ebf585cd788c67949e7c0b32dca788,custom_cuda,warp-reduction custom CUDA fused scale + mask + softmax; block_size=256,1024,8192,1024,float32,0.125,25,100,17,307.20001459121704,256,0,Tesla T4,7.5,2.11.0+cu128,12.8,2026-08-23T19:10:14.253736+00:00
ca87722a00ebf585cd788c67949e7c0b32dca788,custom_cuda,warp-reduction custom CUDA fused scale + mask + softmax; block_size=256,1024,8192,1024,float32,0.125,25,100,18,310.7520043849945,256,0,Tesla T4,7.5,2.11.0+cu128,12.8,2026-08-23T19:10:14.253736+00:00
ca87722a00ebf585cd788c67949e7c0b32dca788,custom_cuda,warp-reduction custom CUDA fused scale + mask + softmax; block_size=256,1024,8192,1024,float32,0.125,25,100,19,309.5040023326874,256,0,Tesla T4,7.5,2.11.0+cu128,12.8,2026-08-23T19:10:14.253736+00:00
ca87722a00ebf585cd788c67949e7c0b32dca788,custom_cuda,warp-reduction custom CUDA fused scale + mask + softmax; block_size=256,1024,8192,1024,float32,0.125,25,100,20,309.1199994087219,256,0,Tesla T4,7.5,2.11.0+cu128,12.8,2026-08-23T19:10:14.253736+00:00
ca87722a00ebf585cd788c67949e7c0b32dca788,custom_cuda,warp-reduction custom CUDA fused scale + mask + softmax; block_size=256,1024,8192,1024,float32,0.125,25,100,21,312.6400113105774,256,0,Tesla T4,7.5,2.11.0+cu128,12.8,2026-08-23T19:10:14.253736+00:00
ca87722a00ebf585cd788c67949e7c0b32dca788,custom_cuda,warp-reduction custom CUDA fused scale + mask + softmax; block_size=256,1024,8192,1024,float32,0.125,25,100,22,307.96799063682556,256,0,Tesla T4,7.5,2.11.0+cu128,12.8,2026-08-23T19:10:14.253736+00:00
ca87722a00ebf585cd788c67949e7c0b32dca788,custom_cuda,warp-reduction custom CUDA fused scale + mask + softmax; block_size=256,1024,8192,1024,float32,0.125,25,100,23,307.20001459121704,256,0,Tesla T4,7.5,2.11.0+cu128,12.8,2026-08-23T19:10:14.253736+00:00
ca87722a00ebf585cd788c67949e7c0b32dca788,custom_cuda,warp-reduction custom CUDA fused scale + mask + softmax; block_size=256,1024,8192,1024,float32,0.125,25,100,24,334.84798669815063,256,0,Tesla T4,7.5,2.11.0+cu128,12.8,2026-08-23T19:10:14.253736+00:00
ca87722a00ebf585cd788c67949e7c0b32dca788,custom_cuda,warp-reduction custom CUDA fused scale + mask + softmax; block_size=256,1024,8192,1024,float32,0.125,25,100,25,311.2959861755371,256,0,Tesla T4,7.5,2.11.0+cu128,12.8,2026-08-23T19:10:14.253736+00:00
ca87722a00ebf585cd788c67949e7c0b32dca788,custom_cuda,warp-reduction custom CUDA fused scale + mask + softmax; block_size=256,1024,8192,1024,float32,0.125,25,100,26,311.48800253868103,256,0,Tesla T4,7.5,2.11.0+cu128,12.8,2026-08-23T19:10:14.253736+00:00
ca87722a00ebf585cd788c67949e7c0b32dca788,custom_cuda,warp-reduction custom CUDA fused scale + mask + softmax; block_size=256,1024,8192,1024,float32,0.125,25,100,27,314.33600187301636,256,0,Tesla T4,7.5,2.11.0+cu128,12.8,2026-08-23T19:10:14.253736+00:00
ca87722a00ebf585cd788c67949e7c0b32dca788,custom_cuda,warp-reduction custom CUDA fused scale + mask + softmax; block_size=256,1024,8192,1024,float32,0.125,25,100,28,309.59999561309814,256,0,Tesla T4,7.5,2.11.0+cu128,12.8,2026-08-23T19:10:14.253736+00:00
ca87722a00ebf585cd788c67949e7c0b32dca788,custom_cuda,warp-reduction custom CUDA fused scale + mask + softmax; block_size=256,1024,8192,1024,float32,0.125,25,100,29,308.76800417900085,256,0,Tesla T4,7.5,2.11.0+cu128,12.8,2026-08-23T19:10:14.253736+00:00
ca87722a00ebf585cd788c67949e7c0b32dca788,custom_cuda,warp-reduction custom CUDA fused scale + mask + softmax; block_size=256,1024,8192,1024,float32,0.125,25,100,30,313.56799602508545,256,0,Tesla T4,7.5,2.11.0+cu128,12.8,2026-08-23T19:10:14.253736+00:00
ca87722a00ebf585cd788c67949e7c0b32dca788,custom_cuda,warp-reduction custom CUDA fused scale + mask + softmax; block_size=256,1024,8192,1024,float32,0.125,25,100,31,312.51201033592224,256,0,Tesla T4,7.5,2.11.0+cu128,12.8,2026-08-23T19:10:14.253736+00:00
ca87722a00ebf585cd788c67949e7c0b32dca788,custom_cuda,warp-reduction custom CUDA fused scale + mask + softmax; block_size=256,1024,8192,1024,float32,0.125,25,100,32,309.2159926891327,256,0,Tesla T4,7.5,2.11.0+cu128,12.8,2026-08-23T19:10:14.253736+00:00
ca87722a00ebf585cd788c67949e7c0b32dca788,custom_cuda,warp-reduction custom CUDA fused scale + mask + softmax; block_size=256,1024,8192,1024,float32,0.125,25,100,33,314.94399905204773,256,0,Tesla T4,7.5,2.11.0+cu128,12.8,2026-08-23T19:10:14.253736+00:00
ca87722a00ebf585cd788c67949e7c0b32dca788,custom_cuda,warp-reduction custom CUDA fused scale + mask + softmax; block_size=256,1024,8192,1024,float32,0.125,25,100,34,308.6079955101013,256,0,Tesla T4,7.5,2.11.0+cu128,12.8,2026-08-23T19:10:14.253736+00:00
ca87722a00ebf585cd788c67949e7c0b32dca788,custom_cuda,warp-reduction custom CUDA fused scale + mask + softmax; block_size=256,1024,8192,1024,float32,0.125,25,100,35,307.16800689697266,256,0,Tesla T4,7.5,2.11.0+cu128,12.8,2026-08-23T19:10:14.253736+00:00
ca87722a00ebf585cd788c67949e7c0b32dca788,custom_cuda,warp-reduction custom CUDA fused scale + mask + softmax; block_size=256,1024,8192,1024,float32,0.125,25,100,36,311.5839958190918,256,0,Tesla T4,7.5,2.11.0+cu128,12.8,2026-08-23T19:10:14.253736+00:00
ca87722a00ebf585cd788c67949e7c0b32dca788,custom_cuda,warp-reduction custom CUDA fused scale + mask + softmax; block_size=256,1024,8192,1024,float32,0.125,25,100,37,310.8159899711609,256,0,Tesla T4,7.5,2.11.0+cu128,12.8,2026-08-23T19:10:14.253736+00:00
ca87722a00ebf585cd788c67949e7c0b32dca788,custom_cuda,warp-reduction custom CUDA fused scale + mask + softmax; block_size=256,1024,8192,1024,float32,0.125,25,100,38,305.88799715042114,256,0,Tesla T4,7.5,2.11.0+cu128,12.8,2026-08-23T19:10:14.253736+00:00
ca87722a00ebf585cd788c67949e7c0b32dca788,custom_cuda,warp-reduction custom CUDA fused scale + mask + softmax; block_size=256,1024,8192,1024,float32,0.125,25,100,39,311.3279938697815,256,0,Tesla T4,7.5,2.11.0+cu128,12.8,2026-08-23T19:10:14.253736+00:00
ca87722a00ebf585cd788c67949e7c0b32dca788,custom_cuda,warp-reduction custom CUDA fused scale + mask + softmax; block_size=256,1024,8192,1024,float32,0.125,25,100,40,307.23199248313904,256,0,Tesla T4,7.5,2.11.0+cu128,12.8,2026-08-23T19:10:14.253736+00:00
ca87722a00ebf585cd788c67949e7c0b32dca788,custom_cuda,warp-reduction custom CUDA fused scale + mask + softmax; block_size=256,1024,8192,1024,float32,0.125,25,100,41,307.2640001773834,256,0,Tesla T4,7.5,2.11.0+cu128,12.8,2026-08-23T19:10:14.253736+00:00
ca87722a00ebf585cd788c67949e7c0b32dca788,custom_cuda,warp-reduction custom CUDA fused scale + mask + softmax; block_size=256,1024,8192,1024,float32,0.125,25,100,42,312.608003616333,256,0,Tesla T4,7.5,2.11.0+cu128,12.8,2026-08-23T19:10:14.253736+00:00
ca87722a00ebf585cd788c67949e7c0b32dca788,custom_cuda,warp-reduction custom CUDA fused scale + mask + softmax; block_size=256,1024,8192,1024,float32,0.125,25,100,43,308.896005153656,256,0,Tesla T4,7.5,2.11.0+cu128,12.8,2026-08-23T19:10:14.253736+00:00
ca87722a00ebf585cd788c67949e7c0b32dca788,custom_cuda,warp-reduction custom CUDA fused scale + mask + softmax; block_size=256,1024,8192,1024,float32,0.125,25,100,44,307.42400884628296,256,0,Tesla T4,7.5,2.11.0+cu128,12.8,2026-08-23T19:10:14.253736+00:00
ca87722a00ebf585cd788c67949e7c0b32dca788,custom_cuda,warp-reduction custom CUDA fused scale + mask + softmax; block_size=256,1024,8192,1024,float32,0.125,25,100,45,311.19999289512634,256,0,Tesla T4,7.5,2.11.0+cu128,12.8,2026-08-23T19:10:14.253736+00:00
ca87722a00ebf585cd788c67949e7c0b32dca788,custom_cuda,warp-reduction custom CUDA fused scale + mask + softmax; block_size=256,1024,8192,1024,float32,0.125,25,100,46,309.28000807762146,256,0,Tesla T4,7.5,2.11.0+cu128,12.8,2026-08-23T19:10:14.253736+00:00
ca87722a00ebf585cd788c67949e7c0b32dca788,custom_cuda,warp-reduction custom CUDA fused scale + mask + softmax; block_size=256,1024,8192,1024,float32,0.125,25,100,47,309.1520071029663,256,0,Tesla T4,7.5,2.11.0+cu128,12.8,2026-08-23T19:10:14.253736+00:00
ca87722a00ebf585cd788c67949e7c0b32dca788,custom_cuda,warp-reduction custom CUDA fused scale + mask + softmax; block_size=256,1024,8192,1024,float32,0.125,25,100,48,311.96799874305725,256,0,Tesla T4,7.5,2.11.0+cu128,12.8,2026-08-23T19:10:14.253736+00:00
ca87722a00ebf585cd788c67949e7c0b32dca788,custom_cuda,warp-reduction custom CUDA fused scale + mask + softmax; block_size=256,1024,8192,1024,float32,0.125,25,100,49,309.2480003833771,256,0,Tesla T4,7.5,2.11.0+cu128,12.8,2026-08-23T19:10:14.253736+00:00
ca87722a00ebf585cd788c67949e7c0b32dca788,custom_cuda,warp-reduction custom CUDA fused scale + mask + softmax; block_size=256,1024,8192,1024,float32,0.125,25,100,50,307.68001079559326,256,0,Tesla T4,7.5,2.11.0+cu128,12.8,2026-08-23T19:10:14.253736+00:00
ca87722a00ebf585cd788c67949e7c0b32dca788,custom_cuda,warp-reduction custom CUDA fused scale + mask + softmax; block_size=256,1024,8192,1024,float32,0.125,25,100,51,311.5200102329254,256,0,Tesla T4,7.5,2.11.0+cu128,12.8,2026-08-23T19:10:14.253736+00:00
ca87722a00ebf585cd788c67949e7c0b32dca788,custom_cuda,warp-reduction custom CUDA fused scale + mask + softmax; block_size=256,1024,8192,1024,float32,0.125,25,100,52,307.99999833106995,256,0,Tesla T4,7.5,2.11.0+cu128,12.8,2026-08-23T19:10:14.253736+00:00
ca87722a00ebf585cd788c67949e7c0b32dca788,custom_cuda,warp-reduction custom CUDA fused scale + mask + softmax; block_size=256,1024,8192,1024,float32,0.125,25,100,53,307.3599934577942,256,0,Tesla T4,7.5,2.11.0+cu128,12.8,2026-08-23T19:10:14.253736+00:00
ca87722a00ebf585cd788c67949e7c0b32dca788,custom_cuda,warp-reduction custom CUDA fused scale + mask + softmax; block_size=256,1024,8192,1024,float32,0.125,25,100,54,311.2959861755371,256,0,Tesla T4,7.5,2.11.0+cu128,12.8,2026-08-23T19:10:14.253736+00:00
ca87722a00ebf585cd788c67949e7c0b32dca788,custom_cuda,warp-reduction custom CUDA fused scale + mask + softmax; block_size=256,1024,8192,1024,float32,0.125,25,100,55,307.3279857635498,256,0,Tesla T4,7.5,2.11.0+cu128,12.8,2026-08-23T19:10:14.253736+00:00
ca87722a00ebf585cd788c67949e7c0b32dca788,custom_cuda,warp-reduction custom CUDA fused scale + mask + softmax; block_size=256,1024,8192,1024,float32,0.125,25,100,56,307.3599934577942,256,0,Tesla T4,7.5,2.11.0+cu128,12.8,2026-08-23T19:10:14.253736+00:00
ca87722a00ebf585cd788c67949e7c0b32dca788,custom_cuda,warp-reduction custom CUDA fused scale + mask + softmax; block_size=256,1024,8192,1024,float32,0.125,25,100,57,313.34400177001953,256,0,Tesla T4,7.5,2.11.0+cu128,12.8,2026-08-23T19:10:14.253736+00:00
ca87722a00ebf585cd788c67949e7c0b32dca788,custom_cuda,warp-reduction custom CUDA fused scale + mask + softmax; block_size=256,1024,8192,1024,float32,0.125,25,100,58,307.776004076004,256,0,Tesla T4,7.5,2.11.0+cu128,12.8,2026-08-23T19:10:14.253736+00:00
ca87722a00ebf585cd788c67949e7c0b32dca788,custom_cuda,warp-reduction custom CUDA fused scale + mask + softmax; block_size=256,1024,8192,1024,float32,0.125,25,100,59,307.1039915084839,256,0,Tesla T4,7.5,2.11.0+cu128,12.8,2026-08-23T19:10:14.253736+00:00
ca87722a00ebf585cd788c67949e7c0b32dca788,custom_cuda,warp-reduction custom CUDA fused scale + mask + softmax; block_size=256,1024,8192,1024,float32,0.125,25,100,60,323.5839903354645,256,0,Tesla T4,7.5,2.11.0+cu128,12.8,2026-08-23T19:10:14.253736+00:00
ca87722a00ebf585cd788c67949e7c0b32dca788,custom_cuda,warp-reduction custom CUDA fused scale + mask + softmax; block_size=256,1024,8192,1024,float32,0.125,25,100,61,311.2959861755371,256,0,Tesla T4,7.5,2.11.0+cu128,12.8,2026-08-23T19:10:14.253736+00:00
ca87722a00ebf585cd788c67949e7c0b32dca788,custom_cuda,warp-reduction custom CUDA fused scale + mask + softmax; block_size=256,1024,8192,1024,float32,0.125,25,100,62,315.39198756217957,256,0,Tesla T4,7.5,2.11.0+cu128,12.8,2026-08-23T19:10:14.253736+00:00
ca87722a00ebf585cd788c67949e7c0b32dca788,custom_cuda,warp-reduction custom CUDA fused scale + mask + softmax; block_size=256,1024,8192,1024,float32,0.125,25,100,63,313.9840066432953,256,0,Tesla T4,7.5,2.11.0+cu128,12.8,2026-08-23T19:10:14.253736+00:00
ca87722a00ebf585cd788c67949e7c0b32dca788,custom_cuda,warp-reduction custom CUDA fused scale + mask + softmax; block_size=256,1024,8192,1024,float32,0.125,25,100,64,307.20001459121704,256,0,Tesla T4,7.5,2.11.0+cu128,12.8,2026-08-23T19:10:14.253736+00:00
ca87722a00ebf585cd788c67949e7c0b32dca788,custom_cuda,warp-reduction custom CUDA fused scale + mask + softmax; block_size=256,1024,8192,1024,float32,0.125,25,100,65,308.57598781585693,256,0,Tesla T4,7.5,2.11.0+cu128,12.8,2026-08-23T19:10:14.253736+00:00
ca87722a00ebf585cd788c67949e7c0b32dca788,custom_cuda,warp-reduction custom CUDA fused scale + mask + softmax; block_size=256,1024,8192,1024,float32,0.125,25,100,66,313.9840066432953,256,0,Tesla T4,7.5,2.11.0+cu128,12.8,2026-08-23T19:10:14.253736+00:00
ca87722a00ebf585cd788c67949e7c0b32dca788,custom_cuda,warp-reduction custom CUDA fused scale + mask + softmax; block_size=256,1024,8192,1024,float32,0.125,25,100,67,309.3760013580322,256,0,Tesla T4,7.5,2.11.0+cu128,12.8,2026-08-23T19:10:14.253736+00:00
ca87722a00ebf585cd788c67949e7c0b32dca788,custom_cuda,warp-reduction custom CUDA fused scale + mask + softmax; block_size=256,1024,8192,1024,float32,0.125,25,100,68,317.440003156662,256,0,Tesla T4,7.5,2.11.0+cu128,12.8,2026-08-23T19:10:14.253736+00:00
ca87722a00ebf585cd788c67949e7c0b32dca788,custom_cuda,warp-reduction custom CUDA fused scale + mask + softmax; block_size=256,1024,8192,1024,float32,0.125,25,100,69,310.1760149002075,256,0,Tesla T4,7.5,2.11.0+cu128,12.8,2026-08-23T19:10:14.253736+00:00
ca87722a00ebf585cd788c67949e7c0b32dca788,custom_cuda,warp-reduction custom CUDA fused scale + mask + softmax; block_size=256,1024,8192,1024,float32,0.125,25,100,70,308.351993560791,256,0,Tesla T4,7.5,2.11.0+cu128,12.8,2026-08-23T19:10:14.253736+00:00
ca87722a00ebf585cd788c67949e7c0b32dca788,custom_cuda,warp-reduction custom CUDA fused scale + mask + softmax; block_size=256,1024,8192,1024,float32,0.125,25,100,71,313.24800848960876,256,0,Tesla T4,7.5,2.11.0+cu128,12.8,2026-08-23T19:10:14.253736+00:00
ca87722a00ebf585cd788c67949e7c0b32dca788,custom_cuda,warp-reduction custom CUDA fused scale + mask + softmax; block_size=256,1024,8192,1024,float32,0.125,25,100,72,307.6480031013489,256,0,Tesla T4,7.5,2.11.0+cu128,12.8,2026-08-23T19:10:14.253736+00:00
ca87722a00ebf585cd788c67949e7c0b32dca788,custom_cuda,warp-reduction custom CUDA fused scale + mask + softmax; block_size=256,1024,8192,1024,float32,0.125,25,100,73,305.7279884815216,256,0,Tesla T4,7.5,2.11.0+cu128,12.8,2026-08-23T19:10:14.253736+00:00
ca87722a00ebf585cd788c67949e7c0b32dca788,custom_cuda,warp-reduction custom CUDA fused scale + mask + softmax; block_size=256,1024,8192,1024,float32,0.125,25,100,74,310.7199966907501,256,0,Tesla T4,7.5,2.11.0+cu128,12.8,2026-08-23T19:10:14.253736+00:00
ca87722a00ebf585cd788c67949e7c0b32dca788,custom_cuda,warp-reduction custom CUDA fused scale + mask + softmax; block_size=256,1024,8192,1024,float32,0.125,25,100,75,308.0640137195587,256,0,Tesla T4,7.5,2.11.0+cu128,12.8,2026-08-23T19:10:14.253736+00:00
ca87722a00ebf585cd788c67949e7c0b32dca788,custom_cuda,warp-reduction custom CUDA fused scale + mask + softmax; block_size=256,1024,8192,1024,float32,0.125,25,100,76,305.7279884815216,256,0,Tesla T4,7.5,2.11.0+cu128,12.8,2026-08-23T19:10:14.253736+00:00
ca87722a00ebf585cd788c67949e7c0b32dca788,custom_cuda,warp-reduction custom CUDA fused scale + mask + softmax; block_size=256,1024,8192,1024,float32,0.125,25,100,77,310.7840120792389,256,0,Tesla T4,7.5,2.11.0+cu128,12.8,2026-08-23T19:10:14.253736+00:00
ca87722a00ebf585cd788c67949e7c0b32dca788,custom_cuda,warp-reduction custom CUDA fused scale + mask + softmax; block_size=256,1024,8192,1024,float32,0.125,25,100,78,309.7600042819977,256,0,Tesla T4,7.5,2.11.0+cu128,12.8,2026-08-23T19:10:14.253736+00:00
ca87722a00ebf585cd788c67949e7c0b32dca788,custom_cuda,warp-reduction custom CUDA fused scale + mask + softmax; block_size=256,1024,8192,1024,float32,0.125,25,100,79,307.23199248313904,256,0,Tesla T4,7.5,2.11.0+cu128,12.8,2026-08-23T19:10:14.253736+00:00
ca87722a00ebf585cd788c67949e7c0b32dca788,custom_cuda,warp-reduction custom CUDA fused scale + mask + softmax; block_size=256,1024,8192,1024,float32,0.125,25,100,80,311.2640082836151,256,0,Tesla T4,7.5,2.11.0+cu128,12.8,2026-08-23T19:10:14.253736+00:00
ca87722a00ebf585cd788c67949e7c0b32dca788,custom_cuda,warp-reduction custom CUDA fused scale + mask + softmax; block_size=256,1024,8192,1024,float32,0.125,25,100,81,308.22399258613586,256,0,Tesla T4,7.5,2.11.0+cu128,12.8,2026-08-23T19:10:14.253736+00:00
ca87722a00ebf585cd788c67949e7c0b32dca788,custom_cuda,warp-reduction custom CUDA fused scale + mask + softmax; block_size=256,1024,8192,1024,float32,0.125,25,100,82,307.3599934577942,256,0,Tesla T4,7.5,2.11.0+cu128,12.8,2026-08-23T19:10:14.253736+00:00
ca87722a00ebf585cd788c67949e7c0b32dca788,custom_cuda,warp-reduction custom CUDA fused scale + mask + softmax; block_size=256,1024,8192,1024,float32,0.125,25,100,83,315.42399525642395,256,0,Tesla T4,7.5,2.11.0+cu128,12.8,2026-08-23T19:10:14.253736+00:00
ca87722a00ebf585cd788c67949e7c0b32dca788,custom_cuda,warp-reduction custom CUDA fused scale + mask + softmax; block_size=256,1024,8192,1024,float32,0.125,25,100,84,311.2320005893707,256,0,Tesla T4,7.5,2.11.0+cu128,12.8,2026-08-23T19:10:14.253736+00:00
ca87722a00ebf585cd788c67949e7c0b32dca788,custom_cuda,warp-reduction custom CUDA fused scale + mask + softmax; block_size=256,1024,8192,1024,float32,0.125,25,100,85,311.2320005893707,256,0,Tesla T4,7.5,2.11.0+cu128,12.8,2026-08-23T19:10:14.253736+00:00
ca87722a00ebf585cd788c67949e7c0b32dca788,custom_cuda,warp-reduction custom CUDA fused scale + mask + softmax; block_size=256,1024,8192,1024,float32,0.125,25,100,86,313.31199407577515,256,0,Tesla T4,7.5,2.11.0+cu128,12.8,2026-08-23T19:10:14.253736+00:00
ca87722a00ebf585cd788c67949e7c0b32dca788,custom_cuda,warp-reduction custom CUDA fused scale + mask + softmax; block_size=256,1024,8192,1024,float32,0.125,25,100,87,308.4479868412018,256,0,Tesla T4,7.5,2.11.0+cu128,12.8,2026-08-23T19:10:14.253736+00:00
ca87722a00ebf585cd788c67949e7c0b32dca788,custom_cuda,warp-reduction custom CUDA fused scale + mask + softmax; block_size=256,1024,8192,1024,float32,0.125,25,100,88,305.63199520111084,256,0,Tesla T4,7.5,2.11.0+cu128,12.8,2026-08-23T19:10:14.253736+00:00
ca87722a00ebf585cd788c67949e7c0b32dca788,custom_cuda,warp-reduction custom CUDA fused scale + mask + softmax; block_size=256,1024,8192,1024,float32,0.125,25,100,89,331.4880132675171,256,0,Tesla T4,7.5,2.11.0+cu128,12.8,2026-08-23T19:10:14.253736+00:00
ca87722a00ebf585cd788c67949e7c0b32dca788,custom_cuda,warp-reduction custom CUDA fused scale + mask + softmax; block_size=256,1024,8192,1024,float32,0.125,25,100,90,311.3279938697815,256,0,Tesla T4,7.5,2.11.0+cu128,12.8,2026-08-23T19:10:14.253736+00:00
ca87722a00ebf585cd788c67949e7c0b32dca788,custom_cuda,warp-reduction custom CUDA fused scale + mask + softmax; block_size=256,1024,8192,1024,float32,0.125,25,100,91,314.11200761795044,256,0,Tesla T4,7.5,2.11.0+cu128,12.8,2026-08-23T19:10:14.253736+00:00
ca87722a00ebf585cd788c67949e7c0b32dca788,custom_cuda,warp-reduction custom CUDA fused scale + mask + softmax; block_size=256,1024,8192,1024,float32,0.125,25,100,92,317.4720108509064,256,0,Tesla T4,7.5,2.11.0+cu128,12.8,2026-08-23T19:10:14.253736+00:00
ca87722a00ebf585cd788c67949e7c0b32dca788,custom_cuda,warp-reduction custom CUDA fused scale + mask + softmax; block_size=256,1024,8192,1024,float32,0.125,25,100,93,307.96799063682556,256,0,Tesla T4,7.5,2.11.0+cu128,12.8,2026-08-23T19:10:14.253736+00:00
ca87722a00ebf585cd788c67949e7c0b32dca788,custom_cuda,warp-reduction custom CUDA fused scale + mask + softmax; block_size=256,1024,8192,1024,float32,0.125,25,100,94,317.53599643707275,256,0,Tesla T4,7.5,2.11.0+cu128,12.8,2026-08-23T19:10:14.253736+00:00
ca87722a00ebf585cd788c67949e7c0b32dca788,custom_cuda,warp-reduction custom CUDA fused scale + mask + softmax; block_size=256,1024,8192,1024,float32,0.125,25,100,95,313.34400177001953,256,0,Tesla T4,7.5,2.11.0+cu128,12.8,2026-08-23T19:10:14.253736+00:00
ca87722a00ebf585cd788c67949e7c0b32dca788,custom_cuda,warp-reduction custom CUDA fused scale + mask + softmax; block_size=256,1024,8192,1024,float32,0.125,25,100,96,309.4399869441986,256,0,Tesla T4,7.5,2.11.0+cu128,12.8,2026-08-23T19:10:14.253736+00:00
ca87722a00ebf585cd788c67949e7c0b32dca788,custom_cuda,warp-reduction custom CUDA fused scale + mask + softmax; block_size=256,1024,8192,1024,float32,0.125,25,100,97,313.79199028015137,256,0,Tesla T4,7.5,2.11.0+cu128,12.8,2026-08-23T19:10:14.253736+00:00
ca87722a00ebf585cd788c67949e7c0b32dca788,custom_cuda,warp-reduction custom CUDA fused scale + mask + softmax; block_size=256,1024,8192,1024,float32,0.125,25,100,98,312.22400069236755,256,0,Tesla T4,7.5,2.11.0+cu128,12.8,2026-08-23T19:10:14.253736+00:00
ca87722a00ebf585cd788c67949e7c0b32dca788,custom_cuda,warp-reduction custom CUDA fused scale + mask + softmax; block_size=256,1024,8192,1024,float32,0.125,25,100,99,309.88800525665283,256,0,Tesla T4,7.5,2.11.0+cu128,12.8,2026-08-23T19:10:14.253736+00:00
ca87722a00ebf585cd788c67949e7c0b32dca788,custom_cuda,warp-reduction custom CUDA fused scale + mask + softmax; block_size=256,1536,12288,1536,float32,0.125,25,100,0,654.1759967803955,256,0,Tesla T4,7.5,2.11.0+cu128,12.8,2026-08-23T19:10:17.391362+00:00
ca87722a00ebf585cd788c67949e7c0b32dca788,custom_cuda,warp-reduction custom CUDA fused scale + mask + softmax; block_size=256,1536,12288,1536,float32,0.125,25,100,1,632.7999830245972,256,0,Tesla T4,7.5,2.11.0+cu128,12.8,2026-08-23T19:10:17.391362+00:00
ca87722a00ebf585cd788c67949e7c0b32dca788,custom_cuda,warp-reduction custom CUDA fused scale + mask + softmax; block_size=256,1536,12288,1536,float32,0.125,25,100,2,630.7520270347595,256,0,Tesla T4,7.5,2.11.0+cu128,12.8,2026-08-23T19:10:17.391362+00:00
ca87722a00ebf585cd788c67949e7c0b32dca788,custom_cuda,warp-reduction custom CUDA fused scale + mask + softmax; block_size=256,1536,12288,1536,float32,0.125,25,100,3,628.7040114402771,256,0,Tesla T4,7.5,2.11.0+cu128,12.8,2026-08-23T19:10:17.391362+00:00
ca87722a00ebf585cd788c67949e7c0b32dca788,custom_cuda,warp-reduction custom CUDA fused scale + mask + softmax; block_size=256,1536,12288,1536,float32,0.125,25,100,4,628.7360191345215,256,0,Tesla T4,7.5,2.11.0+cu128,12.8,2026-08-23T19:10:17.391362+00:00
ca87722a00ebf585cd788c67949e7c0b32dca788,custom_cuda,warp-reduction custom CUDA fused scale + mask + softmax; block_size=256,1536,12288,1536,float32,0.125,25,100,5,626.8799901008606,256,0,Tesla T4,7.5,2.11.0+cu128,12.8,2026-08-23T19:10:17.391362+00:00
ca87722a00ebf585cd788c67949e7c0b32dca788,custom_cuda,warp-reduction custom CUDA fused scale + mask + softmax; block_size=256,1536,12288,1536,float32,0.125,25,100,6,634.9120140075684,256,0,Tesla T4,7.5,2.11.0+cu128,12.8,2026-08-23T19:10:17.391362+00:00
ca87722a00ebf585cd788c67949e7c0b32dca788,custom_cuda,warp-reduction custom CUDA fused scale + mask + softmax; block_size=256,1536,12288,1536,float32,0.125,25,100,7,629.2160153388977,256,0,Tesla T4,7.5,2.11.0+cu128,12.8,2026-08-23T19:10:17.391362+00:00
ca87722a00ebf585cd788c67949e7c0b32dca788,custom_cuda,warp-reduction custom CUDA fused scale + mask + softmax; block_size=256,1536,12288,1536,float32,0.125,25,100,8,628.4480094909668,256,0,Tesla T4,7.5,2.11.0+cu128,12.8,2026-08-23T19:10:17.391362+00:00
ca87722a00ebf585cd788c67949e7c0b32dca788,custom_cuda,warp-reduction custom CUDA fused scale + mask + softmax; block_size=256,1536,12288,1536,float32,0.125,25,100,9,663.1680130958557,256,0,Tesla T4,7.5,2.11.0+cu128,12.8,2026-08-23T19:10:17.391362+00:00
ca87722a00ebf585cd788c67949e7c0b32dca788,custom_cuda,warp-reduction custom CUDA fused scale + mask + softmax; block_size=256,1536,12288,1536,float32,0.125,25,100,10,631.8399906158447,256,0,Tesla T4,7.5,2.11.0+cu128,12.8,2026-08-23T19:10:17.391362+00:00
ca87722a00ebf585cd788c67949e7c0b32dca788,custom_cuda,warp-reduction custom CUDA fused scale + mask + softmax; block_size=256,1536,12288,1536,float32,0.125,25,100,11,631.2959790229797,256,0,Tesla T4,7.5,2.11.0+cu128,12.8,2026-08-23T19:10:17.391362+00:00
ca87722a00ebf585cd788c67949e7c0b32dca788,custom_cuda,warp-reduction custom CUDA fused scale + mask + softmax; block_size=256,1536,12288,1536,float32,0.125,25,100,12,625.5679726600647,256,0,Tesla T4,7.5,2.11.0+cu128,12.8,2026-08-23T19:10:17.391362+00:00
ca87722a00ebf585cd788c67949e7c0b32dca788,custom_cuda,warp-reduction custom CUDA fused scale + mask + softmax; block_size=256,1536,12288,1536,float32,0.125,25,100,13,628.7360191345215,256,0,Tesla T4,7.5,2.11.0+cu128,12.8,2026-08-23T19:10:17.391362+00:00
ca87722a00ebf585cd788c67949e7c0b32dca788,custom_cuda,warp-reduction custom CUDA fused scale + mask + softmax; block_size=256,1536,12288,1536,float32,0.125,25,100,14,627.0400285720825,256,0,Tesla T4,7.5,2.11.0+cu128,12.8,2026-08-23T19:10:17.391362+00:00
ca87722a00ebf585cd788c67949e7c0b32dca788,custom_cuda,warp-reduction custom CUDA fused scale + mask + softmax; block_size=256,1536,12288,1536,float32,0.125,25,100,15,650.1439809799194,256,0,Tesla T4,7.5,2.11.0+cu128,12.8,2026-08-23T19:10:17.391362+00:00
ca87722a00ebf585cd788c67949e7c0b32dca788,custom_cuda,warp-reduction custom CUDA fused scale + mask + softmax; block_size=256,1536,12288,1536,float32,0.125,25,100,16,646.1120247840881,256,0,Tesla T4,7.5,2.11.0+cu128,12.8,2026-08-23T19:10:17.391362+00:00
ca87722a00ebf585cd788c67949e7c0b32dca788,custom_cuda,warp-reduction custom CUDA fused scale + mask + softmax; block_size=256,1536,12288,1536,float32,0.125,25,100,17,630.4960250854492,256,0,Tesla T4,7.5,2.11.0+cu128,12.8,2026-08-23T19:10:17.391362+00:00
ca87722a00ebf585cd788c67949e7c0b32dca788,custom_cuda,warp-reduction custom CUDA fused scale + mask + softmax; block_size=256,1536,12288,1536,float32,0.125,25,100,18,627.6800036430359,256,0,Tesla T4,7.5,2.11.0+cu128,12.8,2026-08-23T19:10:17.391362+00:00
ca87722a00ebf585cd788c67949e7c0b32dca788,custom_cuda,warp-reduction custom CUDA fused scale + mask + softmax; block_size=256,1536,12288,1536,float32,0.125,25,100,19,626.9760131835938,256,0,Tesla T4,7.5,2.11.0+cu128,12.8,2026-08-23T19:10:17.391362+00:00
ca87722a00ebf585cd788c67949e7c0b32dca788,custom_cuda,warp-reduction custom CUDA fused scale + mask + softmax; block_size=256,1536,12288,1536,float32,0.125,25,100,20,628.5439729690552,256,0,Tesla T4,7.5,2.11.0+cu128,12.8,2026-08-23T19:10:17.391362+00:00
ca87722a00ebf585cd788c67949e7c0b32dca788,custom_cuda,warp-reduction custom CUDA fused scale + mask + softmax; block_size=256,1536,12288,1536,float32,0.125,25,100,21,638.975977897644,256,0,Tesla T4,7.5,2.11.0+cu128,12.8,2026-08-23T19:10:17.391362+00:00
ca87722a00ebf585cd788c67949e7c0b32dca788,custom_cuda,warp-reduction custom CUDA fused scale + mask + softmax; block_size=256,1536,12288,1536,float32,0.125,25,100,22,629.6319961547852,256,0,Tesla T4,7.5,2.11.0+cu128,12.8,2026-08-23T19:10:17.391362+00:00
ca87722a00ebf585cd788c67949e7c0b32dca788,custom_cuda,warp-reduction custom CUDA fused scale + mask + softmax; block_size=256,1536,12288,1536,float32,0.125,25,100,23,626.6880035400391,256,0,Tesla T4,7.5,2.11.0+cu128,12.8,2026-08-23T19:10:17.391362+00:00
ca87722a00ebf585cd788c67949e7c0b32dca788,custom_cuda,warp-reduction custom CUDA fused scale + mask + softmax; block_size=256,1536,12288,1536,float32,0.125,25,100,24,627.45600938797,256,0,Tesla T4,7.5,2.11.0+cu128,12.8,2026-08-23T19:10:17.391362+00:00
ca87722a00ebf585cd788c67949e7c0b32dca788,custom_cuda,warp-reduction custom CUDA fused scale + mask + softmax; block_size=256,1536,12288,1536,float32,0.125,25,100,25,645.1200246810913,256,0,Tesla T4,7.5,2.11.0+cu128,12.8,2026-08-23T19:10:17.391362+00:00
ca87722a00ebf585cd788c67949e7c0b32dca788,custom_cuda,warp-reduction custom CUDA fused scale + mask + softmax; block_size=256,1536,12288,1536,float32,0.125,25,100,26,629.5040249824524,256,0,Tesla T4,7.5,2.11.0+cu128,12.8,2026-08-23T19:10:17.391362+00:00
ca87722a00ebf585cd788c67949e7c0b32dca788,custom_cuda,warp-reduction custom CUDA fused scale + mask + softmax; block_size=256,1536,12288,1536,float32,0.125,25,100,27,628.9600133895874,256,0,Tesla T4,7.5,2.11.0+cu128,12.8,2026-08-23T19:10:17.391362+00:00
ca87722a00ebf585cd788c67949e7c0b32dca788,custom_cuda,warp-reduction custom CUDA fused scale + mask + softmax; block_size=256,1536,12288,1536,float32,0.125,25,100,28,628.7040114402771,256,0,Tesla T4,7.5,2.11.0+cu128,12.8,2026-08-23T19:10:17.391362+00:00
ca87722a00ebf585cd788c67949e7c0b32dca788,custom_cuda,warp-reduction custom CUDA fused scale + mask + softmax; block_size=256,1536,12288,1536,float32,0.125,25,100,29,626.9440054893494,256,0,Tesla T4,7.5,2.11.0+cu128,12.8,2026-08-23T19:10:17.391362+00:00
ca87722a00ebf585cd788c67949e7c0b32dca788,custom_cuda,warp-reduction custom CUDA fused scale + mask + softmax; block_size=256,1536,12288,1536,float32,0.125,25,100,30,632.2559714317322,256,0,Tesla T4,7.5,2.11.0+cu128,12.8,2026-08-23T19:10:17.391362+00:00
ca87722a00ebf585cd788c67949e7c0b32dca788,custom_cuda,warp-reduction custom CUDA fused scale + mask + softmax; block_size=256,1536,12288,1536,float32,0.125,25,100,31,641.9199705123901,256,0,Tesla T4,7.5,2.11.0+cu128,12.8,2026-08-23T19:10:17.391362+00:00
ca87722a00ebf585cd788c67949e7c0b32dca788,custom_cuda,warp-reduction custom CUDA fused scale + mask + softmax; block_size=256,1536,12288,1536,float32,0.125,25,100,32,629.8879981040955,256,0,Tesla T4,7.5,2.11.0+cu128,12.8,2026-08-23T19:10:17.391362+00:00
ca87722a00ebf585cd788c67949e7c0b32dca788,custom_cuda,warp-reduction custom CUDA fused scale + mask + softmax; block_size=256,1536,12288,1536,float32,0.125,25,100,33,629.0879845619202,256,0,Tesla T4,7.5,2.11.0+cu128,12.8,2026-08-23T19:10:17.391362+00:00
ca87722a00ebf585cd788c67949e7c0b32dca788,custom_cuda,warp-reduction custom CUDA fused scale + mask + softmax; block_size=256,1536,12288,1536,float32,0.125,25,100,34,629.7919750213623,256,0,Tesla T4,7.5,2.11.0+cu128,12.8,2026-08-23T19:10:17.391362+00:00
ca87722a00ebf585cd788c67949e7c0b32dca788,custom_cuda,warp-reduction custom CUDA fused scale + mask + softmax; block_size=256,1536,12288,1536,float32,0.125,25,100,35,628.4160017967224,256,0,Tesla T4,7.5,2.11.0+cu128,12.8,2026-08-23T19:10:17.391362+00:00
ca87722a00ebf585cd788c67949e7c0b32dca788,custom_cuda,warp-reduction custom CUDA fused scale + mask + softmax; block_size=256,1536,12288,1536,float32,0.125,25,100,36,629.7600269317627,256,0,Tesla T4,7.5,2.11.0+cu128,12.8,2026-08-23T19:10:17.391362+00:00
ca87722a00ebf585cd788c67949e7c0b32dca788,custom_cuda,warp-reduction custom CUDA fused scale + mask + softmax; block_size=256,1536,12288,1536,float32,0.125,25,100,37,653.9199948310852,256,0,Tesla T4,7.5,2.11.0+cu128,12.8,2026-08-23T19:10:17.391362+00:00
ca87722a00ebf585cd788c67949e7c0b32dca788,custom_cuda,warp-reduction custom CUDA fused scale + mask + softmax; block_size=256,1536,12288,1536,float32,0.125,25,100,38,665.3760075569153,256,0,Tesla T4,7.5,2.11.0+cu128,12.8,2026-08-23T19:10:17.391362+00:00
ca87722a00ebf585cd788c67949e7c0b32dca788,custom_cuda,warp-reduction custom CUDA fused scale + mask + softmax; block_size=256,1536,12288,1536,float32,0.125,25,100,39,673.471987247467,256,0,Tesla T4,7.5,2.11.0+cu128,12.8,2026-08-23T19:10:17.391362+00:00
ca87722a00ebf585cd788c67949e7c0b32dca788,custom_cuda,warp-reduction custom CUDA fused scale + mask + softmax; block_size=256,1536,12288,1536,float32,0.125,25,100,40,655.2000045776367,256,0,Tesla T4,7.5,2.11.0+cu128,12.8,2026-08-23T19:10:17.391362+00:00
ca87722a00ebf585cd788c67949e7c0b32dca788,custom_cuda,warp-reduction custom CUDA fused scale + mask + softmax; block_size=256,1536,12288,1536,float32,0.125,25,100,41,655.3599834442139,256,0,Tesla T4,7.5,2.11.0+cu128,12.8,2026-08-23T19:10:17.391362+00:00
ca87722a00ebf585cd788c67949e7c0b32dca788,custom_cuda,warp-reduction custom CUDA fused scale + mask + softmax; block_size=256,1536,12288,1536,float32,0.125,25,100,42,653.2800197601318,256,0,Tesla T4,7.5,2.11.0+cu128,12.8,2026-08-23T19:10:17.391362+00:00
ca87722a00ebf585cd788c67949e7c0b32dca788,custom_cuda,warp-reduction custom CUDA fused scale + mask + softmax; block_size=256,1536,12288,1536,float32,0.125,25,100,43,653.9520025253296,256,0,Tesla T4,7.5,2.11.0+cu128,12.8,2026-08-23T19:10:17.391362+00:00
ca87722a00ebf585cd788c67949e7c0b32dca788,custom_cuda,warp-reduction custom CUDA fused scale + mask + softmax; block_size=256,1536,12288,1536,float32,0.125,25,100,44,654.6559929847717,256,0,Tesla T4,7.5,2.11.0+cu128,12.8,2026-08-23T19:10:17.391362+00:00
ca87722a00ebf585cd788c67949e7c0b32dca788,custom_cuda,warp-reduction custom CUDA fused scale + mask + softmax; block_size=256,1536,12288,1536,float32,0.125,25,100,45,655.3599834442139,256,0,Tesla T4,7.5,2.11.0+cu128,12.8,2026-08-23T19:10:17.391362+00:00
ca87722a00ebf585cd788c67949e7c0b32dca788,custom_cuda,warp-reduction custom CUDA fused scale + mask + softmax; block_size=256,1536,12288,1536,float32,0.125,25,100,46,657.4079990386963,256,0,Tesla T4,7.5,2.11.0+cu128,12.8,2026-08-23T19:10:17.391362+00:00
ca87722a00ebf585cd788c67949e7c0b32dca788,custom_cuda,warp-reduction custom CUDA fused scale + mask + softmax; block_size=256,1536,12288,1536,float32,0.125,25,100,47,653.6639928817749,256,0,Tesla T4,7.5,2.11.0+cu128,12.8,2026-08-23T19:10:17.391362+00:00
ca87722a00ebf585cd788c67949e7c0b32dca788,custom_cuda,warp-reduction custom CUDA fused scale + mask + softmax; block_size=256,1536,12288,1536,float32,0.125,25,100,48,652.6399850845337,256,0,Tesla T4,7.5,2.11.0+cu128,12.8,2026-08-23T19:10:17.391362+00:00
ca87722a00ebf585cd788c67949e7c0b32dca788,custom_cuda,warp-reduction custom CUDA fused scale + mask + softmax; block_size=256,1536,12288,1536,float32,0.125,25,100,49,666.4000153541565,256,0,Tesla T4,7.5,2.11.0+cu128,12.8,2026-08-23T19:10:17.391362+00:00
ca87722a00ebf585cd788c67949e7c0b32dca788,custom_cuda,warp-reduction custom CUDA fused scale + mask + softmax; block_size=256,1536,12288,1536,float32,0.125,25,100,50,655.9680104255676,256,0,Tesla T4,7.5,2.11.0+cu128,12.8,2026-08-23T19:10:17.391362+00:00
ca87722a00ebf585cd788c67949e7c0b32dca788,custom_cuda,warp-reduction custom CUDA fused scale + mask + softmax; block_size=256,1536,12288,1536,float32,0.125,25,100,51,653.8879871368408,256,0,Tesla T4,7.5,2.11.0+cu128,12.8,2026-08-23T19:10:17.391362+00:00
ca87722a00ebf585cd788c67949e7c0b32dca788,custom_cuda,warp-reduction custom CUDA fused scale + mask + softmax; block_size=256,1536,12288,1536,float32,0.125,25,100,52,653.7920236587524,256,0,Tesla T4,7.5,2.11.0+cu128,12.8,2026-08-23T19:10:17.391362+00:00
ca87722a00ebf585cd788c67949e7c0b32dca788,custom_cuda,warp-reduction custom CUDA fused scale + mask + softmax; block_size=256,1536,12288,1536,float32,0.125,25,100,53,651.8080234527588,256,0,Tesla T4,7.5,2.11.0+cu128,12.8,2026-08-23T19:10:17.391362+00:00
ca87722a00ebf585cd788c67949e7c0b32dca788,custom_cuda,warp-reduction custom CUDA fused scale + mask + softmax; block_size=256,1536,12288,1536,float32,0.125,25,100,54,653.823971748352,256,0,Tesla T4,7.5,2.11.0+cu128,12.8,2026-08-23T19:10:17.391362+00:00
ca87722a00ebf585cd788c67949e7c0b32dca788,custom_cuda,warp-reduction custom CUDA fused scale + mask + softmax; block_size=256,1536,12288,1536,float32,0.125,25,100,55,654.3359756469727,256,0,Tesla T4,7.5,2.11.0+cu128,12.8,2026-08-23T19:10:17.391362+00:00
ca87722a00ebf585cd788c67949e7c0b32dca788,custom_cuda,warp-reduction custom CUDA fused scale + mask + softmax; block_size=256,1536,12288,1536,float32,0.125,25,100,56,657.535970211029,256,0,Tesla T4,7.5,2.11.0+cu128,12.8,2026-08-23T19:10:17.391362+00:00
ca87722a00ebf585cd788c67949e7c0b32dca788,custom_cuda,warp-reduction custom CUDA fused scale + mask + softmax; block_size=256,1536,12288,1536,float32,0.125,25,100,57,655.3279757499695,256,0,Tesla T4,7.5,2.11.0+cu128,12.8,2026-08-23T19:10:17.391362+00:00
ca87722a00ebf585cd788c67949e7c0b32dca788,custom_cuda,warp-reduction custom CUDA fused scale + mask + softmax; block_size=256,1536,12288,1536,float32,0.125,25,100,58,653.3120274543762,256,0,Tesla T4,7.5,2.11.0+cu128,12.8,2026-08-23T19:10:17.391362+00:00
ca87722a00ebf585cd788c67949e7c0b32dca788,custom_cuda,warp-reduction custom CUDA fused scale + mask + softmax; block_size=256,1536,12288,1536,float32,0.125,25,100,59,655.5839776992798,256,0,Tesla T4,7.5,2.11.0+cu128,12.8,2026-08-23T19:10:17.391362+00:00
ca87722a00ebf585cd788c67949e7c0b32dca788,custom_cuda,warp-reduction custom CUDA fused scale + mask + softmax; block_size=256,1536,12288,1536,float32,0.125,25,100,60,657.4079990386963,256,0,Tesla T4,7.5,2.11.0+cu128,12.8,2026-08-23T19:10:17.391362+00:00
ca87722a00ebf585cd788c67949e7c0b32dca788,custom_cuda,warp-reduction custom CUDA fused scale + mask + softmax; block_size=256,1536,12288,1536,float32,0.125,25,100,61,674.6240258216858,256,0,Tesla T4,7.5,2.11.0+cu128,12.8,2026-08-23T19:10:17.391362+00:00
ca87722a00ebf585cd788c67949e7c0b32dca788,custom_cuda,warp-reduction custom CUDA fused scale + mask + softmax; block_size=256,1536,12288,1536,float32,0.125,25,100,62,658.4320068359375,256,0,Tesla T4,7.5,2.11.0+cu128,12.8,2026-08-23T19:10:17.391362+00:00
ca87722a00ebf585cd788c67949e7c0b32dca788,custom_cuda,warp-reduction custom CUDA fused scale + mask + softmax; block_size=256,1536,12288,1536,float32,0.125,25,100,63,686.0799789428711,256,0,Tesla T4,7.5,2.11.0+cu128,12.8,2026-08-23T19:10:17.391362+00:00
ca87722a00ebf585cd788c67949e7c0b32dca788,custom_cuda,warp-reduction custom CUDA fused scale + mask + softmax; block_size=256,1536,12288,1536,float32,0.125,25,100,64,669.75998878479,256,0,Tesla T4,7.5,2.11.0+cu128,12.8,2026-08-23T19:10:17.391362+00:00
ca87722a00ebf585cd788c67949e7c0b32dca788,custom_cuda,warp-reduction custom CUDA fused scale + mask + softmax; block_size=256,1536,12288,1536,float32,0.125,25,100,65,683.5520267486572,256,0,Tesla T4,7.5,2.11.0+cu128,12.8,2026-08-23T19:10:17.391362+00:00
ca87722a00ebf585cd788c67949e7c0b32dca788,custom_cuda,warp-reduction custom CUDA fused scale + mask + softmax; block_size=256,1536,12288,1536,float32,0.125,25,100,66,703.4879922866821,256,0,Tesla T4,7.5,2.11.0+cu128,12.8,2026-08-23T19:10:17.391362+00:00
ca87722a00ebf585cd788c67949e7c0b32dca788,custom_cuda,warp-reduction custom CUDA fused scale + mask + softmax; block_size=256,1536,12288,1536,float32,0.125,25,100,67,664.9919748306274,256,0,Tesla T4,7.5,2.11.0+cu128,12.8,2026-08-23T19:10:17.391362+00:00
ca87722a00ebf585cd788c67949e7c0b32dca788,custom_cuda,warp-reduction custom CUDA fused scale + mask + softmax; block_size=256,1536,12288,1536,float32,0.125,25,100,68,655.3599834442139,256,0,Tesla T4,7.5,2.11.0+cu128,12.8,2026-08-23T19:10:17.391362+00:00
ca87722a00ebf585cd788c67949e7c0b32dca788,custom_cuda,warp-reduction custom CUDA fused scale + mask + softmax; block_size=256,1536,12288,1536,float32,0.125,25,100,69,655.3599834442139,256,0,Tesla T4,7.5,2.11.0+cu128,12.8,2026-08-23T19:10:17.391362+00:00
ca87722a00ebf585cd788c67949e7c0b32dca788,custom_cuda,warp-reduction custom CUDA fused scale + mask + softmax; block_size=256,1536,12288,1536,float32,0.125,25,100,70,654.0799736976624,256,0,Tesla T4,7.5,2.11.0+cu128,12.8,2026-08-23T19:10:17.391362+00:00
ca87722a00ebf585cd788c67949e7c0b32dca788,custom_cuda,warp-reduction custom CUDA fused scale + mask + softmax; block_size=256,1536,12288,1536,float32,0.125,25,100,71,655.1039814949036,256,0,Tesla T4,7.5,2.11.0+cu128,12.8,2026-08-23T19:10:17.391362+00:00
ca87722a00ebf585cd788c67949e7c0b32dca788,custom_cuda,warp-reduction custom CUDA fused scale + mask + softmax; block_size=256,1536,12288,1536,float32,0.125,25,100,72,654.4640064239502,256,0,Tesla T4,7.5,2.11.0+cu128,12.8,2026-08-23T19:10:17.391362+00:00
ca87722a00ebf585cd788c67949e7c0b32dca788,custom_cuda,warp-reduction custom CUDA fused scale + mask + softmax; block_size=256,1536,12288,1536,float32,0.125,25,100,73,655.3919911384583,256,0,Tesla T4,7.5,2.11.0+cu128,12.8,2026-08-23T19:10:17.391362+00:00
ca87722a00ebf585cd788c67949e7c0b32dca788,custom_cuda,warp-reduction custom CUDA fused scale + mask + softmax; block_size=256,1536,12288,1536,float32,0.125,25,100,74,656.7680239677429,256,0,Tesla T4,7.5,2.11.0+cu128,12.8,2026-08-23T19:10:17.391362+00:00
ca87722a00ebf585cd788c67949e7c0b32dca788,custom_cuda,warp-reduction custom CUDA fused scale + mask + softmax; block_size=256,1536,12288,1536,float32,0.125,25,100,75,656.3519835472107,256,0,Tesla T4,7.5,2.11.0+cu128,12.8,2026-08-23T19:10:17.391362+00:00
ca87722a00ebf585cd788c67949e7c0b32dca788,custom_cuda,warp-reduction custom CUDA fused scale + mask + softmax; block_size=256,1536,12288,1536,float32,0.125,25,100,76,652.1599888801575,256,0,Tesla T4,7.5,2.11.0+cu128,12.8,2026-08-23T19:10:17.391362+00:00
ca87722a00ebf585cd788c67949e7c0b32dca788,custom_cuda,warp-reduction custom CUDA fused scale + mask + softmax; block_size=256,1536,12288,1536,float32,0.125,25,100,77,653.3120274543762,256,0,Tesla T4,7.5,2.11.0+cu128,12.8,2026-08-23T19:10:17.391362+00:00
ca87722a00ebf585cd788c67949e7c0b32dca788,custom_cuda,warp-reduction custom CUDA fused scale + mask + softmax; block_size=256,1536,12288,1536,float32,0.125,25,100,78,653.823971748352,256,0,Tesla T4,7.5,2.11.0+cu128,12.8,2026-08-23T19:10:17.391362+00:00
ca87722a00ebf585cd788c67949e7c0b32dca788,custom_cuda,warp-reduction custom CUDA fused scale + mask + softmax; block_size=256,1536,12288,1536,float32,0.125,25,100,79,653.3120274543762,256,0,Tesla T4,7.5,2.11.0+cu128,12.8,2026-08-23T19:10:17.391362+00:00
ca87722a00ebf585cd788c67949e7c0b32dca788,custom_cuda,warp-reduction custom CUDA fused scale + mask + softmax; block_size=256,1536,12288,1536,float32,0.125,25,100,80,653.3120274543762,256,0,Tesla T4,7.5,2.11.0+cu128,12.8,2026-08-23T19:10:17.391362+00:00
ca87722a00ebf585cd788c67949e7c0b32dca788,custom_cuda,warp-reduction custom CUDA fused scale + mask + softmax; block_size=256,1536,12288,1536,float32,0.125,25,100,81,653.5680294036865,256,0,Tesla T4,7.5,2.11.0+cu128,12.8,2026-08-23T19:10:17.391362+00:00
ca87722a00ebf585cd788c67949e7c0b32dca788,custom_cuda,warp-reduction custom CUDA fused scale + mask + softmax; block_size=256,1536,12288,1536,float32,0.125,25,100,82,655.9680104255676,256,0,Tesla T4,7.5,2.11.0+cu128,12.8,2026-08-23T19:10:17.391362+00:00
ca87722a00ebf585cd788c67949e7c0b32dca788,custom_cuda,warp-reduction custom CUDA fused scale + mask + softmax; block_size=256,1536,12288,1536,float32,0.125,25,100,83,654.2080044746399,256,0,Tesla T4,7.5,2.11.0+cu128,12.8,2026-08-23T19:10:17.391362+00:00
ca87722a00ebf585cd788c67949e7c0b32dca788,custom_cuda,warp-reduction custom CUDA fused scale + mask + softmax; block_size=256,1536,12288,1536,float32,0.125,25,100,84,655.3279757499695,256,0,Tesla T4,7.5,2.11.0+cu128,12.8,2026-08-23T19:10:17.391362+00:00
ca87722a00ebf585cd788c67949e7c0b32dca788,custom_cuda,warp-reduction custom CUDA fused scale + mask + softmax; block_size=256,1536,12288,1536,float32,0.125,25,100,85,659.2000126838684,256,0,Tesla T4,7.5,2.11.0+cu128,12.8,2026-08-23T19:10:17.391362+00:00
ca87722a00ebf585cd788c67949e7c0b32dca788,custom_cuda,warp-reduction custom CUDA fused scale + mask + softmax; block_size=256,1536,12288,1536,float32,0.125,25,100,86,654.8159718513489,256,0,Tesla T4,7.5,2.11.0+cu128,12.8,2026-08-23T19:10:17.391362+00:00
ca87722a00ebf585cd788c67949e7c0b32dca788,custom_cuda,warp-reduction custom CUDA fused scale + mask + softmax; block_size=256,1536,12288,1536,float32,0.125,25,100,87,653.823971748352,256,0,Tesla T4,7.5,2.11.0+cu128,12.8,2026-08-23T19:10:17.391362+00:00
ca87722a00ebf585cd788c67949e7c0b32dca788,custom_cuda,warp-reduction custom CUDA fused scale + mask + softmax; block_size=256,1536,12288,1536,float32,0.125,25,100,88,655.4239988327026,256,0,Tesla T4,7.5,2.11.0+cu128,12.8,2026-08-23T19:10:17.391362+00:00
ca87722a00ebf585cd788c67949e7c0b32dca788,custom_cuda,warp-reduction custom CUDA fused scale + mask + softmax; block_size=256,1536,12288,1536,float32,0.125,25,100,89,657.0559740066528,256,0,Tesla T4,7.5,2.11.0+cu128,12.8,2026-08-23T19:10:17.391362+00:00
ca87722a00ebf585cd788c67949e7c0b32dca788,custom_cuda,warp-reduction custom CUDA fused scale + mask + softmax; block_size=256,1536,12288,1536,float32,0.125,25,100,90,655.1679968833923,256,0,Tesla T4,7.5,2.11.0+cu128,12.8,2026-08-23T19:10:17.391362+00:00
ca87722a00ebf585cd788c67949e7c0b32dca788,custom_cuda,warp-reduction custom CUDA fused scale + mask + softmax; block_size=256,1536,12288,1536,float32,0.125,25,100,91,653.4079909324646,256,0,Tesla T4,7.5,2.11.0+cu128,12.8,2026-08-23T19:10:17.391362+00:00
ca87722a00ebf585cd788c67949e7c0b32dca788,custom_cuda,warp-reduction custom CUDA fused scale + mask + softmax; block_size=256,1536,12288,1536,float32,0.125,25,100,92,654.1439890861511,256,0,Tesla T4,7.5,2.11.0+cu128,12.8,2026-08-23T19:10:17.391362+00:00
ca87722a00ebf585cd788c67949e7c0b32dca788,custom_cuda,warp-reduction custom CUDA fused scale + mask + softmax; block_size=256,1536,12288,1536,float32,0.125,25,100,93,654.1759967803955,256,0,Tesla T4,7.5,2.11.0+cu128,12.8,2026-08-23T19:10:17.391362+00:00
ca87722a00ebf585cd788c67949e7c0b32dca788,custom_cuda,warp-reduction custom CUDA fused scale + mask + softmax; block_size=256,1536,12288,1536,float32,0.125,25,100,94,655.3599834442139,256,0,Tesla T4,7.5,2.11.0+cu128,12.8,2026-08-23T19:10:17.391362+00:00
ca87722a00ebf585cd788c67949e7c0b32dca788,custom_cuda,warp-reduction custom CUDA fused scale + mask + softmax; block_size=256,1536,12288,1536,float32,0.125,25,100,95,653.1519889831543,256,0,Tesla T4,7.5,2.11.0+cu128,12.8,2026-08-23T19:10:17.391362+00:00
ca87722a00ebf585cd788c67949e7c0b32dca788,custom_cuda,warp-reduction custom CUDA fused scale + mask + softmax; block_size=256,1536,12288,1536,float32,0.125,25,100,96,655.7120084762573,256,0,Tesla T4,7.5,2.11.0+cu128,12.8,2026-08-23T19:10:17.391362+00:00
ca87722a00ebf585cd788c67949e7c0b32dca788,custom_cuda,warp-reduction custom CUDA fused scale + mask + softmax; block_size=256,1536,12288,1536,float32,0.125,25,100,97,655.3599834442139,256,0,Tesla T4,7.5,2.11.0+cu128,12.8,2026-08-23T19:10:17.391362+00:00
ca87722a00ebf585cd788c67949e7c0b32dca788,custom_cuda,warp-reduction custom CUDA fused scale + mask + softmax; block_size=256,1536,12288,1536,float32,0.125,25,100,98,659.6480011940002,256,0,Tesla T4,7.5,2.11.0+cu128,12.8,2026-08-23T19:10:17.391362+00:00
ca87722a00ebf585cd788c67949e7c0b32dca788,custom_cuda,warp-reduction custom CUDA fused scale + mask + softmax; block_size=256,1536,12288,1536,float32,0.125,25,100,99,651.4880061149597,256,0,Tesla T4,7.5,2.11.0+cu128,12.8,2026-08-23T19:10:17.391362+00:00
ca87722a00ebf585cd788c67949e7c0b32dca788,custom_cuda,warp-reduction custom CUDA fused scale + mask + softmax; block_size=256,2048,16384,2048,float32,0.125,25,100,0,1225.0880002975464,256,0,Tesla T4,7.5,2.11.0+cu128,12.8,2026-08-23T19:10:20.114326+00:00
ca87722a00ebf585cd788c67949e7c0b32dca788,custom_cuda,warp-reduction custom CUDA fused scale + mask + softmax; block_size=256,2048,16384,2048,float32,0.125,25,100,1,1201.632022857666,256,0,Tesla T4,7.5,2.11.0+cu128,12.8,2026-08-23T19:10:20.114326+00:00
ca87722a00ebf585cd788c67949e7c0b32dca788,custom_cuda,warp-reduction custom CUDA fused scale + mask + softmax; block_size=256,2048,16384,2048,float32,0.125,25,100,2,1187.8399848937988,256,0,Tesla T4,7.5,2.11.0+cu128,12.8,2026-08-23T19:10:20.114326+00:00
ca87722a00ebf585cd788c67949e7c0b32dca788,custom_cuda,warp-reduction custom CUDA fused scale + mask + softmax; block_size=256,2048,16384,2048,float32,0.125,25,100,3,1185.7919692993164,256,0,Tesla T4,7.5,2.11.0+cu128,12.8,2026-08-23T19:10:20.114326+00:00
ca87722a00ebf585cd788c67949e7c0b32dca788,custom_cuda,warp-reduction custom CUDA fused scale + mask + softmax; block_size=256,2048,16384,2048,float32,0.125,25,100,4,1177.5360107421875,256,0,Tesla T4,7.5,2.11.0+cu128,12.8,2026-08-23T19:10:20.114326+00:00
ca87722a00ebf585cd788c67949e7c0b32dca788,custom_cuda,warp-reduction custom CUDA fused scale + mask + softmax; block_size=256,2048,16384,2048,float32,0.125,25,100,5,1178.8159608840942,256,0,Tesla T4,7.5,2.11.0+cu128,12.8,2026-08-23T19:10:20.114326+00:00
ca87722a00ebf585cd788c67949e7c0b32dca788,custom_cuda,warp-reduction custom CUDA fused scale + mask + softmax; block_size=256,2048,16384,2048,float32,0.125,25,100,6,1179.5519590377808,256,0,Tesla T4,7.5,2.11.0+cu128,12.8,2026-08-23T19:10:20.114326+00:00
ca87722a00ebf585cd788c67949e7c0b32dca788,custom_cuda,warp-reduction custom CUDA fused scale + mask + softmax; block_size=256,2048,16384,2048,float32,0.125,25,100,7,1177.9520511627197,256,0,Tesla T4,7.5,2.11.0+cu128,12.8,2026-08-23T19:10:20.114326+00:00
ca87722a00ebf585cd788c67949e7c0b32dca788,custom_cuda,warp-reduction custom CUDA fused scale + mask + softmax; block_size=256,2048,16384,2048,float32,0.125,25,100,8,1177.6000261306763,256,0,Tesla T4,7.5,2.11.0+cu128,12.8,2026-08-23T19:10:20.114326+00:00
ca87722a00ebf585cd788c67949e7c0b32dca788,custom_cuda,warp-reduction custom CUDA fused scale + mask + softmax; block_size=256,2048,16384,2048,float32,0.125,25,100,9,1174.847960472107,256,0,Tesla T4,7.5,2.11.0+cu128,12.8,2026-08-23T19:10:20.114326+00:00
ca87722a00ebf585cd788c67949e7c0b32dca788,custom_cuda,warp-reduction custom CUDA fused scale + mask + softmax; block_size=256,2048,16384,2048,float32,0.125,25,100,10,1183.39204788208,256,0,Tesla T4,7.5,2.11.0+cu128,12.8,2026-08-23T19:10:20.114326+00:00
ca87722a00ebf585cd788c67949e7c0b32dca788,custom_cuda,warp-reduction custom CUDA fused scale + mask + softmax; block_size=256,2048,16384,2048,float32,0.125,25,100,11,1177.888035774231,256,0,Tesla T4,7.5,2.11.0+cu128,12.8,2026-08-23T19:10:20.114326+00:00
ca87722a00ebf585cd788c67949e7c0b32dca788,custom_cuda,warp-reduction custom CUDA fused scale + mask + softmax; block_size=256,2048,16384,2048,float32,0.125,25,100,12,1179.6480417251587,256,0,Tesla T4,7.5,2.11.0+cu128,12.8,2026-08-23T19:10:20.114326+00:00
ca87722a00ebf585cd788c67949e7c0b32dca788,custom_cuda,warp-reduction custom CUDA fused scale + mask + softmax; block_size=256,2048,16384,2048,float32,0.125,25,100,13,1172.2240447998047,256,0,Tesla T4,7.5,2.11.0+cu128,12.8,2026-08-23T19:10:20.114326+00:00
ca87722a00ebf585cd788c67949e7c0b32dca788,custom_cuda,warp-reduction custom CUDA fused scale + mask + softmax; block_size=256,2048,16384,2048,float32,0.125,25,100,14,1175.5520105361938,256,0,Tesla T4,7.5,2.11.0+cu128,12.8,2026-08-23T19:10:20.114326+00:00
ca87722a00ebf585cd788c67949e7c0b32dca788,custom_cuda,warp-reduction custom CUDA fused scale + mask + softmax; block_size=256,2048,16384,2048,float32,0.125,25,100,15,1174.9759912490845,256,0,Tesla T4,7.5,2.11.0+cu128,12.8,2026-08-23T19:10:20.114326+00:00
ca87722a00ebf585cd788c67949e7c0b32dca788,custom_cuda,warp-reduction custom CUDA fused scale + mask + softmax; block_size=256,2048,16384,2048,float32,0.125,25,100,16,1179.967999458313,256,0,Tesla T4,7.5,2.11.0+cu128,12.8,2026-08-23T19:10:20.114326+00:00
ca87722a00ebf585cd788c67949e7c0b32dca788,custom_cuda,warp-reduction custom CUDA fused scale + mask + softmax; block_size=256,2048,16384,2048,float32,0.125,25,100,17,1175.5520105361938,256,0,Tesla T4,7.5,2.11.0+cu128,12.8,2026-08-23T19:10:20.114326+00:00
ca87722a00ebf585cd788c67949e7c0b32dca788,custom_cuda,warp-reduction custom CUDA fused scale + mask + softmax; block_size=256,2048,16384,2048,float32,0.125,25,100,18,1177.6000261306763,256,0,Tesla T4,7.5,2.11.0+cu128,12.8,2026-08-23T19:10:20.114326+00:00
ca87722a00ebf585cd788c67949e7c0b32dca788,custom_cuda,warp-reduction custom CUDA fused scale + mask + softmax; block_size=256,2048,16384,2048,float32,0.125,25,100,19,1177.8559684753418,256,0,Tesla T4,7.5,2.11.0+cu128,12.8,2026-08-23T19:10:20.114326+00:00
ca87722a00ebf585cd788c67949e7c0b32dca788,custom_cuda,warp-reduction custom CUDA fused scale + mask + softmax; block_size=256,2048,16384,2048,float32,0.125,25,100,20,1179.6159744262695,256,0,Tesla T4,7.5,2.11.0+cu128,12.8,2026-08-23T19:10:20.114326+00:00
ca87722a00ebf585cd788c67949e7c0b32dca788,custom_cuda,warp-reduction custom CUDA fused scale + mask + softmax; block_size=256,2048,16384,2048,float32,0.125,25,100,21,1210.368037223816,256,0,Tesla T4,7.5,2.11.0+cu128,12.8,2026-08-23T19:10:20.114326+00:00
ca87722a00ebf585cd788c67949e7c0b32dca788,custom_cuda,warp-reduction custom CUDA fused scale + mask + softmax; block_size=256,2048,16384,2048,float32,0.125,25,100,22,1212.5760316848755,256,0,Tesla T4,7.5,2.11.0+cu128,12.8,2026-08-23T19:10:20.114326+00:00
ca87722a00ebf585cd788c67949e7c0b32dca788,custom_cuda,warp-reduction custom CUDA fused scale + mask + softmax; block_size=256,2048,16384,2048,float32,0.125,25,100,23,1208.191990852356,256,0,Tesla T4,7.5,2.11.0+cu128,12.8,2026-08-23T19:10:20.114326+00:00
ca87722a00ebf585cd788c67949e7c0b32dca788,custom_cuda,warp-reduction custom CUDA fused scale + mask + softmax; block_size=256,2048,16384,2048,float32,0.125,25,100,24,1219.9360132217407,256,0,Tesla T4,7.5,2.11.0+cu128,12.8,2026-08-23T19:10:20.114326+00:00
ca87722a00ebf585cd788c67949e7c0b32dca788,custom_cuda,warp-reduction custom CUDA fused scale + mask + softmax; block_size=256,2048,16384,2048,float32,0.125,25,100,25,1231.5839529037476,256,0,Tesla T4,7.5,2.11.0+cu128,12.8,2026-08-23T19:10:20.114326+00:00
ca87722a00ebf585cd788c67949e7c0b32dca788,custom_cuda,warp-reduction custom CUDA fused scale + mask + softmax; block_size=256,2048,16384,2048,float32,0.125,25,100,26,1200.9919881820679,256,0,Tesla T4,7.5,2.11.0+cu128,12.8,2026-08-23T19:10:20.114326+00:00
ca87722a00ebf585cd788c67949e7c0b32dca788,custom_cuda,warp-reduction custom CUDA fused scale + mask + softmax; block_size=256,2048,16384,2048,float32,0.125,25,100,27,1211.9359970092773,256,0,Tesla T4,7.5,2.11.0+cu128,12.8,2026-08-23T19:10:20.114326+00:00
ca87722a00ebf585cd788c67949e7c0b32dca788,custom_cuda,warp-reduction custom CUDA fused scale + mask + softmax; block_size=256,2048,16384,2048,float32,0.125,25,100,28,1210.9440565109253,256,0,Tesla T4,7.5,2.11.0+cu128,12.8,2026-08-23T19:10:20.114326+00:00
ca87722a00ebf585cd788c67949e7c0b32dca788,custom_cuda,warp-reduction custom CUDA fused scale + mask + softmax; block_size=256,2048,16384,2048,float32,0.125,25,100,29,1208.5440158843994,256,0,Tesla T4,7.5,2.11.0+cu128,12.8,2026-08-23T19:10:20.114326+00:00
ca87722a00ebf585cd788c67949e7c0b32dca788,custom_cuda,warp-reduction custom CUDA fused scale + mask + softmax; block_size=256,2048,16384,2048,float32,0.125,25,100,30,1203.7440538406372,256,0,Tesla T4,7.5,2.11.0+cu128,12.8,2026-08-23T19:10:20.114326+00:00
ca87722a00ebf585cd788c67949e7c0b32dca788,custom_cuda,warp-reduction custom CUDA fused scale + mask + softmax; block_size=256,2048,16384,2048,float32,0.125,25,100,31,1203.4560441970825,256,0,Tesla T4,7.5,2.11.0+cu128,12.8,2026-08-23T19:10:20.114326+00:00
ca87722a00ebf585cd788c67949e7c0b32dca788,custom_cuda,warp-reduction custom CUDA fused scale + mask + softmax; block_size=256,2048,16384,2048,float32,0.125,25,100,32,1210.7839584350586,256,0,Tesla T4,7.5,2.11.0+cu128,12.8,2026-08-23T19:10:20.114326+00:00
ca87722a00ebf585cd788c67949e7c0b32dca788,custom_cuda,warp-reduction custom CUDA fused scale + mask + softmax; block_size=256,2048,16384,2048,float32,0.125,25,100,33,1226.7520427703857,256,0,Tesla T4,7.5,2.11.0+cu128,12.8,2026-08-23T19:10:20.114326+00:00
ca87722a00ebf585cd788c67949e7c0b32dca788,custom_cuda,warp-reduction custom CUDA fused scale + mask + softmax; block_size=256,2048,16384,2048,float32,0.125,25,100,34,1236.191987991333,256,0,Tesla T4,7.5,2.11.0+cu128,12.8,2026-08-23T19:10:20.114326+00:00
ca87722a00ebf585cd788c67949e7c0b32dca788,custom_cuda,warp-reduction custom CUDA fused scale + mask + softmax; block_size=256,2048,16384,2048,float32,0.125,25,100,35,1201.5999555587769,256,0,Tesla T4,7.5,2.11.0+cu128,12.8,2026-08-23T19:10:20.114326+00:00
ca87722a00ebf585cd788c67949e7c0b32dca788,custom_cuda,warp-reduction custom CUDA fused scale + mask + softmax; block_size=256,2048,16384,2048,float32,0.125,25,100,36,1202.944040298462,256,0,Tesla T4,7.5,2.11.0+cu128,12.8,2026-08-23T19:10:20.114326+00:00
ca87722a00ebf585cd788c67949e7c0b32dca788,custom_cuda,warp-reduction custom CUDA fused scale + mask + softmax; block_size=256,2048,16384,2048,float32,0.125,25,100,37,1206.2400579452515,256,0,Tesla T4,7.5,2.11.0+cu128,12.8,2026-08-23T19:10:20.114326+00:00
ca87722a00ebf585cd788c67949e7c0b32dca788,custom_cuda,warp-reduction custom CUDA fused scale + mask + softmax; block_size=256,2048,16384,2048,float32,0.125,25,100,38,1210.8160257339478,256,0,Tesla T4,7.5,2.11.0+cu128,12.8,2026-08-23T19:10:20.114326+00:00
ca87722a00ebf585cd788c67949e7c0b32dca788,custom_cuda,warp-reduction custom CUDA fused scale + mask + softmax; block_size=256,2048,16384,2048,float32,0.125,25,100,39,1210.2400064468384,256,0,Tesla T4,7.5,2.11.0+cu128,12.8,2026-08-23T19:10:20.114326+00:00
ca87722a00ebf585cd788c67949e7c0b32dca788,custom_cuda,warp-reduction custom CUDA fused scale + mask + softmax; block_size=256,2048,16384,2048,float32,0.125,25,100,40,1210.0800275802612,256,0,Tesla T4,7.5,2.11.0+cu128,12.8,2026-08-23T19:10:20.114326+00:00
ca87722a00ebf585cd788c67949e7c0b32dca788,custom_cuda,warp-reduction custom CUDA fused scale + mask + softmax; block_size=256,2048,16384,2048,float32,0.125,25,100,41,1206.272006034851,256,0,Tesla T4,7.5,2.11.0+cu128,12.8,2026-08-23T19:10:20.114326+00:00
ca87722a00ebf585cd788c67949e7c0b32dca788,custom_cuda,warp-reduction custom CUDA fused scale + mask + softmax; block_size=256,2048,16384,2048,float32,0.125,25,100,42,1202.6560306549072,256,0,Tesla T4,7.5,2.11.0+cu128,12.8,2026-08-23T19:10:20.114326+00:00
ca87722a00ebf585cd788c67949e7c0b32dca788,custom_cuda,warp-reduction custom CUDA fused scale + mask + softmax; block_size=256,2048,16384,2048,float32,0.125,25,100,43,1205.5360078811646,256,0,Tesla T4,7.5,2.11.0+cu128,12.8,2026-08-23T19:10:20.114326+00:00
ca87722a00ebf585cd788c67949e7c0b32dca788,custom_cuda,warp-reduction custom CUDA fused scale + mask + softmax; block_size=256,2048,16384,2048,float32,0.125,25,100,44,1204.6400308609009,256,0,Tesla T4,7.5,2.11.0+cu128,12.8,2026-08-23T19:10:20.114326+00:00
ca87722a00ebf585cd788c67949e7c0b32dca788,custom_cuda,warp-reduction custom CUDA fused scale + mask + softmax; block_size=256,2048,16384,2048,float32,0.125,25,100,45,1233.9839935302734,256,0,Tesla T4,7.5,2.11.0+cu128,12.8,2026-08-23T19:10:20.114326+00:00
ca87722a00ebf585cd788c67949e7c0b32dca788,custom_cuda,warp-reduction custom CUDA fused scale + mask + softmax; block_size=256,2048,16384,2048,float32,0.125,25,100,46,1202.2720575332642,256,0,Tesla T4,7.5,2.11.0+cu128,12.8,2026-08-23T19:10:20.114326+00:00
ca87722a00ebf585cd788c67949e7c0b32dca788,custom_cuda,warp-reduction custom CUDA fused scale + mask + softmax; block_size=256,2048,16384,2048,float32,0.125,25,100,47,1214.2080068588257,256,0,Tesla T4,7.5,2.11.0+cu128,12.8,2026-08-23T19:10:20.114326+00:00
ca87722a00ebf585cd788c67949e7c0b32dca788,custom_cuda,warp-reduction custom CUDA fused scale + mask + softmax; block_size=256,2048,16384,2048,float32,0.125,25,100,48,1189.344048500061,256,0,Tesla T4,7.5,2.11.0+cu128,12.8,2026-08-23T19:10:20.114326+00:00
ca87722a00ebf585cd788c67949e7c0b32dca788,custom_cuda,warp-reduction custom CUDA fused scale + mask + softmax; block_size=256,2048,16384,2048,float32,0.125,25,100,49,1191.9360160827637,256,0,Tesla T4,7.5,2.11.0+cu128,12.8,2026-08-23T19:10:20.114326+00:00
ca87722a00ebf585cd788c67949e7c0b32dca788,custom_cuda,warp-reduction custom CUDA fused scale + mask + softmax; block_size=256,2048,16384,2048,float32,0.125,25,100,50,1189.087986946106,256,0,Tesla T4,7.5,2.11.0+cu128,12.8,2026-08-23T19:10:20.114326+00:00
ca87722a00ebf585cd788c67949e7c0b32dca788,custom_cuda,warp-reduction custom CUDA fused scale + mask + softmax; block_size=256,2048,16384,2048,float32,0.125,25,100,51,1189.247965812683,256,0,Tesla T4,7.5,2.11.0+cu128,12.8,2026-08-23T19:10:20.114326+00:00
ca87722a00ebf585cd788c67949e7c0b32dca788,custom_cuda,warp-reduction custom CUDA fused scale + mask + softmax; block_size=256,2048,16384,2048,float32,0.125,25,100,52,1185.5360269546509,256,0,Tesla T4,7.5,2.11.0+cu128,12.8,2026-08-23T19:10:20.114326+00:00
ca87722a00ebf585cd788c67949e7c0b32dca788,custom_cuda,warp-reduction custom CUDA fused scale + mask + softmax; block_size=256,2048,16384,2048,float32,0.125,25,100,53,1210.8160257339478,256,0,Tesla T4,7.5,2.11.0+cu128,12.8,2026-08-23T19:10:20.114326+00:00
ca87722a00ebf585cd788c67949e7c0b32dca788,custom_cuda,warp-reduction custom CUDA fused scale + mask + softmax; block_size=256,2048,16384,2048,float32,0.125,25,100,54,1179.8720359802246,256,0,Tesla T4,7.5,2.11.0+cu128,12.8,2026-08-23T19:10:20.114326+00:00
ca87722a00ebf585cd788c67949e7c0b32dca788,custom_cuda,warp-reduction custom CUDA fused scale + mask + softmax; block_size=256,2048,16384,2048,float32,0.125,25,100,55,1175.3599643707275,256,0,Tesla T4,7.5,2.11.0+cu128,12.8,2026-08-23T19:10:20.114326+00:00
ca87722a00ebf585cd788c67949e7c0b32dca788,custom_cuda,warp-reduction custom CUDA fused scale + mask + softmax; block_size=256,2048,16384,2048,float32,0.125,25,100,56,1173.5039949417114,256,0,Tesla T4,7.5,2.11.0+cu128,12.8,2026-08-23T19:10:20.114326+00:00
ca87722a00ebf585cd788c67949e7c0b32dca788,custom_cuda,warp-reduction custom CUDA fused scale + mask + softmax; block_size=256,2048,16384,2048,float32,0.125,25,100,57,1179.4240474700928,256,0,Tesla T4,7.5,2.11.0+cu128,12.8,2026-08-23T19:10:20.114326+00:00
ca87722a00ebf585cd788c67949e7c0b32dca788,custom_cuda,warp-reduction custom CUDA fused scale + mask + softmax; block_size=256,2048,16384,2048,float32,0.125,25,100,58,1185.8880519866943,256,0,Tesla T4,7.5,2.11.0+cu128,12.8,2026-08-23T19:10:20.114326+00:00
ca87722a00ebf585cd788c67949e7c0b32dca788,custom_cuda,warp-reduction custom CUDA fused scale + mask + softmax; block_size=256,2048,16384,2048,float32,0.125,25,100,59,1177.183985710144,256,0,Tesla T4,7.5,2.11.0+cu128,12.8,2026-08-23T19:10:20.114326+00:00
ca87722a00ebf585cd788c67949e7c0b32dca788,custom_cuda,warp-reduction custom CUDA fused scale + mask + softmax; block_size=256,2048,16384,2048,float32,0.125,25,100,60,1183.2000017166138,256,0,Tesla T4,7.5,2.11.0+cu128,12.8,2026-08-23T19:10:20.114326+00:00
ca87722a00ebf585cd788c67949e7c0b32dca788,custom_cuda,warp-reduction custom CUDA fused scale + mask + softmax; block_size=256,2048,16384,2048,float32,0.125,25,100,61,1176.543951034546,256,0,Tesla T4,7.5,2.11.0+cu128,12.8,2026-08-23T19:10:20.114326+00:00
ca87722a00ebf585cd788c67949e7c0b32dca788,custom_cuda,warp-reduction custom CUDA fused scale + mask + softmax; block_size=256,2048,16384,2048,float32,0.125,25,100,62,1179.0399551391602,256,0,Tesla T4,7.5,2.11.0+cu128,12.8,2026-08-23T19:10:20.114326+00:00
ca87722a00ebf585cd788c67949e7c0b32dca788,custom_cuda,warp-reduction custom CUDA fused scale + mask + softmax; block_size=256,2048,16384,2048,float32,0.125,25,100,63,1175.5520105361938,256,0,Tesla T4,7.5,2.11.0+cu128,12.8,2026-08-23T19:10:20.114326+00:00
ca87722a00ebf585cd788c67949e7c0b32dca788,custom_cuda,warp-reduction custom CUDA fused scale + mask + softmax; block_size=256,2048,16384,2048,float32,0.125,25,100,64,1176.4479875564575,256,0,Tesla T4,7.5,2.11.0+cu128,12.8,2026-08-23T19:10:20.114326+00:00
ca87722a00ebf585cd788c67949e7c0b32dca788,custom_cuda,warp-reduction custom CUDA fused scale + mask + softmax; block_size=256,2048,16384,2048,float32,0.125,25,100,65,1172.1919775009155,256,0,Tesla T4,7.5,2.11.0+cu128,12.8,2026-08-23T19:10:20.114326+00:00
ca87722a00ebf585cd788c67949e7c0b32dca788,custom_cuda,warp-reduction custom CUDA fused scale + mask + softmax; block_size=256,2048,16384,2048,float32,0.125,25,100,66,1177.567958831787,256,0,Tesla T4,7.5,2.11.0+cu128,12.8,2026-08-23T19:10:20.114326+00:00
ca87722a00ebf585cd788c67949e7c0b32dca788,custom_cuda,warp-reduction custom CUDA fused scale + mask + softmax; block_size=256,2048,16384,2048,float32,0.125,25,100,67,1177.6000261306763,256,0,Tesla T4,7.5,2.11.0+cu128,12.8,2026-08-23T19:10:20.114326+00:00
ca87722a00ebf585cd788c67949e7c0b32dca788,custom_cuda,warp-reduction custom CUDA fused scale + mask + softmax; block_size=256,2048,16384,2048,float32,0.125,25,100,68,1175.5520105361938,256,0,Tesla T4,7.5,2.11.0+cu128,12.8,2026-08-23T19:10:20.114326+00:00
ca87722a00ebf585cd788c67949e7c0b32dca788,custom_cuda,warp-reduction custom CUDA fused scale + mask + softmax; block_size=256,2048,16384,2048,float32,0.125,25,100,69,1173.5039949417114,256,0,Tesla T4,7.5,2.11.0+cu128,12.8,2026-08-23T19:10:20.114326+00:00
ca87722a00ebf585cd788c67949e7c0b32dca788,custom_cuda,warp-reduction custom CUDA fused scale + mask + softmax; block_size=256,2048,16384,2048,float32,0.125,25,100,70,1179.487943649292,256,0,Tesla T4,7.5,2.11.0+cu128,12.8,2026-08-23T19:10:20.114326+00:00
ca87722a00ebf585cd788c67949e7c0b32dca788,custom_cuda,warp-reduction custom CUDA fused scale + mask + softmax; block_size=256,2048,16384,2048,float32,0.125,25,100,71,1187.8399848937988,256,0,Tesla T4,7.5,2.11.0+cu128,12.8,2026-08-23T19:10:20.114326+00:00
ca87722a00ebf585cd788c67949e7c0b32dca788,custom_cuda,warp-reduction custom CUDA fused scale + mask + softmax; block_size=256,2048,16384,2048,float32,0.125,25,100,72,1188.9599561691284,256,0,Tesla T4,7.5,2.11.0+cu128,12.8,2026-08-23T19:10:20.114326+00:00
ca87722a00ebf585cd788c67949e7c0b32dca788,custom_cuda,warp-reduction custom CUDA fused scale + mask + softmax; block_size=256,2048,16384,2048,float32,0.125,25,100,73,1191.9039487838745,256,0,Tesla T4,7.5,2.11.0+cu128,12.8,2026-08-23T19:10:20.114326+00:00
ca87722a00ebf585cd788c67949e7c0b32dca788,custom_cuda,warp-reduction custom CUDA fused scale + mask + softmax; block_size=256,2048,16384,2048,float32,0.125,25,100,74,1180.9920072555542,256,0,Tesla T4,7.5,2.11.0+cu128,12.8,2026-08-23T19:10:20.114326+00:00
ca87722a00ebf585cd788c67949e7c0b32dca788,custom_cuda,warp-reduction custom CUDA fused scale + mask + softmax; block_size=256,2048,16384,2048,float32,0.125,25,100,75,1180.7039976119995,256,0,Tesla T4,7.5,2.11.0+cu128,12.8,2026-08-23T19:10:20.114326+00:00
ca87722a00ebf585cd788c67949e7c0b32dca788,custom_cuda,warp-reduction custom CUDA fused scale + mask + softmax; block_size=256,2048,16384,2048,float32,0.125,25,100,76,1178.1120300292969,256,0,Tesla T4,7.5,2.11.0+cu128,12.8,2026-08-23T19:10:20.114326+00:00
ca87722a00ebf585cd788c67949e7c0b32dca788,custom_cuda,warp-reduction custom CUDA fused scale + mask + softmax; block_size=256,2048,16384,2048,float32,0.125,25,100,77,1174.1440296173096,256,0,Tesla T4,7.5,2.11.0+cu128,12.8,2026-08-23T19:10:20.114326+00:00
ca87722a00ebf585cd788c67949e7c0b32dca788,custom_cuda,warp-reduction custom CUDA fused scale + mask + softmax; block_size=256,2048,16384,2048,float32,0.125,25,100,78,1176.1280298233032,256,0,Tesla T4,7.5,2.11.0+cu128,12.8,2026-08-23T19:10:20.114326+00:00
ca87722a00ebf585cd788c67949e7c0b32dca788,custom_cuda,warp-reduction custom CUDA fused scale + mask + softmax; block_size=256,2048,16384,2048,float32,0.125,25,100,79,1177.0880222320557,256,0,Tesla T4,7.5,2.11.0+cu128,12.8,2026-08-23T19:10:20.114326+00:00
ca87722a00ebf585cd788c67949e7c0b32dca788,custom_cuda,warp-reduction custom CUDA fused scale + mask + softmax; block_size=256,2048,16384,2048,float32,0.125,25,100,80,1190.3680562973022,256,0,Tesla T4,7.5,2.11.0+cu128,12.8,2026-08-23T19:10:20.114326+00:00
ca87722a00ebf585cd788c67949e7c0b32dca788,custom_cuda,warp-reduction custom CUDA fused scale + mask + softmax; block_size=256,2048,16384,2048,float32,0.125,25,100,81,1185.215950012207,256,0,Tesla T4,7.5,2.11.0+cu128,12.8,2026-08-23T19:10:20.114326+00:00
ca87722a00ebf585cd788c67949e7c0b32dca788,custom_cuda,warp-reduction custom CUDA fused scale + mask + softmax; block_size=256,2048,16384,2048,float32,0.125,25,100,82,1186.68794631958,256,0,Tesla T4,7.5,2.11.0+cu128,12.8,2026-08-23T19:10:20.114326+00:00
ca87722a00ebf585cd788c67949e7c0b32dca788,custom_cuda,warp-reduction custom CUDA fused scale + mask + softmax; block_size=256,2048,16384,2048,float32,0.125,25,100,83,1179.5519590377808,256,0,Tesla T4,7.5,2.11.0+cu128,12.8,2026-08-23T19:10:20.114326+00:00
ca87722a00ebf585cd788c67949e7c0b32dca788,custom_cuda,warp-reduction custom CUDA fused scale + mask + softmax; block_size=256,2048,16384,2048,float32,0.125,25,100,84,1095.6799983978271,256,0,Tesla T4,7.5,2.11.0+cu128,12.8,2026-08-23T19:10:20.114326+00:00
ca87722a00ebf585cd788c67949e7c0b32dca788,custom_cuda,warp-reduction custom CUDA fused scale + mask + softmax; block_size=256,2048,16384,2048,float32,0.125,25,100,85,1069.5040225982666,256,0,Tesla T4,7.5,2.11.0+cu128,12.8,2026-08-23T19:10:20.114326+00:00
ca87722a00ebf585cd788c67949e7c0b32dca788,custom_cuda,warp-reduction custom CUDA fused scale + mask + softmax; block_size=256,2048,16384,2048,float32,0.125,25,100,86,1080.8320045471191,256,0,Tesla T4,7.5,2.11.0+cu128,12.8,2026-08-23T19:10:20.114326+00:00
ca87722a00ebf585cd788c67949e7c0b32dca788,custom_cuda,warp-reduction custom CUDA fused scale + mask + softmax; block_size=256,2048,16384,2048,float32,0.125,25,100,87,1079.2640447616577,256,0,Tesla T4,7.5,2.11.0+cu128,12.8,2026-08-23T19:10:20.114326+00:00
ca87722a00ebf585cd788c67949e7c0b32dca788,custom_cuda,warp-reduction custom CUDA fused scale + mask + softmax; block_size=256,2048,16384,2048,float32,0.125,25,100,88,1075.1680135726929,256,0,Tesla T4,7.5,2.11.0+cu128,12.8,2026-08-23T19:10:20.114326+00:00
ca87722a00ebf585cd788c67949e7c0b32dca788,custom_cuda,warp-reduction custom CUDA fused scale + mask + softmax; block_size=256,2048,16384,2048,float32,0.125,25,100,89,1071.1359977722168,256,0,Tesla T4,7.5,2.11.0+cu128,12.8,2026-08-23T19:10:20.114326+00:00
ca87722a00ebf585cd788c67949e7c0b32dca788,custom_cuda,warp-reduction custom CUDA fused scale + mask + softmax; block_size=256,2048,16384,2048,float32,0.125,25,100,90,1071.1359977722168,256,0,Tesla T4,7.5,2.11.0+cu128,12.8,2026-08-23T19:10:20.114326+00:00
ca87722a00ebf585cd788c67949e7c0b32dca788,custom_cuda,warp-reduction custom CUDA fused scale + mask + softmax; block_size=256,2048,16384,2048,float32,0.125,25,100,91,1068.127989768982,256,0,Tesla T4,7.5,2.11.0+cu128,12.8,2026-08-23T19:10:20.114326+00:00
ca87722a00ebf585cd788c67949e7c0b32dca788,custom_cuda,warp-reduction custom CUDA fused scale + mask + softmax; block_size=256,2048,16384,2048,float32,0.125,25,100,92,1069.7920322418213,256,0,Tesla T4,7.5,2.11.0+cu128,12.8,2026-08-23T19:10:20.114326+00:00
ca87722a00ebf585cd788c67949e7c0b32dca788,custom_cuda,warp-reduction custom CUDA fused scale + mask + softmax; block_size=256,2048,16384,2048,float32,0.125,25,100,93,1065.2799606323242,256,0,Tesla T4,7.5,2.11.0+cu128,12.8,2026-08-23T19:10:20.114326+00:00
ca87722a00ebf585cd788c67949e7c0b32dca788,custom_cuda,warp-reduction custom CUDA fused scale + mask + softmax; block_size=256,2048,16384,2048,float32,0.125,25,100,94,1070.1119899749756,256,0,Tesla T4,7.5,2.11.0+cu128,12.8,2026-08-23T19:10:20.114326+00:00
ca87722a00ebf585cd788c67949e7c0b32dca788,custom_cuda,warp-reduction custom CUDA fused scale + mask + softmax; block_size=256,2048,16384,2048,float32,0.125,25,100,95,1069.0560340881348,256,0,Tesla T4,7.5,2.11.0+cu128,12.8,2026-08-23T19:10:20.114326+00:00
ca87722a00ebf585cd788c67949e7c0b32dca788,custom_cuda,warp-reduction custom CUDA fused scale + mask + softmax; block_size=256,2048,16384,2048,float32,0.125,25,100,96,1062.9440546035767,256,0,Tesla T4,7.5,2.11.0+cu128,12.8,2026-08-23T19:10:20.114326+00:00
ca87722a00ebf585cd788c67949e7c0b32dca788,custom_cuda,warp-reduction custom CUDA fused scale + mask + softmax; block_size=256,2048,16384,2048,float32,0.125,25,100,97,1070.6239938735962,256,0,Tesla T4,7.5,2.11.0+cu128,12.8,2026-08-23T19:10:20.114326+00:00
ca87722a00ebf585cd788c67949e7c0b32dca788,custom_cuda,warp-reduction custom CUDA fused scale + mask + softmax; block_size=256,2048,16384,2048,float32,0.125,25,100,98,1071.1359977722168,256,0,Tesla T4,7.5,2.11.0+cu128,12.8,2026-08-23T19:10:20.114326+00:00
ca87722a00ebf585cd788c67949e7c0b32dca788,custom_cuda,warp-reduction custom CUDA fused scale + mask + softmax; block_size=256,2048,16384,2048,float32,0.125,25,100,99,1070.6559419631958,256,0,Tesla T4,7.5,2.11.0+cu128,12.8,2026-08-23T19:10:20.114326+00:00
ca87722a00ebf585cd788c67949e7c0b32dca788,custom_cuda,warp-reduction custom CUDA fused scale + mask + softmax; block_size=512,128,1024,128,float32,0.125,25,100,0,61.43999844789505,512,0,Tesla T4,7.5,2.11.0+cu128,12.8,2026-08-23T19:10:22.682918+00:00
ca87722a00ebf585cd788c67949e7c0b32dca788,custom_cuda,warp-reduction custom CUDA fused scale + mask + softmax; block_size=512,128,1024,128,float32,0.125,25,100,1,54.30399999022484,512,0,Tesla T4,7.5,2.11.0+cu128,12.8,2026-08-23T19:10:22.682918+00:00
ca87722a00ebf585cd788c67949e7c0b32dca788,custom_cuda,warp-reduction custom CUDA fused scale + mask + softmax; block_size=512,128,1024,128,float32,0.125,25,100,2,64.7360011935234,512,0,Tesla T4,7.5,2.11.0+cu128,12.8,2026-08-23T19:10:22.682918+00:00
ca87722a00ebf585cd788c67949e7c0b32dca788,custom_cuda,warp-reduction custom CUDA fused scale + mask + softmax; block_size=512,128,1024,128,float32,0.125,25,100,3,52.89600044488907,512,0,Tesla T4,7.5,2.11.0+cu128,12.8,2026-08-23T19:10:22.682918+00:00
ca87722a00ebf585cd788c67949e7c0b32dca788,custom_cuda,warp-reduction custom CUDA fused scale + mask + softmax; block_size=512,128,1024,128,float32,0.125,25,100,4,51.19999870657921,512,0,Tesla T4,7.5,2.11.0+cu128,12.8,2026-08-23T19:10:22.682918+00:00
ca87722a00ebf585cd788c67949e7c0b32dca788,custom_cuda,warp-reduction custom CUDA fused scale + mask + softmax; block_size=512,128,1024,128,float32,0.125,25,100,5,53.247999399900436,512,0,Tesla T4,7.5,2.11.0+cu128,12.8,2026-08-23T19:10:22.682918+00:00
ca87722a00ebf585cd788c67949e7c0b32dca788,custom_cuda,warp-reduction custom CUDA fused scale + mask + softmax; block_size=512,128,1024,128,float32,0.125,25,100,6,51.32799968123436,512,0,Tesla T4,7.5,2.11.0+cu128,12.8,2026-08-23T19:10:22.682918+00:00
ca87722a00ebf585cd788c67949e7c0b32dca788,custom_cuda,warp-reduction custom CUDA fused scale + mask + softmax; block_size=512,128,1024,128,float32,0.125,25,100,7,63.48799914121628,512,0,Tesla T4,7.5,2.11.0+cu128,12.8,2026-08-23T19:10:22.682918+00:00
ca87722a00ebf585cd788c67949e7c0b32dca788,custom_cuda,warp-reduction custom CUDA fused scale + mask + softmax; block_size=512,128,1024,128,float32,0.125,25,100,8,55.296000093221664,512,0,Tesla T4,7.5,2.11.0+cu128,12.8,2026-08-23T19:10:22.682918+00:00
ca87722a00ebf585cd788c67949e7c0b32dca788,custom_cuda,warp-reduction custom CUDA fused scale + mask + softmax; block_size=512,128,1024,128,float32,0.125,25,100,9,51.19999870657921,512,0,Tesla T4,7.5,2.11.0+cu128,12.8,2026-08-23T19:10:22.682918+00:00
ca87722a00ebf585cd788c67949e7c0b32dca788,custom_cuda,warp-reduction custom CUDA fused scale + mask + softmax; block_size=512,128,1024,128,float32,0.125,25,100,10,51.16799846291542,512,0,Tesla T4,7.5,2.11.0+cu128,12.8,2026-08-23T19:10:22.682918+00:00
ca87722a00ebf585cd788c67949e7c0b32dca788,custom_cuda,warp-reduction custom CUDA fused scale + mask + softmax; block_size=512,128,1024,128,float32,0.125,25,100,11,50.08000135421753,512,0,Tesla T4,7.5,2.11.0+cu128,12.8,2026-08-23T19:10:22.682918+00:00
ca87722a00ebf585cd788c67949e7c0b32dca788,custom_cuda,warp-reduction custom CUDA fused scale + mask + softmax; block_size=512,128,1024,128,float32,0.125,25,100,12,51.00800096988678,512,0,Tesla T4,7.5,2.11.0+cu128,12.8,2026-08-23T19:10:22.682918+00:00
ca87722a00ebf585cd788c67949e7c0b32dca788,custom_cuda,warp-reduction custom CUDA fused scale + mask + softmax; block_size=512,128,1024,128,float32,0.125,25,100,13,51.13599821925163,512,0,Tesla T4,7.5,2.11.0+cu128,12.8,2026-08-23T19:10:22.682918+00:00
ca87722a00ebf585cd788c67949e7c0b32dca788,custom_cuda,warp-reduction custom CUDA fused scale + mask + softmax; block_size=512,128,1024,128,float32,0.125,25,100,14,51.16799846291542,512,0,Tesla T4,7.5,2.11.0+cu128,12.8,2026-08-23T19:10:22.682918+00:00
ca87722a00ebf585cd788c67949e7c0b32dca788,custom_cuda,warp-reduction custom CUDA fused scale + mask + softmax; block_size=512,128,1024,128,float32,0.125,25,100,15,53.69599908590317,512,0,Tesla T4,7.5,2.11.0+cu128,12.8,2026-08-23T19:10:22.682918+00:00
ca87722a00ebf585cd788c67949e7c0b32dca788,custom_cuda,warp-reduction custom CUDA fused scale + mask + softmax; block_size=512,128,1024,128,float32,0.125,25,100,16,51.45600065588951,512,0,Tesla T4,7.5,2.11.0+cu128,12.8,2026-08-23T19:10:22.682918+00:00
ca87722a00ebf585cd788c67949e7c0b32dca788,custom_cuda,warp-reduction custom CUDA fused scale + mask + softmax; block_size=512,128,1024,128,float32,0.125,25,100,17,51.231998950242996,512,0,Tesla T4,7.5,2.11.0+cu128,12.8,2026-08-23T19:10:22.682918+00:00
ca87722a00ebf585cd788c67949e7c0b32dca788,custom_cuda,warp-reduction custom CUDA fused scale + mask + softmax; block_size=512,128,1024,128,float32,0.125,25,100,18,50.016000866889954,512,0,Tesla T4,7.5,2.11.0+cu128,12.8,2026-08-23T19:10:22.682918+00:00
ca87722a00ebf585cd788c67949e7c0b32dca788,custom_cuda,warp-reduction custom CUDA fused scale + mask + softmax; block_size=512,128,1024,128,float32,0.125,25,100,19,51.19999870657921,512,0,Tesla T4,7.5,2.11.0+cu128,12.8,2026-08-23T19:10:22.682918+00:00
ca87722a00ebf585cd788c67949e7c0b32dca788,custom_cuda,warp-reduction custom CUDA fused scale + mask + softmax; block_size=512,128,1024,128,float32,0.125,25,100,20,51.19999870657921,512,0,Tesla T4,7.5,2.11.0+cu128,12.8,2026-08-23T19:10:22.682918+00:00
ca87722a00ebf585cd788c67949e7c0b32dca788,custom_cuda,warp-reduction custom CUDA fused scale + mask + softmax; block_size=512,128,1024,128,float32,0.125,25,100,21,50.944000482559204,512,0,Tesla T4,7.5,2.11.0+cu128,12.8,2026-08-23T19:10:22.682918+00:00
ca87722a00ebf585cd788c67949e7c0b32dca788,custom_cuda,warp-reduction custom CUDA fused scale + mask + softmax; block_size=512,128,1024,128,float32,0.125,25,100,22,50.52800104022026,512,0,Tesla T4,7.5,2.11.0+cu128,12.8,2026-08-23T19:10:22.682918+00:00
ca87722a00ebf585cd788c67949e7c0b32dca788,custom_cuda,warp-reduction custom CUDA fused scale + mask + softmax; block_size=512,128,1024,128,float32,0.125,25,100,23,50.97600072622299,512,0,Tesla T4,7.5,2.11.0+cu128,12.8,2026-08-23T19:10:22.682918+00:00
ca87722a00ebf585cd788c67949e7c0b32dca788,custom_cuda,warp-reduction custom CUDA fused scale + mask + softmax; block_size=512,128,1024,128,float32,0.125,25,100,24,50.624001771211624,512,0,Tesla T4,7.5,2.11.0+cu128,12.8,2026-08-23T19:10:22.682918+00:00
ca87722a00ebf585cd788c67949e7c0b32dca788,custom_cuda,warp-reduction custom CUDA fused scale + mask + softmax; block_size=512,128,1024,128,float32,0.125,25,100,25,51.392000168561935,512,0,Tesla T4,7.5,2.11.0+cu128,12.8,2026-08-23T19:10:22.682918+00:00
ca87722a00ebf585cd788c67949e7c0b32dca788,custom_cuda,warp-reduction custom CUDA fused scale + mask + softmax; block_size=512,128,1024,128,float32,0.125,25,100,26,50.592001527547836,512,0,Tesla T4,7.5,2.11.0+cu128,12.8,2026-08-23T19:10:22.682918+00:00
ca87722a00ebf585cd788c67949e7c0b32dca788,custom_cuda,warp-reduction custom CUDA fused scale + mask + softmax; block_size=512,128,1024,128,float32,0.125,25,100,27,50.97600072622299,512,0,Tesla T4,7.5,2.11.0+cu128,12.8,2026-08-23T19:10:22.682918+00:00
ca87722a00ebf585cd788c67949e7c0b32dca788,custom_cuda,warp-reduction custom CUDA fused scale + mask + softmax; block_size=512,128,1024,128,float32,0.125,25,100,28,50.624001771211624,512,0,Tesla T4,7.5,2.11.0+cu128,12.8,2026-08-23T19:10:22.682918+00:00
ca87722a00ebf585cd788c67949e7c0b32dca788,custom_cuda,warp-reduction custom CUDA fused scale + mask + softmax; block_size=512,128,1024,128,float32,0.125,25,100,29,75.77600330114365,512,0,Tesla T4,7.5,2.11.0+cu128,12.8,2026-08-23T19:10:22.682918+00:00
ca87722a00ebf585cd788c67949e7c0b32dca788,custom_cuda,warp-reduction custom CUDA fused scale + mask + softmax; block_size=512,128,1024,128,float32,0.125,25,100,30,55.296000093221664,512,0,Tesla T4,7.5,2.11.0+cu128,12.8,2026-08-23T19:10:22.682918+00:00
ca87722a00ebf585cd788c67949e7c0b32dca788,custom_cuda,warp-reduction custom CUDA fused scale + mask + softmax; block_size=512,128,1024,128,float32,0.125,25,100,31,51.96800082921982,512,0,Tesla T4,7.5,2.11.0+cu128,12.8,2026-08-23T19:10:22.682918+00:00
ca87722a00ebf585cd788c67949e7c0b32dca788,custom_cuda,warp-reduction custom CUDA fused scale + mask + softmax; block_size=512,128,1024,128,float32,0.125,25,100,32,51.19999870657921,512,0,Tesla T4,7.5,2.11.0+cu128,12.8,2026-08-23T19:10:22.682918+00:00
ca87722a00ebf585cd788c67949e7c0b32dca788,custom_cuda,warp-reduction custom CUDA fused scale + mask + softmax; block_size=512,128,1024,128,float32,0.125,25,100,33,52.25599929690361,512,0,Tesla T4,7.5,2.11.0+cu128,12.8,2026-08-23T19:10:22.682918+00:00
ca87722a00ebf585cd788c67949e7c0b32dca788,custom_cuda,warp-reduction custom CUDA fused scale + mask + softmax; block_size=512,128,1024,128,float32,0.125,25,100,34,50.97600072622299,512,0,Tesla T4,7.5,2.11.0+cu128,12.8,2026-08-23T19:10:22.682918+00:00
ca87722a00ebf585cd788c67949e7c0b32dca788,custom_cuda,warp-reduction custom CUDA fused scale + mask + softmax; block_size=512,128,1024,128,float32,0.125,25,100,35,50.75199902057648,512,0,Tesla T4,7.5,2.11.0+cu128,12.8,2026-08-23T19:10:22.682918+00:00
ca87722a00ebf585cd788c67949e7c0b32dca788,custom_cuda,warp-reduction custom CUDA fused scale + mask + softmax; block_size=512,128,1024,128,float32,0.125,25,100,36,50.27199909090996,512,0,Tesla T4,7.5,2.11.0+cu128,12.8,2026-08-23T19:10:22.682918+00:00
ca87722a00ebf585cd788c67949e7c0b32dca788,custom_cuda,warp-reduction custom CUDA fused scale + mask + softmax; block_size=512,128,1024,128,float32,0.125,25,100,37,50.87999999523163,512,0,Tesla T4,7.5,2.11.0+cu128,12.8,2026-08-23T19:10:22.682918+00:00
ca87722a00ebf585cd788c67949e7c0b32dca788,custom_cuda,warp-reduction custom CUDA fused scale + mask + softmax; block_size=512,128,1024,128,float32,0.125,25,100,38,50.87999999523163,512,0,Tesla T4,7.5,2.11.0+cu128,12.8,2026-08-23T19:10:22.682918+00:00
ca87722a00ebf585cd788c67949e7c0b32dca788,custom_cuda,warp-reduction custom CUDA fused scale + mask + softmax; block_size=512,128,1024,128,float32,0.125,25,100,39,55.296000093221664,512,0,Tesla T4,7.5,2.11.0+cu128,12.8,2026-08-23T19:10:22.682918+00:00
ca87722a00ebf585cd788c67949e7c0b32dca788,custom_cuda,warp-reduction custom CUDA fused scale + mask + softmax; block_size=512,128,1024,128,float32,0.125,25,100,40,51.42400041222572,512,0,Tesla T4,7.5,2.11.0+cu128,12.8,2026-08-23T19:10:22.682918+00:00
ca87722a00ebf585cd788c67949e7c0b32dca788,custom_cuda,warp-reduction custom CUDA fused scale + mask + softmax; block_size=512,128,1024,128,float32,0.125,25,100,41,51.45600065588951,512,0,Tesla T4,7.5,2.11.0+cu128,12.8,2026-08-23T19:10:22.682918+00:00
ca87722a00ebf585cd788c67949e7c0b32dca788,custom_cuda,warp-reduction custom CUDA fused scale + mask + softmax; block_size=512,128,1024,128,float32,0.125,25,100,42,52.09600180387497,512,0,Tesla T4,7.5,2.11.0+cu128,12.8,2026-08-23T19:10:22.682918+00:00
ca87722a00ebf585cd788c67949e7c0b32dca788,custom_cuda,warp-reduction custom CUDA fused scale + mask + softmax; block_size=512,128,1024,128,float32,0.125,25,100,43,57.34400078654289,512,0,Tesla T4,7.5,2.11.0+cu128,12.8,2026-08-23T19:10:22.682918+00:00
ca87722a00ebf585cd788c67949e7c0b32dca788,custom_cuda,warp-reduction custom CUDA fused scale + mask + softmax; block_size=512,128,1024,128,float32,0.125,25,100,44,52.86400020122528,512,0,Tesla T4,7.5,2.11.0+cu128,12.8,2026-08-23T19:10:22.682918+00:00
ca87722a00ebf585cd788c67949e7c0b32dca788,custom_cuda,warp-reduction custom CUDA fused scale + mask + softmax; block_size=512,128,1024,128,float32,0.125,25,100,45,51.64799839258194,512,0,Tesla T4,7.5,2.11.0+cu128,12.8,2026-08-23T19:10:22.682918+00:00
ca87722a00ebf585cd788c67949e7c0b32dca788,custom_cuda,warp-reduction custom CUDA fused scale + mask + softmax; block_size=512,128,1024,128,float32,0.125,25,100,46,53.247999399900436,512,0,Tesla T4,7.5,2.11.0+cu128,12.8,2026-08-23T19:10:22.682918+00:00
ca87722a00ebf585cd788c67949e7c0b32dca788,custom_cuda,warp-reduction custom CUDA fused scale + mask + softmax; block_size=512,128,1024,128,float32,0.125,25,100,47,51.77599936723709,512,0,Tesla T4,7.5,2.11.0+cu128,12.8,2026-08-23T19:10:22.682918+00:00
ca87722a00ebf585cd788c67949e7c0b32dca788,custom_cuda,warp-reduction custom CUDA fused scale + mask + softmax; block_size=512,128,1024,128,float32,0.125,25,100,48,53.247999399900436,512,0,Tesla T4,7.5,2.11.0+cu128,12.8,2026-08-23T19:10:22.682918+00:00
ca87722a00ebf585cd788c67949e7c0b32dca788,custom_cuda,warp-reduction custom CUDA fused scale + mask + softmax; block_size=512,128,1024,128,float32,0.125,25,100,49,53.05600166320801,512,0,Tesla T4,7.5,2.11.0+cu128,12.8,2026-08-23T19:10:22.682918+00:00
ca87722a00ebf585cd788c67949e7c0b32dca788,custom_cuda,warp-reduction custom CUDA fused scale + mask + softmax; block_size=512,128,1024,128,float32,0.125,25,100,50,53.15199866890907,512,0,Tesla T4,7.5,2.11.0+cu128,12.8,2026-08-23T19:10:22.682918+00:00
ca87722a00ebf585cd788c67949e7c0b32dca788,custom_cuda,warp-reduction custom CUDA fused scale + mask + softmax; block_size=512,128,1024,128,float32,0.125,25,100,51,54.46400120854378,512,0,Tesla T4,7.5,2.11.0+cu128,12.8,2026-08-23T19:10:22.682918+00:00
ca87722a00ebf585cd788c67949e7c0b32dca788,custom_cuda,warp-reduction custom CUDA fused scale + mask + softmax; block_size=512,128,1024,128,float32,0.125,25,100,52,51.67999863624573,512,0,Tesla T4,7.5,2.11.0+cu128,12.8,2026-08-23T19:10:22.682918+00:00
ca87722a00ebf585cd788c67949e7c0b32dca788,custom_cuda,warp-reduction custom CUDA fused scale + mask + softmax; block_size=512,128,1024,128,float32,0.125,25,100,53,51.16799846291542,512,0,Tesla T4,7.5,2.11.0+cu128,12.8,2026-08-23T19:10:22.682918+00:00
ca87722a00ebf585cd788c67949e7c0b32dca788,custom_cuda,warp-reduction custom CUDA fused scale + mask + softmax; block_size=512,128,1024,128,float32,0.125,25,100,54,52.12799832224846,512,0,Tesla T4,7.5,2.11.0+cu128,12.8,2026-08-23T19:10:22.682918+00:00
ca87722a00ebf585cd788c67949e7c0b32dca788,custom_cuda,warp-reduction custom CUDA fused scale + mask + softmax; block_size=512,128,1024,128,float32,0.125,25,100,55,53.247999399900436,512,0,Tesla T4,7.5,2.11.0+cu128,12.8,2026-08-23T19:10:22.682918+00:00
ca87722a00ebf585cd788c67949e7c0b32dca788,custom_cuda,warp-reduction custom CUDA fused scale + mask + softmax; block_size=512,128,1024,128,float32,0.125,25,100,56,62.752000987529755,512,0,Tesla T4,7.5,2.11.0+cu128,12.8,2026-08-23T19:10:22.682918+00:00
ca87722a00ebf585cd788c67949e7c0b32dca788,custom_cuda,warp-reduction custom CUDA fused scale + mask + softmax; block_size=512,128,1024,128,float32,0.125,25,100,57,53.47200110554695,512,0,Tesla T4,7.5,2.11.0+cu128,12.8,2026-08-23T19:10:22.682918+00:00
ca87722a00ebf585cd788c67949e7c0b32dca788,custom_cuda,warp-reduction custom CUDA fused scale + mask + softmax; block_size=512,128,1024,128,float32,0.125,25,100,58,53.05600166320801,512,0,Tesla T4,7.5,2.11.0+cu128,12.8,2026-08-23T19:10:22.682918+00:00
ca87722a00ebf585cd788c67949e7c0b32dca788,custom_cuda,warp-reduction custom CUDA fused scale + mask + softmax; block_size=512,128,1024,128,float32,0.125,25,100,59,52.70399898290634,512,0,Tesla T4,7.5,2.11.0+cu128,12.8,2026-08-23T19:10:22.682918+00:00
ca87722a00ebf585cd788c67949e7c0b32dca788,custom_cuda,warp-reduction custom CUDA fused scale + mask + softmax; block_size=512,128,1024,128,float32,0.125,25,100,60,51.19999870657921,512,0,Tesla T4,7.5,2.11.0+cu128,12.8,2026-08-23T19:10:22.682918+00:00
ca87722a00ebf585cd788c67949e7c0b32dca788,custom_cuda,warp-reduction custom CUDA fused scale + mask + softmax; block_size=512,128,1024,128,float32,0.125,25,100,61,51.29599943757057,512,0,Tesla T4,7.5,2.11.0+cu128,12.8,2026-08-23T19:10:22.682918+00:00
ca87722a00ebf585cd788c67949e7c0b32dca788,custom_cuda,warp-reduction custom CUDA fused scale + mask + softmax; block_size=512,128,1024,128,float32,0.125,25,100,62,51.19999870657921,512,0,Tesla T4,7.5,2.11.0+cu128,12.8,2026-08-23T19:10:22.682918+00:00
ca87722a00ebf585cd788c67949e7c0b32dca788,custom_cuda,warp-reduction custom CUDA fused scale + mask + softmax; block_size=512,128,1024,128,float32,0.125,25,100,63,51.45600065588951,512,0,Tesla T4,7.5,2.11.0+cu128,12.8,2026-08-23T19:10:22.682918+00:00
ca87722a00ebf585cd788c67949e7c0b32dca788,custom_cuda,warp-reduction custom CUDA fused scale + mask + softmax; block_size=512,128,1024,128,float32,0.125,25,100,64,51.231998950242996,512,0,Tesla T4,7.5,2.11.0+cu128,12.8,2026-08-23T19:10:22.682918+00:00
ca87722a00ebf585cd788c67949e7c0b32dca788,custom_cuda,warp-reduction custom CUDA fused scale + mask + softmax; block_size=512,128,1024,128,float32,0.125,25,100,65,51.19999870657921,512,0,Tesla T4,7.5,2.11.0+cu128,12.8,2026-08-23T19:10:22.682918+00:00
ca87722a00ebf585cd788c67949e7c0b32dca788,custom_cuda,warp-reduction custom CUDA fused scale + mask + softmax; block_size=512,128,1024,128,float32,0.125,25,100,66,50.97600072622299,512,0,Tesla T4,7.5,2.11.0+cu128,12.8,2026-08-23T19:10:22.682918+00:00
ca87722a00ebf585cd788c67949e7c0b32dca788,custom_cuda,warp-reduction custom CUDA fused scale + mask + softmax; block_size=512,128,1024,128,float32,0.125,25,100,67,51.4880008995533,512,0,Tesla T4,7.5,2.11.0+cu128,12.8,2026-08-23T19:10:22.682918+00:00
ca87722a00ebf585cd788c67949e7c0b32dca788,custom_cuda,warp-reduction custom CUDA fused scale + mask + softmax; block_size=512,128,1024,128,float32,0.125,25,100,68,51.231998950242996,512,0,Tesla T4,7.5,2.11.0+cu128,12.8,2026-08-23T19:10:22.682918+00:00
ca87722a00ebf585cd788c67949e7c0b32dca788,custom_cuda,warp-reduction custom CUDA fused scale + mask + softmax; block_size=512,128,1024,128,float32,0.125,25,100,69,63.80800157785416,512,0,Tesla T4,7.5,2.11.0+cu128,12.8,2026-08-23T19:10:22.682918+00:00
ca87722a00ebf585cd788c67949e7c0b32dca788,custom_cuda,warp-reduction custom CUDA fused scale + mask + softmax; block_size=512,128,1024,128,float32,0.125,25,100,70,50.11200159788132,512,0,Tesla T4,7.5,2.11.0+cu128,12.8,2026-08-23T19:10:22.682918+00:00
ca87722a00ebf585cd788c67949e7c0b32dca788,custom_cuda,warp-reduction custom CUDA fused scale + mask + softmax; block_size=512,128,1024,128,float32,0.125,25,100,71,52.15999856591225,512,0,Tesla T4,7.5,2.11.0+cu128,12.8,2026-08-23T19:10:22.682918+00:00
ca87722a00ebf585cd788c67949e7c0b32dca788,custom_cuda,warp-reduction custom CUDA fused scale + mask + softmax; block_size=512,128,1024,128,float32,0.125,25,100,72,52.44800075888634,512,0,Tesla T4,7.5,2.11.0+cu128,12.8,2026-08-23T19:10:22.682918+00:00
ca87722a00ebf585cd788c67949e7c0b32dca788,custom_cuda,warp-reduction custom CUDA fused scale + mask + softmax; block_size=512,128,1024,128,float32,0.125,25,100,73,51.16799846291542,512,0,Tesla T4,7.5,2.11.0+cu128,12.8,2026-08-23T19:10:22.682918+00:00
ca87722a00ebf585cd788c67949e7c0b32dca788,custom_cuda,warp-reduction custom CUDA fused scale + mask + softmax; block_size=512,128,1024,128,float32,0.125,25,100,74,51.35999992489815,512,0,Tesla T4,7.5,2.11.0+cu128,12.8,2026-08-23T19:10:22.682918+00:00
ca87722a00ebf585cd788c67949e7c0b32dca788,custom_cuda,warp-reduction custom CUDA fused scale + mask + softmax; block_size=512,128,1024,128,float32,0.125,25,100,75,51.04000121355057,512,0,Tesla T4,7.5,2.11.0+cu128,12.8,2026-08-23T19:10:22.682918+00:00
ca87722a00ebf585cd788c67949e7c0b32dca788,custom_cuda,warp-reduction custom CUDA fused scale + mask + softmax; block_size=512,128,1024,128,float32,0.125,25,100,76,51.19999870657921,512,0,Tesla T4,7.5,2.11.0+cu128,12.8,2026-08-23T19:10:22.682918+00:00
ca87722a00ebf585cd788c67949e7c0b32dca788,custom_cuda,warp-reduction custom CUDA fused scale + mask + softmax; block_size=512,128,1024,128,float32,0.125,25,100,77,52.38400027155876,512,0,Tesla T4,7.5,2.11.0+cu128,12.8,2026-08-23T19:10:22.682918+00:00
ca87722a00ebf585cd788c67949e7c0b32dca788,custom_cuda,warp-reduction custom CUDA fused scale + mask + softmax; block_size=512,128,1024,128,float32,0.125,25,100,78,52.38400027155876,512,0,Tesla T4,7.5,2.11.0+cu128,12.8,2026-08-23T19:10:22.682918+00:00
ca87722a00ebf585cd788c67949e7c0b32dca788,custom_cuda,warp-reduction custom CUDA fused scale + mask + softmax; block_size=512,128,1024,128,float32,0.125,25,100,79,51.16799846291542,512,0,Tesla T4,7.5,2.11.0+cu128,12.8,2026-08-23T19:10:22.682918+00:00
ca87722a00ebf585cd788c67949e7c0b32dca788,custom_cuda,warp-reduction custom CUDA fused scale + mask + softmax; block_size=512,128,1024,128,float32,0.125,25,100,80,51.552001386880875,512,0,Tesla T4,7.5,2.11.0+cu128,12.8,2026-08-23T19:10:22.682918+00:00
ca87722a00ebf585cd788c67949e7c0b32dca788,custom_cuda,warp-reduction custom CUDA fused scale + mask + softmax; block_size=512,128,1024,128,float32,0.125,25,100,81,52.70399898290634,512,0,Tesla T4,7.5,2.11.0+cu128,12.8,2026-08-23T19:10:22.682918+00:00
ca87722a00ebf585cd788c67949e7c0b32dca788,custom_cuda,warp-reduction custom CUDA fused scale + mask + softmax; block_size=512,128,1024,128,float32,0.125,25,100,82,52.000001072883606,512,0,Tesla T4,7.5,2.11.0+cu128,12.8,2026-08-23T19:10:22.682918+00:00
ca87722a00ebf585cd788c67949e7c0b32dca788,custom_cuda,warp-reduction custom CUDA fused scale + mask + softmax; block_size=512,128,1024,128,float32,0.125,25,100,83,51.392000168561935,512,0,Tesla T4,7.5,2.11.0+cu128,12.8,2026-08-23T19:10:22.682918+00:00
ca87722a00ebf585cd788c67949e7c0b32dca788,custom_cuda,warp-reduction custom CUDA fused scale + mask + softmax; block_size=512,128,1024,128,float32,0.125,25,100,84,53.247999399900436,512,0,Tesla T4,7.5,2.11.0+cu128,12.8,2026-08-23T19:10:22.682918+00:00
ca87722a00ebf585cd788c67949e7c0b32dca788,custom_cuda,warp-reduction custom CUDA fused scale + mask + softmax; block_size=512,128,1024,128,float32,0.125,25,100,85,54.30399999022484,512,0,Tesla T4,7.5,2.11.0+cu128,12.8,2026-08-23T19:10:22.682918+00:00
ca87722a00ebf585cd788c67949e7c0b32dca788,custom_cuda,warp-reduction custom CUDA fused scale + mask + softmax; block_size=512,128,1024,128,float32,0.125,25,100,86,53.247999399900436,512,0,Tesla T4,7.5,2.11.0+cu128,12.8,2026-08-23T19:10:22.682918+00:00
ca87722a00ebf585cd788c67949e7c0b32dca788,custom_cuda,warp-reduction custom CUDA fused scale + mask + softmax; block_size=512,128,1024,128,float32,0.125,25,100,87,51.16799846291542,512,0,Tesla T4,7.5,2.11.0+cu128,12.8,2026-08-23T19:10:22.682918+00:00
ca87722a00ebf585cd788c67949e7c0b32dca788,custom_cuda,warp-reduction custom CUDA fused scale + mask + softmax; block_size=512,128,1024,128,float32,0.125,25,100,88,51.52000114321709,512,0,Tesla T4,7.5,2.11.0+cu128,12.8,2026-08-23T19:10:22.682918+00:00
ca87722a00ebf585cd788c67949e7c0b32dca788,custom_cuda,warp-reduction custom CUDA fused scale + mask + softmax; block_size=512,128,1024,128,float32,0.125,25,100,89,52.12799832224846,512,0,Tesla T4,7.5,2.11.0+cu128,12.8,2026-08-23T19:10:22.682918+00:00
ca87722a00ebf585cd788c67949e7c0b32dca788,custom_cuda,warp-reduction custom CUDA fused scale + mask + softmax; block_size=512,128,1024,128,float32,0.125,25,100,90,51.16799846291542,512,0,Tesla T4,7.5,2.11.0+cu128,12.8,2026-08-23T19:10:22.682918+00:00
ca87722a00ebf585cd788c67949e7c0b32dca788,custom_cuda,warp-reduction custom CUDA fused scale + mask + softmax; block_size=512,128,1024,128,float32,0.125,25,100,91,52.671998739242554,512,0,Tesla T4,7.5,2.11.0+cu128,12.8,2026-08-23T19:10:22.682918+00:00
ca87722a00ebf585cd788c67949e7c0b32dca788,custom_cuda,warp-reduction custom CUDA fused scale + mask + softmax; block_size=512,128,1024,128,float32,0.125,25,100,92,52.06400156021118,512,0,Tesla T4,7.5,2.11.0+cu128,12.8,2026-08-23T19:10:22.682918+00:00
ca87722a00ebf585cd788c67949e7c0b32dca788,custom_cuda,warp-reduction custom CUDA fused scale + mask + softmax; block_size=512,128,1024,128,float32,0.125,25,100,93,52.639998495578766,512,0,Tesla T4,7.5,2.11.0+cu128,12.8,2026-08-23T19:10:22.682918+00:00
ca87722a00ebf585cd788c67949e7c0b32dca788,custom_cuda,warp-reduction custom CUDA fused scale + mask + softmax; block_size=512,128,1024,128,float32,0.125,25,100,94,52.000001072883606,512,0,Tesla T4,7.5,2.11.0+cu128,12.8,2026-08-23T19:10:22.682918+00:00
ca87722a00ebf585cd788c67949e7c0b32dca788,custom_cuda,warp-reduction custom CUDA fused scale + mask + softmax; block_size=512,128,1024,128,float32,0.125,25,100,95,51.19999870657921,512,0,Tesla T4,7.5,2.11.0+cu128,12.8,2026-08-23T19:10:22.682918+00:00
ca87722a00ebf585cd788c67949e7c0b32dca788,custom_cuda,warp-reduction custom CUDA fused scale + mask + softmax; block_size=512,128,1024,128,float32,0.125,25,100,96,52.76799947023392,512,0,Tesla T4,7.5,2.11.0+cu128,12.8,2026-08-23T19:10:22.682918+00:00
ca87722a00ebf585cd788c67949e7c0b32dca788,custom_cuda,warp-reduction custom CUDA fused scale + mask + softmax; block_size=512,128,1024,128,float32,0.125,25,100,97,51.872000098228455,512,0,Tesla T4,7.5,2.11.0+cu128,12.8,2026-08-23T19:10:22.682918+00:00
ca87722a00ebf585cd788c67949e7c0b32dca788,custom_cuda,warp-reduction custom CUDA fused scale + mask + softmax; block_size=512,128,1024,128,float32,0.125,25,100,98,51.19999870657921,512,0,Tesla T4,7.5,2.11.0+cu128,12.8,2026-08-23T19:10:22.682918+00:00
ca87722a00ebf585cd788c67949e7c0b32dca788,custom_cuda,warp-reduction custom CUDA fused scale + mask + softmax; block_size=512,128,1024,128,float32,0.125,25,100,99,57.95200169086456,512,0,Tesla T4,7.5,2.11.0+cu128,12.8,2026-08-23T19:10:22.682918+00:00
ca87722a00ebf585cd788c67949e7c0b32dca788,custom_cuda,warp-reduction custom CUDA fused scale + mask + softmax; block_size=512,255,2040,255,float32,0.125,25,100,0,129.98400628566742,512,0,Tesla T4,7.5,2.11.0+cu128,12.8,2026-08-23T19:10:25.111305+00:00
ca87722a00ebf585cd788c67949e7c0b32dca788,custom_cuda,warp-reduction custom CUDA fused scale + mask + softmax; block_size=512,255,2040,255,float32,0.125,25,100,1,112.60800063610077,512,0,Tesla T4,7.5,2.11.0+cu128,12.8,2026-08-23T19:10:25.111305+00:00
ca87722a00ebf585cd788c67949e7c0b32dca788,custom_cuda,warp-reduction custom CUDA fused scale + mask + softmax; block_size=512,255,2040,255,float32,0.125,25,100,2,111.23199760913849,512,0,Tesla T4,7.5,2.11.0+cu128,12.8,2026-08-23T19:10:25.111305+00:00
ca87722a00ebf585cd788c67949e7c0b32dca788,custom_cuda,warp-reduction custom CUDA fused scale + mask + softmax; block_size=512,255,2040,255,float32,0.125,25,100,3,110.33599823713303,512,0,Tesla T4,7.5,2.11.0+cu128,12.8,2026-08-23T19:10:25.111305+00:00
ca87722a00ebf585cd788c67949e7c0b32dca788,custom_cuda,warp-reduction custom CUDA fused scale + mask + softmax; block_size=512,255,2040,255,float32,0.125,25,100,4,109.15199667215347,512,0,Tesla T4,7.5,2.11.0+cu128,12.8,2026-08-23T19:10:25.111305+00:00
ca87722a00ebf585cd788c67949e7c0b32dca788,custom_cuda,warp-reduction custom CUDA fused scale + mask + softmax; block_size=512,255,2040,255,float32,0.125,25,100,5,139.26400244235992,512,0,Tesla T4,7.5,2.11.0+cu128,12.8,2026-08-23T19:10:25.111305+00:00
ca87722a00ebf585cd788c67949e7c0b32dca788,custom_cuda,warp-reduction custom CUDA fused scale + mask + softmax; block_size=512,255,2040,255,float32,0.125,25,100,6,124.86399710178375,512,0,Tesla T4,7.5,2.11.0+cu128,12.8,2026-08-23T19:10:25.111305+00:00
ca87722a00ebf585cd788c67949e7c0b32dca788,custom_cuda,warp-reduction custom CUDA fused scale + mask + softmax; block_size=512,255,2040,255,float32,0.125,25,100,7,120.83200365304947,512,0,Tesla T4,7.5,2.11.0+cu128,12.8,2026-08-23T19:10:25.111305+00:00
ca87722a00ebf585cd788c67949e7c0b32dca788,custom_cuda,warp-reduction custom CUDA fused scale + mask + softmax; block_size=512,255,2040,255,float32,0.125,25,100,8,118.81600320339203,512,0,Tesla T4,7.5,2.11.0+cu128,12.8,2026-08-23T19:10:25.111305+00:00
ca87722a00ebf585cd788c67949e7c0b32dca788,custom_cuda,warp-reduction custom CUDA fused scale + mask + softmax; block_size=512,255,2040,255,float32,0.125,25,100,9,118.68800222873688,512,0,Tesla T4,7.5,2.11.0+cu128,12.8,2026-08-23T19:10:25.111305+00:00
ca87722a00ebf585cd788c67949e7c0b32dca788,custom_cuda,warp-reduction custom CUDA fused scale + mask + softmax; block_size=512,255,2040,255,float32,0.125,25,100,10,110.59200018644333,512,0,Tesla T4,7.5,2.11.0+cu128,12.8,2026-08-23T19:10:25.111305+00:00
ca87722a00ebf585cd788c67949e7c0b32dca788,custom_cuda,warp-reduction custom CUDA fused scale + mask + softmax; block_size=512,255,2040,255,float32,0.125,25,100,11,109.56799983978271,512,0,Tesla T4,7.5,2.11.0+cu128,12.8,2026-08-23T19:10:25.111305+00:00
ca87722a00ebf585cd788c67949e7c0b32dca788,custom_cuda,warp-reduction custom CUDA fused scale + mask + softmax; block_size=512,255,2040,255,float32,0.125,25,100,12,123.26399981975555,512,0,Tesla T4,7.5,2.11.0+cu128,12.8,2026-08-23T19:10:25.111305+00:00
ca87722a00ebf585cd788c67949e7c0b32dca788,custom_cuda,warp-reduction custom CUDA fused scale + mask + softmax; block_size=512,255,2040,255,float32,0.125,25,100,13,112.67200112342834,512,0,Tesla T4,7.5,2.11.0+cu128,12.8,2026-08-23T19:10:25.111305+00:00
ca87722a00ebf585cd788c67949e7c0b32dca788,custom_cuda,warp-reduction custom CUDA fused scale + mask + softmax; block_size=512,255,2040,255,float32,0.125,25,100,14,110.72000116109848,512,0,Tesla T4,7.5,2.11.0+cu128,12.8,2026-08-23T19:10:25.111305+00:00
ca87722a00ebf585cd788c67949e7c0b32dca788,custom_cuda,warp-reduction custom CUDA fused scale + mask + softmax; block_size=512,255,2040,255,float32,0.125,25,100,15,111.16799712181091,512,0,Tesla T4,7.5,2.11.0+cu128,12.8,2026-08-23T19:10:25.111305+00:00
ca87722a00ebf585cd788c67949e7c0b32dca788,custom_cuda,warp-reduction custom CUDA fused scale + mask + softmax; block_size=512,255,2040,255,float32,0.125,25,100,16,110.84800213575363,512,0,Tesla T4,7.5,2.11.0+cu128,12.8,2026-08-23T19:10:25.111305+00:00
ca87722a00ebf585cd788c67949e7c0b32dca788,custom_cuda,warp-reduction custom CUDA fused scale + mask + softmax; block_size=512,255,2040,255,float32,0.125,25,100,17,110.944002866745,512,0,Tesla T4,7.5,2.11.0+cu128,12.8,2026-08-23T19:10:25.111305+00:00
ca87722a00ebf585cd788c67949e7c0b32dca788,custom_cuda,warp-reduction custom CUDA fused scale + mask + softmax; block_size=512,255,2040,255,float32,0.125,25,100,18,122.27199971675873,512,0,Tesla T4,7.5,2.11.0+cu128,12.8,2026-08-23T19:10:25.111305+00:00
ca87722a00ebf585cd788c67949e7c0b32dca788,custom_cuda,warp-reduction custom CUDA fused scale + mask + softmax; block_size=512,255,2040,255,float32,0.125,25,100,19,141.31200313568115,512,0,Tesla T4,7.5,2.11.0+cu128,12.8,2026-08-23T19:10:25.111305+00:00
ca87722a00ebf585cd788c67949e7c0b32dca788,custom_cuda,warp-reduction custom CUDA fused scale + mask + softmax; block_size=512,255,2040,255,float32,0.125,25,100,20,123.23199957609177,512,0,Tesla T4,7.5,2.11.0+cu128,12.8,2026-08-23T19:10:25.111305+00:00
ca87722a00ebf585cd788c67949e7c0b32dca788,custom_cuda,warp-reduction custom CUDA fused scale + mask + softmax; block_size=512,255,2040,255,float32,0.125,25,100,21,118.78400295972824,512,0,Tesla T4,7.5,2.11.0+cu128,12.8,2026-08-23T19:10:25.111305+00:00
ca87722a00ebf585cd788c67949e7c0b32dca788,custom_cuda,warp-reduction custom CUDA fused scale + mask + softmax; block_size=512,255,2040,255,float32,0.125,25,100,22,112.86400258541107,512,0,Tesla T4,7.5,2.11.0+cu128,12.8,2026-08-23T19:10:25.111305+00:00
ca87722a00ebf585cd788c67949e7c0b32dca788,custom_cuda,warp-reduction custom CUDA fused scale + mask + softmax; block_size=512,255,2040,255,float32,0.125,25,100,23,111.04000359773636,512,0,Tesla T4,7.5,2.11.0+cu128,12.8,2026-08-23T19:10:25.111305+00:00
ca87722a00ebf585cd788c67949e7c0b32dca788,custom_cuda,warp-reduction custom CUDA fused scale + mask + softmax; block_size=512,255,2040,255,float32,0.125,25,100,24,111.04000359773636,512,0,Tesla T4,7.5,2.11.0+cu128,12.8,2026-08-23T19:10:25.111305+00:00
ca87722a00ebf585cd788c67949e7c0b32dca788,custom_cuda,warp-reduction custom CUDA fused scale + mask + softmax; block_size=512,255,2040,255,float32,0.125,25,100,25,112.57600039243698,512,0,Tesla T4,7.5,2.11.0+cu128,12.8,2026-08-23T19:10:25.111305+00:00
ca87722a00ebf585cd788c67949e7c0b32dca788,custom_cuda,warp-reduction custom CUDA fused scale + mask + softmax; block_size=512,255,2040,255,float32,0.125,25,100,26,114.56000059843063,512,0,Tesla T4,7.5,2.11.0+cu128,12.8,2026-08-23T19:10:25.111305+00:00
ca87722a00ebf585cd788c67949e7c0b32dca788,custom_cuda,warp-reduction custom CUDA fused scale + mask + softmax; block_size=512,255,2040,255,float32,0.125,25,100,27,112.31999844312668,512,0,Tesla T4,7.5,2.11.0+cu128,12.8,2026-08-23T19:10:25.111305+00:00
ca87722a00ebf585cd788c67949e7c0b32dca788,custom_cuda,warp-reduction custom CUDA fused scale + mask + softmax; block_size=512,255,2040,255,float32,0.125,25,100,28,110.62400043010712,512,0,Tesla T4,7.5,2.11.0+cu128,12.8,2026-08-23T19:10:25.111305+00:00
ca87722a00ebf585cd788c67949e7c0b32dca788,custom_cuda,warp-reduction custom CUDA fused scale + mask + softmax; block_size=512,255,2040,255,float32,0.125,25,100,29,110.97600311040878,512,0,Tesla T4,7.5,2.11.0+cu128,12.8,2026-08-23T19:10:25.111305+00:00
ca87722a00ebf585cd788c67949e7c0b32dca788,custom_cuda,warp-reduction custom CUDA fused scale + mask + softmax; block_size=512,255,2040,255,float32,0.125,25,100,30,118.68800222873688,512,0,Tesla T4,7.5,2.11.0+cu128,12.8,2026-08-23T19:10:25.111305+00:00
ca87722a00ebf585cd788c67949e7c0b32dca788,custom_cuda,warp-reduction custom CUDA fused scale + mask + softmax; block_size=512,255,2040,255,float32,0.125,25,100,31,110.59200018644333,512,0,Tesla T4,7.5,2.11.0+cu128,12.8,2026-08-23T19:10:25.111305+00:00
ca87722a00ebf585cd788c67949e7c0b32dca788,custom_cuda,warp-reduction custom CUDA fused scale + mask + softmax; block_size=512,255,2040,255,float32,0.125,25,100,32,110.52799969911575,512,0,Tesla T4,7.5,2.11.0+cu128,12.8,2026-08-23T19:10:25.111305+00:00
ca87722a00ebf585cd788c67949e7c0b32dca788,custom_cuda,warp-reduction custom CUDA fused scale + mask + softmax; block_size=512,255,2040,255,float32,0.125,25,100,33,110.62400043010712,512,0,Tesla T4,7.5,2.11.0+cu128,12.8,2026-08-23T19:10:25.111305+00:00
ca87722a00ebf585cd788c67949e7c0b32dca788,custom_cuda,warp-reduction custom CUDA fused scale + mask + softmax; block_size=512,255,2040,255,float32,0.125,25,100,34,110.27199774980545,512,0,Tesla T4,7.5,2.11.0+cu128,12.8,2026-08-23T19:10:25.111305+00:00
ca87722a00ebf585cd788c67949e7c0b32dca788,custom_cuda,warp-reduction custom CUDA fused scale + mask + softmax; block_size=512,255,2040,255,float32,0.125,25,100,35,110.17599701881409,512,0,Tesla T4,7.5,2.11.0+cu128,12.8,2026-08-23T19:10:25.111305+00:00
ca87722a00ebf585cd788c67949e7c0b32dca788,custom_cuda,warp-reduction custom CUDA fused scale + mask + softmax; block_size=512,255,2040,255,float32,0.125,25,100,36,110.01600325107574,512,0,Tesla T4,7.5,2.11.0+cu128,12.8,2026-08-23T19:10:25.111305+00:00
ca87722a00ebf585cd788c67949e7c0b32dca788,custom_cuda,warp-reduction custom CUDA fused scale + mask + softmax; block_size=512,255,2040,255,float32,0.125,25,100,37,126.88000500202179,512,0,Tesla T4,7.5,2.11.0+cu128,12.8,2026-08-23T19:10:25.111305+00:00
ca87722a00ebf585cd788c67949e7c0b32dca788,custom_cuda,warp-reduction custom CUDA fused scale + mask + softmax; block_size=512,255,2040,255,float32,0.125,25,100,38,110.59200018644333,512,0,Tesla T4,7.5,2.11.0+cu128,12.8,2026-08-23T19:10:25.111305+00:00
ca87722a00ebf585cd788c67949e7c0b32dca788,custom_cuda,warp-reduction custom CUDA fused scale + mask + softmax; block_size=512,255,2040,255,float32,0.125,25,100,39,109.37599837779999,512,0,Tesla T4,7.5,2.11.0+cu128,12.8,2026-08-23T19:10:25.111305+00:00
ca87722a00ebf585cd788c67949e7c0b32dca788,custom_cuda,warp-reduction custom CUDA fused scale + mask + softmax; block_size=512,255,2040,255,float32,0.125,25,100,40,108.57599973678589,512,0,Tesla T4,7.5,2.11.0+cu128,12.8,2026-08-23T19:10:25.111305+00:00
ca87722a00ebf585cd788c67949e7c0b32dca788,custom_cuda,warp-reduction custom CUDA fused scale + mask + softmax; block_size=512,255,2040,255,float32,0.125,25,100,41,112.64000087976456,512,0,Tesla T4,7.5,2.11.0+cu128,12.8,2026-08-23T19:10:25.111305+00:00
ca87722a00ebf585cd788c67949e7c0b32dca788,custom_cuda,warp-reduction custom CUDA fused scale + mask + softmax; block_size=512,255,2040,255,float32,0.125,25,100,42,108.57599973678589,512,0,Tesla T4,7.5,2.11.0+cu128,12.8,2026-08-23T19:10:25.111305+00:00
ca87722a00ebf585cd788c67949e7c0b32dca788,custom_cuda,warp-reduction custom CUDA fused scale + mask + softmax; block_size=512,255,2040,255,float32,0.125,25,100,43,109.11999642848969,512,0,Tesla T4,7.5,2.11.0+cu128,12.8,2026-08-23T19:10:25.111305+00:00
ca87722a00ebf585cd788c67949e7c0b32dca788,custom_cuda,warp-reduction custom CUDA fused scale + mask + softmax; block_size=512,255,2040,255,float32,0.125,25,100,44,110.27199774980545,512,0,Tesla T4,7.5,2.11.0+cu128,12.8,2026-08-23T19:10:25.111305+00:00
ca87722a00ebf585cd788c67949e7c0b32dca788,custom_cuda,warp-reduction custom CUDA fused scale + mask + softmax; block_size=512,255,2040,255,float32,0.125,25,100,45,108.5439994931221,512,0,Tesla T4,7.5,2.11.0+cu128,12.8,2026-08-23T19:10:25.111305+00:00
ca87722a00ebf585cd788c67949e7c0b32dca788,custom_cuda,warp-reduction custom CUDA fused scale + mask + softmax; block_size=512,255,2040,255,float32,0.125,25,100,46,109.02400314807892,512,0,Tesla T4,7.5,2.11.0+cu128,12.8,2026-08-23T19:10:25.111305+00:00
ca87722a00ebf585cd788c67949e7c0b32dca788,custom_cuda,warp-reduction custom CUDA fused scale + mask + softmax; block_size=512,255,2040,255,float32,0.125,25,100,47,108.5439994931221,512,0,Tesla T4,7.5,2.11.0+cu128,12.8,2026-08-23T19:10:25.111305+00:00
ca87722a00ebf585cd788c67949e7c0b32dca788,custom_cuda,warp-reduction custom CUDA fused scale + mask + softmax; block_size=512,255,2040,255,float32,0.125,25,100,48,109.0560033917427,512,0,Tesla T4,7.5,2.11.0+cu128,12.8,2026-08-23T19:10:25.111305+00:00
ca87722a00ebf585cd788c67949e7c0b32dca788,custom_cuda,warp-reduction custom CUDA fused scale + mask + softmax; block_size=512,255,2040,255,float32,0.125,25,100,49,111.64800077676773,512,0,Tesla T4,7.5,2.11.0+cu128,12.8,2026-08-23T19:10:25.111305+00:00
ca87722a00ebf585cd788c67949e7c0b32dca788,custom_cuda,warp-reduction custom CUDA fused scale + mask + softmax; block_size=512,255,2040,255,float32,0.125,25,100,50,108.96000266075134,512,0,Tesla T4,7.5,2.11.0+cu128,12.8,2026-08-23T19:10:25.111305+00:00
ca87722a00ebf585cd788c67949e7c0b32dca788,custom_cuda,warp-reduction custom CUDA fused scale + mask + softmax; block_size=512,255,2040,255,float32,0.125,25,100,51,110.30399799346924,512,0,Tesla T4,7.5,2.11.0+cu128,12.8,2026-08-23T19:10:25.111305+00:00
ca87722a00ebf585cd788c67949e7c0b32dca788,custom_cuda,warp-reduction custom CUDA fused scale + mask + softmax; block_size=512,255,2040,255,float32,0.125,25,100,52,108.86400192975998,512,0,Tesla T4,7.5,2.11.0+cu128,12.8,2026-08-23T19:10:25.111305+00:00
ca87722a00ebf585cd788c67949e7c0b32dca788,custom_cuda,warp-reduction custom CUDA fused scale + mask + softmax; block_size=512,255,2040,255,float32,0.125,25,100,53,108.67200046777725,512,0,Tesla T4,7.5,2.11.0+cu128,12.8,2026-08-23T19:10:25.111305+00:00
ca87722a00ebf585cd788c67949e7c0b32dca788,custom_cuda,warp-reduction custom CUDA fused scale + mask + softmax; block_size=512,255,2040,255,float32,0.125,25,100,54,109.0880036354065,512,0,Tesla T4,7.5,2.11.0+cu128,12.8,2026-08-23T19:10:25.111305+00:00
ca87722a00ebf585cd788c67949e7c0b32dca788,custom_cuda,warp-reduction custom CUDA fused scale + mask + softmax; block_size=512,255,2040,255,float32,0.125,25,100,55,108.99200290441513,512,0,Tesla T4,7.5,2.11.0+cu128,12.8,2026-08-23T19:10:25.111305+00:00
ca87722a00ebf585cd788c67949e7c0b32dca788,custom_cuda,warp-reduction custom CUDA fused scale + mask + softmax; block_size=512,255,2040,255,float32,0.125,25,100,56,109.66400057077408,512,0,Tesla T4,7.5,2.11.0+cu128,12.8,2026-08-23T19:10:25.111305+00:00
ca87722a00ebf585cd788c67949e7c0b32dca788,custom_cuda,warp-reduction custom CUDA fused scale + mask + softmax; block_size=512,255,2040,255,float32,0.125,25,100,57,111.39199882745743,512,0,Tesla T4,7.5,2.11.0+cu128,12.8,2026-08-23T19:10:25.111305+00:00
ca87722a00ebf585cd788c67949e7c0b32dca788,custom_cuda,warp-reduction custom CUDA fused scale + mask + softmax; block_size=512,255,2040,255,float32,0.125,25,100,58,110.59200018644333,512,0,Tesla T4,7.5,2.11.0+cu128,12.8,2026-08-23T19:10:25.111305+00:00
ca87722a00ebf585cd788c67949e7c0b32dca788,custom_cuda,warp-reduction custom CUDA fused scale + mask + softmax; block_size=512,255,2040,255,float32,0.125,25,100,59,108.92800241708755,512,0,Tesla T4,7.5,2.11.0+cu128,12.8,2026-08-23T19:10:25.111305+00:00
ca87722a00ebf585cd788c67949e7c0b32dca788,custom_cuda,warp-reduction custom CUDA fused scale + mask + softmax; block_size=512,255,2040,255,float32,0.125,25,100,60,108.8000014424324,512,0,Tesla T4,7.5,2.11.0+cu128,12.8,2026-08-23T19:10:25.111305+00:00
ca87722a00ebf585cd788c67949e7c0b32dca788,custom_cuda,warp-reduction custom CUDA fused scale + mask + softmax; block_size=512,255,2040,255,float32,0.125,25,100,61,108.60799998044968,512,0,Tesla T4,7.5,2.11.0+cu128,12.8,2026-08-23T19:10:25.111305+00:00
ca87722a00ebf585cd788c67949e7c0b32dca788,custom_cuda,warp-reduction custom CUDA fused scale + mask + softmax; block_size=512,255,2040,255,float32,0.125,25,100,62,109.02400314807892,512,0,Tesla T4,7.5,2.11.0+cu128,12.8,2026-08-23T19:10:25.111305+00:00
ca87722a00ebf585cd788c67949e7c0b32dca788,custom_cuda,warp-reduction custom CUDA fused scale + mask + softmax; block_size=512,255,2040,255,float32,0.125,25,100,63,108.57599973678589,512,0,Tesla T4,7.5,2.11.0+cu128,12.8,2026-08-23T19:10:25.111305+00:00
ca87722a00ebf585cd788c67949e7c0b32dca788,custom_cuda,warp-reduction custom CUDA fused scale + mask + softmax; block_size=512,255,2040,255,float32,0.125,25,100,64,110.59200018644333,512,0,Tesla T4,7.5,2.11.0+cu128,12.8,2026-08-23T19:10:25.111305+00:00
ca87722a00ebf585cd788c67949e7c0b32dca788,custom_cuda,warp-reduction custom CUDA fused scale + mask + softmax; block_size=512,255,2040,255,float32,0.125,25,100,65,110.62400043010712,512,0,Tesla T4,7.5,2.11.0+cu128,12.8,2026-08-23T19:10:25.111305+00:00
ca87722a00ebf585cd788c67949e7c0b32dca788,custom_cuda,warp-reduction custom CUDA fused scale + mask + softmax; block_size=512,255,2040,255,float32,0.125,25,100,66,109.3439981341362,512,0,Tesla T4,7.5,2.11.0+cu128,12.8,2026-08-23T19:10:25.111305+00:00
ca87722a00ebf585cd788c67949e7c0b32dca788,custom_cuda,warp-reduction custom CUDA fused scale + mask + softmax; block_size=512,255,2040,255,float32,0.125,25,100,67,109.3439981341362,512,0,Tesla T4,7.5,2.11.0+cu128,12.8,2026-08-23T19:10:25.111305+00:00
ca87722a00ebf585cd788c67949e7c0b32dca788,custom_cuda,warp-reduction custom CUDA fused scale + mask + softmax; block_size=512,255,2040,255,float32,0.125,25,100,68,110.17599701881409,512,0,Tesla T4,7.5,2.11.0+cu128,12.8,2026-08-23T19:10:25.111305+00:00
ca87722a00ebf585cd788c67949e7c0b32dca788,custom_cuda,warp-reduction custom CUDA fused scale + mask + softmax; block_size=512,255,2040,255,float32,0.125,25,100,69,110.1439967751503,512,0,Tesla T4,7.5,2.11.0+cu128,12.8,2026-08-23T19:10:25.111305+00:00
ca87722a00ebf585cd788c67949e7c0b32dca788,custom_cuda,warp-reduction custom CUDA fused scale + mask + softmax; block_size=512,255,2040,255,float32,0.125,25,100,70,109.6000000834465,512,0,Tesla T4,7.5,2.11.0+cu128,12.8,2026-08-23T19:10:25.111305+00:00
ca87722a00ebf585cd788c67949e7c0b32dca788,custom_cuda,warp-reduction custom CUDA fused scale + mask + softmax; block_size=512,255,2040,255,float32,0.125,25,100,71,108.67200046777725,512,0,Tesla T4,7.5,2.11.0+cu128,12.8,2026-08-23T19:10:25.111305+00:00
ca87722a00ebf585cd788c67949e7c0b32dca788,custom_cuda,warp-reduction custom CUDA fused scale + mask + softmax; block_size=512,255,2040,255,float32,0.125,25,100,72,116.03199690580368,512,0,Tesla T4,7.5,2.11.0+cu128,12.8,2026-08-23T19:10:25.111305+00:00
ca87722a00ebf585cd788c67949e7c0b32dca788,custom_cuda,warp-reduction custom CUDA fused scale + mask + softmax; block_size=512,255,2040,255,float32,0.125,25,100,73,110.07999628782272,512,0,Tesla T4,7.5,2.11.0+cu128,12.8,2026-08-23T19:10:25.111305+00:00
ca87722a00ebf585cd788c67949e7c0b32dca788,custom_cuda,warp-reduction custom CUDA fused scale + mask + softmax; block_size=512,255,2040,255,float32,0.125,25,100,74,108.57599973678589,512,0,Tesla T4,7.5,2.11.0+cu128,12.8,2026-08-23T19:10:25.111305+00:00
ca87722a00ebf585cd788c67949e7c0b32dca788,custom_cuda,warp-reduction custom CUDA fused scale + mask + softmax; block_size=512,255,2040,255,float32,0.125,25,100,75,109.0560033917427,512,0,Tesla T4,7.5,2.11.0+cu128,12.8,2026-08-23T19:10:25.111305+00:00
ca87722a00ebf585cd788c67949e7c0b32dca788,custom_cuda,warp-reduction custom CUDA fused scale + mask + softmax; block_size=512,255,2040,255,float32,0.125,25,100,76,109.76000130176544,512,0,Tesla T4,7.5,2.11.0+cu128,12.8,2026-08-23T19:10:25.111305+00:00
ca87722a00ebf585cd788c67949e7c0b32dca788,custom_cuda,warp-reduction custom CUDA fused scale + mask + softmax; block_size=512,255,2040,255,float32,0.125,25,100,77,110.11199653148651,512,0,Tesla T4,7.5,2.11.0+cu128,12.8,2026-08-23T19:10:25.111305+00:00
ca87722a00ebf585cd788c67949e7c0b32dca788,custom_cuda,warp-reduction custom CUDA fused scale + mask + softmax; block_size=512,255,2040,255,float32,0.125,25,100,78,108.51199924945831,512,0,Tesla T4,7.5,2.11.0+cu128,12.8,2026-08-23T19:10:25.111305+00:00
ca87722a00ebf585cd788c67949e7c0b32dca788,custom_cuda,warp-reduction custom CUDA fused scale + mask + softmax; block_size=512,255,2040,255,float32,0.125,25,100,79,108.70400071144104,512,0,Tesla T4,7.5,2.11.0+cu128,12.8,2026-08-23T19:10:25.111305+00:00
ca87722a00ebf585cd788c67949e7c0b32dca788,custom_cuda,warp-reduction custom CUDA fused scale + mask + softmax; block_size=512,255,2040,255,float32,0.125,25,100,80,110.6560006737709,512,0,Tesla T4,7.5,2.11.0+cu128,12.8,2026-08-23T19:10:25.111305+00:00
ca87722a00ebf585cd788c67949e7c0b32dca788,custom_cuda,warp-reduction custom CUDA fused scale + mask + softmax; block_size=512,255,2040,255,float32,0.125,25,100,81,109.11999642848969,512,0,Tesla T4,7.5,2.11.0+cu128,12.8,2026-08-23T19:10:25.111305+00:00
ca87722a00ebf585cd788c67949e7c0b32dca788,custom_cuda,warp-reduction custom CUDA fused scale + mask + softmax; block_size=512,255,2040,255,float32,0.125,25,100,82,109.3439981341362,512,0,Tesla T4,7.5,2.11.0+cu128,12.8,2026-08-23T19:10:25.111305+00:00
ca87722a00ebf585cd788c67949e7c0b32dca788,custom_cuda,warp-reduction custom CUDA fused scale + mask + softmax; block_size=512,255,2040,255,float32,0.125,25,100,83,109.02400314807892,512,0,Tesla T4,7.5,2.11.0+cu128,12.8,2026-08-23T19:10:25.111305+00:00
ca87722a00ebf585cd788c67949e7c0b32dca788,custom_cuda,warp-reduction custom CUDA fused scale + mask + softmax; block_size=512,255,2040,255,float32,0.125,25,100,84,109.92000252008438,512,0,Tesla T4,7.5,2.11.0+cu128,12.8,2026-08-23T19:10:25.111305+00:00
ca87722a00ebf585cd788c67949e7c0b32dca788,custom_cuda,warp-reduction custom CUDA fused scale + mask + softmax; block_size=512,255,2040,255,float32,0.125,25,100,85,108.57599973678589,512,0,Tesla T4,7.5,2.11.0+cu128,12.8,2026-08-23T19:10:25.111305+00:00
ca87722a00ebf585cd788c67949e7c0b32dca788,custom_cuda,warp-reduction custom CUDA fused scale + mask + softmax; block_size=512,255,2040,255,float32,0.125,25,100,86,109.11999642848969,512,0,Tesla T4,7.5,2.11.0+cu128,12.8,2026-08-23T19:10:25.111305+00:00
ca87722a00ebf585cd788c67949e7c0b32dca788,custom_cuda,warp-reduction custom CUDA fused scale + mask + softmax; block_size=512,255,2040,255,float32,0.125,25,100,87,109.31199789047241,512,0,Tesla T4,7.5,2.11.0+cu128,12.8,2026-08-23T19:10:25.111305+00:00
ca87722a00ebf585cd788c67949e7c0b32dca788,custom_cuda,warp-reduction custom CUDA fused scale + mask + softmax; block_size=512,255,2040,255,float32,0.125,25,100,88,114.30399864912033,512,0,Tesla T4,7.5,2.11.0+cu128,12.8,2026-08-23T19:10:25.111305+00:00
ca87722a00ebf585cd788c67949e7c0b32dca788,custom_cuda,warp-reduction custom CUDA fused scale + mask + softmax; block_size=512,255,2040,255,float32,0.125,25,100,89,110.59200018644333,512,0,Tesla T4,7.5,2.11.0+cu128,12.8,2026-08-23T19:10:25.111305+00:00
ca87722a00ebf585cd788c67949e7c0b32dca788,custom_cuda,warp-reduction custom CUDA fused scale + mask + softmax; block_size=512,255,2040,255,float32,0.125,25,100,90,110.81600189208984,512,0,Tesla T4,7.5,2.11.0+cu128,12.8,2026-08-23T19:10:25.111305+00:00
ca87722a00ebf585cd788c67949e7c0b32dca788,custom_cuda,warp-reduction custom CUDA fused scale + mask + softmax; block_size=512,255,2040,255,float32,0.125,25,100,91,110.59200018644333,512,0,Tesla T4,7.5,2.11.0+cu128,12.8,2026-08-23T19:10:25.111305+00:00
ca87722a00ebf585cd788c67949e7c0b32dca788,custom_cuda,warp-reduction custom CUDA fused scale + mask + softmax; block_size=512,255,2040,255,float32,0.125,25,100,92,111.87200248241425,512,0,Tesla T4,7.5,2.11.0+cu128,12.8,2026-08-23T19:10:25.111305+00:00
ca87722a00ebf585cd788c67949e7c0b32dca788,custom_cuda,warp-reduction custom CUDA fused scale + mask + softmax; block_size=512,255,2040,255,float32,0.125,25,100,93,111.96800321340561,512,0,Tesla T4,7.5,2.11.0+cu128,12.8,2026-08-23T19:10:25.111305+00:00
ca87722a00ebf585cd788c67949e7c0b32dca788,custom_cuda,warp-reduction custom CUDA fused scale + mask + softmax; block_size=512,255,2040,255,float32,0.125,25,100,94,110.59200018644333,512,0,Tesla T4,7.5,2.11.0+cu128,12.8,2026-08-23T19:10:25.111305+00:00
ca87722a00ebf585cd788c67949e7c0b32dca788,custom_cuda,warp-reduction custom CUDA fused scale + mask + softmax; block_size=512,255,2040,255,float32,0.125,25,100,95,110.62400043010712,512,0,Tesla T4,7.5,2.11.0+cu128,12.8,2026-08-23T19:10:25.111305+00:00
ca87722a00ebf585cd788c67949e7c0b32dca788,custom_cuda,warp-reduction custom CUDA fused scale + mask + softmax; block_size=512,255,2040,255,float32,0.125,25,100,96,113.24799805879593,512,0,Tesla T4,7.5,2.11.0+cu128,12.8,2026-08-23T19:10:25.111305+00:00
ca87722a00ebf585cd788c67949e7c0b32dca788,custom_cuda,warp-reduction custom CUDA fused scale + mask + softmax; block_size=512,255,2040,255,float32,0.125,25,100,97,109.79200154542923,512,0,Tesla T4,7.5,2.11.0+cu128,12.8,2026-08-23T19:10:25.111305+00:00
ca87722a00ebf585cd788c67949e7c0b32dca788,custom_cuda,warp-reduction custom CUDA fused scale + mask + softmax; block_size=512,255,2040,255,float32,0.125,25,100,98,109.43999886512756,512,0,Tesla T4,7.5,2.11.0+cu128,12.8,2026-08-23T19:10:25.111305+00:00
ca87722a00ebf585cd788c67949e7c0b32dca788,custom_cuda,warp-reduction custom CUDA fused scale + mask + softmax; block_size=512,255,2040,255,float32,0.125,25,100,99,109.18399691581726,512,0,Tesla T4,7.5,2.11.0+cu128,12.8,2026-08-23T19:10:25.111305+00:00
ca87722a00ebf585cd788c67949e7c0b32dca788,custom_cuda,warp-reduction custom CUDA fused scale + mask + softmax; block_size=512,512,4096,512,float32,0.125,25,100,0,274.1119861602783,512,0,Tesla T4,7.5,2.11.0+cu128,12.8,2026-08-23T19:10:28.020467+00:00
ca87722a00ebf585cd788c67949e7c0b32dca788,custom_cuda,warp-reduction custom CUDA fused scale + mask + softmax; block_size=512,512,4096,512,float32,0.125,25,100,1,268.0000066757202,512,0,Tesla T4,7.5,2.11.0+cu128,12.8,2026-08-23T19:10:28.020467+00:00
ca87722a00ebf585cd788c67949e7c0b32dca788,custom_cuda,warp-reduction custom CUDA fused scale + mask + softmax; block_size=512,512,4096,512,float32,0.125,25,100,2,311.90401315689087,512,0,Tesla T4,7.5,2.11.0+cu128,12.8,2026-08-23T19:10:28.020467+00:00
ca87722a00ebf585cd788c67949e7c0b32dca788,custom_cuda,warp-reduction custom CUDA fused scale + mask + softmax; block_size=512,512,4096,512,float32,0.125,25,100,3,284.67199206352234,512,0,Tesla T4,7.5,2.11.0+cu128,12.8,2026-08-23T19:10:28.020467+00:00
ca87722a00ebf585cd788c67949e7c0b32dca788,custom_cuda,warp-reduction custom CUDA fused scale + mask + softmax; block_size=512,512,4096,512,float32,0.125,25,100,4,255.48800826072693,512,0,Tesla T4,7.5,2.11.0+cu128,12.8,2026-08-23T19:10:28.020467+00:00
ca87722a00ebf585cd788c67949e7c0b32dca788,custom_cuda,warp-reduction custom CUDA fused scale + mask + softmax; block_size=512,512,4096,512,float32,0.125,25,100,5,258.4640085697174,512,0,Tesla T4,7.5,2.11.0+cu128,12.8,2026-08-23T19:10:28.020467+00:00
ca87722a00ebf585cd788c67949e7c0b32dca788,custom_cuda,warp-reduction custom CUDA fused scale + mask + softmax; block_size=512,512,4096,512,float32,0.125,25,100,6,252.86400318145752,512,0,Tesla T4,7.5,2.11.0+cu128,12.8,2026-08-23T19:10:28.020467+00:00
ca87722a00ebf585cd788c67949e7c0b32dca788,custom_cuda,warp-reduction custom CUDA fused scale + mask + softmax; block_size=512,512,4096,512,float32,0.125,25,100,7,257.9840123653412,512,0,Tesla T4,7.5,2.11.0+cu128,12.8,2026-08-23T19:10:28.020467+00:00
ca87722a00ebf585cd788c67949e7c0b32dca788,custom_cuda,warp-reduction custom CUDA fused scale + mask + softmax; block_size=512,512,4096,512,float32,0.125,25,100,8,249.82400238513947,512,0,Tesla T4,7.5,2.11.0+cu128,12.8,2026-08-23T19:10:28.020467+00:00
ca87722a00ebf585cd788c67949e7c0b32dca788,custom_cuda,warp-reduction custom CUDA fused scale + mask + softmax; block_size=512,512,4096,512,float32,0.125,25,100,9,253.6959946155548,512,0,Tesla T4,7.5,2.11.0+cu128,12.8,2026-08-23T19:10:28.020467+00:00
ca87722a00ebf585cd788c67949e7c0b32dca788,custom_cuda,warp-reduction custom CUDA fused scale + mask + softmax; block_size=512,512,4096,512,float32,0.125,25,100,10,250.14400482177734,512,0,Tesla T4,7.5,2.11.0+cu128,12.8,2026-08-23T19:10:28.020467+00:00
ca87722a00ebf585cd788c67949e7c0b32dca788,custom_cuda,warp-reduction custom CUDA fused scale + mask + softmax; block_size=512,512,4096,512,float32,0.125,25,100,11,252.6719868183136,512,0,Tesla T4,7.5,2.11.0+cu128,12.8,2026-08-23T19:10:28.020467+00:00
ca87722a00ebf585cd788c67949e7c0b32dca788,custom_cuda,warp-reduction custom CUDA fused scale + mask + softmax; block_size=512,512,4096,512,float32,0.125,25,100,12,260.99199056625366,512,0,Tesla T4,7.5,2.11.0+cu128,12.8,2026-08-23T19:10:28.020467+00:00
ca87722a00ebf585cd788c67949e7c0b32dca788,custom_cuda,warp-reduction custom CUDA fused scale + mask + softmax; block_size=512,512,4096,512,float32,0.125,25,100,13,248.83200228214264,512,0,Tesla T4,7.5,2.11.0+cu128,12.8,2026-08-23T19:10:28.020467+00:00
ca87722a00ebf585cd788c67949e7c0b32dca788,custom_cuda,warp-reduction custom CUDA fused scale + mask + softmax; block_size=512,512,4096,512,float32,0.125,25,100,14,243.71199309825897,512,0,Tesla T4,7.5,2.11.0+cu128,12.8,2026-08-23T19:10:28.020467+00:00
ca87722a00ebf585cd788c67949e7c0b32dca788,custom_cuda,warp-reduction custom CUDA fused scale + mask + softmax; block_size=512,512,4096,512,float32,0.125,25,100,15,250.46399235725403,512,0,Tesla T4,7.5,2.11.0+cu128,12.8,2026-08-23T19:10:28.020467+00:00
ca87722a00ebf585cd788c67949e7c0b32dca788,custom_cuda,warp-reduction custom CUDA fused scale + mask + softmax; block_size=512,512,4096,512,float32,0.125,25,100,16,256.51198625564575,512,0,Tesla T4,7.5,2.11.0+cu128,12.8,2026-08-23T19:10:28.020467+00:00
ca87722a00ebf585cd788c67949e7c0b32dca788,custom_cuda,warp-reduction custom CUDA fused scale + mask + softmax; block_size=512,512,4096,512,float32,0.125,25,100,17,247.74399399757385,512,0,Tesla T4,7.5,2.11.0+cu128,12.8,2026-08-23T19:10:28.020467+00:00
ca87722a00ebf585cd788c67949e7c0b32dca788,custom_cuda,warp-reduction custom CUDA fused scale + mask + softmax; block_size=512,512,4096,512,float32,0.125,25,100,18,249.6960014104843,512,0,Tesla T4,7.5,2.11.0+cu128,12.8,2026-08-23T19:10:28.020467+00:00
ca87722a00ebf585cd788c67949e7c0b32dca788,custom_cuda,warp-reduction custom CUDA fused scale + mask + softmax; block_size=512,512,4096,512,float32,0.125,25,100,19,248.6400008201599,512,0,Tesla T4,7.5,2.11.0+cu128,12.8,2026-08-23T19:10:28.020467+00:00
ca87722a00ebf585cd788c67949e7c0b32dca788,custom_cuda,warp-reduction custom CUDA fused scale + mask + softmax; block_size=512,512,4096,512,float32,0.125,25,100,20,257.9840123653412,512,0,Tesla T4,7.5,2.11.0+cu128,12.8,2026-08-23T19:10:28.020467+00:00
ca87722a00ebf585cd788c67949e7c0b32dca788,custom_cuda,warp-reduction custom CUDA fused scale + mask + softmax; block_size=512,512,4096,512,float32,0.125,25,100,21,249.7279942035675,512,0,Tesla T4,7.5,2.11.0+cu128,12.8,2026-08-23T19:10:28.020467+00:00
ca87722a00ebf585cd788c67949e7c0b32dca788,custom_cuda,warp-reduction custom CUDA fused scale + mask + softmax; block_size=512,512,4096,512,float32,0.125,25,100,22,253.76001000404358,512,0,Tesla T4,7.5,2.11.0+cu128,12.8,2026-08-23T19:10:28.020467+00:00
ca87722a00ebf585cd788c67949e7c0b32dca788,custom_cuda,warp-reduction custom CUDA fused scale + mask + softmax; block_size=512,512,4096,512,float32,0.125,25,100,23,249.88800287246704,512,0,Tesla T4,7.5,2.11.0+cu128,12.8,2026-08-23T19:10:28.020467+00:00
ca87722a00ebf585cd788c67949e7c0b32dca788,custom_cuda,warp-reduction custom CUDA fused scale + mask + softmax; block_size=512,512,4096,512,float32,0.125,25,100,24,253.7280023097992,512,0,Tesla T4,7.5,2.11.0+cu128,12.8,2026-08-23T19:10:28.020467+00:00
ca87722a00ebf585cd788c67949e7c0b32dca788,custom_cuda,warp-reduction custom CUDA fused scale + mask + softmax; block_size=512,512,4096,512,float32,0.125,25,100,25,272.3200023174286,512,0,Tesla T4,7.5,2.11.0+cu128,12.8,2026-08-23T19:10:28.020467+00:00
ca87722a00ebf585cd788c67949e7c0b32dca788,custom_cuda,warp-reduction custom CUDA fused scale + mask + softmax; block_size=512,512,4096,512,float32,0.125,25,100,26,260.51199436187744,512,0,Tesla T4,7.5,2.11.0+cu128,12.8,2026-08-23T19:10:28.020467+00:00
ca87722a00ebf585cd788c67949e7c0b32dca788,custom_cuda,warp-reduction custom CUDA fused scale + mask + softmax; block_size=512,512,4096,512,float32,0.125,25,100,27,248.09600412845612,512,0,Tesla T4,7.5,2.11.0+cu128,12.8,2026-08-23T19:10:28.020467+00:00
ca87722a00ebf585cd788c67949e7c0b32dca788,custom_cuda,warp-reduction custom CUDA fused scale + mask + softmax; block_size=512,512,4096,512,float32,0.125,25,100,28,245.5040067434311,512,0,Tesla T4,7.5,2.11.0+cu128,12.8,2026-08-23T19:10:28.020467+00:00
ca87722a00ebf585cd788c67949e7c0b32dca788,custom_cuda,warp-reduction custom CUDA fused scale + mask + softmax; block_size=512,512,4096,512,float32,0.125,25,100,29,256.0639977455139,512,0,Tesla T4,7.5,2.11.0+cu128,12.8,2026-08-23T19:10:28.020467+00:00
ca87722a00ebf585cd788c67949e7c0b32dca788,custom_cuda,warp-reduction custom CUDA fused scale + mask + softmax; block_size=512,512,4096,512,float32,0.125,25,100,30,249.85599517822266,512,0,Tesla T4,7.5,2.11.0+cu128,12.8,2026-08-23T19:10:28.020467+00:00
ca87722a00ebf585cd788c67949e7c0b32dca788,custom_cuda,warp-reduction custom CUDA fused scale + mask + softmax; block_size=512,512,4096,512,float32,0.125,25,100,31,247.80799448490143,512,0,Tesla T4,7.5,2.11.0+cu128,12.8,2026-08-23T19:10:28.020467+00:00
ca87722a00ebf585cd788c67949e7c0b32dca788,custom_cuda,warp-reduction custom CUDA fused scale + mask + softmax; block_size=512,512,4096,512,float32,0.125,25,100,32,264.16000723838806,512,0,Tesla T4,7.5,2.11.0+cu128,12.8,2026-08-23T19:10:28.020467+00:00
ca87722a00ebf585cd788c67949e7c0b32dca788,custom_cuda,warp-reduction custom CUDA fused scale + mask + softmax; block_size=512,512,4096,512,float32,0.125,25,100,33,251.90401077270508,512,0,Tesla T4,7.5,2.11.0+cu128,12.8,2026-08-23T19:10:28.020467+00:00
ca87722a00ebf585cd788c67949e7c0b32dca788,custom_cuda,warp-reduction custom CUDA fused scale + mask + softmax; block_size=512,512,4096,512,float32,0.125,25,100,34,257.1839988231659,512,0,Tesla T4,7.5,2.11.0+cu128,12.8,2026-08-23T19:10:28.020467+00:00
ca87722a00ebf585cd788c67949e7c0b32dca788,custom_cuda,warp-reduction custom CUDA fused scale + mask + softmax; block_size=512,512,4096,512,float32,0.125,25,100,35,973.4079837799072,512,0,Tesla T4,7.5,2.11.0+cu128,12.8,2026-08-23T19:10:28.020467+00:00
ca87722a00ebf585cd788c67949e7c0b32dca788,custom_cuda,warp-reduction custom CUDA fused scale + mask + softmax; block_size=512,512,4096,512,float32,0.125,25,100,36,247.71200120449066,512,0,Tesla T4,7.5,2.11.0+cu128,12.8,2026-08-23T19:10:28.020467+00:00
ca87722a00ebf585cd788c67949e7c0b32dca788,custom_cuda,warp-reduction custom CUDA fused scale + mask + softmax; block_size=512,512,4096,512,float32,0.125,25,100,37,247.80799448490143,512,0,Tesla T4,7.5,2.11.0+cu128,12.8,2026-08-23T19:10:28.020467+00:00
ca87722a00ebf585cd788c67949e7c0b32dca788,custom_cuda,warp-reduction custom CUDA fused scale + mask + softmax; block_size=512,512,4096,512,float32,0.125,25,100,38,247.3279982805252,512,0,Tesla T4,7.5,2.11.0+cu128,12.8,2026-08-23T19:10:28.020467+00:00
ca87722a00ebf585cd788c67949e7c0b32dca788,custom_cuda,warp-reduction custom CUDA fused scale + mask + softmax; block_size=512,512,4096,512,float32,0.125,25,100,39,256.00001215934753,512,0,Tesla T4,7.5,2.11.0+cu128,12.8,2026-08-23T19:10:28.020467+00:00
ca87722a00ebf585cd788c67949e7c0b32dca788,custom_cuda,warp-reduction custom CUDA fused scale + mask + softmax; block_size=512,512,4096,512,float32,0.125,25,100,40,247.1040040254593,512,0,Tesla T4,7.5,2.11.0+cu128,12.8,2026-08-23T19:10:28.020467+00:00
ca87722a00ebf585cd788c67949e7c0b32dca788,custom_cuda,warp-reduction custom CUDA fused scale + mask + softmax; block_size=512,512,4096,512,float32,0.125,25,100,41,248.25599789619446,512,0,Tesla T4,7.5,2.11.0+cu128,12.8,2026-08-23T19:10:28.020467+00:00
ca87722a00ebf585cd788c67949e7c0b32dca788,custom_cuda,warp-reduction custom CUDA fused scale + mask + softmax; block_size=512,512,4096,512,float32,0.125,25,100,42,252.31999158859253,512,0,Tesla T4,7.5,2.11.0+cu128,12.8,2026-08-23T19:10:28.020467+00:00
ca87722a00ebf585cd788c67949e7c0b32dca788,custom_cuda,warp-reduction custom CUDA fused scale + mask + softmax; block_size=512,512,4096,512,float32,0.125,25,100,43,254.62400913238525,512,0,Tesla T4,7.5,2.11.0+cu128,12.8,2026-08-23T19:10:28.020467+00:00
ca87722a00ebf585cd788c67949e7c0b32dca788,custom_cuda,warp-reduction custom CUDA fused scale + mask + softmax; block_size=512,512,4096,512,float32,0.125,25,100,44,247.80799448490143,512,0,Tesla T4,7.5,2.11.0+cu128,12.8,2026-08-23T19:10:28.020467+00:00
ca87722a00ebf585cd788c67949e7c0b32dca788,custom_cuda,warp-reduction custom CUDA fused scale + mask + softmax; block_size=512,512,4096,512,float32,0.125,25,100,45,270.33600211143494,512,0,Tesla T4,7.5,2.11.0+cu128,12.8,2026-08-23T19:10:28.020467+00:00
ca87722a00ebf585cd788c67949e7c0b32dca788,custom_cuda,warp-reduction custom CUDA fused scale + mask + softmax; block_size=512,512,4096,512,float32,0.125,25,100,46,246.46399915218353,512,0,Tesla T4,7.5,2.11.0+cu128,12.8,2026-08-23T19:10:28.020467+00:00
ca87722a00ebf585cd788c67949e7c0b32dca788,custom_cuda,warp-reduction custom CUDA fused scale + mask + softmax; block_size=512,512,4096,512,float32,0.125,25,100,47,251.00800395011902,512,0,Tesla T4,7.5,2.11.0+cu128,12.8,2026-08-23T19:10:28.020467+00:00
ca87722a00ebf585cd788c67949e7c0b32dca788,custom_cuda,warp-reduction custom CUDA fused scale + mask + softmax; block_size=512,512,4096,512,float32,0.125,25,100,48,249.85599517822266,512,0,Tesla T4,7.5,2.11.0+cu128,12.8,2026-08-23T19:10:28.020467+00:00
ca87722a00ebf585cd788c67949e7c0b32dca788,custom_cuda,warp-reduction custom CUDA fused scale + mask + softmax; block_size=512,512,4096,512,float32,0.125,25,100,49,268.22400093078613,512,0,Tesla T4,7.5,2.11.0+cu128,12.8,2026-08-23T19:10:28.020467+00:00
ca87722a00ebf585cd788c67949e7c0b32dca788,custom_cuda,warp-reduction custom CUDA fused scale + mask + softmax; block_size=512,512,4096,512,float32,0.125,25,100,50,252.48000025749207,512,0,Tesla T4,7.5,2.11.0+cu128,12.8,2026-08-23T19:10:28.020467+00:00
ca87722a00ebf585cd788c67949e7c0b32dca788,custom_cuda,warp-reduction custom CUDA fused scale + mask + softmax; block_size=512,512,4096,512,float32,0.125,25,100,51,249.85599517822266,512,0,Tesla T4,7.5,2.11.0+cu128,12.8,2026-08-23T19:10:28.020467+00:00
ca87722a00ebf585cd788c67949e7c0b32dca788,custom_cuda,warp-reduction custom CUDA fused scale + mask + softmax; block_size=512,512,4096,512,float32,0.125,25,100,52,258.04799795150757,512,0,Tesla T4,7.5,2.11.0+cu128,12.8,2026-08-23T19:10:28.020467+00:00
ca87722a00ebf585cd788c67949e7c0b32dca788,custom_cuda,warp-reduction custom CUDA fused scale + mask + softmax; block_size=512,512,4096,512,float32,0.125,25,100,53,251.90401077270508,512,0,Tesla T4,7.5,2.11.0+cu128,12.8,2026-08-23T19:10:28.020467+00:00
ca87722a00ebf585cd788c67949e7c0b32dca788,custom_cuda,warp-reduction custom CUDA fused scale + mask + softmax; block_size=512,512,4096,512,float32,0.125,25,100,54,245.79200148582458,512,0,Tesla T4,7.5,2.11.0+cu128,12.8,2026-08-23T19:10:28.020467+00:00
ca87722a00ebf585cd788c67949e7c0b32dca788,custom_cuda,warp-reduction custom CUDA fused scale + mask + softmax; block_size=512,512,4096,512,float32,0.125,25,100,55,252.54398584365845,512,0,Tesla T4,7.5,2.11.0+cu128,12.8,2026-08-23T19:10:28.020467+00:00
ca87722a00ebf585cd788c67949e7c0b32dca788,custom_cuda,warp-reduction custom CUDA fused scale + mask + softmax; block_size=512,512,4096,512,float32,0.125,25,100,56,251.93598866462708,512,0,Tesla T4,7.5,2.11.0+cu128,12.8,2026-08-23T19:10:28.020467+00:00
ca87722a00ebf585cd788c67949e7c0b32dca788,custom_cuda,warp-reduction custom CUDA fused scale + mask + softmax; block_size=512,512,4096,512,float32,0.125,25,100,57,253.2159984111786,512,0,Tesla T4,7.5,2.11.0+cu128,12.8,2026-08-23T19:10:28.020467+00:00
ca87722a00ebf585cd788c67949e7c0b32dca788,custom_cuda,warp-reduction custom CUDA fused scale + mask + softmax; block_size=512,512,4096,512,float32,0.125,25,100,58,270.30399441719055,512,0,Tesla T4,7.5,2.11.0+cu128,12.8,2026-08-23T19:10:28.020467+00:00
ca87722a00ebf585cd788c67949e7c0b32dca788,custom_cuda,warp-reduction custom CUDA fused scale + mask + softmax; block_size=512,512,4096,512,float32,0.125,25,100,59,253.9519965648651,512,0,Tesla T4,7.5,2.11.0+cu128,12.8,2026-08-23T19:10:28.020467+00:00
ca87722a00ebf585cd788c67949e7c0b32dca788,custom_cuda,warp-reduction custom CUDA fused scale + mask + softmax; block_size=512,512,4096,512,float32,0.125,25,100,60,247.80799448490143,512,0,Tesla T4,7.5,2.11.0+cu128,12.8,2026-08-23T19:10:28.020467+00:00
ca87722a00ebf585cd788c67949e7c0b32dca788,custom_cuda,warp-reduction custom CUDA fused scale + mask + softmax; block_size=512,512,4096,512,float32,0.125,25,100,61,242.5280064344406,512,0,Tesla T4,7.5,2.11.0+cu128,12.8,2026-08-23T19:10:28.020467+00:00
ca87722a00ebf585cd788c67949e7c0b32dca788,custom_cuda,warp-reduction custom CUDA fused scale + mask + softmax; block_size=512,512,4096,512,float32,0.125,25,100,62,240.51199853420258,512,0,Tesla T4,7.5,2.11.0+cu128,12.8,2026-08-23T19:10:28.020467+00:00
ca87722a00ebf585cd788c67949e7c0b32dca788,custom_cuda,warp-reduction custom CUDA fused scale + mask + softmax; block_size=512,512,4096,512,float32,0.125,25,100,63,230.56000471115112,512,0,Tesla T4,7.5,2.11.0+cu128,12.8,2026-08-23T19:10:28.020467+00:00
ca87722a00ebf585cd788c67949e7c0b32dca788,custom_cuda,warp-reduction custom CUDA fused scale + mask + softmax; block_size=512,512,4096,512,float32,0.125,25,100,64,227.32800245285034,512,0,Tesla T4,7.5,2.11.0+cu128,12.8,2026-08-23T19:10:28.020467+00:00
ca87722a00ebf585cd788c67949e7c0b32dca788,custom_cuda,warp-reduction custom CUDA fused scale + mask + softmax; block_size=512,512,4096,512,float32,0.125,25,100,65,227.29599475860596,512,0,Tesla T4,7.5,2.11.0+cu128,12.8,2026-08-23T19:10:28.020467+00:00
ca87722a00ebf585cd788c67949e7c0b32dca788,custom_cuda,warp-reduction custom CUDA fused scale + mask + softmax; block_size=512,512,4096,512,float32,0.125,25,100,66,239.9359941482544,512,0,Tesla T4,7.5,2.11.0+cu128,12.8,2026-08-23T19:10:28.020467+00:00
ca87722a00ebf585cd788c67949e7c0b32dca788,custom_cuda,warp-reduction custom CUDA fused scale + mask + softmax; block_size=512,512,4096,512,float32,0.125,25,100,67,231.26399517059326,512,0,Tesla T4,7.5,2.11.0+cu128,12.8,2026-08-23T19:10:28.020467+00:00
ca87722a00ebf585cd788c67949e7c0b32dca788,custom_cuda,warp-reduction custom CUDA fused scale + mask + softmax; block_size=512,512,4096,512,float32,0.125,25,100,68,227.35999524593353,512,0,Tesla T4,7.5,2.11.0+cu128,12.8,2026-08-23T19:10:28.020467+00:00
ca87722a00ebf585cd788c67949e7c0b32dca788,custom_cuda,warp-reduction custom CUDA fused scale + mask + softmax; block_size=512,512,4096,512,float32,0.125,25,100,69,227.7120053768158,512,0,Tesla T4,7.5,2.11.0+cu128,12.8,2026-08-23T19:10:28.020467+00:00
ca87722a00ebf585cd788c67949e7c0b32dca788,custom_cuda,warp-reduction custom CUDA fused scale + mask + softmax; block_size=512,512,4096,512,float32,0.125,25,100,70,239.87199366092682,512,0,Tesla T4,7.5,2.11.0+cu128,12.8,2026-08-23T19:10:28.020467+00:00
ca87722a00ebf585cd788c67949e7c0b32dca788,custom_cuda,warp-reduction custom CUDA fused scale + mask + softmax; block_size=512,512,4096,512,float32,0.125,25,100,71,231.55200481414795,512,0,Tesla T4,7.5,2.11.0+cu128,12.8,2026-08-23T19:10:28.020467+00:00
ca87722a00ebf585cd788c67949e7c0b32dca788,custom_cuda,warp-reduction custom CUDA fused scale + mask + softmax; block_size=512,512,4096,512,float32,0.125,25,100,72,226.01599991321564,512,0,Tesla T4,7.5,2.11.0+cu128,12.8,2026-08-23T19:10:28.020467+00:00
ca87722a00ebf585cd788c67949e7c0b32dca788,custom_cuda,warp-reduction custom CUDA fused scale + mask + softmax; block_size=512,512,4096,512,float32,0.125,25,100,73,225.75999796390533,512,0,Tesla T4,7.5,2.11.0+cu128,12.8,2026-08-23T19:10:28.020467+00:00
ca87722a00ebf585cd788c67949e7c0b32dca788,custom_cuda,warp-reduction custom CUDA fused scale + mask + softmax; block_size=512,512,4096,512,float32,0.125,25,100,74,255.64798712730408,512,0,Tesla T4,7.5,2.11.0+cu128,12.8,2026-08-23T19:10:28.020467+00:00
ca87722a00ebf585cd788c67949e7c0b32dca788,custom_cuda,warp-reduction custom CUDA fused scale + mask + softmax; block_size=512,512,4096,512,float32,0.125,25,100,75,248.06399643421173,512,0,Tesla T4,7.5,2.11.0+cu128,12.8,2026-08-23T19:10:28.020467+00:00
ca87722a00ebf585cd788c67949e7c0b32dca788,custom_cuda,warp-reduction custom CUDA fused scale + mask + softmax; block_size=512,512,4096,512,float32,0.125,25,100,76,251.19999051094055,512,0,Tesla T4,7.5,2.11.0+cu128,12.8,2026-08-23T19:10:28.020467+00:00
ca87722a00ebf585cd788c67949e7c0b32dca788,custom_cuda,warp-reduction custom CUDA fused scale + mask + softmax; block_size=512,512,4096,512,float32,0.125,25,100,77,251.90401077270508,512,0,Tesla T4,7.5,2.11.0+cu128,12.8,2026-08-23T19:10:28.020467+00:00
ca87722a00ebf585cd788c67949e7c0b32dca788,custom_cuda,warp-reduction custom CUDA fused scale + mask + softmax; block_size=512,512,4096,512,float32,0.125,25,100,78,251.0400116443634,512,0,Tesla T4,7.5,2.11.0+cu128,12.8,2026-08-23T19:10:28.020467+00:00
ca87722a00ebf585cd788c67949e7c0b32dca788,custom_cuda,warp-reduction custom CUDA fused scale + mask + softmax; block_size=512,512,4096,512,float32,0.125,25,100,79,253.9519965648651,512,0,Tesla T4,7.5,2.11.0+cu128,12.8,2026-08-23T19:10:28.020467+00:00
ca87722a00ebf585cd788c67949e7c0b32dca788,custom_cuda,warp-reduction custom CUDA fused scale + mask + softmax; block_size=512,512,4096,512,float32,0.125,25,100,80,251.64800882339478,512,0,Tesla T4,7.5,2.11.0+cu128,12.8,2026-08-23T19:10:28.020467+00:00
ca87722a00ebf585cd788c67949e7c0b32dca788,custom_cuda,warp-reduction custom CUDA fused scale + mask + softmax; block_size=512,512,4096,512,float32,0.125,25,100,81,249.53599274158478,512,0,Tesla T4,7.5,2.11.0+cu128,12.8,2026-08-23T19:10:28.020467+00:00
ca87722a00ebf585cd788c67949e7c0b32dca788,custom_cuda,warp-reduction custom CUDA fused scale + mask + softmax; block_size=512,512,4096,512,float32,0.125,25,100,82,241.66400730609894,512,0,Tesla T4,7.5,2.11.0+cu128,12.8,2026-08-23T19:10:28.020467+00:00
ca87722a00ebf585cd788c67949e7c0b32dca788,custom_cuda,warp-reduction custom CUDA fused scale + mask + softmax; block_size=512,512,4096,512,float32,0.125,25,100,83,249.56800043582916,512,0,Tesla T4,7.5,2.11.0+cu128,12.8,2026-08-23T19:10:28.020467+00:00
ca87722a00ebf585cd788c67949e7c0b32dca788,custom_cuda,warp-reduction custom CUDA fused scale + mask + softmax; block_size=512,512,4096,512,float32,0.125,25,100,84,251.80798768997192,512,0,Tesla T4,7.5,2.11.0+cu128,12.8,2026-08-23T19:10:28.020467+00:00
ca87722a00ebf585cd788c67949e7c0b32dca788,custom_cuda,warp-reduction custom CUDA fused scale + mask + softmax; block_size=512,512,4096,512,float32,0.125,25,100,85,249.85599517822266,512,0,Tesla T4,7.5,2.11.0+cu128,12.8,2026-08-23T19:10:28.020467+00:00
ca87722a00ebf585cd788c67949e7c0b32dca788,custom_cuda,warp-reduction custom CUDA fused scale + mask + softmax; block_size=512,512,4096,512,float32,0.125,25,100,86,248.79999458789825,512,0,Tesla T4,7.5,2.11.0+cu128,12.8,2026-08-23T19:10:28.020467+00:00
ca87722a00ebf585cd788c67949e7c0b32dca788,custom_cuda,warp-reduction custom CUDA fused scale + mask + softmax; block_size=512,512,4096,512,float32,0.125,25,100,87,265.24800062179565,512,0,Tesla T4,7.5,2.11.0+cu128,12.8,2026-08-23T19:10:28.020467+00:00
ca87722a00ebf585cd788c67949e7c0b32dca788,custom_cuda,warp-reduction custom CUDA fused scale + mask + softmax; block_size=512,512,4096,512,float32,0.125,25,100,88,245.7599937915802,512,0,Tesla T4,7.5,2.11.0+cu128,12.8,2026-08-23T19:10:28.020467+00:00
ca87722a00ebf585cd788c67949e7c0b32dca788,custom_cuda,warp-reduction custom CUDA fused scale + mask + softmax; block_size=512,512,4096,512,float32,0.125,25,100,89,243.6159998178482,512,0,Tesla T4,7.5,2.11.0+cu128,12.8,2026-08-23T19:10:28.020467+00:00
ca87722a00ebf585cd788c67949e7c0b32dca788,custom_cuda,warp-reduction custom CUDA fused scale + mask + softmax; block_size=512,512,4096,512,float32,0.125,25,100,90,282.20799565315247,512,0,Tesla T4,7.5,2.11.0+cu128,12.8,2026-08-23T19:10:28.020467+00:00
ca87722a00ebf585cd788c67949e7c0b32dca788,custom_cuda,warp-reduction custom CUDA fused scale + mask + softmax; block_size=512,512,4096,512,float32,0.125,25,100,91,253.9519965648651,512,0,Tesla T4,7.5,2.11.0+cu128,12.8,2026-08-23T19:10:28.020467+00:00
ca87722a00ebf585cd788c67949e7c0b32dca788,custom_cuda,warp-reduction custom CUDA fused scale + mask + softmax; block_size=512,512,4096,512,float32,0.125,25,100,92,245.79200148582458,512,0,Tesla T4,7.5,2.11.0+cu128,12.8,2026-08-23T19:10:28.020467+00:00
ca87722a00ebf585cd788c67949e7c0b32dca788,custom_cuda,warp-reduction custom CUDA fused scale + mask + softmax; block_size=512,512,4096,512,float32,0.125,25,100,93,250.33599138259888,512,0,Tesla T4,7.5,2.11.0+cu128,12.8,2026-08-23T19:10:28.020467+00:00
ca87722a00ebf585cd788c67949e7c0b32dca788,custom_cuda,warp-reduction custom CUDA fused scale + mask + softmax; block_size=512,512,4096,512,float32,0.125,25,100,94,254.01601195335388,512,0,Tesla T4,7.5,2.11.0+cu128,12.8,2026-08-23T19:10:28.020467+00:00
ca87722a00ebf585cd788c67949e7c0b32dca788,custom_cuda,warp-reduction custom CUDA fused scale + mask + softmax; block_size=512,512,4096,512,float32,0.125,25,100,95,262.59198784828186,512,0,Tesla T4,7.5,2.11.0+cu128,12.8,2026-08-23T19:10:28.020467+00:00
ca87722a00ebf585cd788c67949e7c0b32dca788,custom_cuda,warp-reduction custom CUDA fused scale + mask + softmax; block_size=512,512,4096,512,float32,0.125,25,100,96,248.03200364112854,512,0,Tesla T4,7.5,2.11.0+cu128,12.8,2026-08-23T19:10:28.020467+00:00
ca87722a00ebf585cd788c67949e7c0b32dca788,custom_cuda,warp-reduction custom CUDA fused scale + mask + softmax; block_size=512,512,4096,512,float32,0.125,25,100,97,250.2399981021881,512,0,Tesla T4,7.5,2.11.0+cu128,12.8,2026-08-23T19:10:28.020467+00:00
ca87722a00ebf585cd788c67949e7c0b32dca788,custom_cuda,warp-reduction custom CUDA fused scale + mask + softmax; block_size=512,512,4096,512,float32,0.125,25,100,98,250.46399235725403,512,0,Tesla T4,7.5,2.11.0+cu128,12.8,2026-08-23T19:10:28.020467+00:00
ca87722a00ebf585cd788c67949e7c0b32dca788,custom_cuda,warp-reduction custom CUDA fused scale + mask + softmax; block_size=512,512,4096,512,float32,0.125,25,100,99,254.4960081577301,512,0,Tesla T4,7.5,2.11.0+cu128,12.8,2026-08-23T19:10:28.020467+00:00
ca87722a00ebf585cd788c67949e7c0b32dca788,custom_cuda,warp-reduction custom CUDA fused scale + mask + softmax; block_size=512,768,6144,768,float32,0.125,25,100,0,397.7920114994049,512,0,Tesla T4,7.5,2.11.0+cu128,12.8,2026-08-23T19:10:30.805173+00:00
ca87722a00ebf585cd788c67949e7c0b32dca788,custom_cuda,warp-reduction custom CUDA fused scale + mask + softmax; block_size=512,768,6144,768,float32,0.125,25,100,1,379.42400574684143,512,0,Tesla T4,7.5,2.11.0+cu128,12.8,2026-08-23T19:10:30.805173+00:00
ca87722a00ebf585cd788c67949e7c0b32dca788,custom_cuda,warp-reduction custom CUDA fused scale + mask + softmax; block_size=512,768,6144,768,float32,0.125,25,100,2,371.3279962539673,512,0,Tesla T4,7.5,2.11.0+cu128,12.8,2026-08-23T19:10:30.805173+00:00
ca87722a00ebf585cd788c67949e7c0b32dca788,custom_cuda,warp-reduction custom CUDA fused scale + mask + softmax; block_size=512,768,6144,768,float32,0.125,25,100,3,386.1759901046753,512,0,Tesla T4,7.5,2.11.0+cu128,12.8,2026-08-23T19:10:30.805173+00:00
ca87722a00ebf585cd788c67949e7c0b32dca788,custom_cuda,warp-reduction custom CUDA fused scale + mask + softmax; block_size=512,768,6144,768,float32,0.125,25,100,4,372.70399928092957,512,0,Tesla T4,7.5,2.11.0+cu128,12.8,2026-08-23T19:10:30.805173+00:00
ca87722a00ebf585cd788c67949e7c0b32dca788,custom_cuda,warp-reduction custom CUDA fused scale + mask + softmax; block_size=512,768,6144,768,float32,0.125,25,100,5,372.96000123023987,512,0,Tesla T4,7.5,2.11.0+cu128,12.8,2026-08-23T19:10:30.805173+00:00
ca87722a00ebf585cd788c67949e7c0b32dca788,custom_cuda,warp-reduction custom CUDA fused scale + mask + softmax; block_size=512,768,6144,768,float32,0.125,25,100,6,373.088002204895,512,0,Tesla T4,7.5,2.11.0+cu128,12.8,2026-08-23T19:10:30.805173+00:00
ca87722a00ebf585cd788c67949e7c0b32dca788,custom_cuda,warp-reduction custom CUDA fused scale + mask + softmax; block_size=512,768,6144,768,float32,0.125,25,100,7,372.73600697517395,512,0,Tesla T4,7.5,2.11.0+cu128,12.8,2026-08-23T19:10:30.805173+00:00
ca87722a00ebf585cd788c67949e7c0b32dca788,custom_cuda,warp-reduction custom CUDA fused scale + mask + softmax; block_size=512,768,6144,768,float32,0.125,25,100,8,374.2400109767914,512,0,Tesla T4,7.5,2.11.0+cu128,12.8,2026-08-23T19:10:30.805173+00:00
ca87722a00ebf585cd788c67949e7c0b32dca788,custom_cuda,warp-reduction custom CUDA fused scale + mask + softmax; block_size=512,768,6144,768,float32,0.125,25,100,9,371.4880049228668,512,0,Tesla T4,7.5,2.11.0+cu128,12.8,2026-08-23T19:10:30.805173+00:00
ca87722a00ebf585cd788c67949e7c0b32dca788,custom_cuda,warp-reduction custom CUDA fused scale + mask + softmax; block_size=512,768,6144,768,float32,0.125,25,100,10,372.73600697517395,512,0,Tesla T4,7.5,2.11.0+cu128,12.8,2026-08-23T19:10:30.805173+00:00
ca87722a00ebf585cd788c67949e7c0b32dca788,custom_cuda,warp-reduction custom CUDA fused scale + mask + softmax; block_size=512,768,6144,768,float32,0.125,25,100,11,372.73600697517395,512,0,Tesla T4,7.5,2.11.0+cu128,12.8,2026-08-23T19:10:30.805173+00:00
ca87722a00ebf585cd788c67949e7c0b32dca788,custom_cuda,warp-reduction custom CUDA fused scale + mask + softmax; block_size=512,768,6144,768,float32,0.125,25,100,12,374.0159869194031,512,0,Tesla T4,7.5,2.11.0+cu128,12.8,2026-08-23T19:10:30.805173+00:00
ca87722a00ebf585cd788c67949e7c0b32dca788,custom_cuda,warp-reduction custom CUDA fused scale + mask + softmax; block_size=512,768,6144,768,float32,0.125,25,100,13,374.208003282547,512,0,Tesla T4,7.5,2.11.0+cu128,12.8,2026-08-23T19:10:30.805173+00:00
ca87722a00ebf585cd788c67949e7c0b32dca788,custom_cuda,warp-reduction custom CUDA fused scale + mask + softmax; block_size=512,768,6144,768,float32,0.125,25,100,14,372.73600697517395,512,0,Tesla T4,7.5,2.11.0+cu128,12.8,2026-08-23T19:10:30.805173+00:00
ca87722a00ebf585cd788c67949e7c0b32dca788,custom_cuda,warp-reduction custom CUDA fused scale + mask + softmax; block_size=512,768,6144,768,float32,0.125,25,100,15,376.6080141067505,512,0,Tesla T4,7.5,2.11.0+cu128,12.8,2026-08-23T19:10:30.805173+00:00
ca87722a00ebf585cd788c67949e7c0b32dca788,custom_cuda,warp-reduction custom CUDA fused scale + mask + softmax; block_size=512,768,6144,768,float32,0.125,25,100,16,374.752014875412,512,0,Tesla T4,7.5,2.11.0+cu128,12.8,2026-08-23T19:10:30.805173+00:00
ca87722a00ebf585cd788c67949e7c0b32dca788,custom_cuda,warp-reduction custom CUDA fused scale + mask + softmax; block_size=512,768,6144,768,float32,0.125,25,100,17,376.800000667572,512,0,Tesla T4,7.5,2.11.0+cu128,12.8,2026-08-23T19:10:30.805173+00:00
ca87722a00ebf585cd788c67949e7c0b32dca788,custom_cuda,warp-reduction custom CUDA fused scale + mask + softmax; block_size=512,768,6144,768,float32,0.125,25,100,18,372.76801466941833,512,0,Tesla T4,7.5,2.11.0+cu128,12.8,2026-08-23T19:10:30.805173+00:00
ca87722a00ebf585cd788c67949e7c0b32dca788,custom_cuda,warp-reduction custom CUDA fused scale + mask + softmax; block_size=512,768,6144,768,float32,0.125,25,100,19,372.70399928092957,512,0,Tesla T4,7.5,2.11.0+cu128,12.8,2026-08-23T19:10:30.805173+00:00
ca87722a00ebf585cd788c67949e7c0b32dca788,custom_cuda,warp-reduction custom CUDA fused scale + mask + softmax; block_size=512,768,6144,768,float32,0.125,25,100,20,374.6879994869232,512,0,Tesla T4,7.5,2.11.0+cu128,12.8,2026-08-23T19:10:30.805173+00:00
ca87722a00ebf585cd788c67949e7c0b32dca788,custom_cuda,warp-reduction custom CUDA fused scale + mask + softmax; block_size=512,768,6144,768,float32,0.125,25,100,21,372.73600697517395,512,0,Tesla T4,7.5,2.11.0+cu128,12.8,2026-08-23T19:10:30.805173+00:00
ca87722a00ebf585cd788c67949e7c0b32dca788,custom_cuda,warp-reduction custom CUDA fused scale + mask + softmax; block_size=512,768,6144,768,float32,0.125,25,100,22,371.0080087184906,512,0,Tesla T4,7.5,2.11.0+cu128,12.8,2026-08-23T19:10:30.805173+00:00
ca87722a00ebf585cd788c67949e7c0b32dca788,custom_cuda,warp-reduction custom CUDA fused scale + mask + softmax; block_size=512,768,6144,768,float32,0.125,25,100,23,373.02398681640625,512,0,Tesla T4,7.5,2.11.0+cu128,12.8,2026-08-23T19:10:30.805173+00:00
ca87722a00ebf585cd788c67949e7c0b32dca788,custom_cuda,warp-reduction custom CUDA fused scale + mask + softmax; block_size=512,768,6144,768,float32,0.125,25,100,24,375.90399384498596,512,0,Tesla T4,7.5,2.11.0+cu128,12.8,2026-08-23T19:10:30.805173+00:00
ca87722a00ebf585cd788c67949e7c0b32dca788,custom_cuda,warp-reduction custom CUDA fused scale + mask + softmax; block_size=512,768,6144,768,float32,0.125,25,100,25,413.536012172699,512,0,Tesla T4,7.5,2.11.0+cu128,12.8,2026-08-23T19:10:30.805173+00:00
ca87722a00ebf585cd788c67949e7c0b32dca788,custom_cuda,warp-reduction custom CUDA fused scale + mask + softmax; block_size=512,768,6144,768,float32,0.125,25,100,26,382.9759955406189,512,0,Tesla T4,7.5,2.11.0+cu128,12.8,2026-08-23T19:10:30.805173+00:00
ca87722a00ebf585cd788c67949e7c0b32dca788,custom_cuda,warp-reduction custom CUDA fused scale + mask + softmax; block_size=512,768,6144,768,float32,0.125,25,100,27,372.73600697517395,512,0,Tesla T4,7.5,2.11.0+cu128,12.8,2026-08-23T19:10:30.805173+00:00
ca87722a00ebf585cd788c67949e7c0b32dca788,custom_cuda,warp-reduction custom CUDA fused scale + mask + softmax; block_size=512,768,6144,768,float32,0.125,25,100,28,376.5439987182617,512,0,Tesla T4,7.5,2.11.0+cu128,12.8,2026-08-23T19:10:30.805173+00:00
ca87722a00ebf585cd788c67949e7c0b32dca788,custom_cuda,warp-reduction custom CUDA fused scale + mask + softmax; block_size=512,768,6144,768,float32,0.125,25,100,29,385.343998670578,512,0,Tesla T4,7.5,2.11.0+cu128,12.8,2026-08-23T19:10:30.805173+00:00
ca87722a00ebf585cd788c67949e7c0b32dca788,custom_cuda,warp-reduction custom CUDA fused scale + mask + softmax; block_size=512,768,6144,768,float32,0.125,25,100,30,376.800000667572,512,0,Tesla T4,7.5,2.11.0+cu128,12.8,2026-08-23T19:10:30.805173+00:00
ca87722a00ebf585cd788c67949e7c0b32dca788,custom_cuda,warp-reduction custom CUDA fused scale + mask + softmax; block_size=512,768,6144,768,float32,0.125,25,100,31,374.783992767334,512,0,Tesla T4,7.5,2.11.0+cu128,12.8,2026-08-23T19:10:30.805173+00:00
ca87722a00ebf585cd788c67949e7c0b32dca788,custom_cuda,warp-reduction custom CUDA fused scale + mask + softmax; block_size=512,768,6144,768,float32,0.125,25,100,32,371.16798758506775,512,0,Tesla T4,7.5,2.11.0+cu128,12.8,2026-08-23T19:10:30.805173+00:00
ca87722a00ebf585cd788c67949e7c0b32dca788,custom_cuda,warp-reduction custom CUDA fused scale + mask + softmax; block_size=512,768,6144,768,float32,0.125,25,100,33,373.21600317955017,512,0,Tesla T4,7.5,2.11.0+cu128,12.8,2026-08-23T19:10:30.805173+00:00
ca87722a00ebf585cd788c67949e7c0b32dca788,custom_cuda,warp-reduction custom CUDA fused scale + mask + softmax; block_size=512,768,6144,768,float32,0.125,25,100,34,372.73600697517395,512,0,Tesla T4,7.5,2.11.0+cu128,12.8,2026-08-23T19:10:30.805173+00:00
ca87722a00ebf585cd788c67949e7c0b32dca788,custom_cuda,warp-reduction custom CUDA fused scale + mask + softmax; block_size=512,768,6144,768,float32,0.125,25,100,35,371.71199917793274,512,0,Tesla T4,7.5,2.11.0+cu128,12.8,2026-08-23T19:10:30.805173+00:00
ca87722a00ebf585cd788c67949e7c0b32dca788,custom_cuda,warp-reduction custom CUDA fused scale + mask + softmax; block_size=512,768,6144,768,float32,0.125,25,100,36,372.73600697517395,512,0,Tesla T4,7.5,2.11.0+cu128,12.8,2026-08-23T19:10:30.805173+00:00
ca87722a00ebf585cd788c67949e7c0b32dca788,custom_cuda,warp-reduction custom CUDA fused scale + mask + softmax; block_size=512,768,6144,768,float32,0.125,25,100,37,370.94399333000183,512,0,Tesla T4,7.5,2.11.0+cu128,12.8,2026-08-23T19:10:30.805173+00:00
ca87722a00ebf585cd788c67949e7c0b32dca788,custom_cuda,warp-reduction custom CUDA fused scale + mask + softmax; block_size=512,768,6144,768,float32,0.125,25,100,38,374.2400109767914,512,0,Tesla T4,7.5,2.11.0+cu128,12.8,2026-08-23T19:10:30.805173+00:00
ca87722a00ebf585cd788c67949e7c0b32dca788,custom_cuda,warp-reduction custom CUDA fused scale + mask + softmax; block_size=512,768,6144,768,float32,0.125,25,100,39,372.76801466941833,512,0,Tesla T4,7.5,2.11.0+cu128,12.8,2026-08-23T19:10:30.805173+00:00
ca87722a00ebf585cd788c67949e7c0b32dca788,custom_cuda,warp-reduction custom CUDA fused scale + mask + softmax; block_size=512,768,6144,768,float32,0.125,25,100,40,379.2960047721863,512,0,Tesla T4,7.5,2.11.0+cu128,12.8,2026-08-23T19:10:30.805173+00:00
ca87722a00ebf585cd788c67949e7c0b32dca788,custom_cuda,warp-reduction custom CUDA fused scale + mask + softmax; block_size=512,768,6144,768,float32,0.125,25,100,41,374.2400109767914,512,0,Tesla T4,7.5,2.11.0+cu128,12.8,2026-08-23T19:10:30.805173+00:00
ca87722a00ebf585cd788c67949e7c0b32dca788,custom_cuda,warp-reduction custom CUDA fused scale + mask + softmax; block_size=512,768,6144,768,float32,0.125,25,100,42,372.73600697517395,512,0,Tesla T4,7.5,2.11.0+cu128,12.8,2026-08-23T19:10:30.805173+00:00
ca87722a00ebf585cd788c67949e7c0b32dca788,custom_cuda,warp-reduction custom CUDA fused scale + mask + softmax; block_size=512,768,6144,768,float32,0.125,25,100,43,373.4079897403717,512,0,Tesla T4,7.5,2.11.0+cu128,12.8,2026-08-23T19:10:30.805173+00:00
ca87722a00ebf585cd788c67949e7c0b32dca788,custom_cuda,warp-reduction custom CUDA fused scale + mask + softmax; block_size=512,768,6144,768,float32,0.125,25,100,44,372.70399928092957,512,0,Tesla T4,7.5,2.11.0+cu128,12.8,2026-08-23T19:10:30.805173+00:00
ca87722a00ebf585cd788c67949e7c0b32dca788,custom_cuda,warp-reduction custom CUDA fused scale + mask + softmax; block_size=512,768,6144,768,float32,0.125,25,100,45,372.5759983062744,512,0,Tesla T4,7.5,2.11.0+cu128,12.8,2026-08-23T19:10:30.805173+00:00
ca87722a00ebf585cd788c67949e7c0b32dca788,custom_cuda,warp-reduction custom CUDA fused scale + mask + softmax; block_size=512,768,6144,768,float32,0.125,25,100,46,374.9440014362335,512,0,Tesla T4,7.5,2.11.0+cu128,12.8,2026-08-23T19:10:30.805173+00:00
ca87722a00ebf585cd788c67949e7c0b32dca788,custom_cuda,warp-reduction custom CUDA fused scale + mask + softmax; block_size=512,768,6144,768,float32,0.125,25,100,47,372.73600697517395,512,0,Tesla T4,7.5,2.11.0+cu128,12.8,2026-08-23T19:10:30.805173+00:00
ca87722a00ebf585cd788c67949e7c0b32dca788,custom_cuda,warp-reduction custom CUDA fused scale + mask + softmax; block_size=512,768,6144,768,float32,0.125,25,100,48,373.9520013332367,512,0,Tesla T4,7.5,2.11.0+cu128,12.8,2026-08-23T19:10:30.805173+00:00
ca87722a00ebf585cd788c67949e7c0b32dca788,custom_cuda,warp-reduction custom CUDA fused scale + mask + softmax; block_size=512,768,6144,768,float32,0.125,25,100,49,373.1519877910614,512,0,Tesla T4,7.5,2.11.0+cu128,12.8,2026-08-23T19:10:30.805173+00:00
ca87722a00ebf585cd788c67949e7c0b32dca788,custom_cuda,warp-reduction custom CUDA fused scale + mask + softmax; block_size=512,768,6144,768,float32,0.125,25,100,50,374.84800815582275,512,0,Tesla T4,7.5,2.11.0+cu128,12.8,2026-08-23T19:10:30.805173+00:00
ca87722a00ebf585cd788c67949e7c0b32dca788,custom_cuda,warp-reduction custom CUDA fused scale + mask + softmax; block_size=512,768,6144,768,float32,0.125,25,100,51,374.91199374198914,512,0,Tesla T4,7.5,2.11.0+cu128,12.8,2026-08-23T19:10:30.805173+00:00
ca87722a00ebf585cd788c67949e7c0b32dca788,custom_cuda,warp-reduction custom CUDA fused scale + mask + softmax; block_size=512,768,6144,768,float32,0.125,25,100,52,372.73600697517395,512,0,Tesla T4,7.5,2.11.0+cu128,12.8,2026-08-23T19:10:30.805173+00:00
ca87722a00ebf585cd788c67949e7c0b32dca788,custom_cuda,warp-reduction custom CUDA fused scale + mask + softmax; block_size=512,768,6144,768,float32,0.125,25,100,53,374.5279908180237,512,0,Tesla T4,7.5,2.11.0+cu128,12.8,2026-08-23T19:10:30.805173+00:00
ca87722a00ebf585cd788c67949e7c0b32dca788,custom_cuda,warp-reduction custom CUDA fused scale + mask + softmax; block_size=512,768,6144,768,float32,0.125,25,100,54,373.79199266433716,512,0,Tesla T4,7.5,2.11.0+cu128,12.8,2026-08-23T19:10:30.805173+00:00
ca87722a00ebf585cd788c67949e7c0b32dca788,custom_cuda,warp-reduction custom CUDA fused scale + mask + softmax; block_size=512,768,6144,768,float32,0.125,25,100,55,390.3360068798065,512,0,Tesla T4,7.5,2.11.0+cu128,12.8,2026-08-23T19:10:30.805173+00:00
ca87722a00ebf585cd788c67949e7c0b32dca788,custom_cuda,warp-reduction custom CUDA fused scale + mask + softmax; block_size=512,768,6144,768,float32,0.125,25,100,56,374.36801195144653,512,0,Tesla T4,7.5,2.11.0+cu128,12.8,2026-08-23T19:10:30.805173+00:00
ca87722a00ebf585cd788c67949e7c0b32dca788,custom_cuda,warp-reduction custom CUDA fused scale + mask + softmax; block_size=512,768,6144,768,float32,0.125,25,100,57,372.73600697517395,512,0,Tesla T4,7.5,2.11.0+cu128,12.8,2026-08-23T19:10:30.805173+00:00
ca87722a00ebf585cd788c67949e7c0b32dca788,custom_cuda,warp-reduction custom CUDA fused scale + mask + softmax; block_size=512,768,6144,768,float32,0.125,25,100,58,373.76001477241516,512,0,Tesla T4,7.5,2.11.0+cu128,12.8,2026-08-23T19:10:30.805173+00:00
ca87722a00ebf585cd788c67949e7c0b32dca788,custom_cuda,warp-reduction custom CUDA fused scale + mask + softmax; block_size=512,768,6144,768,float32,0.125,25,100,59,372.8320002555847,512,0,Tesla T4,7.5,2.11.0+cu128,12.8,2026-08-23T19:10:30.805173+00:00
ca87722a00ebf585cd788c67949e7c0b32dca788,custom_cuda,warp-reduction custom CUDA fused scale + mask + softmax; block_size=512,768,6144,768,float32,0.125,25,100,60,372.6080060005188,512,0,Tesla T4,7.5,2.11.0+cu128,12.8,2026-08-23T19:10:30.805173+00:00
ca87722a00ebf585cd788c67949e7c0b32dca788,custom_cuda,warp-reduction custom CUDA fused scale + mask + softmax; block_size=512,768,6144,768,float32,0.125,25,100,61,377.6960074901581,512,0,Tesla T4,7.5,2.11.0+cu128,12.8,2026-08-23T19:10:30.805173+00:00
ca87722a00ebf585cd788c67949e7c0b32dca788,custom_cuda,warp-reduction custom CUDA fused scale + mask + softmax; block_size=512,768,6144,768,float32,0.125,25,100,62,372.73600697517395,512,0,Tesla T4,7.5,2.11.0+cu128,12.8,2026-08-23T19:10:30.805173+00:00
ca87722a00ebf585cd788c67949e7c0b32dca788,custom_cuda,warp-reduction custom CUDA fused scale + mask + softmax; block_size=512,768,6144,768,float32,0.125,25,100,63,374.783992767334,512,0,Tesla T4,7.5,2.11.0+cu128,12.8,2026-08-23T19:10:30.805173+00:00
ca87722a00ebf585cd788c67949e7c0b32dca788,custom_cuda,warp-reduction custom CUDA fused scale + mask + softmax; block_size=512,768,6144,768,float32,0.125,25,100,64,373.05599451065063,512,0,Tesla T4,7.5,2.11.0+cu128,12.8,2026-08-23T19:10:30.805173+00:00
ca87722a00ebf585cd788c67949e7c0b32dca788,custom_cuda,warp-reduction custom CUDA fused scale + mask + softmax; block_size=512,768,6144,768,float32,0.125,25,100,65,372.8640079498291,512,0,Tesla T4,7.5,2.11.0+cu128,12.8,2026-08-23T19:10:30.805173+00:00
ca87722a00ebf585cd788c67949e7c0b32dca788,custom_cuda,warp-reduction custom CUDA fused scale + mask + softmax; block_size=512,768,6144,768,float32,0.125,25,100,66,374.9440014362335,512,0,Tesla T4,7.5,2.11.0+cu128,12.8,2026-08-23T19:10:30.805173+00:00
ca87722a00ebf585cd788c67949e7c0b32dca788,custom_cuda,warp-reduction custom CUDA fused scale + mask + softmax; block_size=512,768,6144,768,float32,0.125,25,100,67,373.6000061035156,512,0,Tesla T4,7.5,2.11.0+cu128,12.8,2026-08-23T19:10:30.805173+00:00
ca87722a00ebf585cd788c67949e7c0b32dca788,custom_cuda,warp-reduction custom CUDA fused scale + mask + softmax; block_size=512,768,6144,768,float32,0.125,25,100,68,374.7200071811676,512,0,Tesla T4,7.5,2.11.0+cu128,12.8,2026-08-23T19:10:30.805173+00:00
ca87722a00ebf585cd788c67949e7c0b32dca788,custom_cuda,warp-reduction custom CUDA fused scale + mask + softmax; block_size=512,768,6144,768,float32,0.125,25,100,69,372.22400307655334,512,0,Tesla T4,7.5,2.11.0+cu128,12.8,2026-08-23T19:10:30.805173+00:00
ca87722a00ebf585cd788c67949e7c0b32dca788,custom_cuda,warp-reduction custom CUDA fused scale + mask + softmax; block_size=512,768,6144,768,float32,0.125,25,100,70,371.19999527931213,512,0,Tesla T4,7.5,2.11.0+cu128,12.8,2026-08-23T19:10:30.805173+00:00
ca87722a00ebf585cd788c67949e7c0b32dca788,custom_cuda,warp-reduction custom CUDA fused scale + mask + softmax; block_size=512,768,6144,768,float32,0.125,25,100,71,372.73600697517395,512,0,Tesla T4,7.5,2.11.0+cu128,12.8,2026-08-23T19:10:30.805173+00:00
ca87722a00ebf585cd788c67949e7c0b32dca788,custom_cuda,warp-reduction custom CUDA fused scale + mask + softmax; block_size=512,768,6144,768,float32,0.125,25,100,72,372.70399928092957,512,0,Tesla T4,7.5,2.11.0+cu128,12.8,2026-08-23T19:10:30.805173+00:00
ca87722a00ebf585cd788c67949e7c0b32dca788,custom_cuda,warp-reduction custom CUDA fused scale + mask + softmax; block_size=512,768,6144,768,float32,0.125,25,100,73,380.3519904613495,512,0,Tesla T4,7.5,2.11.0+cu128,12.8,2026-08-23T19:10:30.805173+00:00
ca87722a00ebf585cd788c67949e7c0b32dca788,custom_cuda,warp-reduction custom CUDA fused scale + mask + softmax; block_size=512,768,6144,768,float32,0.125,25,100,74,391.2000060081482,512,0,Tesla T4,7.5,2.11.0+cu128,12.8,2026-08-23T19:10:30.805173+00:00
ca87722a00ebf585cd788c67949e7c0b32dca788,custom_cuda,warp-reduction custom CUDA fused scale + mask + softmax; block_size=512,768,6144,768,float32,0.125,25,100,75,372.73600697517395,512,0,Tesla T4,7.5,2.11.0+cu128,12.8,2026-08-23T19:10:30.805173+00:00
ca87722a00ebf585cd788c67949e7c0b32dca788,custom_cuda,warp-reduction custom CUDA fused scale + mask + softmax; block_size=512,768,6144,768,float32,0.125,25,100,76,374.33600425720215,512,0,Tesla T4,7.5,2.11.0+cu128,12.8,2026-08-23T19:10:30.805173+00:00
ca87722a00ebf585cd788c67949e7c0b32dca788,custom_cuda,warp-reduction custom CUDA fused scale + mask + softmax; block_size=512,768,6144,768,float32,0.125,25,100,77,372.8640079498291,512,0,Tesla T4,7.5,2.11.0+cu128,12.8,2026-08-23T19:10:30.805173+00:00
ca87722a00ebf585cd788c67949e7c0b32dca788,custom_cuda,warp-reduction custom CUDA fused scale + mask + softmax; block_size=512,768,6144,768,float32,0.125,25,100,78,370.6879913806915,512,0,Tesla T4,7.5,2.11.0+cu128,12.8,2026-08-23T19:10:30.805173+00:00
ca87722a00ebf585cd788c67949e7c0b32dca788,custom_cuda,warp-reduction custom CUDA fused scale + mask + softmax; block_size=512,768,6144,768,float32,0.125,25,100,79,375.93600153923035,512,0,Tesla T4,7.5,2.11.0+cu128,12.8,2026-08-23T19:10:30.805173+00:00
ca87722a00ebf585cd788c67949e7c0b32dca788,custom_cuda,warp-reduction custom CUDA fused scale + mask + softmax; block_size=512,768,6144,768,float32,0.125,25,100,80,386.55999302864075,512,0,Tesla T4,7.5,2.11.0+cu128,12.8,2026-08-23T19:10:30.805173+00:00
ca87722a00ebf585cd788c67949e7c0b32dca788,custom_cuda,warp-reduction custom CUDA fused scale + mask + softmax; block_size=512,768,6144,768,float32,0.125,25,100,81,375.36001205444336,512,0,Tesla T4,7.5,2.11.0+cu128,12.8,2026-08-23T19:10:30.805173+00:00
ca87722a00ebf585cd788c67949e7c0b32dca788,custom_cuda,warp-reduction custom CUDA fused scale + mask + softmax; block_size=512,768,6144,768,float32,0.125,25,100,82,372.8959858417511,512,0,Tesla T4,7.5,2.11.0+cu128,12.8,2026-08-23T19:10:30.805173+00:00
ca87722a00ebf585cd788c67949e7c0b32dca788,custom_cuda,warp-reduction custom CUDA fused scale + mask + softmax; block_size=512,768,6144,768,float32,0.125,25,100,83,370.9760010242462,512,0,Tesla T4,7.5,2.11.0+cu128,12.8,2026-08-23T19:10:30.805173+00:00
ca87722a00ebf585cd788c67949e7c0b32dca788,custom_cuda,warp-reduction custom CUDA fused scale + mask + softmax; block_size=512,768,6144,768,float32,0.125,25,100,84,374.9440014362335,512,0,Tesla T4,7.5,2.11.0+cu128,12.8,2026-08-23T19:10:30.805173+00:00
ca87722a00ebf585cd788c67949e7c0b32dca788,custom_cuda,warp-reduction custom CUDA fused scale + mask + softmax; block_size=512,768,6144,768,float32,0.125,25,100,85,372.73600697517395,512,0,Tesla T4,7.5,2.11.0+cu128,12.8,2026-08-23T19:10:30.805173+00:00
ca87722a00ebf585cd788c67949e7c0b32dca788,custom_cuda,warp-reduction custom CUDA fused scale + mask + softmax; block_size=512,768,6144,768,float32,0.125,25,100,86,372.76801466941833,512,0,Tesla T4,7.5,2.11.0+cu128,12.8,2026-08-23T19:10:30.805173+00:00
ca87722a00ebf585cd788c67949e7c0b32dca788,custom_cuda,warp-reduction custom CUDA fused scale + mask + softmax; block_size=512,768,6144,768,float32,0.125,25,100,87,372.73600697517395,512,0,Tesla T4,7.5,2.11.0+cu128,12.8,2026-08-23T19:10:30.805173+00:00
ca87722a00ebf585cd788c67949e7c0b32dca788,custom_cuda,warp-reduction custom CUDA fused scale + mask + softmax; block_size=512,768,6144,768,float32,0.125,25,100,88,371.19999527931213,512,0,Tesla T4,7.5,2.11.0+cu128,12.8,2026-08-23T19:10:30.805173+00:00
ca87722a00ebf585cd788c67949e7c0b32dca788,custom_cuda,warp-reduction custom CUDA fused scale + mask + softmax; block_size=512,768,6144,768,float32,0.125,25,100,89,373.4079897403717,512,0,Tesla T4,7.5,2.11.0+cu128,12.8,2026-08-23T19:10:30.805173+00:00
ca87722a00ebf585cd788c67949e7c0b32dca788,custom_cuda,warp-reduction custom CUDA fused scale + mask + softmax; block_size=512,768,6144,768,float32,0.125,25,100,90,371.3279962539673,512,0,Tesla T4,7.5,2.11.0+cu128,12.8,2026-08-23T19:10:30.805173+00:00
ca87722a00ebf585cd788c67949e7c0b32dca788,custom_cuda,warp-reduction custom CUDA fused scale + mask + softmax; block_size=512,768,6144,768,float32,0.125,25,100,91,372.73600697517395,512,0,Tesla T4,7.5,2.11.0+cu128,12.8,2026-08-23T19:10:30.805173+00:00
ca87722a00ebf585cd788c67949e7c0b32dca788,custom_cuda,warp-reduction custom CUDA fused scale + mask + softmax; block_size=512,768,6144,768,float32,0.125,25,100,92,372.8640079498291,512,0,Tesla T4,7.5,2.11.0+cu128,12.8,2026-08-23T19:10:30.805173+00:00
ca87722a00ebf585cd788c67949e7c0b32dca788,custom_cuda,warp-reduction custom CUDA fused scale + mask + softmax; block_size=512,768,6144,768,float32,0.125,25,100,93,371.2640106678009,512,0,Tesla T4,7.5,2.11.0+cu128,12.8,2026-08-23T19:10:30.805173+00:00
ca87722a00ebf585cd788c67949e7c0b32dca788,custom_cuda,warp-reduction custom CUDA fused scale + mask + softmax; block_size=512,768,6144,768,float32,0.125,25,100,94,377.50399112701416,512,0,Tesla T4,7.5,2.11.0+cu128,12.8,2026-08-23T19:10:30.805173+00:00
ca87722a00ebf585cd788c67949e7c0b32dca788,custom_cuda,warp-reduction custom CUDA fused scale + mask + softmax; block_size=512,768,6144,768,float32,0.125,25,100,95,371.42398953437805,512,0,Tesla T4,7.5,2.11.0+cu128,12.8,2026-08-23T19:10:30.805173+00:00
ca87722a00ebf585cd788c67949e7c0b32dca788,custom_cuda,warp-reduction custom CUDA fused scale + mask + softmax; block_size=512,768,6144,768,float32,0.125,25,100,96,373.76001477241516,512,0,Tesla T4,7.5,2.11.0+cu128,12.8,2026-08-23T19:10:30.805173+00:00
ca87722a00ebf585cd788c67949e7c0b32dca788,custom_cuda,warp-reduction custom CUDA fused scale + mask + softmax; block_size=512,768,6144,768,float32,0.125,25,100,97,372.1599876880646,512,0,Tesla T4,7.5,2.11.0+cu128,12.8,2026-08-23T19:10:30.805173+00:00
ca87722a00ebf585cd788c67949e7c0b32dca788,custom_cuda,warp-reduction custom CUDA fused scale + mask + softmax; block_size=512,768,6144,768,float32,0.125,25,100,98,371.2640106678009,512,0,Tesla T4,7.5,2.11.0+cu128,12.8,2026-08-23T19:10:30.805173+00:00
ca87722a00ebf585cd788c67949e7c0b32dca788,custom_cuda,warp-reduction custom CUDA fused scale + mask + softmax; block_size=512,768,6144,768,float32,0.125,25,100,99,372.79999256134033,512,0,Tesla T4,7.5,2.11.0+cu128,12.8,2026-08-23T19:10:30.805173+00:00
ca87722a00ebf585cd788c67949e7c0b32dca788,custom_cuda,warp-reduction custom CUDA fused scale + mask + softmax; block_size=512,1024,8192,1024,float32,0.125,25,100,0,468.9919948577881,512,0,Tesla T4,7.5,2.11.0+cu128,12.8,2026-08-23T19:10:33.297052+00:00
ca87722a00ebf585cd788c67949e7c0b32dca788,custom_cuda,warp-reduction custom CUDA fused scale + mask + softmax; block_size=512,1024,8192,1024,float32,0.125,25,100,1,438.3679926395416,512,0,Tesla T4,7.5,2.11.0+cu128,12.8,2026-08-23T19:10:33.297052+00:00
ca87722a00ebf585cd788c67949e7c0b32dca788,custom_cuda,warp-reduction custom CUDA fused scale + mask + softmax; block_size=512,1024,8192,1024,float32,0.125,25,100,2,442.33599305152893,512,0,Tesla T4,7.5,2.11.0+cu128,12.8,2026-08-23T19:10:33.297052+00:00
ca87722a00ebf585cd788c67949e7c0b32dca788,custom_cuda,warp-reduction custom CUDA fused scale + mask + softmax; block_size=512,1024,8192,1024,float32,0.125,25,100,3,438.4959936141968,512,0,Tesla T4,7.5,2.11.0+cu128,12.8,2026-08-23T19:10:33.297052+00:00
ca87722a00ebf585cd788c67949e7c0b32dca788,custom_cuda,warp-reduction custom CUDA fused scale + mask + softmax; block_size=512,1024,8192,1024,float32,0.125,25,100,4,437.8879964351654,512,0,Tesla T4,7.5,2.11.0+cu128,12.8,2026-08-23T19:10:33.297052+00:00
ca87722a00ebf585cd788c67949e7c0b32dca788,custom_cuda,warp-reduction custom CUDA fused scale + mask + softmax; block_size=512,1024,8192,1024,float32,0.125,25,100,5,436.0319972038269,512,0,Tesla T4,7.5,2.11.0+cu128,12.8,2026-08-23T19:10:33.297052+00:00
ca87722a00ebf585cd788c67949e7c0b32dca788,custom_cuda,warp-reduction custom CUDA fused scale + mask + softmax; block_size=512,1024,8192,1024,float32,0.125,25,100,6,434.2400133609772,512,0,Tesla T4,7.5,2.11.0+cu128,12.8,2026-08-23T19:10:33.297052+00:00
ca87722a00ebf585cd788c67949e7c0b32dca788,custom_cuda,warp-reduction custom CUDA fused scale + mask + softmax; block_size=512,1024,8192,1024,float32,0.125,25,100,7,436.15999817848206,512,0,Tesla T4,7.5,2.11.0+cu128,12.8,2026-08-23T19:10:33.297052+00:00
ca87722a00ebf585cd788c67949e7c0b32dca788,custom_cuda,warp-reduction custom CUDA fused scale + mask + softmax; block_size=512,1024,8192,1024,float32,0.125,25,100,8,435.7439875602722,512,0,Tesla T4,7.5,2.11.0+cu128,12.8,2026-08-23T19:10:33.297052+00:00
ca87722a00ebf585cd788c67949e7c0b32dca788,custom_cuda,warp-reduction custom CUDA fused scale + mask + softmax; block_size=512,1024,8192,1024,float32,0.125,25,100,9,436.2240135669708,512,0,Tesla T4,7.5,2.11.0+cu128,12.8,2026-08-23T19:10:33.297052+00:00
ca87722a00ebf585cd788c67949e7c0b32dca788,custom_cuda,warp-reduction custom CUDA fused scale + mask + softmax; block_size=512,1024,8192,1024,float32,0.125,25,100,10,437.0880126953125,512,0,Tesla T4,7.5,2.11.0+cu128,12.8,2026-08-23T19:10:33.297052+00:00
ca87722a00ebf585cd788c67949e7c0b32dca788,custom_cuda,warp-reduction custom CUDA fused scale + mask + softmax; block_size=512,1024,8192,1024,float32,0.125,25,100,11,439.520001411438,512,0,Tesla T4,7.5,2.11.0+cu128,12.8,2026-08-23T19:10:33.297052+00:00
ca87722a00ebf585cd788c67949e7c0b32dca788,custom_cuda,warp-reduction custom CUDA fused scale + mask + softmax; block_size=512,1024,8192,1024,float32,0.125,25,100,12,438.27199935913086,512,0,Tesla T4,7.5,2.11.0+cu128,12.8,2026-08-23T19:10:33.297052+00:00
ca87722a00ebf585cd788c67949e7c0b32dca788,custom_cuda,warp-reduction custom CUDA fused scale + mask + softmax; block_size=512,1024,8192,1024,float32,0.125,25,100,13,446.0799992084503,512,0,Tesla T4,7.5,2.11.0+cu128,12.8,2026-08-23T19:10:33.297052+00:00
ca87722a00ebf585cd788c67949e7c0b32dca788,custom_cuda,warp-reduction custom CUDA fused scale + mask + softmax; block_size=512,1024,8192,1024,float32,0.125,25,100,14,436.19200587272644,512,0,Tesla T4,7.5,2.11.0+cu128,12.8,2026-08-23T19:10:33.297052+00:00
ca87722a00ebf585cd788c67949e7c0b32dca788,custom_cuda,warp-reduction custom CUDA fused scale + mask + softmax; block_size=512,1024,8192,1024,float32,0.125,25,100,15,436.2240135669708,512,0,Tesla T4,7.5,2.11.0+cu128,12.8,2026-08-23T19:10:33.297052+00:00
ca87722a00ebf585cd788c67949e7c0b32dca788,custom_cuda,warp-reduction custom CUDA fused scale + mask + softmax; block_size=512,1024,8192,1024,float32,0.125,25,100,16,436.2559914588928,512,0,Tesla T4,7.5,2.11.0+cu128,12.8,2026-08-23T19:10:33.297052+00:00
ca87722a00ebf585cd788c67949e7c0b32dca788,custom_cuda,warp-reduction custom CUDA fused scale + mask + softmax; block_size=512,1024,8192,1024,float32,0.125,25,100,17,436.2240135669708,512,0,Tesla T4,7.5,2.11.0+cu128,12.8,2026-08-23T19:10:33.297052+00:00
ca87722a00ebf585cd788c67949e7c0b32dca788,custom_cuda,warp-reduction custom CUDA fused scale + mask + softmax; block_size=512,1024,8192,1024,float32,0.125,25,100,18,435.5199933052063,512,0,Tesla T4,7.5,2.11.0+cu128,12.8,2026-08-23T19:10:33.297052+00:00
ca87722a00ebf585cd788c67949e7c0b32dca788,custom_cuda,warp-reduction custom CUDA fused scale + mask + softmax; block_size=512,1024,8192,1024,float32,0.125,25,100,19,444.0000057220459,512,0,Tesla T4,7.5,2.11.0+cu128,12.8,2026-08-23T19:10:33.297052+00:00
ca87722a00ebf585cd788c67949e7c0b32dca788,custom_cuda,warp-reduction custom CUDA fused scale + mask + softmax; block_size=512,1024,8192,1024,float32,0.125,25,100,20,436.47998571395874,512,0,Tesla T4,7.5,2.11.0+cu128,12.8,2026-08-23T19:10:33.297052+00:00
ca87722a00ebf585cd788c67949e7c0b32dca788,custom_cuda,warp-reduction custom CUDA fused scale + mask + softmax; block_size=512,1024,8192,1024,float32,0.125,25,100,21,434.3680143356323,512,0,Tesla T4,7.5,2.11.0+cu128,12.8,2026-08-23T19:10:33.297052+00:00
ca87722a00ebf585cd788c67949e7c0b32dca788,custom_cuda,warp-reduction custom CUDA fused scale + mask + softmax; block_size=512,1024,8192,1024,float32,0.125,25,100,22,436.0960125923157,512,0,Tesla T4,7.5,2.11.0+cu128,12.8,2026-08-23T19:10:33.297052+00:00
ca87722a00ebf585cd788c67949e7c0b32dca788,custom_cuda,warp-reduction custom CUDA fused scale + mask + softmax; block_size=512,1024,8192,1024,float32,0.125,25,100,23,434.2080056667328,512,0,Tesla T4,7.5,2.11.0+cu128,12.8,2026-08-23T19:10:33.297052+00:00
ca87722a00ebf585cd788c67949e7c0b32dca788,custom_cuda,warp-reduction custom CUDA fused scale + mask + softmax; block_size=512,1024,8192,1024,float32,0.125,25,100,24,437.9520118236542,512,0,Tesla T4,7.5,2.11.0+cu128,12.8,2026-08-23T19:10:33.297052+00:00
ca87722a00ebf585cd788c67949e7c0b32dca788,custom_cuda,warp-reduction custom CUDA fused scale + mask + softmax; block_size=512,1024,8192,1024,float32,0.125,25,100,25,436.19200587272644,512,0,Tesla T4,7.5,2.11.0+cu128,12.8,2026-08-23T19:10:33.297052+00:00
ca87722a00ebf585cd788c67949e7c0b32dca788,custom_cuda,warp-reduction custom CUDA fused scale + mask + softmax; block_size=512,1024,8192,1024,float32,0.125,25,100,26,435.07200479507446,512,0,Tesla T4,7.5,2.11.0+cu128,12.8,2026-08-23T19:10:33.297052+00:00
ca87722a00ebf585cd788c67949e7c0b32dca788,custom_cuda,warp-reduction custom CUDA fused scale + mask + softmax; block_size=512,1024,8192,1024,float32,0.125,25,100,27,436.2240135669708,512,0,Tesla T4,7.5,2.11.0+cu128,12.8,2026-08-23T19:10:33.297052+00:00
ca87722a00ebf585cd788c67949e7c0b32dca788,custom_cuda,warp-reduction custom CUDA fused scale + mask + softmax; block_size=512,1024,8192,1024,float32,0.125,25,100,28,437.1519982814789,512,0,Tesla T4,7.5,2.11.0+cu128,12.8,2026-08-23T19:10:33.297052+00:00
ca87722a00ebf585cd788c67949e7c0b32dca788,custom_cuda,warp-reduction custom CUDA fused scale + mask + softmax; block_size=512,1024,8192,1024,float32,0.125,25,100,29,436.2240135669708,512,0,Tesla T4,7.5,2.11.0+cu128,12.8,2026-08-23T19:10:33.297052+00:00
ca87722a00ebf585cd788c67949e7c0b32dca788,custom_cuda,warp-reduction custom CUDA fused scale + mask + softmax; block_size=512,1024,8192,1024,float32,0.125,25,100,30,435.84001064300537,512,0,Tesla T4,7.5,2.11.0+cu128,12.8,2026-08-23T19:10:33.297052+00:00
ca87722a00ebf585cd788c67949e7c0b32dca788,custom_cuda,warp-reduction custom CUDA fused scale + mask + softmax; block_size=512,1024,8192,1024,float32,0.125,25,100,31,440.095990896225,512,0,Tesla T4,7.5,2.11.0+cu128,12.8,2026-08-23T19:10:33.297052+00:00
ca87722a00ebf585cd788c67949e7c0b32dca788,custom_cuda,warp-reduction custom CUDA fused scale + mask + softmax; block_size=512,1024,8192,1024,float32,0.125,25,100,32,438.27199935913086,512,0,Tesla T4,7.5,2.11.0+cu128,12.8,2026-08-23T19:10:33.297052+00:00
ca87722a00ebf585cd788c67949e7c0b32dca788,custom_cuda,warp-reduction custom CUDA fused scale + mask + softmax; block_size=512,1024,8192,1024,float32,0.125,25,100,33,438.59198689460754,512,0,Tesla T4,7.5,2.11.0+cu128,12.8,2026-08-23T19:10:33.297052+00:00
ca87722a00ebf585cd788c67949e7c0b32dca788,custom_cuda,warp-reduction custom CUDA fused scale + mask + softmax; block_size=512,1024,8192,1024,float32,0.125,25,100,34,434.3999922275543,512,0,Tesla T4,7.5,2.11.0+cu128,12.8,2026-08-23T19:10:33.297052+00:00
ca87722a00ebf585cd788c67949e7c0b32dca788,custom_cuda,warp-reduction custom CUDA fused scale + mask + softmax; block_size=512,1024,8192,1024,float32,0.125,25,100,35,455.80801367759705,512,0,Tesla T4,7.5,2.11.0+cu128,12.8,2026-08-23T19:10:33.297052+00:00
ca87722a00ebf585cd788c67949e7c0b32dca788,custom_cuda,warp-reduction custom CUDA fused scale + mask + softmax; block_size=512,1024,8192,1024,float32,0.125,25,100,36,436.6399943828583,512,0,Tesla T4,7.5,2.11.0+cu128,12.8,2026-08-23T19:10:33.297052+00:00
ca87722a00ebf585cd788c67949e7c0b32dca788,custom_cuda,warp-reduction custom CUDA fused scale + mask + softmax; block_size=512,1024,8192,1024,float32,0.125,25,100,37,446.46400213241577,512,0,Tesla T4,7.5,2.11.0+cu128,12.8,2026-08-23T19:10:33.297052+00:00
ca87722a00ebf585cd788c67949e7c0b32dca788,custom_cuda,warp-reduction custom CUDA fused scale + mask + softmax; block_size=512,1024,8192,1024,float32,0.125,25,100,38,436.92800402641296,512,0,Tesla T4,7.5,2.11.0+cu128,12.8,2026-08-23T19:10:33.297052+00:00
ca87722a00ebf585cd788c67949e7c0b32dca788,custom_cuda,warp-reduction custom CUDA fused scale + mask + softmax; block_size=512,1024,8192,1024,float32,0.125,25,100,39,436.8959963321686,512,0,Tesla T4,7.5,2.11.0+cu128,12.8,2026-08-23T19:10:33.297052+00:00
ca87722a00ebf585cd788c67949e7c0b32dca788,custom_cuda,warp-reduction custom CUDA fused scale + mask + softmax; block_size=512,1024,8192,1024,float32,0.125,25,100,40,436.19200587272644,512,0,Tesla T4,7.5,2.11.0+cu128,12.8,2026-08-23T19:10:33.297052+00:00
ca87722a00ebf585cd788c67949e7c0b32dca788,custom_cuda,warp-reduction custom CUDA fused scale + mask + softmax; block_size=512,1024,8192,1024,float32,0.125,25,100,41,438.04800510406494,512,0,Tesla T4,7.5,2.11.0+cu128,12.8,2026-08-23T19:10:33.297052+00:00
ca87722a00ebf585cd788c67949e7c0b32dca788,custom_cuda,warp-reduction custom CUDA fused scale + mask + softmax; block_size=512,1024,8192,1024,float32,0.125,25,100,42,448.5119879245758,512,0,Tesla T4,7.5,2.11.0+cu128,12.8,2026-08-23T19:10:33.297052+00:00
ca87722a00ebf585cd788c67949e7c0b32dca788,custom_cuda,warp-reduction custom CUDA fused scale + mask + softmax; block_size=512,1024,8192,1024,float32,0.125,25,100,43,436.5760087966919,512,0,Tesla T4,7.5,2.11.0+cu128,12.8,2026-08-23T19:10:33.297052+00:00
ca87722a00ebf585cd788c67949e7c0b32dca788,custom_cuda,warp-reduction custom CUDA fused scale + mask + softmax; block_size=512,1024,8192,1024,float32,0.125,25,100,44,436.2240135669708,512,0,Tesla T4,7.5,2.11.0+cu128,12.8,2026-08-23T19:10:33.297052+00:00
ca87722a00ebf585cd788c67949e7c0b32dca788,custom_cuda,warp-reduction custom CUDA fused scale + mask + softmax; block_size=512,1024,8192,1024,float32,0.125,25,100,45,435.07200479507446,512,0,Tesla T4,7.5,2.11.0+cu128,12.8,2026-08-23T19:10:33.297052+00:00
ca87722a00ebf585cd788c67949e7c0b32dca788,custom_cuda,warp-reduction custom CUDA fused scale + mask + softmax; block_size=512,1024,8192,1024,float32,0.125,25,100,46,440.064013004303,512,0,Tesla T4,7.5,2.11.0+cu128,12.8,2026-08-23T19:10:33.297052+00:00
ca87722a00ebf585cd788c67949e7c0b32dca788,custom_cuda,warp-reduction custom CUDA fused scale + mask + softmax; block_size=512,1024,8192,1024,float32,0.125,25,100,47,436.19200587272644,512,0,Tesla T4,7.5,2.11.0+cu128,12.8,2026-08-23T19:10:33.297052+00:00
ca87722a00ebf585cd788c67949e7c0b32dca788,custom_cuda,warp-reduction custom CUDA fused scale + mask + softmax; block_size=512,1024,8192,1024,float32,0.125,25,100,48,437.79200315475464,512,0,Tesla T4,7.5,2.11.0+cu128,12.8,2026-08-23T19:10:33.297052+00:00
ca87722a00ebf585cd788c67949e7c0b32dca788,custom_cuda,warp-reduction custom CUDA fused scale + mask + softmax; block_size=512,1024,8192,1024,float32,0.125,25,100,49,434.688001871109,512,0,Tesla T4,7.5,2.11.0+cu128,12.8,2026-08-23T19:10:33.297052+00:00
ca87722a00ebf585cd788c67949e7c0b32dca788,custom_cuda,warp-reduction custom CUDA fused scale + mask + softmax; block_size=512,1024,8192,1024,float32,0.125,25,100,50,443.93599033355713,512,0,Tesla T4,7.5,2.11.0+cu128,12.8,2026-08-23T19:10:33.297052+00:00
ca87722a00ebf585cd788c67949e7c0b32dca788,custom_cuda,warp-reduction custom CUDA fused scale + mask + softmax; block_size=512,1024,8192,1024,float32,0.125,25,100,51,436.41600012779236,512,0,Tesla T4,7.5,2.11.0+cu128,12.8,2026-08-23T19:10:33.297052+00:00
ca87722a00ebf585cd788c67949e7c0b32dca788,custom_cuda,warp-reduction custom CUDA fused scale + mask + softmax; block_size=512,1024,8192,1024,float32,0.125,25,100,52,436.2240135669708,512,0,Tesla T4,7.5,2.11.0+cu128,12.8,2026-08-23T19:10:33.297052+00:00
ca87722a00ebf585cd788c67949e7c0b32dca788,custom_cuda,warp-reduction custom CUDA fused scale + mask + softmax; block_size=512,1024,8192,1024,float32,0.125,25,100,53,437.9200041294098,512,0,Tesla T4,7.5,2.11.0+cu128,12.8,2026-08-23T19:10:33.297052+00:00
ca87722a00ebf585cd788c67949e7c0b32dca788,custom_cuda,warp-reduction custom CUDA fused scale + mask + softmax; block_size=512,1024,8192,1024,float32,0.125,25,100,54,438.6560022830963,512,0,Tesla T4,7.5,2.11.0+cu128,12.8,2026-08-23T19:10:33.297052+00:00
ca87722a00ebf585cd788c67949e7c0b32dca788,custom_cuda,warp-reduction custom CUDA fused scale + mask + softmax; block_size=512,1024,8192,1024,float32,0.125,25,100,55,438.2080137729645,512,0,Tesla T4,7.5,2.11.0+cu128,12.8,2026-08-23T19:10:33.297052+00:00
ca87722a00ebf585cd788c67949e7c0b32dca788,custom_cuda,warp-reduction custom CUDA fused scale + mask + softmax; block_size=512,1024,8192,1024,float32,0.125,25,100,56,449.1199851036072,512,0,Tesla T4,7.5,2.11.0+cu128,12.8,2026-08-23T19:10:33.297052+00:00
ca87722a00ebf585cd788c67949e7c0b32dca788,custom_cuda,warp-reduction custom CUDA fused scale + mask + softmax; block_size=512,1024,8192,1024,float32,0.125,25,100,57,437.5999867916107,512,0,Tesla T4,7.5,2.11.0+cu128,12.8,2026-08-23T19:10:33.297052+00:00
ca87722a00ebf585cd788c67949e7c0b32dca788,custom_cuda,warp-reduction custom CUDA fused scale + mask + softmax; block_size=512,1024,8192,1024,float32,0.125,25,100,58,434.688001871109,512,0,Tesla T4,7.5,2.11.0+cu128,12.8,2026-08-23T19:10:33.297052+00:00
ca87722a00ebf585cd788c67949e7c0b32dca788,custom_cuda,warp-reduction custom CUDA fused scale + mask + softmax; block_size=512,1024,8192,1024,float32,0.125,25,100,59,438.1760060787201,512,0,Tesla T4,7.5,2.11.0+cu128,12.8,2026-08-23T19:10:33.297052+00:00
ca87722a00ebf585cd788c67949e7c0b32dca788,custom_cuda,warp-reduction custom CUDA fused scale + mask + softmax; block_size=512,1024,8192,1024,float32,0.125,25,100,60,435.0399971008301,512,0,Tesla T4,7.5,2.11.0+cu128,12.8,2026-08-23T19:10:33.297052+00:00
ca87722a00ebf585cd788c67949e7c0b32dca788,custom_cuda,warp-reduction custom CUDA fused scale + mask + softmax; block_size=512,1024,8192,1024,float32,0.125,25,100,61,436.2240135669708,512,0,Tesla T4,7.5,2.11.0+cu128,12.8,2026-08-23T19:10:33.297052+00:00
ca87722a00ebf585cd788c67949e7c0b32dca788,custom_cuda,warp-reduction custom CUDA fused scale + mask + softmax; block_size=512,1024,8192,1024,float32,0.125,25,100,62,434.5279932022095,512,0,Tesla T4,7.5,2.11.0+cu128,12.8,2026-08-23T19:10:33.297052+00:00
ca87722a00ebf585cd788c67949e7c0b32dca788,custom_cuda,warp-reduction custom CUDA fused scale + mask + softmax; block_size=512,1024,8192,1024,float32,0.125,25,100,63,436.2240135669708,512,0,Tesla T4,7.5,2.11.0+cu128,12.8,2026-08-23T19:10:33.297052+00:00
ca87722a00ebf585cd788c67949e7c0b32dca788,custom_cuda,warp-reduction custom CUDA fused scale + mask + softmax; block_size=512,1024,8192,1024,float32,0.125,25,100,64,435.68000197410583,512,0,Tesla T4,7.5,2.11.0+cu128,12.8,2026-08-23T19:10:33.297052+00:00
ca87722a00ebf585cd788c67949e7c0b32dca788,custom_cuda,warp-reduction custom CUDA fused scale + mask + softmax; block_size=512,1024,8192,1024,float32,0.125,25,100,65,436.12799048423767,512,0,Tesla T4,7.5,2.11.0+cu128,12.8,2026-08-23T19:10:33.297052+00:00
ca87722a00ebf585cd788c67949e7c0b32dca788,custom_cuda,warp-reduction custom CUDA fused scale + mask + softmax; block_size=512,1024,8192,1024,float32,0.125,25,100,66,436.2240135669708,512,0,Tesla T4,7.5,2.11.0+cu128,12.8,2026-08-23T19:10:33.297052+00:00
ca87722a00ebf585cd788c67949e7c0b32dca788,custom_cuda,warp-reduction custom CUDA fused scale + mask + softmax; block_size=512,1024,8192,1024,float32,0.125,25,100,67,446.4319944381714,512,0,Tesla T4,7.5,2.11.0+cu128,12.8,2026-08-23T19:10:33.297052+00:00
ca87722a00ebf585cd788c67949e7c0b32dca788,custom_cuda,warp-reduction custom CUDA fused scale + mask + softmax; block_size=512,1024,8192,1024,float32,0.125,25,100,68,437.72798776626587,512,0,Tesla T4,7.5,2.11.0+cu128,12.8,2026-08-23T19:10:33.297052+00:00
ca87722a00ebf585cd788c67949e7c0b32dca788,custom_cuda,warp-reduction custom CUDA fused scale + mask + softmax; block_size=512,1024,8192,1024,float32,0.125,25,100,69,434.1759979724884,512,0,Tesla T4,7.5,2.11.0+cu128,12.8,2026-08-23T19:10:33.297052+00:00
ca87722a00ebf585cd788c67949e7c0b32dca788,custom_cuda,warp-reduction custom CUDA fused scale + mask + softmax; block_size=512,1024,8192,1024,float32,0.125,25,100,70,438.2399916648865,512,0,Tesla T4,7.5,2.11.0+cu128,12.8,2026-08-23T19:10:33.297052+00:00
ca87722a00ebf585cd788c67949e7c0b32dca788,custom_cuda,warp-reduction custom CUDA fused scale + mask + softmax; block_size=512,1024,8192,1024,float32,0.125,25,100,71,434.7839951515198,512,0,Tesla T4,7.5,2.11.0+cu128,12.8,2026-08-23T19:10:33.297052+00:00
ca87722a00ebf585cd788c67949e7c0b32dca788,custom_cuda,warp-reduction custom CUDA fused scale + mask + softmax; block_size=512,1024,8192,1024,float32,0.125,25,100,72,437.3440146446228,512,0,Tesla T4,7.5,2.11.0+cu128,12.8,2026-08-23T19:10:33.297052+00:00
ca87722a00ebf585cd788c67949e7c0b32dca788,custom_cuda,warp-reduction custom CUDA fused scale + mask + softmax; block_size=512,1024,8192,1024,float32,0.125,25,100,73,434.7519874572754,512,0,Tesla T4,7.5,2.11.0+cu128,12.8,2026-08-23T19:10:33.297052+00:00
ca87722a00ebf585cd788c67949e7c0b32dca788,custom_cuda,warp-reduction custom CUDA fused scale + mask + softmax; block_size=512,1024,8192,1024,float32,0.125,25,100,74,435.5520009994507,512,0,Tesla T4,7.5,2.11.0+cu128,12.8,2026-08-23T19:10:33.297052+00:00
ca87722a00ebf585cd788c67949e7c0b32dca788,custom_cuda,warp-reduction custom CUDA fused scale + mask + softmax; block_size=512,1024,8192,1024,float32,0.125,25,100,75,436.6079866886139,512,0,Tesla T4,7.5,2.11.0+cu128,12.8,2026-08-23T19:10:33.297052+00:00
ca87722a00ebf585cd788c67949e7c0b32dca788,custom_cuda,warp-reduction custom CUDA fused scale + mask + softmax; block_size=512,1024,8192,1024,float32,0.125,25,100,76,450.5600035190582,512,0,Tesla T4,7.5,2.11.0+cu128,12.8,2026-08-23T19:10:33.297052+00:00
ca87722a00ebf585cd788c67949e7c0b32dca788,custom_cuda,warp-reduction custom CUDA fused scale + mask + softmax; block_size=512,1024,8192,1024,float32,0.125,25,100,77,442.2079920768738,512,0,Tesla T4,7.5,2.11.0+cu128,12.8,2026-08-23T19:10:33.297052+00:00
ca87722a00ebf585cd788c67949e7c0b32dca788,custom_cuda,warp-reduction custom CUDA fused scale + mask + softmax; block_size=512,1024,8192,1024,float32,0.125,25,100,78,454.27200198173523,512,0,Tesla T4,7.5,2.11.0+cu128,12.8,2026-08-23T19:10:33.297052+00:00
ca87722a00ebf585cd788c67949e7c0b32dca788,custom_cuda,warp-reduction custom CUDA fused scale + mask + softmax; block_size=512,1024,8192,1024,float32,0.125,25,100,79,442.59199500083923,512,0,Tesla T4,7.5,2.11.0+cu128,12.8,2026-08-23T19:10:33.297052+00:00
ca87722a00ebf585cd788c67949e7c0b32dca788,custom_cuda,warp-reduction custom CUDA fused scale + mask + softmax; block_size=512,1024,8192,1024,float32,0.125,25,100,80,438.1439983844757,512,0,Tesla T4,7.5,2.11.0+cu128,12.8,2026-08-23T19:10:33.297052+00:00
ca87722a00ebf585cd788c67949e7c0b32dca788,custom_cuda,warp-reduction custom CUDA fused scale + mask + softmax; block_size=512,1024,8192,1024,float32,0.125,25,100,81,436.2559914588928,512,0,Tesla T4,7.5,2.11.0+cu128,12.8,2026-08-23T19:10:33.297052+00:00
ca87722a00ebf585cd788c67949e7c0b32dca788,custom_cuda,warp-reduction custom CUDA fused scale + mask + softmax; block_size=512,1024,8192,1024,float32,0.125,25,100,82,435.58400869369507,512,0,Tesla T4,7.5,2.11.0+cu128,12.8,2026-08-23T19:10:33.297052+00:00
ca87722a00ebf585cd788c67949e7c0b32dca788,custom_cuda,warp-reduction custom CUDA fused scale + mask + softmax; block_size=512,1024,8192,1024,float32,0.125,25,100,83,436.5760087966919,512,0,Tesla T4,7.5,2.11.0+cu128,12.8,2026-08-23T19:10:33.297052+00:00
ca87722a00ebf585cd788c67949e7c0b32dca788,custom_cuda,warp-reduction custom CUDA fused scale + mask + softmax; block_size=512,1024,8192,1024,float32,0.125,25,100,84,435.07200479507446,512,0,Tesla T4,7.5,2.11.0+cu128,12.8,2026-08-23T19:10:33.297052+00:00
ca87722a00ebf585cd788c67949e7c0b32dca788,custom_cuda,warp-reduction custom CUDA fused scale + mask + softmax; block_size=512,1024,8192,1024,float32,0.125,25,100,85,437.75999546051025,512,0,Tesla T4,7.5,2.11.0+cu128,12.8,2026-08-23T19:10:33.297052+00:00
ca87722a00ebf585cd788c67949e7c0b32dca788,custom_cuda,warp-reduction custom CUDA fused scale + mask + softmax; block_size=512,1024,8192,1024,float32,0.125,25,100,86,434.1759979724884,512,0,Tesla T4,7.5,2.11.0+cu128,12.8,2026-08-23T19:10:33.297052+00:00
ca87722a00ebf585cd788c67949e7c0b32dca788,custom_cuda,warp-reduction custom CUDA fused scale + mask + softmax; block_size=512,1024,8192,1024,float32,0.125,25,100,87,436.2240135669708,512,0,Tesla T4,7.5,2.11.0+cu128,12.8,2026-08-23T19:10:33.297052+00:00
ca87722a00ebf585cd788c67949e7c0b32dca788,custom_cuda,warp-reduction custom CUDA fused scale + mask + softmax; block_size=512,1024,8192,1024,float32,0.125,25,100,88,434.3680143356323,512,0,Tesla T4,7.5,2.11.0+cu128,12.8,2026-08-23T19:10:33.297052+00:00
ca87722a00ebf585cd788c67949e7c0b32dca788,custom_cuda,warp-reduction custom CUDA fused scale + mask + softmax; block_size=512,1024,8192,1024,float32,0.125,25,100,89,440.2559995651245,512,0,Tesla T4,7.5,2.11.0+cu128,12.8,2026-08-23T19:10:33.297052+00:00
ca87722a00ebf585cd788c67949e7c0b32dca788,custom_cuda,warp-reduction custom CUDA fused scale + mask + softmax; block_size=512,1024,8192,1024,float32,0.125,25,100,90,437.6319944858551,512,0,Tesla T4,7.5,2.11.0+cu128,12.8,2026-08-23T19:10:33.297052+00:00
ca87722a00ebf585cd788c67949e7c0b32dca788,custom_cuda,warp-reduction custom CUDA fused scale + mask + softmax; block_size=512,1024,8192,1024,float32,0.125,25,100,91,438.1119906902313,512,0,Tesla T4,7.5,2.11.0+cu128,12.8,2026-08-23T19:10:33.297052+00:00
ca87722a00ebf585cd788c67949e7c0b32dca788,custom_cuda,warp-reduction custom CUDA fused scale + mask + softmax; block_size=512,1024,8192,1024,float32,0.125,25,100,92,434.62398648262024,512,0,Tesla T4,7.5,2.11.0+cu128,12.8,2026-08-23T19:10:33.297052+00:00
ca87722a00ebf585cd788c67949e7c0b32dca788,custom_cuda,warp-reduction custom CUDA fused scale + mask + softmax; block_size=512,1024,8192,1024,float32,0.125,25,100,93,434.1759979724884,512,0,Tesla T4,7.5,2.11.0+cu128,12.8,2026-08-23T19:10:33.297052+00:00
ca87722a00ebf585cd788c67949e7c0b32dca788,custom_cuda,warp-reduction custom CUDA fused scale + mask + softmax; block_size=512,1024,8192,1024,float32,0.125,25,100,94,438.30400705337524,512,0,Tesla T4,7.5,2.11.0+cu128,12.8,2026-08-23T19:10:33.297052+00:00
ca87722a00ebf585cd788c67949e7c0b32dca788,custom_cuda,warp-reduction custom CUDA fused scale + mask + softmax; block_size=512,1024,8192,1024,float32,0.125,25,100,95,435.232013463974,512,0,Tesla T4,7.5,2.11.0+cu128,12.8,2026-08-23T19:10:33.297052+00:00
ca87722a00ebf585cd788c67949e7c0b32dca788,custom_cuda,warp-reduction custom CUDA fused scale + mask + softmax; block_size=512,1024,8192,1024,float32,0.125,25,100,96,436.6399943828583,512,0,Tesla T4,7.5,2.11.0+cu128,12.8,2026-08-23T19:10:33.297052+00:00
ca87722a00ebf585cd788c67949e7c0b32dca788,custom_cuda,warp-reduction custom CUDA fused scale + mask + softmax; block_size=512,1024,8192,1024,float32,0.125,25,100,97,436.2240135669708,512,0,Tesla T4,7.5,2.11.0+cu128,12.8,2026-08-23T19:10:33.297052+00:00
ca87722a00ebf585cd788c67949e7c0b32dca788,custom_cuda,warp-reduction custom CUDA fused scale + mask + softmax; block_size=512,1024,8192,1024,float32,0.125,25,100,98,439.29600715637207,512,0,Tesla T4,7.5,2.11.0+cu128,12.8,2026-08-23T19:10:33.297052+00:00
ca87722a00ebf585cd788c67949e7c0b32dca788,custom_cuda,warp-reduction custom CUDA fused scale + mask + softmax; block_size=512,1024,8192,1024,float32,0.125,25,100,99,436.8000030517578,512,0,Tesla T4,7.5,2.11.0+cu128,12.8,2026-08-23T19:10:33.297052+00:00
ca87722a00ebf585cd788c67949e7c0b32dca788,custom_cuda,warp-reduction custom CUDA fused scale + mask + softmax; block_size=512,1536,12288,1536,float32,0.125,25,100,0,1046.9759702682495,512,0,Tesla T4,7.5,2.11.0+cu128,12.8,2026-08-23T19:10:35.798223+00:00
ca87722a00ebf585cd788c67949e7c0b32dca788,custom_cuda,warp-reduction custom CUDA fused scale + mask + softmax; block_size=512,1536,12288,1536,float32,0.125,25,100,1,1030.1439762115479,512,0,Tesla T4,7.5,2.11.0+cu128,12.8,2026-08-23T19:10:35.798223+00:00
ca87722a00ebf585cd788c67949e7c0b32dca788,custom_cuda,warp-reduction custom CUDA fused scale + mask + softmax; block_size=512,1536,12288,1536,float32,0.125,25,100,2,1025.4080295562744,512,0,Tesla T4,7.5,2.11.0+cu128,12.8,2026-08-23T19:10:35.798223+00:00
ca87722a00ebf585cd788c67949e7c0b32dca788,custom_cuda,warp-reduction custom CUDA fused scale + mask + softmax; block_size=512,1536,12288,1536,float32,0.125,25,100,3,1019.8719501495361,512,0,Tesla T4,7.5,2.11.0+cu128,12.8,2026-08-23T19:10:35.798223+00:00
ca87722a00ebf585cd788c67949e7c0b32dca788,custom_cuda,warp-reduction custom CUDA fused scale + mask + softmax; block_size=512,1536,12288,1536,float32,0.125,25,100,4,1016.4480209350586,512,0,Tesla T4,7.5,2.11.0+cu128,12.8,2026-08-23T19:10:35.798223+00:00
ca87722a00ebf585cd788c67949e7c0b32dca788,custom_cuda,warp-reduction custom CUDA fused scale + mask + softmax; block_size=512,1536,12288,1536,float32,0.125,25,100,5,1017.8240537643433,512,0,Tesla T4,7.5,2.11.0+cu128,12.8,2026-08-23T19:10:35.798223+00:00
ca87722a00ebf585cd788c67949e7c0b32dca788,custom_cuda,warp-reduction custom CUDA fused scale + mask + softmax; block_size=512,1536,12288,1536,float32,0.125,25,100,6,1015.8079862594604,512,0,Tesla T4,7.5,2.11.0+cu128,12.8,2026-08-23T19:10:35.798223+00:00
ca87722a00ebf585cd788c67949e7c0b32dca788,custom_cuda,warp-reduction custom CUDA fused scale + mask + softmax; block_size=512,1536,12288,1536,float32,0.125,25,100,7,1034.2400074005127,512,0,Tesla T4,7.5,2.11.0+cu128,12.8,2026-08-23T19:10:35.798223+00:00
ca87722a00ebf585cd788c67949e7c0b32dca788,custom_cuda,warp-reduction custom CUDA fused scale + mask + softmax; block_size=512,1536,12288,1536,float32,0.125,25,100,8,1055.1999807357788,512,0,Tesla T4,7.5,2.11.0+cu128,12.8,2026-08-23T19:10:35.798223+00:00
ca87722a00ebf585cd788c67949e7c0b32dca788,custom_cuda,warp-reduction custom CUDA fused scale + mask + softmax; block_size=512,1536,12288,1536,float32,0.125,25,100,9,1030.1439762115479,512,0,Tesla T4,7.5,2.11.0+cu128,12.8,2026-08-23T19:10:35.798223+00:00
ca87722a00ebf585cd788c67949e7c0b32dca788,custom_cuda,warp-reduction custom CUDA fused scale + mask + softmax; block_size=512,1536,12288,1536,float32,0.125,25,100,10,1019.7759866714478,512,0,Tesla T4,7.5,2.11.0+cu128,12.8,2026-08-23T19:10:35.798223+00:00
ca87722a00ebf585cd788c67949e7c0b32dca788,custom_cuda,warp-reduction custom CUDA fused scale + mask + softmax; block_size=512,1536,12288,1536,float32,0.125,25,100,11,1017.8879499435425,512,0,Tesla T4,7.5,2.11.0+cu128,12.8,2026-08-23T19:10:35.798223+00:00
ca87722a00ebf585cd788c67949e7c0b32dca788,custom_cuda,warp-reduction custom CUDA fused scale + mask + softmax; block_size=512,1536,12288,1536,float32,0.125,25,100,12,1025.920033454895,512,0,Tesla T4,7.5,2.11.0+cu128,12.8,2026-08-23T19:10:35.798223+00:00
ca87722a00ebf585cd788c67949e7c0b32dca788,custom_cuda,warp-reduction custom CUDA fused scale + mask + softmax; block_size=512,1536,12288,1536,float32,0.125,25,100,13,1035.3920459747314,512,0,Tesla T4,7.5,2.11.0+cu128,12.8,2026-08-23T19:10:35.798223+00:00
ca87722a00ebf585cd788c67949e7c0b32dca788,custom_cuda,warp-reduction custom CUDA fused scale + mask + softmax; block_size=512,1536,12288,1536,float32,0.125,25,100,14,1019.3920135498047,512,0,Tesla T4,7.5,2.11.0+cu128,12.8,2026-08-23T19:10:35.798223+00:00
ca87722a00ebf585cd788c67949e7c0b32dca788,custom_cuda,warp-reduction custom CUDA fused scale + mask + softmax; block_size=512,1536,12288,1536,float32,0.125,25,100,15,1016.5120363235474,512,0,Tesla T4,7.5,2.11.0+cu128,12.8,2026-08-23T19:10:35.798223+00:00
ca87722a00ebf585cd788c67949e7c0b32dca788,custom_cuda,warp-reduction custom CUDA fused scale + mask + softmax; block_size=512,1536,12288,1536,float32,0.125,25,100,16,1014.4640207290649,512,0,Tesla T4,7.5,2.11.0+cu128,12.8,2026-08-23T19:10:35.798223+00:00
ca87722a00ebf585cd788c67949e7c0b32dca788,custom_cuda,warp-reduction custom CUDA fused scale + mask + softmax; block_size=512,1536,12288,1536,float32,0.125,25,100,17,1015.2000188827515,512,0,Tesla T4,7.5,2.11.0+cu128,12.8,2026-08-23T19:10:35.798223+00:00
ca87722a00ebf585cd788c67949e7c0b32dca788,custom_cuda,warp-reduction custom CUDA fused scale + mask + softmax; block_size=512,1536,12288,1536,float32,0.125,25,100,18,1015.7760381698608,512,0,Tesla T4,7.5,2.11.0+cu128,12.8,2026-08-23T19:10:35.798223+00:00
ca87722a00ebf585cd788c67949e7c0b32dca788,custom_cuda,warp-reduction custom CUDA fused scale + mask + softmax; block_size=512,1536,12288,1536,float32,0.125,25,100,19,1015.3919458389282,512,0,Tesla T4,7.5,2.11.0+cu128,12.8,2026-08-23T19:10:35.798223+00:00
ca87722a00ebf585cd788c67949e7c0b32dca788,custom_cuda,warp-reduction custom CUDA fused scale + mask + softmax; block_size=512,1536,12288,1536,float32,0.125,25,100,20,1015.455961227417,512,0,Tesla T4,7.5,2.11.0+cu128,12.8,2026-08-23T19:10:35.798223+00:00
ca87722a00ebf585cd788c67949e7c0b32dca788,custom_cuda,warp-reduction custom CUDA fused scale + mask + softmax; block_size=512,1536,12288,1536,float32,0.125,25,100,21,1014.8160457611084,512,0,Tesla T4,7.5,2.11.0+cu128,12.8,2026-08-23T19:10:35.798223+00:00
ca87722a00ebf585cd788c67949e7c0b32dca788,custom_cuda,warp-reduction custom CUDA fused scale + mask + softmax; block_size=512,1536,12288,1536,float32,0.125,25,100,22,1013.8239860534668,512,0,Tesla T4,7.5,2.11.0+cu128,12.8,2026-08-23T19:10:35.798223+00:00
ca87722a00ebf585cd788c67949e7c0b32dca788,custom_cuda,warp-reduction custom CUDA fused scale + mask + softmax; block_size=512,1536,12288,1536,float32,0.125,25,100,23,1013.5359764099121,512,0,Tesla T4,7.5,2.11.0+cu128,12.8,2026-08-23T19:10:35.798223+00:00
ca87722a00ebf585cd788c67949e7c0b32dca788,custom_cuda,warp-reduction custom CUDA fused scale + mask + softmax; block_size=512,1536,12288,1536,float32,0.125,25,100,24,1017.3439979553223,512,0,Tesla T4,7.5,2.11.0+cu128,12.8,2026-08-23T19:10:35.798223+00:00
ca87722a00ebf585cd788c67949e7c0b32dca788,custom_cuda,warp-reduction custom CUDA fused scale + mask + softmax; block_size=512,1536,12288,1536,float32,0.125,25,100,25,1026.0800123214722,512,0,Tesla T4,7.5,2.11.0+cu128,12.8,2026-08-23T19:10:35.798223+00:00
ca87722a00ebf585cd788c67949e7c0b32dca788,custom_cuda,warp-reduction custom CUDA fused scale + mask + softmax; block_size=512,1536,12288,1536,float32,0.125,25,100,26,1016.4799690246582,512,0,Tesla T4,7.5,2.11.0+cu128,12.8,2026-08-23T19:10:35.798223+00:00
ca87722a00ebf585cd788c67949e7c0b32dca788,custom_cuda,warp-reduction custom CUDA fused scale + mask + softmax; block_size=512,1536,12288,1536,float32,0.125,25,100,27,1015.5839920043945,512,0,Tesla T4,7.5,2.11.0+cu128,12.8,2026-08-23T19:10:35.798223+00:00
ca87722a00ebf585cd788c67949e7c0b32dca788,custom_cuda,warp-reduction custom CUDA fused scale + mask + softmax; block_size=512,1536,12288,1536,float32,0.125,25,100,28,1015.328049659729,512,0,Tesla T4,7.5,2.11.0+cu128,12.8,2026-08-23T19:10:35.798223+00:00
ca87722a00ebf585cd788c67949e7c0b32dca788,custom_cuda,warp-reduction custom CUDA fused scale + mask + softmax; block_size=512,1536,12288,1536,float32,0.125,25,100,29,1015.8079862594604,512,0,Tesla T4,7.5,2.11.0+cu128,12.8,2026-08-23T19:10:35.798223+00:00
ca87722a00ebf585cd788c67949e7c0b32dca788,custom_cuda,warp-reduction custom CUDA fused scale + mask + softmax; block_size=512,1536,12288,1536,float32,0.125,25,100,30,1017.5679922103882,512,0,Tesla T4,7.5,2.11.0+cu128,12.8,2026-08-23T19:10:35.798223+00:00
ca87722a00ebf585cd788c67949e7c0b32dca788,custom_cuda,warp-reduction custom CUDA fused scale + mask + softmax; block_size=512,1536,12288,1536,float32,0.125,25,100,31,1075.1680135726929,512,0,Tesla T4,7.5,2.11.0+cu128,12.8,2026-08-23T19:10:35.798223+00:00
ca87722a00ebf585cd788c67949e7c0b32dca788,custom_cuda,warp-reduction custom CUDA fused scale + mask + softmax; block_size=512,1536,12288,1536,float32,0.125,25,100,32,1092.0000076293945,512,0,Tesla T4,7.5,2.11.0+cu128,12.8,2026-08-23T19:10:35.798223+00:00
ca87722a00ebf585cd788c67949e7c0b32dca788,custom_cuda,warp-reduction custom CUDA fused scale + mask + softmax; block_size=512,1536,12288,1536,float32,0.125,25,100,33,1097.4400043487549,512,0,Tesla T4,7.5,2.11.0+cu128,12.8,2026-08-23T19:10:35.798223+00:00
ca87722a00ebf585cd788c67949e7c0b32dca788,custom_cuda,warp-reduction custom CUDA fused scale + mask + softmax; block_size=512,1536,12288,1536,float32,0.125,25,100,34,1100.8000373840332,512,0,Tesla T4,7.5,2.11.0+cu128,12.8,2026-08-23T19:10:35.798223+00:00
ca87722a00ebf585cd788c67949e7c0b32dca788,custom_cuda,warp-reduction custom CUDA fused scale + mask + softmax; block_size=512,1536,12288,1536,float32,0.125,25,100,35,1093.5039520263672,512,0,Tesla T4,7.5,2.11.0+cu128,12.8,2026-08-23T19:10:35.798223+00:00
ca87722a00ebf585cd788c67949e7c0b32dca788,custom_cuda,warp-reduction custom CUDA fused scale + mask + softmax; block_size=512,1536,12288,1536,float32,0.125,25,100,36,1091.647982597351,512,0,Tesla T4,7.5,2.11.0+cu128,12.8,2026-08-23T19:10:35.798223+00:00
ca87722a00ebf585cd788c67949e7c0b32dca788,custom_cuda,warp-reduction custom CUDA fused scale + mask + softmax; block_size=512,1536,12288,1536,float32,0.125,25,100,37,1091.647982597351,512,0,Tesla T4,7.5,2.11.0+cu128,12.8,2026-08-23T19:10:35.798223+00:00
ca87722a00ebf585cd788c67949e7c0b32dca788,custom_cuda,warp-reduction custom CUDA fused scale + mask + softmax; block_size=512,1536,12288,1536,float32,0.125,25,100,38,1091.7119979858398,512,0,Tesla T4,7.5,2.11.0+cu128,12.8,2026-08-23T19:10:35.798223+00:00
ca87722a00ebf585cd788c67949e7c0b32dca788,custom_cuda,warp-reduction custom CUDA fused scale + mask + softmax; block_size=512,1536,12288,1536,float32,0.125,25,100,39,1091.5839672088623,512,0,Tesla T4,7.5,2.11.0+cu128,12.8,2026-08-23T19:10:35.798223+00:00
ca87722a00ebf585cd788c67949e7c0b32dca788,custom_cuda,warp-reduction custom CUDA fused scale + mask + softmax; block_size=512,1536,12288,1536,float32,0.125,25,100,40,1091.8079614639282,512,0,Tesla T4,7.5,2.11.0+cu128,12.8,2026-08-23T19:10:35.798223+00:00
ca87722a00ebf585cd788c67949e7c0b32dca788,custom_cuda,warp-reduction custom CUDA fused scale + mask + softmax; block_size=512,1536,12288,1536,float32,0.125,25,100,41,1091.5520191192627,512,0,Tesla T4,7.5,2.11.0+cu128,12.8,2026-08-23T19:10:35.798223+00:00
ca87722a00ebf585cd788c67949e7c0b32dca788,custom_cuda,warp-reduction custom CUDA fused scale + mask + softmax; block_size=512,1536,12288,1536,float32,0.125,25,100,42,1095.5840349197388,512,0,Tesla T4,7.5,2.11.0+cu128,12.8,2026-08-23T19:10:35.798223+00:00
ca87722a00ebf585cd788c67949e7c0b32dca788,custom_cuda,warp-reduction custom CUDA fused scale + mask + softmax; block_size=512,1536,12288,1536,float32,0.125,25,100,43,1091.7119979858398,512,0,Tesla T4,7.5,2.11.0+cu128,12.8,2026-08-23T19:10:35.798223+00:00
ca87722a00ebf585cd788c67949e7c0b32dca788,custom_cuda,warp-reduction custom CUDA fused scale + mask + softmax; block_size=512,1536,12288,1536,float32,0.125,25,100,44,1091.6160345077515,512,0,Tesla T4,7.5,2.11.0+cu128,12.8,2026-08-23T19:10:35.798223+00:00
ca87722a00ebf585cd788c67949e7c0b32dca788,custom_cuda,warp-reduction custom CUDA fused scale + mask + softmax; block_size=512,1536,12288,1536,float32,0.125,25,100,45,1089.8879766464233,512,0,Tesla T4,7.5,2.11.0+cu128,12.8,2026-08-23T19:10:35.798223+00:00
ca87722a00ebf585cd788c67949e7c0b32dca788,custom_cuda,warp-reduction custom CUDA fused scale + mask + softmax; block_size=512,1536,12288,1536,float32,0.125,25,100,46,1092.7040576934814,512,0,Tesla T4,7.5,2.11.0+cu128,12.8,2026-08-23T19:10:35.798223+00:00
ca87722a00ebf585cd788c67949e7c0b32dca788,custom_cuda,warp-reduction custom CUDA fused scale + mask + softmax; block_size=512,1536,12288,1536,float32,0.125,25,100,47,1101.5360355377197,512,0,Tesla T4,7.5,2.11.0+cu128,12.8,2026-08-23T19:10:35.798223+00:00
ca87722a00ebf585cd788c67949e7c0b32dca788,custom_cuda,warp-reduction custom CUDA fused scale + mask + softmax; block_size=512,1536,12288,1536,float32,0.125,25,100,48,1095.903992652893,512,0,Tesla T4,7.5,2.11.0+cu128,12.8,2026-08-23T19:10:35.798223+00:00
ca87722a00ebf585cd788c67949e7c0b32dca788,custom_cuda,warp-reduction custom CUDA fused scale + mask + softmax; block_size=512,1536,12288,1536,float32,0.125,25,100,49,1093.1199789047241,512,0,Tesla T4,7.5,2.11.0+cu128,12.8,2026-08-23T19:10:35.798223+00:00
ca87722a00ebf585cd788c67949e7c0b32dca788,custom_cuda,warp-reduction custom CUDA fused scale + mask + softmax; block_size=512,1536,12288,1536,float32,0.125,25,100,50,1094.2720174789429,512,0,Tesla T4,7.5,2.11.0+cu128,12.8,2026-08-23T19:10:35.798223+00:00
ca87722a00ebf585cd788c67949e7c0b32dca788,custom_cuda,warp-reduction custom CUDA fused scale + mask + softmax; block_size=512,1536,12288,1536,float32,0.125,25,100,51,1095.1679944992065,512,0,Tesla T4,7.5,2.11.0+cu128,12.8,2026-08-23T19:10:35.798223+00:00
ca87722a00ebf585cd788c67949e7c0b32dca788,custom_cuda,warp-reduction custom CUDA fused scale + mask + softmax; block_size=512,1536,12288,1536,float32,0.125,25,100,52,1095.136046409607,512,0,Tesla T4,7.5,2.11.0+cu128,12.8,2026-08-23T19:10:35.798223+00:00
ca87722a00ebf585cd788c67949e7c0b32dca788,custom_cuda,warp-reduction custom CUDA fused scale + mask + softmax; block_size=512,1536,12288,1536,float32,0.125,25,100,53,1091.9359922409058,512,0,Tesla T4,7.5,2.11.0+cu128,12.8,2026-08-23T19:10:35.798223+00:00
ca87722a00ebf585cd788c67949e7c0b32dca788,custom_cuda,warp-reduction custom CUDA fused scale + mask + softmax; block_size=512,1536,12288,1536,float32,0.125,25,100,54,1093.6319828033447,512,0,Tesla T4,7.5,2.11.0+cu128,12.8,2026-08-23T19:10:35.798223+00:00
ca87722a00ebf585cd788c67949e7c0b32dca788,custom_cuda,warp-reduction custom CUDA fused scale + mask + softmax; block_size=512,1536,12288,1536,float32,0.125,25,100,55,1091.5839672088623,512,0,Tesla T4,7.5,2.11.0+cu128,12.8,2026-08-23T19:10:35.798223+00:00
ca87722a00ebf585cd788c67949e7c0b32dca788,custom_cuda,warp-reduction custom CUDA fused scale + mask + softmax; block_size=512,1536,12288,1536,float32,0.125,25,100,56,1092.0319557189941,512,0,Tesla T4,7.5,2.11.0+cu128,12.8,2026-08-23T19:10:35.798223+00:00
ca87722a00ebf585cd788c67949e7c0b32dca788,custom_cuda,warp-reduction custom CUDA fused scale + mask + softmax; block_size=512,1536,12288,1536,float32,0.125,25,100,57,1091.9359922409058,512,0,Tesla T4,7.5,2.11.0+cu128,12.8,2026-08-23T19:10:35.798223+00:00
ca87722a00ebf585cd788c67949e7c0b32dca788,custom_cuda,warp-reduction custom CUDA fused scale + mask + softmax; block_size=512,1536,12288,1536,float32,0.125,25,100,58,1092.352032661438,512,0,Tesla T4,7.5,2.11.0+cu128,12.8,2026-08-23T19:10:35.798223+00:00
ca87722a00ebf585cd788c67949e7c0b32dca788,custom_cuda,warp-reduction custom CUDA fused scale + mask + softmax; block_size=512,1536,12288,1536,float32,0.125,25,100,59,1097.216010093689,512,0,Tesla T4,7.5,2.11.0+cu128,12.8,2026-08-23T19:10:35.798223+00:00
ca87722a00ebf585cd788c67949e7c0b32dca788,custom_cuda,warp-reduction custom CUDA fused scale + mask + softmax; block_size=512,1536,12288,1536,float32,0.125,25,100,60,1105.407953262329,512,0,Tesla T4,7.5,2.11.0+cu128,12.8,2026-08-23T19:10:35.798223+00:00
ca87722a00ebf585cd788c67949e7c0b32dca788,custom_cuda,warp-reduction custom CUDA fused scale + mask + softmax; block_size=512,1536,12288,1536,float32,0.125,25,100,61,1095.4879522323608,512,0,Tesla T4,7.5,2.11.0+cu128,12.8,2026-08-23T19:10:35.798223+00:00
ca87722a00ebf585cd788c67949e7c0b32dca788,custom_cuda,warp-reduction custom CUDA fused scale + mask + softmax; block_size=512,1536,12288,1536,float32,0.125,25,100,62,1092.1920537948608,512,0,Tesla T4,7.5,2.11.0+cu128,12.8,2026-08-23T19:10:35.798223+00:00
ca87722a00ebf585cd788c67949e7c0b32dca788,custom_cuda,warp-reduction custom CUDA fused scale + mask + softmax; block_size=512,1536,12288,1536,float32,0.125,25,100,63,1100.0640392303467,512,0,Tesla T4,7.5,2.11.0+cu128,12.8,2026-08-23T19:10:35.798223+00:00
ca87722a00ebf585cd788c67949e7c0b32dca788,custom_cuda,warp-reduction custom CUDA fused scale + mask + softmax; block_size=512,1536,12288,1536,float32,0.125,25,100,64,1103.4560203552246,512,0,Tesla T4,7.5,2.11.0+cu128,12.8,2026-08-23T19:10:35.798223+00:00
ca87722a00ebf585cd788c67949e7c0b32dca788,custom_cuda,warp-reduction custom CUDA fused scale + mask + softmax; block_size=512,1536,12288,1536,float32,0.125,25,100,65,1098.9439487457275,512,0,Tesla T4,7.5,2.11.0+cu128,12.8,2026-08-23T19:10:35.798223+00:00
ca87722a00ebf585cd788c67949e7c0b32dca788,custom_cuda,warp-reduction custom CUDA fused scale + mask + softmax; block_size=512,1536,12288,1536,float32,0.125,25,100,66,1095.6799983978271,512,0,Tesla T4,7.5,2.11.0+cu128,12.8,2026-08-23T19:10:35.798223+00:00
ca87722a00ebf585cd788c67949e7c0b32dca788,custom_cuda,warp-reduction custom CUDA fused scale + mask + softmax; block_size=512,1536,12288,1536,float32,0.125,25,100,67,1093.6000347137451,512,0,Tesla T4,7.5,2.11.0+cu128,12.8,2026-08-23T19:10:35.798223+00:00
ca87722a00ebf585cd788c67949e7c0b32dca788,custom_cuda,warp-reduction custom CUDA fused scale + mask + softmax; block_size=512,1536,12288,1536,float32,0.125,25,100,68,1093.1199789047241,512,0,Tesla T4,7.5,2.11.0+cu128,12.8,2026-08-23T19:10:35.798223+00:00
ca87722a00ebf585cd788c67949e7c0b32dca788,custom_cuda,warp-reduction custom CUDA fused scale + mask + softmax; block_size=512,1536,12288,1536,float32,0.125,25,100,69,1094.912052154541,512,0,Tesla T4,7.5,2.11.0+cu128,12.8,2026-08-23T19:10:35.798223+00:00
ca87722a00ebf585cd788c67949e7c0b32dca788,custom_cuda,warp-reduction custom CUDA fused scale + mask + softmax; block_size=512,1536,12288,1536,float32,0.125,25,100,70,1092.9919481277466,512,0,Tesla T4,7.5,2.11.0+cu128,12.8,2026-08-23T19:10:35.798223+00:00
ca87722a00ebf585cd788c67949e7c0b32dca788,custom_cuda,warp-reduction custom CUDA fused scale + mask + softmax; block_size=512,1536,12288,1536,float32,0.125,25,100,71,1092.7679538726807,512,0,Tesla T4,7.5,2.11.0+cu128,12.8,2026-08-23T19:10:35.798223+00:00
ca87722a00ebf585cd788c67949e7c0b32dca788,custom_cuda,warp-reduction custom CUDA fused scale + mask + softmax; block_size=512,1536,12288,1536,float32,0.125,25,100,72,1091.3280248641968,512,0,Tesla T4,7.5,2.11.0+cu128,12.8,2026-08-23T19:10:35.798223+00:00
ca87722a00ebf585cd788c67949e7c0b32dca788,custom_cuda,warp-reduction custom CUDA fused scale + mask + softmax; block_size=512,1536,12288,1536,float32,0.125,25,100,73,1092.6719903945923,512,0,Tesla T4,7.5,2.11.0+cu128,12.8,2026-08-23T19:10:35.798223+00:00
ca87722a00ebf585cd788c67949e7c0b32dca788,custom_cuda,warp-reduction custom CUDA fused scale + mask + softmax; block_size=512,1536,12288,1536,float32,0.125,25,100,74,1091.5839672088623,512,0,Tesla T4,7.5,2.11.0+cu128,12.8,2026-08-23T19:10:35.798223+00:00
ca87722a00ebf585cd788c67949e7c0b32dca788,custom_cuda,warp-reduction custom CUDA fused scale + mask + softmax; block_size=512,1536,12288,1536,float32,0.125,25,100,75,1091.5839672088623,512,0,Tesla T4,7.5,2.11.0+cu128,12.8,2026-08-23T19:10:35.798223+00:00
ca87722a00ebf585cd788c67949e7c0b32dca788,custom_cuda,warp-reduction custom CUDA fused scale + mask + softmax; block_size=512,1536,12288,1536,float32,0.125,25,100,76,1091.5839672088623,512,0,Tesla T4,7.5,2.11.0+cu128,12.8,2026-08-23T19:10:35.798223+00:00
ca87722a00ebf585cd788c67949e7c0b32dca788,custom_cuda,warp-reduction custom CUDA fused scale + mask + softmax; block_size=512,1536,12288,1536,float32,0.125,25,100,77,1095.7119464874268,512,0,Tesla T4,7.5,2.11.0+cu128,12.8,2026-08-23T19:10:35.798223+00:00
ca87722a00ebf585cd788c67949e7c0b32dca788,custom_cuda,warp-reduction custom CUDA fused scale + mask + softmax; block_size=512,1536,12288,1536,float32,0.125,25,100,78,1094.208002090454,512,0,Tesla T4,7.5,2.11.0+cu128,12.8,2026-08-23T19:10:35.798223+00:00
ca87722a00ebf585cd788c67949e7c0b32dca788,custom_cuda,warp-reduction custom CUDA fused scale + mask + softmax; block_size=512,1536,12288,1536,float32,0.125,25,100,79,1092.352032661438,512,0,Tesla T4,7.5,2.11.0+cu128,12.8,2026-08-23T19:10:35.798223+00:00
ca87722a00ebf585cd788c67949e7c0b32dca788,custom_cuda,warp-reduction custom CUDA fused scale + mask + softmax; block_size=512,1536,12288,1536,float32,0.125,25,100,80,1092.9919481277466,512,0,Tesla T4,7.5,2.11.0+cu128,12.8,2026-08-23T19:10:35.798223+00:00
ca87722a00ebf585cd788c67949e7c0b32dca788,custom_cuda,warp-reduction custom CUDA fused scale + mask + softmax; block_size=512,1536,12288,1536,float32,0.125,25,100,81,1092.0640230178833,512,0,Tesla T4,7.5,2.11.0+cu128,12.8,2026-08-23T19:10:35.798223+00:00
ca87722a00ebf585cd788c67949e7c0b32dca788,custom_cuda,warp-reduction custom CUDA fused scale + mask + softmax; block_size=512,1536,12288,1536,float32,0.125,25,100,82,1091.5520191192627,512,0,Tesla T4,7.5,2.11.0+cu128,12.8,2026-08-23T19:10:35.798223+00:00
ca87722a00ebf585cd788c67949e7c0b32dca788,custom_cuda,warp-reduction custom CUDA fused scale + mask + softmax; block_size=512,1536,12288,1536,float32,0.125,25,100,83,1092.25594997406,512,0,Tesla T4,7.5,2.11.0+cu128,12.8,2026-08-23T19:10:35.798223+00:00
ca87722a00ebf585cd788c67949e7c0b32dca788,custom_cuda,warp-reduction custom CUDA fused scale + mask + softmax; block_size=512,1536,12288,1536,float32,0.125,25,100,84,1095.1039791107178,512,0,Tesla T4,7.5,2.11.0+cu128,12.8,2026-08-23T19:10:35.798223+00:00
ca87722a00ebf585cd788c67949e7c0b32dca788,custom_cuda,warp-reduction custom CUDA fused scale + mask + softmax; block_size=512,1536,12288,1536,float32,0.125,25,100,85,1092.6719903945923,512,0,Tesla T4,7.5,2.11.0+cu128,12.8,2026-08-23T19:10:35.798223+00:00
ca87722a00ebf585cd788c67949e7c0b32dca788,custom_cuda,warp-reduction custom CUDA fused scale + mask + softmax; block_size=512,1536,12288,1536,float32,0.125,25,100,86,1091.5839672088623,512,0,Tesla T4,7.5,2.11.0+cu128,12.8,2026-08-23T19:10:35.798223+00:00
ca87722a00ebf585cd788c67949e7c0b32dca788,custom_cuda,warp-reduction custom CUDA fused scale + mask + softmax; block_size=512,1536,12288,1536,float32,0.125,25,100,87,1095.1039791107178,512,0,Tesla T4,7.5,2.11.0+cu128,12.8,2026-08-23T19:10:35.798223+00:00
ca87722a00ebf585cd788c67949e7c0b32dca788,custom_cuda,warp-reduction custom CUDA fused scale + mask + softmax; block_size=512,1536,12288,1536,float32,0.125,25,100,88,1091.5839672088623,512,0,Tesla T4,7.5,2.11.0+cu128,12.8,2026-08-23T19:10:35.798223+00:00
ca87722a00ebf585cd788c67949e7c0b32dca788,custom_cuda,warp-reduction custom CUDA fused scale + mask + softmax; block_size=512,1536,12288,1536,float32,0.125,25,100,89,1093.0559635162354,512,0,Tesla T4,7.5,2.11.0+cu128,12.8,2026-08-23T19:10:35.798223+00:00
ca87722a00ebf585cd788c67949e7c0b32dca788,custom_cuda,warp-reduction custom CUDA fused scale + mask + softmax; block_size=512,1536,12288,1536,float32,0.125,25,100,90,1091.871976852417,512,0,Tesla T4,7.5,2.11.0+cu128,12.8,2026-08-23T19:10:35.798223+00:00
ca87722a00ebf585cd788c67949e7c0b32dca788,custom_cuda,warp-reduction custom CUDA fused scale + mask + softmax; block_size=512,1536,12288,1536,float32,0.125,25,100,91,1092.1920537948608,512,0,Tesla T4,7.5,2.11.0+cu128,12.8,2026-08-23T19:10:35.798223+00:00
ca87722a00ebf585cd788c67949e7c0b32dca788,custom_cuda,warp-reduction custom CUDA fused scale + mask + softmax; block_size=512,1536,12288,1536,float32,0.125,25,100,92,1091.5839672088623,512,0,Tesla T4,7.5,2.11.0+cu128,12.8,2026-08-23T19:10:35.798223+00:00
ca87722a00ebf585cd788c67949e7c0b32dca788,custom_cuda,warp-reduction custom CUDA fused scale + mask + softmax; block_size=512,1536,12288,1536,float32,0.125,25,100,93,1099.776029586792,512,0,Tesla T4,7.5,2.11.0+cu128,12.8,2026-08-23T19:10:35.798223+00:00
ca87722a00ebf585cd788c67949e7c0b32dca788,custom_cuda,warp-reduction custom CUDA fused scale + mask + softmax; block_size=512,1536,12288,1536,float32,0.125,25,100,94,1093.6319828033447,512,0,Tesla T4,7.5,2.11.0+cu128,12.8,2026-08-23T19:10:35.798223+00:00
ca87722a00ebf585cd788c67949e7c0b32dca788,custom_cuda,warp-reduction custom CUDA fused scale + mask + softmax; block_size=512,1536,12288,1536,float32,0.125,25,100,95,1091.9359922409058,512,0,Tesla T4,7.5,2.11.0+cu128,12.8,2026-08-23T19:10:35.798223+00:00
ca87722a00ebf585cd788c67949e7c0b32dca788,custom_cuda,warp-reduction custom CUDA fused scale + mask + softmax; block_size=512,1536,12288,1536,float32,0.125,25,100,96,1095.1679944992065,512,0,Tesla T4,7.5,2.11.0+cu128,12.8,2026-08-23T19:10:35.798223+00:00
ca87722a00ebf585cd788c67949e7c0b32dca788,custom_cuda,warp-reduction custom CUDA fused scale + mask + softmax; block_size=512,1536,12288,1536,float32,0.125,25,100,97,1092.7040576934814,512,0,Tesla T4,7.5,2.11.0+cu128,12.8,2026-08-23T19:10:35.798223+00:00
ca87722a00ebf585cd788c67949e7c0b32dca788,custom_cuda,warp-reduction custom CUDA fused scale + mask + softmax; block_size=512,1536,12288,1536,float32,0.125,25,100,98,1095.7119464874268,512,0,Tesla T4,7.5,2.11.0+cu128,12.8,2026-08-23T19:10:35.798223+00:00
ca87722a00ebf585cd788c67949e7c0b32dca788,custom_cuda,warp-reduction custom CUDA fused scale + mask + softmax; block_size=512,1536,12288,1536,float32,0.125,25,100,99,1091.007947921753,512,0,Tesla T4,7.5,2.11.0+cu128,12.8,2026-08-23T19:10:35.798223+00:00
ca87722a00ebf585cd788c67949e7c0b32dca788,custom_cuda,warp-reduction custom CUDA fused scale + mask + softmax; block_size=512,2048,16384,2048,float32,0.125,25,100,0,1409.0240001678467,512,0,Tesla T4,7.5,2.11.0+cu128,12.8,2026-08-23T19:10:38.436404+00:00
ca87722a00ebf585cd788c67949e7c0b32dca788,custom_cuda,warp-reduction custom CUDA fused scale + mask + softmax; block_size=512,2048,16384,2048,float32,0.125,25,100,1,1366.2079572677612,512,0,Tesla T4,7.5,2.11.0+cu128,12.8,2026-08-23T19:10:38.436404+00:00
ca87722a00ebf585cd788c67949e7c0b32dca788,custom_cuda,warp-reduction custom CUDA fused scale + mask + softmax; block_size=512,2048,16384,2048,float32,0.125,25,100,2,1368.0319786071777,512,0,Tesla T4,7.5,2.11.0+cu128,12.8,2026-08-23T19:10:38.436404+00:00
ca87722a00ebf585cd788c67949e7c0b32dca788,custom_cuda,warp-reduction custom CUDA fused scale + mask + softmax; block_size=512,2048,16384,2048,float32,0.125,25,100,3,1362.3039722442627,512,0,Tesla T4,7.5,2.11.0+cu128,12.8,2026-08-23T19:10:38.436404+00:00
ca87722a00ebf585cd788c67949e7c0b32dca788,custom_cuda,warp-reduction custom CUDA fused scale + mask + softmax; block_size=512,2048,16384,2048,float32,0.125,25,100,4,1361.2799644470215,512,0,Tesla T4,7.5,2.11.0+cu128,12.8,2026-08-23T19:10:38.436404+00:00
ca87722a00ebf585cd788c67949e7c0b32dca788,custom_cuda,warp-reduction custom CUDA fused scale + mask + softmax; block_size=512,2048,16384,2048,float32,0.125,25,100,5,1363.584041595459,512,0,Tesla T4,7.5,2.11.0+cu128,12.8,2026-08-23T19:10:38.436404+00:00
ca87722a00ebf585cd788c67949e7c0b32dca788,custom_cuda,warp-reduction custom CUDA fused scale + mask + softmax; block_size=512,2048,16384,2048,float32,0.125,25,100,6,1359.8719835281372,512,0,Tesla T4,7.5,2.11.0+cu128,12.8,2026-08-23T19:10:38.436404+00:00
ca87722a00ebf585cd788c67949e7c0b32dca788,custom_cuda,warp-reduction custom CUDA fused scale + mask + softmax; block_size=512,2048,16384,2048,float32,0.125,25,100,7,1360.0000143051147,512,0,Tesla T4,7.5,2.11.0+cu128,12.8,2026-08-23T19:10:38.436404+00:00
ca87722a00ebf585cd788c67949e7c0b32dca788,custom_cuda,warp-reduction custom CUDA fused scale + mask + softmax; block_size=512,2048,16384,2048,float32,0.125,25,100,8,1385.0879669189453,512,0,Tesla T4,7.5,2.11.0+cu128,12.8,2026-08-23T19:10:38.436404+00:00
ca87722a00ebf585cd788c67949e7c0b32dca788,custom_cuda,warp-reduction custom CUDA fused scale + mask + softmax; block_size=512,2048,16384,2048,float32,0.125,25,100,9,1363.968014717102,512,0,Tesla T4,7.5,2.11.0+cu128,12.8,2026-08-23T19:10:38.436404+00:00
ca87722a00ebf585cd788c67949e7c0b32dca788,custom_cuda,warp-reduction custom CUDA fused scale + mask + softmax; block_size=512,2048,16384,2048,float32,0.125,25,100,10,1361.9199991226196,512,0,Tesla T4,7.5,2.11.0+cu128,12.8,2026-08-23T19:10:38.436404+00:00
ca87722a00ebf585cd788c67949e7c0b32dca788,custom_cuda,warp-reduction custom CUDA fused scale + mask + softmax; block_size=512,2048,16384,2048,float32,0.125,25,100,11,1362.8480434417725,512,0,Tesla T4,7.5,2.11.0+cu128,12.8,2026-08-23T19:10:38.436404+00:00
ca87722a00ebf585cd788c67949e7c0b32dca788,custom_cuda,warp-reduction custom CUDA fused scale + mask + softmax; block_size=512,2048,16384,2048,float32,0.125,25,100,12,1361.6960048675537,512,0,Tesla T4,7.5,2.11.0+cu128,12.8,2026-08-23T19:10:38.436404+00:00
ca87722a00ebf585cd788c67949e7c0b32dca788,custom_cuda,warp-reduction custom CUDA fused scale + mask + softmax; block_size=512,2048,16384,2048,float32,0.125,25,100,13,1376.4159679412842,512,0,Tesla T4,7.5,2.11.0+cu128,12.8,2026-08-23T19:10:38.436404+00:00
ca87722a00ebf585cd788c67949e7c0b32dca788,custom_cuda,warp-reduction custom CUDA fused scale + mask + softmax; block_size=512,2048,16384,2048,float32,0.125,25,100,14,1375.9360313415527,512,0,Tesla T4,7.5,2.11.0+cu128,12.8,2026-08-23T19:10:38.436404+00:00
ca87722a00ebf585cd788c67949e7c0b32dca788,custom_cuda,warp-reduction custom CUDA fused scale + mask + softmax; block_size=512,2048,16384,2048,float32,0.125,25,100,15,1362.4000549316406,512,0,Tesla T4,7.5,2.11.0+cu128,12.8,2026-08-23T19:10:38.436404+00:00
ca87722a00ebf585cd788c67949e7c0b32dca788,custom_cuda,warp-reduction custom CUDA fused scale + mask + softmax; block_size=512,2048,16384,2048,float32,0.125,25,100,16,1360.7679605484009,512,0,Tesla T4,7.5,2.11.0+cu128,12.8,2026-08-23T19:10:38.436404+00:00
ca87722a00ebf585cd788c67949e7c0b32dca788,custom_cuda,warp-reduction custom CUDA fused scale + mask + softmax; block_size=512,2048,16384,2048,float32,0.125,25,100,17,1363.9999628067017,512,0,Tesla T4,7.5,2.11.0+cu128,12.8,2026-08-23T19:10:38.436404+00:00
ca87722a00ebf585cd788c67949e7c0b32dca788,custom_cuda,warp-reduction custom CUDA fused scale + mask + softmax; block_size=512,2048,16384,2048,float32,0.125,25,100,18,1393.1519985198975,512,0,Tesla T4,7.5,2.11.0+cu128,12.8,2026-08-23T19:10:38.436404+00:00
ca87722a00ebf585cd788c67949e7c0b32dca788,custom_cuda,warp-reduction custom CUDA fused scale + mask + softmax; block_size=512,2048,16384,2048,float32,0.125,25,100,19,1380.9280395507812,512,0,Tesla T4,7.5,2.11.0+cu128,12.8,2026-08-23T19:10:38.436404+00:00
ca87722a00ebf585cd788c67949e7c0b32dca788,custom_cuda,warp-reduction custom CUDA fused scale + mask + softmax; block_size=512,2048,16384,2048,float32,0.125,25,100,20,1438.2400512695312,512,0,Tesla T4,7.5,2.11.0+cu128,12.8,2026-08-23T19:10:38.436404+00:00
ca87722a00ebf585cd788c67949e7c0b32dca788,custom_cuda,warp-reduction custom CUDA fused scale + mask + softmax; block_size=512,2048,16384,2048,float32,0.125,25,100,21,1384.2560052871704,512,0,Tesla T4,7.5,2.11.0+cu128,12.8,2026-08-23T19:10:38.436404+00:00
ca87722a00ebf585cd788c67949e7c0b32dca788,custom_cuda,warp-reduction custom CUDA fused scale + mask + softmax; block_size=512,2048,16384,2048,float32,0.125,25,100,22,1402.3360013961792,512,0,Tesla T4,7.5,2.11.0+cu128,12.8,2026-08-23T19:10:38.436404+00:00
ca87722a00ebf585cd788c67949e7c0b32dca788,custom_cuda,warp-reduction custom CUDA fused scale + mask + softmax; block_size=512,2048,16384,2048,float32,0.125,25,100,23,1380.3199529647827,512,0,Tesla T4,7.5,2.11.0+cu128,12.8,2026-08-23T19:10:38.436404+00:00
ca87722a00ebf585cd788c67949e7c0b32dca788,custom_cuda,warp-reduction custom CUDA fused scale + mask + softmax; block_size=512,2048,16384,2048,float32,0.125,25,100,24,1440.9600496292114,512,0,Tesla T4,7.5,2.11.0+cu128,12.8,2026-08-23T19:10:38.436404+00:00
ca87722a00ebf585cd788c67949e7c0b32dca788,custom_cuda,warp-reduction custom CUDA fused scale + mask + softmax; block_size=512,2048,16384,2048,float32,0.125,25,100,25,1382.0799589157104,512,0,Tesla T4,7.5,2.11.0+cu128,12.8,2026-08-23T19:10:38.436404+00:00
ca87722a00ebf585cd788c67949e7c0b32dca788,custom_cuda,warp-reduction custom CUDA fused scale + mask + softmax; block_size=512,2048,16384,2048,float32,0.125,25,100,26,1443.6800479888916,512,0,Tesla T4,7.5,2.11.0+cu128,12.8,2026-08-23T19:10:38.436404+00:00
ca87722a00ebf585cd788c67949e7c0b32dca788,custom_cuda,warp-reduction custom CUDA fused scale + mask + softmax; block_size=512,2048,16384,2048,float32,0.125,25,100,27,1380.5439472198486,512,0,Tesla T4,7.5,2.11.0+cu128,12.8,2026-08-23T19:10:38.436404+00:00
ca87722a00ebf585cd788c67949e7c0b32dca788,custom_cuda,warp-reduction custom CUDA fused scale + mask + softmax; block_size=512,2048,16384,2048,float32,0.125,25,100,28,1394.6239948272705,512,0,Tesla T4,7.5,2.11.0+cu128,12.8,2026-08-23T19:10:38.436404+00:00
ca87722a00ebf585cd788c67949e7c0b32dca788,custom_cuda,warp-reduction custom CUDA fused scale + mask + softmax; block_size=512,2048,16384,2048,float32,0.125,25,100,29,1382.3679685592651,512,0,Tesla T4,7.5,2.11.0+cu128,12.8,2026-08-23T19:10:38.436404+00:00
ca87722a00ebf585cd788c67949e7c0b32dca788,custom_cuda,warp-reduction custom CUDA fused scale + mask + softmax; block_size=512,2048,16384,2048,float32,0.125,25,100,30,1396.9600200653076,512,0,Tesla T4,7.5,2.11.0+cu128,12.8,2026-08-23T19:10:38.436404+00:00
ca87722a00ebf585cd788c67949e7c0b32dca788,custom_cuda,warp-reduction custom CUDA fused scale + mask + softmax; block_size=512,2048,16384,2048,float32,0.125,25,100,31,1393.664002418518,512,0,Tesla T4,7.5,2.11.0+cu128,12.8,2026-08-23T19:10:38.436404+00:00
ca87722a00ebf585cd788c67949e7c0b32dca788,custom_cuda,warp-reduction custom CUDA fused scale + mask + softmax; block_size=512,2048,16384,2048,float32,0.125,25,100,32,1368.607997894287,512,0,Tesla T4,7.5,2.11.0+cu128,12.8,2026-08-23T19:10:38.436404+00:00
ca87722a00ebf585cd788c67949e7c0b32dca788,custom_cuda,warp-reduction custom CUDA fused scale + mask + softmax; block_size=512,2048,16384,2048,float32,0.125,25,100,33,1378.559947013855,512,0,Tesla T4,7.5,2.11.0+cu128,12.8,2026-08-23T19:10:38.436404+00:00
ca87722a00ebf585cd788c67949e7c0b32dca788,custom_cuda,warp-reduction custom CUDA fused scale + mask + softmax; block_size=512,2048,16384,2048,float32,0.125,25,100,34,1366.047978401184,512,0,Tesla T4,7.5,2.11.0+cu128,12.8,2026-08-23T19:10:38.436404+00:00
ca87722a00ebf585cd788c67949e7c0b32dca788,custom_cuda,warp-reduction custom CUDA fused scale + mask + softmax; block_size=512,2048,16384,2048,float32,0.125,25,100,35,1361.1199855804443,512,0,Tesla T4,7.5,2.11.0+cu128,12.8,2026-08-23T19:10:38.436404+00:00
ca87722a00ebf585cd788c67949e7c0b32dca788,custom_cuda,warp-reduction custom CUDA fused scale + mask + softmax; block_size=512,2048,16384,2048,float32,0.125,25,100,36,1362.2080087661743,512,0,Tesla T4,7.5,2.11.0+cu128,12.8,2026-08-23T19:10:38.436404+00:00
ca87722a00ebf585cd788c67949e7c0b32dca788,custom_cuda,warp-reduction custom CUDA fused scale + mask + softmax; block_size=512,2048,16384,2048,float32,0.125,25,100,37,1360.543966293335,512,0,Tesla T4,7.5,2.11.0+cu128,12.8,2026-08-23T19:10:38.436404+00:00
ca87722a00ebf585cd788c67949e7c0b32dca788,custom_cuda,warp-reduction custom CUDA fused scale + mask + softmax; block_size=512,2048,16384,2048,float32,0.125,25,100,38,1359.8719835281372,512,0,Tesla T4,7.5,2.11.0+cu128,12.8,2026-08-23T19:10:38.436404+00:00
ca87722a00ebf585cd788c67949e7c0b32dca788,custom_cuda,warp-reduction custom CUDA fused scale + mask + softmax; block_size=512,2048,16384,2048,float32,0.125,25,100,39,1361.0559701919556,512,0,Tesla T4,7.5,2.11.0+cu128,12.8,2026-08-23T19:10:38.436404+00:00
ca87722a00ebf585cd788c67949e7c0b32dca788,custom_cuda,warp-reduction custom CUDA fused scale + mask + softmax; block_size=512,2048,16384,2048,float32,0.125,25,100,40,1361.3120317459106,512,0,Tesla T4,7.5,2.11.0+cu128,12.8,2026-08-23T19:10:38.436404+00:00
ca87722a00ebf585cd788c67949e7c0b32dca788,custom_cuda,warp-reduction custom CUDA fused scale + mask + softmax; block_size=512,2048,16384,2048,float32,0.125,25,100,41,1362.2080087661743,512,0,Tesla T4,7.5,2.11.0+cu128,12.8,2026-08-23T19:10:38.436404+00:00
ca87722a00ebf585cd788c67949e7c0b32dca788,custom_cuda,warp-reduction custom CUDA fused scale + mask + softmax; block_size=512,2048,16384,2048,float32,0.125,25,100,42,1359.231948852539,512,0,Tesla T4,7.5,2.11.0+cu128,12.8,2026-08-23T19:10:38.436404+00:00
ca87722a00ebf585cd788c67949e7c0b32dca788,custom_cuda,warp-reduction custom CUDA fused scale + mask + softmax; block_size=512,2048,16384,2048,float32,0.125,25,100,43,1359.8719835281372,512,0,Tesla T4,7.5,2.11.0+cu128,12.8,2026-08-23T19:10:38.436404+00:00
ca87722a00ebf585cd788c67949e7c0b32dca788,custom_cuda,warp-reduction custom CUDA fused scale + mask + softmax; block_size=512,2048,16384,2048,float32,0.125,25,100,44,1358.7520122528076,512,0,Tesla T4,7.5,2.11.0+cu128,12.8,2026-08-23T19:10:38.436404+00:00
ca87722a00ebf585cd788c67949e7c0b32dca788,custom_cuda,warp-reduction custom CUDA fused scale + mask + softmax; block_size=512,2048,16384,2048,float32,0.125,25,100,45,1363.5519742965698,512,0,Tesla T4,7.5,2.11.0+cu128,12.8,2026-08-23T19:10:38.436404+00:00
ca87722a00ebf585cd788c67949e7c0b32dca788,custom_cuda,warp-reduction custom CUDA fused scale + mask + softmax; block_size=512,2048,16384,2048,float32,0.125,25,100,46,1370.1119422912598,512,0,Tesla T4,7.5,2.11.0+cu128,12.8,2026-08-23T19:10:38.436404+00:00
ca87722a00ebf585cd788c67949e7c0b32dca788,custom_cuda,warp-reduction custom CUDA fused scale + mask + softmax; block_size=512,2048,16384,2048,float32,0.125,25,100,47,1361.9199991226196,512,0,Tesla T4,7.5,2.11.0+cu128,12.8,2026-08-23T19:10:38.436404+00:00
ca87722a00ebf585cd788c67949e7c0b32dca788,custom_cuda,warp-reduction custom CUDA fused scale + mask + softmax; block_size=512,2048,16384,2048,float32,0.125,25,100,48,1361.791968345642,512,0,Tesla T4,7.5,2.11.0+cu128,12.8,2026-08-23T19:10:38.436404+00:00
ca87722a00ebf585cd788c67949e7c0b32dca788,custom_cuda,warp-reduction custom CUDA fused scale + mask + softmax; block_size=512,2048,16384,2048,float32,0.125,25,100,49,1359.8079681396484,512,0,Tesla T4,7.5,2.11.0+cu128,12.8,2026-08-23T19:10:38.436404+00:00
ca87722a00ebf585cd788c67949e7c0b32dca788,custom_cuda,warp-reduction custom CUDA fused scale + mask + softmax; block_size=512,2048,16384,2048,float32,0.125,25,100,50,1360.3839874267578,512,0,Tesla T4,7.5,2.11.0+cu128,12.8,2026-08-23T19:10:38.436404+00:00
ca87722a00ebf585cd788c67949e7c0b32dca788,custom_cuda,warp-reduction custom CUDA fused scale + mask + softmax; block_size=512,2048,16384,2048,float32,0.125,25,100,51,1358.8160276412964,512,0,Tesla T4,7.5,2.11.0+cu128,12.8,2026-08-23T19:10:38.436404+00:00
ca87722a00ebf585cd788c67949e7c0b32dca788,custom_cuda,warp-reduction custom CUDA fused scale + mask + softmax; block_size=512,2048,16384,2048,float32,0.125,25,100,52,1359.328031539917,512,0,Tesla T4,7.5,2.11.0+cu128,12.8,2026-08-23T19:10:38.436404+00:00
ca87722a00ebf585cd788c67949e7c0b32dca788,custom_cuda,warp-reduction custom CUDA fused scale + mask + softmax; block_size=512,2048,16384,2048,float32,0.125,25,100,53,1358.3680391311646,512,0,Tesla T4,7.5,2.11.0+cu128,12.8,2026-08-23T19:10:38.436404+00:00
ca87722a00ebf585cd788c67949e7c0b32dca788,custom_cuda,warp-reduction custom CUDA fused scale + mask + softmax; block_size=512,2048,16384,2048,float32,0.125,25,100,54,1359.935998916626,512,0,Tesla T4,7.5,2.11.0+cu128,12.8,2026-08-23T19:10:38.436404+00:00
ca87722a00ebf585cd788c67949e7c0b32dca788,custom_cuda,warp-reduction custom CUDA fused scale + mask + softmax; block_size=512,2048,16384,2048,float32,0.125,25,100,55,1362.4000549316406,512,0,Tesla T4,7.5,2.11.0+cu128,12.8,2026-08-23T19:10:38.436404+00:00
ca87722a00ebf585cd788c67949e7c0b32dca788,custom_cuda,warp-reduction custom CUDA fused scale + mask + softmax; block_size=512,2048,16384,2048,float32,0.125,25,100,56,1361.6960048675537,512,0,Tesla T4,7.5,2.11.0+cu128,12.8,2026-08-23T19:10:38.436404+00:00
ca87722a00ebf585cd788c67949e7c0b32dca788,custom_cuda,warp-reduction custom CUDA fused scale + mask + softmax; block_size=512,2048,16384,2048,float32,0.125,25,100,57,1361.2159490585327,512,0,Tesla T4,7.5,2.11.0+cu128,12.8,2026-08-23T19:10:38.436404+00:00
ca87722a00ebf585cd788c67949e7c0b32dca788,custom_cuda,warp-reduction custom CUDA fused scale + mask + softmax; block_size=512,2048,16384,2048,float32,0.125,25,100,58,1366.0160303115845,512,0,Tesla T4,7.5,2.11.0+cu128,12.8,2026-08-23T19:10:38.436404+00:00
ca87722a00ebf585cd788c67949e7c0b32dca788,custom_cuda,warp-reduction custom CUDA fused scale + mask + softmax; block_size=512,2048,16384,2048,float32,0.125,25,100,59,1363.6800050735474,512,0,Tesla T4,7.5,2.11.0+cu128,12.8,2026-08-23T19:10:38.436404+00:00
ca87722a00ebf585cd788c67949e7c0b32dca788,custom_cuda,warp-reduction custom CUDA fused scale + mask + softmax; block_size=512,2048,16384,2048,float32,0.125,25,100,60,1360.1280450820923,512,0,Tesla T4,7.5,2.11.0+cu128,12.8,2026-08-23T19:10:38.436404+00:00
ca87722a00ebf585cd788c67949e7c0b32dca788,custom_cuda,warp-reduction custom CUDA fused scale + mask + softmax; block_size=512,2048,16384,2048,float32,0.125,25,100,61,1357.8239679336548,512,0,Tesla T4,7.5,2.11.0+cu128,12.8,2026-08-23T19:10:38.436404+00:00
ca87722a00ebf585cd788c67949e7c0b32dca788,custom_cuda,warp-reduction custom CUDA fused scale + mask + softmax; block_size=512,2048,16384,2048,float32,0.125,25,100,62,1361.9199991226196,512,0,Tesla T4,7.5,2.11.0+cu128,12.8,2026-08-23T19:10:38.436404+00:00
ca87722a00ebf585cd788c67949e7c0b32dca788,custom_cuda,warp-reduction custom CUDA fused scale + mask + softmax; block_size=512,2048,16384,2048,float32,0.125,25,100,63,1359.6800565719604,512,0,Tesla T4,7.5,2.11.0+cu128,12.8,2026-08-23T19:10:38.436404+00:00
ca87722a00ebf585cd788c67949e7c0b32dca788,custom_cuda,warp-reduction custom CUDA fused scale + mask + softmax; block_size=512,2048,16384,2048,float32,0.125,25,100,64,1361.1199855804443,512,0,Tesla T4,7.5,2.11.0+cu128,12.8,2026-08-23T19:10:38.436404+00:00
ca87722a00ebf585cd788c67949e7c0b32dca788,custom_cuda,warp-reduction custom CUDA fused scale + mask + softmax; block_size=512,2048,16384,2048,float32,0.125,25,100,65,1396.7360258102417,512,0,Tesla T4,7.5,2.11.0+cu128,12.8,2026-08-23T19:10:38.436404+00:00
ca87722a00ebf585cd788c67949e7c0b32dca788,custom_cuda,warp-reduction custom CUDA fused scale + mask + softmax; block_size=512,2048,16384,2048,float32,0.125,25,100,66,1369.088053703308,512,0,Tesla T4,7.5,2.11.0+cu128,12.8,2026-08-23T19:10:38.436404+00:00
ca87722a00ebf585cd788c67949e7c0b32dca788,custom_cuda,warp-reduction custom CUDA fused scale + mask + softmax; block_size=512,2048,16384,2048,float32,0.125,25,100,67,1366.655945777893,512,0,Tesla T4,7.5,2.11.0+cu128,12.8,2026-08-23T19:10:38.436404+00:00
ca87722a00ebf585cd788c67949e7c0b32dca788,custom_cuda,warp-reduction custom CUDA fused scale + mask + softmax; block_size=512,2048,16384,2048,float32,0.125,25,100,68,1374.2079734802246,512,0,Tesla T4,7.5,2.11.0+cu128,12.8,2026-08-23T19:10:38.436404+00:00
ca87722a00ebf585cd788c67949e7c0b32dca788,custom_cuda,warp-reduction custom CUDA fused scale + mask + softmax; block_size=512,2048,16384,2048,float32,0.125,25,100,69,1364.6719455718994,512,0,Tesla T4,7.5,2.11.0+cu128,12.8,2026-08-23T19:10:38.436404+00:00
ca87722a00ebf585cd788c67949e7c0b32dca788,custom_cuda,warp-reduction custom CUDA fused scale + mask + softmax; block_size=512,2048,16384,2048,float32,0.125,25,100,70,1374.2079734802246,512,0,Tesla T4,7.5,2.11.0+cu128,12.8,2026-08-23T19:10:38.436404+00:00
ca87722a00ebf585cd788c67949e7c0b32dca788,custom_cuda,warp-reduction custom CUDA fused scale + mask + softmax; block_size=512,2048,16384,2048,float32,0.125,25,100,71,1363.9999628067017,512,0,Tesla T4,7.5,2.11.0+cu128,12.8,2026-08-23T19:10:38.436404+00:00
ca87722a00ebf585cd788c67949e7c0b32dca788,custom_cuda,warp-reduction custom CUDA fused scale + mask + softmax; block_size=512,2048,16384,2048,float32,0.125,25,100,72,1373.2160329818726,512,0,Tesla T4,7.5,2.11.0+cu128,12.8,2026-08-23T19:10:38.436404+00:00
ca87722a00ebf585cd788c67949e7c0b32dca788,custom_cuda,warp-reduction custom CUDA fused scale + mask + softmax; block_size=512,2048,16384,2048,float32,0.125,25,100,73,1363.935947418213,512,0,Tesla T4,7.5,2.11.0+cu128,12.8,2026-08-23T19:10:38.436404+00:00
ca87722a00ebf585cd788c67949e7c0b32dca788,custom_cuda,warp-reduction custom CUDA fused scale + mask + softmax; block_size=512,2048,16384,2048,float32,0.125,25,100,74,1373.8880157470703,512,0,Tesla T4,7.5,2.11.0+cu128,12.8,2026-08-23T19:10:38.436404+00:00
ca87722a00ebf585cd788c67949e7c0b32dca788,custom_cuda,warp-reduction custom CUDA fused scale + mask + softmax; block_size=512,2048,16384,2048,float32,0.125,25,100,75,1321.1519718170166,512,0,Tesla T4,7.5,2.11.0+cu128,12.8,2026-08-23T19:10:38.436404+00:00
ca87722a00ebf585cd788c67949e7c0b32dca788,custom_cuda,warp-reduction custom CUDA fused scale + mask + softmax; block_size=512,2048,16384,2048,float32,0.125,25,100,76,1239.1999959945679,512,0,Tesla T4,7.5,2.11.0+cu128,12.8,2026-08-23T19:10:38.436404+00:00
ca87722a00ebf585cd788c67949e7c0b32dca788,custom_cuda,warp-reduction custom CUDA fused scale + mask + softmax; block_size=512,2048,16384,2048,float32,0.125,25,100,77,1248.2880353927612,512,0,Tesla T4,7.5,2.11.0+cu128,12.8,2026-08-23T19:10:38.436404+00:00
ca87722a00ebf585cd788c67949e7c0b32dca788,custom_cuda,warp-reduction custom CUDA fused scale + mask + softmax; block_size=512,2048,16384,2048,float32,0.125,25,100,78,1245.1839447021484,512,0,Tesla T4,7.5,2.11.0+cu128,12.8,2026-08-23T19:10:38.436404+00:00
ca87722a00ebf585cd788c67949e7c0b32dca788,custom_cuda,warp-reduction custom CUDA fused scale + mask + softmax; block_size=512,2048,16384,2048,float32,0.125,25,100,79,1241.0880327224731,512,0,Tesla T4,7.5,2.11.0+cu128,12.8,2026-08-23T19:10:38.436404+00:00
ca87722a00ebf585cd788c67949e7c0b32dca788,custom_cuda,warp-reduction custom CUDA fused scale + mask + softmax; block_size=512,2048,16384,2048,float32,0.125,25,100,80,1252.7999877929688,512,0,Tesla T4,7.5,2.11.0+cu128,12.8,2026-08-23T19:10:38.436404+00:00
ca87722a00ebf585cd788c67949e7c0b32dca788,custom_cuda,warp-reduction custom CUDA fused scale + mask + softmax; block_size=512,2048,16384,2048,float32,0.125,25,100,81,1243.6480522155762,512,0,Tesla T4,7.5,2.11.0+cu128,12.8,2026-08-23T19:10:38.436404+00:00
ca87722a00ebf585cd788c67949e7c0b32dca788,custom_cuda,warp-reduction custom CUDA fused scale + mask + softmax; block_size=512,2048,16384,2048,float32,0.125,25,100,82,1240.928053855896,512,0,Tesla T4,7.5,2.11.0+cu128,12.8,2026-08-23T19:10:38.436404+00:00
ca87722a00ebf585cd788c67949e7c0b32dca788,custom_cuda,warp-reduction custom CUDA fused scale + mask + softmax; block_size=512,2048,16384,2048,float32,0.125,25,100,83,1241.0880327224731,512,0,Tesla T4,7.5,2.11.0+cu128,12.8,2026-08-23T19:10:38.436404+00:00
ca87722a00ebf585cd788c67949e7c0b32dca788,custom_cuda,warp-reduction custom CUDA fused scale + mask + softmax; block_size=512,2048,16384,2048,float32,0.125,25,100,84,1240.1599884033203,512,0,Tesla T4,7.5,2.11.0+cu128,12.8,2026-08-23T19:10:38.436404+00:00
ca87722a00ebf585cd788c67949e7c0b32dca788,custom_cuda,warp-reduction custom CUDA fused scale + mask + softmax; block_size=512,2048,16384,2048,float32,0.125,25,100,85,1243.8080310821533,512,0,Tesla T4,7.5,2.11.0+cu128,12.8,2026-08-23T19:10:38.436404+00:00
ca87722a00ebf585cd788c67949e7c0b32dca788,custom_cuda,warp-reduction custom CUDA fused scale + mask + softmax; block_size=512,2048,16384,2048,float32,0.125,25,100,86,1240.5120134353638,512,0,Tesla T4,7.5,2.11.0+cu128,12.8,2026-08-23T19:10:38.436404+00:00
ca87722a00ebf585cd788c67949e7c0b32dca788,custom_cuda,warp-reduction custom CUDA fused scale + mask + softmax; block_size=512,2048,16384,2048,float32,0.125,25,100,87,1240.8000230789185,512,0,Tesla T4,7.5,2.11.0+cu128,12.8,2026-08-23T19:10:38.436404+00:00
ca87722a00ebf585cd788c67949e7c0b32dca788,custom_cuda,warp-reduction custom CUDA fused scale + mask + softmax; block_size=512,2048,16384,2048,float32,0.125,25,100,88,1241.2480115890503,512,0,Tesla T4,7.5,2.11.0+cu128,12.8,2026-08-23T19:10:38.436404+00:00
ca87722a00ebf585cd788c67949e7c0b32dca788,custom_cuda,warp-reduction custom CUDA fused scale + mask + softmax; block_size=512,2048,16384,2048,float32,0.125,25,100,89,1245.1839447021484,512,0,Tesla T4,7.5,2.11.0+cu128,12.8,2026-08-23T19:10:38.436404+00:00
ca87722a00ebf585cd788c67949e7c0b32dca788,custom_cuda,warp-reduction custom CUDA fused scale + mask + softmax; block_size=512,2048,16384,2048,float32,0.125,25,100,90,1239.6160364151,512,0,Tesla T4,7.5,2.11.0+cu128,12.8,2026-08-23T19:10:38.436404+00:00
ca87722a00ebf585cd788c67949e7c0b32dca788,custom_cuda,warp-reduction custom CUDA fused scale + mask + softmax; block_size=512,2048,16384,2048,float32,0.125,25,100,91,1241.0880327224731,512,0,Tesla T4,7.5,2.11.0+cu128,12.8,2026-08-23T19:10:38.436404+00:00
ca87722a00ebf585cd788c67949e7c0b32dca788,custom_cuda,warp-reduction custom CUDA fused scale + mask + softmax; block_size=512,2048,16384,2048,float32,0.125,25,100,92,1270.6559896469116,512,0,Tesla T4,7.5,2.11.0+cu128,12.8,2026-08-23T19:10:38.436404+00:00
ca87722a00ebf585cd788c67949e7c0b32dca788,custom_cuda,warp-reduction custom CUDA fused scale + mask + softmax; block_size=512,2048,16384,2048,float32,0.125,25,100,93,1240.064024925232,512,0,Tesla T4,7.5,2.11.0+cu128,12.8,2026-08-23T19:10:38.436404+00:00
ca87722a00ebf585cd788c67949e7c0b32dca788,custom_cuda,warp-reduction custom CUDA fused scale + mask + softmax; block_size=512,2048,16384,2048,float32,0.125,25,100,94,1240.3839826583862,512,0,Tesla T4,7.5,2.11.0+cu128,12.8,2026-08-23T19:10:38.436404+00:00
ca87722a00ebf585cd788c67949e7c0b32dca788,custom_cuda,warp-reduction custom CUDA fused scale + mask + softmax; block_size=512,2048,16384,2048,float32,0.125,25,100,95,1241.0880327224731,512,0,Tesla T4,7.5,2.11.0+cu128,12.8,2026-08-23T19:10:38.436404+00:00
ca87722a00ebf585cd788c67949e7c0b32dca788,custom_cuda,warp-reduction custom CUDA fused scale + mask + softmax; block_size=512,2048,16384,2048,float32,0.125,25,100,96,1248.960018157959,512,0,Tesla T4,7.5,2.11.0+cu128,12.8,2026-08-23T19:10:38.436404+00:00
ca87722a00ebf585cd788c67949e7c0b32dca788,custom_cuda,warp-reduction custom CUDA fused scale + mask + softmax; block_size=512,2048,16384,2048,float32,0.125,25,100,97,1241.9840097427368,512,0,Tesla T4,7.5,2.11.0+cu128,12.8,2026-08-23T19:10:38.436404+00:00
ca87722a00ebf585cd788c67949e7c0b32dca788,custom_cuda,warp-reduction custom CUDA fused scale + mask + softmax; block_size=512,2048,16384,2048,float32,0.125,25,100,98,1239.583969116211,512,0,Tesla T4,7.5,2.11.0+cu128,12.8,2026-08-23T19:10:38.436404+00:00
ca87722a00ebf585cd788c67949e7c0b32dca788,custom_cuda,warp-reduction custom CUDA fused scale + mask + softmax; block_size=512,2048,16384,2048,float32,0.125,25,100,99,1243.9680099487305,512,0,Tesla T4,7.5,2.11.0+cu128,12.8,2026-08-23T19:10:38.436404+00:00
