git_commit,implementation,implementation_description,sequence_length,rows,columns,dtype,scale,warmups,iterations,sample_index,latency_us,launch_block_size,compile_warmups,gpu_name,compute_capability,pytorch_version,cuda_version,timestamp
ca87722a00ebf585cd788c67949e7c0b32dca788,pytorch_eager,PyTorch eager scale + causal mask + softmax,128,1024,128,float32,0.125,25,100,0,145.85599303245544,,0,Tesla T4,7.5,2.11.0+cu128,12.8,2026-08-23T19:10:50.278441+00:00
ca87722a00ebf585cd788c67949e7c0b32dca788,pytorch_eager,PyTorch eager scale + causal mask + softmax,128,1024,128,float32,0.125,25,100,1,88.06400001049042,,0,Tesla T4,7.5,2.11.0+cu128,12.8,2026-08-23T19:10:50.278441+00:00
ca87722a00ebf585cd788c67949e7c0b32dca788,pytorch_eager,PyTorch eager scale + causal mask + softmax,128,1024,128,float32,0.125,25,100,2,78.52800190448761,,0,Tesla T4,7.5,2.11.0+cu128,12.8,2026-08-23T19:10:50.278441+00:00
ca87722a00ebf585cd788c67949e7c0b32dca788,pytorch_eager,PyTorch eager scale + causal mask + softmax,128,1024,128,float32,0.125,25,100,3,76.86399668455124,,0,Tesla T4,7.5,2.11.0+cu128,12.8,2026-08-23T19:10:50.278441+00:00
ca87722a00ebf585cd788c67949e7c0b32dca788,pytorch_eager,PyTorch eager scale + causal mask + softmax,128,1024,128,float32,0.125,25,100,4,73.98399710655212,,0,Tesla T4,7.5,2.11.0+cu128,12.8,2026-08-23T19:10:50.278441+00:00
ca87722a00ebf585cd788c67949e7c0b32dca788,pytorch_eager,PyTorch eager scale + causal mask + softmax,128,1024,128,float32,0.125,25,100,5,74.36800003051758,,0,Tesla T4,7.5,2.11.0+cu128,12.8,2026-08-23T19:10:50.278441+00:00
ca87722a00ebf585cd788c67949e7c0b32dca788,pytorch_eager,PyTorch eager scale + causal mask + softmax,128,1024,128,float32,0.125,25,100,6,73.72800260782242,,0,Tesla T4,7.5,2.11.0+cu128,12.8,2026-08-23T19:10:50.278441+00:00
ca87722a00ebf585cd788c67949e7c0b32dca788,pytorch_eager,PyTorch eager scale + causal mask + softmax,128,1024,128,float32,0.125,25,100,7,120.86399644613266,,0,Tesla T4,7.5,2.11.0+cu128,12.8,2026-08-23T19:10:50.278441+00:00
ca87722a00ebf585cd788c67949e7c0b32dca788,pytorch_eager,PyTorch eager scale + causal mask + softmax,128,1024,128,float32,0.125,25,100,8,79.83999699354172,,0,Tesla T4,7.5,2.11.0+cu128,12.8,2026-08-23T19:10:50.278441+00:00
ca87722a00ebf585cd788c67949e7c0b32dca788,pytorch_eager,PyTorch eager scale + causal mask + softmax,128,1024,128,float32,0.125,25,100,9,79.77599650621414,,0,Tesla T4,7.5,2.11.0+cu128,12.8,2026-08-23T19:10:50.278441+00:00
ca87722a00ebf585cd788c67949e7c0b32dca788,pytorch_eager,PyTorch eager scale + causal mask + softmax,128,1024,128,float32,0.125,25,100,10,75.77600330114365,,0,Tesla T4,7.5,2.11.0+cu128,12.8,2026-08-23T19:10:50.278441+00:00
ca87722a00ebf585cd788c67949e7c0b32dca788,pytorch_eager,PyTorch eager scale + causal mask + softmax,128,1024,128,float32,0.125,25,100,11,72.67200201749802,,0,Tesla T4,7.5,2.11.0+cu128,12.8,2026-08-23T19:10:50.278441+00:00
ca87722a00ebf585cd788c67949e7c0b32dca788,pytorch_eager,PyTorch eager scale + causal mask + softmax,128,1024,128,float32,0.125,25,100,12,74.72000271081924,,0,Tesla T4,7.5,2.11.0+cu128,12.8,2026-08-23T19:10:50.278441+00:00
ca87722a00ebf585cd788c67949e7c0b32dca788,pytorch_eager,PyTorch eager scale + causal mask + softmax,128,1024,128,float32,0.125,25,100,13,73.72800260782242,,0,Tesla T4,7.5,2.11.0+cu128,12.8,2026-08-23T19:10:50.278441+00:00
ca87722a00ebf585cd788c67949e7c0b32dca788,pytorch_eager,PyTorch eager scale + causal mask + softmax,128,1024,128,float32,0.125,25,100,14,73.72800260782242,,0,Tesla T4,7.5,2.11.0+cu128,12.8,2026-08-23T19:10:50.278441+00:00
ca87722a00ebf585cd788c67949e7c0b32dca788,pytorch_eager,PyTorch eager scale + causal mask + softmax,128,1024,128,float32,0.125,25,100,15,85.24800091981888,,0,Tesla T4,7.5,2.11.0+cu128,12.8,2026-08-23T19:10:50.278441+00:00
ca87722a00ebf585cd788c67949e7c0b32dca788,pytorch_eager,PyTorch eager scale + causal mask + softmax,128,1024,128,float32,0.125,25,100,16,161.79199516773224,,0,Tesla T4,7.5,2.11.0+cu128,12.8,2026-08-23T19:10:50.278441+00:00
ca87722a00ebf585cd788c67949e7c0b32dca788,pytorch_eager,PyTorch eager scale + causal mask + softmax,128,1024,128,float32,0.125,25,100,17,86.43200248479843,,0,Tesla T4,7.5,2.11.0+cu128,12.8,2026-08-23T19:10:50.278441+00:00
ca87722a00ebf585cd788c67949e7c0b32dca788,pytorch_eager,PyTorch eager scale + causal mask + softmax,128,1024,128,float32,0.125,25,100,18,77.82399654388428,,0,Tesla T4,7.5,2.11.0+cu128,12.8,2026-08-23T19:10:50.278441+00:00
ca87722a00ebf585cd788c67949e7c0b32dca788,pytorch_eager,PyTorch eager scale + causal mask + softmax,128,1024,128,float32,0.125,25,100,19,77.98399776220322,,0,Tesla T4,7.5,2.11.0+cu128,12.8,2026-08-23T19:10:50.278441+00:00
ca87722a00ebf585cd788c67949e7c0b32dca788,pytorch_eager,PyTorch eager scale + causal mask + softmax,128,1024,128,float32,0.125,25,100,20,73.79200309515,,0,Tesla T4,7.5,2.11.0+cu128,12.8,2026-08-23T19:10:50.278441+00:00
ca87722a00ebf585cd788c67949e7c0b32dca788,pytorch_eager,PyTorch eager scale + causal mask + softmax,128,1024,128,float32,0.125,25,100,21,74.14399832487106,,0,Tesla T4,7.5,2.11.0+cu128,12.8,2026-08-23T19:10:50.278441+00:00
ca87722a00ebf585cd788c67949e7c0b32dca788,pytorch_eager,PyTorch eager scale + causal mask + softmax,128,1024,128,float32,0.125,25,100,22,73.56800138950348,,0,Tesla T4,7.5,2.11.0+cu128,12.8,2026-08-23T19:10:50.278441+00:00
ca87722a00ebf585cd788c67949e7c0b32dca788,pytorch_eager,PyTorch eager scale + causal mask + softmax,128,1024,128,float32,0.125,25,100,23,73.47200065851212,,0,Tesla T4,7.5,2.11.0+cu128,12.8,2026-08-23T19:10:50.278441+00:00
ca87722a00ebf585cd788c67949e7c0b32dca788,pytorch_eager,PyTorch eager scale + causal mask + softmax,128,1024,128,float32,0.125,25,100,24,73.85600358247757,,0,Tesla T4,7.5,2.11.0+cu128,12.8,2026-08-23T19:10:50.278441+00:00
ca87722a00ebf585cd788c67949e7c0b32dca788,pytorch_eager,PyTorch eager scale + causal mask + softmax,128,1024,128,float32,0.125,25,100,25,79.03999835252762,,0,Tesla T4,7.5,2.11.0+cu128,12.8,2026-08-23T19:10:50.278441+00:00
ca87722a00ebf585cd788c67949e7c0b32dca788,pytorch_eager,PyTorch eager scale + causal mask + softmax,128,1024,128,float32,0.125,25,100,26,131.29599392414093,,0,Tesla T4,7.5,2.11.0+cu128,12.8,2026-08-23T19:10:50.278441+00:00
ca87722a00ebf585cd788c67949e7c0b32dca788,pytorch_eager,PyTorch eager scale + causal mask + softmax,128,1024,128,float32,0.125,25,100,27,79.96799796819687,,0,Tesla T4,7.5,2.11.0+cu128,12.8,2026-08-23T19:10:50.278441+00:00
ca87722a00ebf585cd788c67949e7c0b32dca788,pytorch_eager,PyTorch eager scale + causal mask + softmax,128,1024,128,float32,0.125,25,100,28,97.34400361776352,,0,Tesla T4,7.5,2.11.0+cu128,12.8,2026-08-23T19:10:50.278441+00:00
ca87722a00ebf585cd788c67949e7c0b32dca788,pytorch_eager,PyTorch eager scale + causal mask + softmax,128,1024,128,float32,0.125,25,100,29,77.95199751853943,,0,Tesla T4,7.5,2.11.0+cu128,12.8,2026-08-23T19:10:50.278441+00:00
ca87722a00ebf585cd788c67949e7c0b32dca788,pytorch_eager,PyTorch eager scale + causal mask + softmax,128,1024,128,float32,0.125,25,100,30,77.63200253248215,,0,Tesla T4,7.5,2.11.0+cu128,12.8,2026-08-23T19:10:50.278441+00:00
ca87722a00ebf585cd788c67949e7c0b32dca788,pytorch_eager,PyTorch eager scale + causal mask + softmax,128,1024,128,float32,0.125,25,100,31,76.03199779987335,,0,Tesla T4,7.5,2.11.0+cu128,12.8,2026-08-23T19:10:50.278441+00:00
ca87722a00ebf585cd788c67949e7c0b32dca788,pytorch_eager,PyTorch eager scale + causal mask + softmax,128,1024,128,float32,0.125,25,100,32,76.31999999284744,,0,Tesla T4,7.5,2.11.0+cu128,12.8,2026-08-23T19:10:50.278441+00:00
ca87722a00ebf585cd788c67949e7c0b32dca788,pytorch_eager,PyTorch eager scale + causal mask + softmax,128,1024,128,float32,0.125,25,100,33,77.72800326347351,,0,Tesla T4,7.5,2.11.0+cu128,12.8,2026-08-23T19:10:50.278441+00:00
ca87722a00ebf585cd788c67949e7c0b32dca788,pytorch_eager,PyTorch eager scale + causal mask + softmax,128,1024,128,float32,0.125,25,100,34,111.7120012640953,,0,Tesla T4,7.5,2.11.0+cu128,12.8,2026-08-23T19:10:50.278441+00:00
ca87722a00ebf585cd788c67949e7c0b32dca788,pytorch_eager,PyTorch eager scale + causal mask + softmax,128,1024,128,float32,0.125,25,100,35,118.9119964838028,,0,Tesla T4,7.5,2.11.0+cu128,12.8,2026-08-23T19:10:50.278441+00:00
ca87722a00ebf585cd788c67949e7c0b32dca788,pytorch_eager,PyTorch eager scale + causal mask + softmax,128,1024,128,float32,0.125,25,100,36,80.12799918651581,,0,Tesla T4,7.5,2.11.0+cu128,12.8,2026-08-23T19:10:50.278441+00:00
ca87722a00ebf585cd788c67949e7c0b32dca788,pytorch_eager,PyTorch eager scale + causal mask + softmax,128,1024,128,float32,0.125,25,100,37,78.17599922418594,,0,Tesla T4,7.5,2.11.0+cu128,12.8,2026-08-23T19:10:50.278441+00:00
ca87722a00ebf585cd788c67949e7c0b32dca788,pytorch_eager,PyTorch eager scale + causal mask + softmax,128,1024,128,float32,0.125,25,100,38,77.53600180149078,,0,Tesla T4,7.5,2.11.0+cu128,12.8,2026-08-23T19:10:50.278441+00:00
ca87722a00ebf585cd788c67949e7c0b32dca788,pytorch_eager,PyTorch eager scale + causal mask + softmax,128,1024,128,float32,0.125,25,100,39,75.77600330114365,,0,Tesla T4,7.5,2.11.0+cu128,12.8,2026-08-23T19:10:50.278441+00:00
ca87722a00ebf585cd788c67949e7c0b32dca788,pytorch_eager,PyTorch eager scale + causal mask + softmax,128,1024,128,float32,0.125,25,100,40,77.82399654388428,,0,Tesla T4,7.5,2.11.0+cu128,12.8,2026-08-23T19:10:50.278441+00:00
ca87722a00ebf585cd788c67949e7c0b32dca788,pytorch_eager,PyTorch eager scale + causal mask + softmax,128,1024,128,float32,0.125,25,100,41,76.12799853086472,,0,Tesla T4,7.5,2.11.0+cu128,12.8,2026-08-23T19:10:50.278441+00:00
ca87722a00ebf585cd788c67949e7c0b32dca788,pytorch_eager,PyTorch eager scale + causal mask + softmax,128,1024,128,float32,0.125,25,100,42,77.27999985218048,,0,Tesla T4,7.5,2.11.0+cu128,12.8,2026-08-23T19:10:50.278441+00:00
ca87722a00ebf585cd788c67949e7c0b32dca788,pytorch_eager,PyTorch eager scale + causal mask + softmax,128,1024,128,float32,0.125,25,100,43,75.87199658155441,,0,Tesla T4,7.5,2.11.0+cu128,12.8,2026-08-23T19:10:50.278441+00:00
ca87722a00ebf585cd788c67949e7c0b32dca788,pytorch_eager,PyTorch eager scale + causal mask + softmax,128,1024,128,float32,0.125,25,100,44,181.95199966430664,,0,Tesla T4,7.5,2.11.0+cu128,12.8,2026-08-23T19:10:50.278441+00:00
ca87722a00ebf585cd788c67949e7c0b32dca788,pytorch_eager,PyTorch eager scale + causal mask + softmax,128,1024,128,float32,0.125,25,100,45,85.85599809885025,,0,Tesla T4,7.5,2.11.0+cu128,12.8,2026-08-23T19:10:50.278441+00:00
ca87722a00ebf585cd788c67949e7c0b32dca788,pytorch_eager,PyTorch eager scale + causal mask + softmax,128,1024,128,float32,0.125,25,100,46,79.0719985961914,,0,Tesla T4,7.5,2.11.0+cu128,12.8,2026-08-23T19:10:50.278441+00:00
ca87722a00ebf585cd788c67949e7c0b32dca788,pytorch_eager,PyTorch eager scale + causal mask + softmax,128,1024,128,float32,0.125,25,100,47,77.27999985218048,,0,Tesla T4,7.5,2.11.0+cu128,12.8,2026-08-23T19:10:50.278441+00:00
ca87722a00ebf585cd788c67949e7c0b32dca788,pytorch_eager,PyTorch eager scale + causal mask + softmax,128,1024,128,float32,0.125,25,100,48,77.82399654388428,,0,Tesla T4,7.5,2.11.0+cu128,12.8,2026-08-23T19:10:50.278441+00:00
ca87722a00ebf585cd788c67949e7c0b32dca788,pytorch_eager,PyTorch eager scale + causal mask + softmax,128,1024,128,float32,0.125,25,100,49,77.56800204515457,,0,Tesla T4,7.5,2.11.0+cu128,12.8,2026-08-23T19:10:50.278441+00:00
ca87722a00ebf585cd788c67949e7c0b32dca788,pytorch_eager,PyTorch eager scale + causal mask + softmax,128,1024,128,float32,0.125,25,100,50,77.79199630022049,,0,Tesla T4,7.5,2.11.0+cu128,12.8,2026-08-23T19:10:50.278441+00:00
ca87722a00ebf585cd788c67949e7c0b32dca788,pytorch_eager,PyTorch eager scale + causal mask + softmax,128,1024,128,float32,0.125,25,100,51,103.42399775981903,,0,Tesla T4,7.5,2.11.0+cu128,12.8,2026-08-23T19:10:50.278441+00:00
ca87722a00ebf585cd788c67949e7c0b32dca788,pytorch_eager,PyTorch eager scale + causal mask + softmax,128,1024,128,float32,0.125,25,100,52,86.01599931716919,,0,Tesla T4,7.5,2.11.0+cu128,12.8,2026-08-23T19:10:50.278441+00:00
ca87722a00ebf585cd788c67949e7c0b32dca788,pytorch_eager,PyTorch eager scale + causal mask + softmax,128,1024,128,float32,0.125,25,100,53,123.07199835777283,,0,Tesla T4,7.5,2.11.0+cu128,12.8,2026-08-23T19:10:50.278441+00:00
ca87722a00ebf585cd788c67949e7c0b32dca788,pytorch_eager,PyTorch eager scale + causal mask + softmax,128,1024,128,float32,0.125,25,100,54,98.33600372076035,,0,Tesla T4,7.5,2.11.0+cu128,12.8,2026-08-23T19:10:50.278441+00:00
ca87722a00ebf585cd788c67949e7c0b32dca788,pytorch_eager,PyTorch eager scale + causal mask + softmax,128,1024,128,float32,0.125,25,100,55,87.10400015115738,,0,Tesla T4,7.5,2.11.0+cu128,12.8,2026-08-23T19:10:50.278441+00:00
ca87722a00ebf585cd788c67949e7c0b32dca788,pytorch_eager,PyTorch eager scale + causal mask + softmax,128,1024,128,float32,0.125,25,100,56,82.84799754619598,,0,Tesla T4,7.5,2.11.0+cu128,12.8,2026-08-23T19:10:50.278441+00:00
ca87722a00ebf585cd788c67949e7c0b32dca788,pytorch_eager,PyTorch eager scale + causal mask + softmax,128,1024,128,float32,0.125,25,100,57,83.8719978928566,,0,Tesla T4,7.5,2.11.0+cu128,12.8,2026-08-23T19:10:50.278441+00:00
ca87722a00ebf585cd788c67949e7c0b32dca788,pytorch_eager,PyTorch eager scale + causal mask + softmax,128,1024,128,float32,0.125,25,100,58,83.48800241947174,,0,Tesla T4,7.5,2.11.0+cu128,12.8,2026-08-23T19:10:50.278441+00:00
ca87722a00ebf585cd788c67949e7c0b32dca788,pytorch_eager,PyTorch eager scale + causal mask + softmax,128,1024,128,float32,0.125,25,100,59,83.26400071382523,,0,Tesla T4,7.5,2.11.0+cu128,12.8,2026-08-23T19:10:50.278441+00:00
ca87722a00ebf585cd788c67949e7c0b32dca788,pytorch_eager,PyTorch eager scale + causal mask + softmax,128,1024,128,float32,0.125,25,100,60,82.91199803352356,,0,Tesla T4,7.5,2.11.0+cu128,12.8,2026-08-23T19:10:50.278441+00:00
ca87722a00ebf585cd788c67949e7c0b32dca788,pytorch_eager,PyTorch eager scale + causal mask + softmax,128,1024,128,float32,0.125,25,100,61,99.80800002813339,,0,Tesla T4,7.5,2.11.0+cu128,12.8,2026-08-23T19:10:50.278441+00:00
ca87722a00ebf585cd788c67949e7c0b32dca788,pytorch_eager,PyTorch eager scale + causal mask + softmax,128,1024,128,float32,0.125,25,100,62,119.71200257539749,,0,Tesla T4,7.5,2.11.0+cu128,12.8,2026-08-23T19:10:50.278441+00:00
ca87722a00ebf585cd788c67949e7c0b32dca788,pytorch_eager,PyTorch eager scale + causal mask + softmax,128,1024,128,float32,0.125,25,100,63,75.74400305747986,,0,Tesla T4,7.5,2.11.0+cu128,12.8,2026-08-23T19:10:50.278441+00:00
ca87722a00ebf585cd788c67949e7c0b32dca788,pytorch_eager,PyTorch eager scale + causal mask + softmax,128,1024,128,float32,0.125,25,100,64,71.68000191450119,,0,Tesla T4,7.5,2.11.0+cu128,12.8,2026-08-23T19:10:50.278441+00:00
ca87722a00ebf585cd788c67949e7c0b32dca788,pytorch_eager,PyTorch eager scale + causal mask + softmax,128,1024,128,float32,0.125,25,100,65,72.4480003118515,,0,Tesla T4,7.5,2.11.0+cu128,12.8,2026-08-23T19:10:50.278441+00:00
ca87722a00ebf585cd788c67949e7c0b32dca788,pytorch_eager,PyTorch eager scale + causal mask + softmax,128,1024,128,float32,0.125,25,100,66,71.68000191450119,,0,Tesla T4,7.5,2.11.0+cu128,12.8,2026-08-23T19:10:50.278441+00:00
ca87722a00ebf585cd788c67949e7c0b32dca788,pytorch_eager,PyTorch eager scale + causal mask + softmax,128,1024,128,float32,0.125,25,100,67,73.02399724721909,,0,Tesla T4,7.5,2.11.0+cu128,12.8,2026-08-23T19:10:50.278441+00:00
ca87722a00ebf585cd788c67949e7c0b32dca788,pytorch_eager,PyTorch eager scale + causal mask + softmax,128,1024,128,float32,0.125,25,100,68,71.74400240182877,,0,Tesla T4,7.5,2.11.0+cu128,12.8,2026-08-23T19:10:50.278441+00:00
ca87722a00ebf585cd788c67949e7c0b32dca788,pytorch_eager,PyTorch eager scale + causal mask + softmax,128,1024,128,float32,0.125,25,100,69,71.9040036201477,,0,Tesla T4,7.5,2.11.0+cu128,12.8,2026-08-23T19:10:50.278441+00:00
ca87722a00ebf585cd788c67949e7c0b32dca788,pytorch_eager,PyTorch eager scale + causal mask + softmax,128,1024,128,float32,0.125,25,100,70,72.25599884986877,,0,Tesla T4,7.5,2.11.0+cu128,12.8,2026-08-23T19:10:50.278441+00:00
ca87722a00ebf585cd788c67949e7c0b32dca788,pytorch_eager,PyTorch eager scale + causal mask + softmax,128,1024,128,float32,0.125,25,100,71,90.55999666452408,,0,Tesla T4,7.5,2.11.0+cu128,12.8,2026-08-23T19:10:50.278441+00:00
ca87722a00ebf585cd788c67949e7c0b32dca788,pytorch_eager,PyTorch eager scale + causal mask + softmax,128,1024,128,float32,0.125,25,100,72,108.5439994931221,,0,Tesla T4,7.5,2.11.0+cu128,12.8,2026-08-23T19:10:50.278441+00:00
ca87722a00ebf585cd788c67949e7c0b32dca788,pytorch_eager,PyTorch eager scale + causal mask + softmax,128,1024,128,float32,0.125,25,100,73,81.56800270080566,,0,Tesla T4,7.5,2.11.0+cu128,12.8,2026-08-23T19:10:50.278441+00:00
ca87722a00ebf585cd788c67949e7c0b32dca788,pytorch_eager,PyTorch eager scale + causal mask + softmax,128,1024,128,float32,0.125,25,100,74,87.5839963555336,,0,Tesla T4,7.5,2.11.0+cu128,12.8,2026-08-23T19:10:50.278441+00:00
ca87722a00ebf585cd788c67949e7c0b32dca788,pytorch_eager,PyTorch eager scale + causal mask + softmax,128,1024,128,float32,0.125,25,100,75,72.1919983625412,,0,Tesla T4,7.5,2.11.0+cu128,12.8,2026-08-23T19:10:50.278441+00:00
ca87722a00ebf585cd788c67949e7c0b32dca788,pytorch_eager,PyTorch eager scale + causal mask + softmax,128,1024,128,float32,0.125,25,100,76,73.53600114583969,,0,Tesla T4,7.5,2.11.0+cu128,12.8,2026-08-23T19:10:50.278441+00:00
ca87722a00ebf585cd788c67949e7c0b32dca788,pytorch_eager,PyTorch eager scale + causal mask + softmax,128,1024,128,float32,0.125,25,100,77,72.83200323581696,,0,Tesla T4,7.5,2.11.0+cu128,12.8,2026-08-23T19:10:50.278441+00:00
ca87722a00ebf585cd788c67949e7c0b32dca788,pytorch_eager,PyTorch eager scale + causal mask + softmax,128,1024,128,float32,0.125,25,100,78,73.5040009021759,,0,Tesla T4,7.5,2.11.0+cu128,12.8,2026-08-23T19:10:50.278441+00:00
ca87722a00ebf585cd788c67949e7c0b32dca788,pytorch_eager,PyTorch eager scale + causal mask + softmax,128,1024,128,float32,0.125,25,100,79,71.80800288915634,,0,Tesla T4,7.5,2.11.0+cu128,12.8,2026-08-23T19:10:50.278441+00:00
ca87722a00ebf585cd788c67949e7c0b32dca788,pytorch_eager,PyTorch eager scale + causal mask + softmax,128,1024,128,float32,0.125,25,100,80,72.89600372314453,,0,Tesla T4,7.5,2.11.0+cu128,12.8,2026-08-23T19:10:50.278441+00:00
ca87722a00ebf585cd788c67949e7c0b32dca788,pytorch_eager,PyTorch eager scale + causal mask + softmax,128,1024,128,float32,0.125,25,100,81,72.4480003118515,,0,Tesla T4,7.5,2.11.0+cu128,12.8,2026-08-23T19:10:50.278441+00:00
ca87722a00ebf585cd788c67949e7c0b32dca788,pytorch_eager,PyTorch eager scale + causal mask + softmax,128,1024,128,float32,0.125,25,100,82,89.63199704885483,,0,Tesla T4,7.5,2.11.0+cu128,12.8,2026-08-23T19:10:50.278441+00:00
ca87722a00ebf585cd788c67949e7c0b32dca788,pytorch_eager,PyTorch eager scale + causal mask + softmax,128,1024,128,float32,0.125,25,100,83,75.87199658155441,,0,Tesla T4,7.5,2.11.0+cu128,12.8,2026-08-23T19:10:50.278441+00:00
ca87722a00ebf585cd788c67949e7c0b32dca788,pytorch_eager,PyTorch eager scale + causal mask + softmax,128,1024,128,float32,0.125,25,100,84,72.60800153017044,,0,Tesla T4,7.5,2.11.0+cu128,12.8,2026-08-23T19:10:50.278441+00:00
ca87722a00ebf585cd788c67949e7c0b32dca788,pytorch_eager,PyTorch eager scale + causal mask + softmax,128,1024,128,float32,0.125,25,100,85,73.72800260782242,,0,Tesla T4,7.5,2.11.0+cu128,12.8,2026-08-23T19:10:50.278441+00:00
ca87722a00ebf585cd788c67949e7c0b32dca788,pytorch_eager,PyTorch eager scale + causal mask + softmax,128,1024,128,float32,0.125,25,100,86,71.55200093984604,,0,Tesla T4,7.5,2.11.0+cu128,12.8,2026-08-23T19:10:50.278441+00:00
ca87722a00ebf585cd788c67949e7c0b32dca788,pytorch_eager,PyTorch eager scale + causal mask + softmax,128,1024,128,float32,0.125,25,100,87,70.49600034952164,,0,Tesla T4,7.5,2.11.0+cu128,12.8,2026-08-23T19:10:50.278441+00:00
ca87722a00ebf585cd788c67949e7c0b32dca788,pytorch_eager,PyTorch eager scale + causal mask + softmax,128,1024,128,float32,0.125,25,100,88,72.95999675989151,,0,Tesla T4,7.5,2.11.0+cu128,12.8,2026-08-23T19:10:50.278441+00:00
ca87722a00ebf585cd788c67949e7c0b32dca788,pytorch_eager,PyTorch eager scale + causal mask + softmax,128,1024,128,float32,0.125,25,100,89,72.95999675989151,,0,Tesla T4,7.5,2.11.0+cu128,12.8,2026-08-23T19:10:50.278441+00:00
ca87722a00ebf585cd788c67949e7c0b32dca788,pytorch_eager,PyTorch eager scale + causal mask + softmax,128,1024,128,float32,0.125,25,100,90,73.53600114583969,,0,Tesla T4,7.5,2.11.0+cu128,12.8,2026-08-23T19:10:50.278441+00:00
ca87722a00ebf585cd788c67949e7c0b32dca788,pytorch_eager,PyTorch eager scale + causal mask + softmax,128,1024,128,float32,0.125,25,100,91,93.72799843549728,,0,Tesla T4,7.5,2.11.0+cu128,12.8,2026-08-23T19:10:50.278441+00:00
ca87722a00ebf585cd788c67949e7c0b32dca788,pytorch_eager,PyTorch eager scale + causal mask + softmax,128,1024,128,float32,0.125,25,100,92,93.53599697351456,,0,Tesla T4,7.5,2.11.0+cu128,12.8,2026-08-23T19:10:50.278441+00:00
ca87722a00ebf585cd788c67949e7c0b32dca788,pytorch_eager,PyTorch eager scale + causal mask + softmax,128,1024,128,float32,0.125,25,100,93,86.07999980449677,,0,Tesla T4,7.5,2.11.0+cu128,12.8,2026-08-23T19:10:50.278441+00:00
ca87722a00ebf585cd788c67949e7c0b32dca788,pytorch_eager,PyTorch eager scale + causal mask + softmax,128,1024,128,float32,0.125,25,100,94,79.68000322580338,,0,Tesla T4,7.5,2.11.0+cu128,12.8,2026-08-23T19:10:50.278441+00:00
ca87722a00ebf585cd788c67949e7c0b32dca788,pytorch_eager,PyTorch eager scale + causal mask + softmax,128,1024,128,float32,0.125,25,100,95,77.79199630022049,,0,Tesla T4,7.5,2.11.0+cu128,12.8,2026-08-23T19:10:50.278441+00:00
ca87722a00ebf585cd788c67949e7c0b32dca788,pytorch_eager,PyTorch eager scale + causal mask + softmax,128,1024,128,float32,0.125,25,100,96,76.1599987745285,,0,Tesla T4,7.5,2.11.0+cu128,12.8,2026-08-23T19:10:50.278441+00:00
ca87722a00ebf585cd788c67949e7c0b32dca788,pytorch_eager,PyTorch eager scale + causal mask + softmax,128,1024,128,float32,0.125,25,100,97,75.80800354480743,,0,Tesla T4,7.5,2.11.0+cu128,12.8,2026-08-23T19:10:50.278441+00:00
ca87722a00ebf585cd788c67949e7c0b32dca788,pytorch_eager,PyTorch eager scale + causal mask + softmax,128,1024,128,float32,0.125,25,100,98,75.77600330114365,,0,Tesla T4,7.5,2.11.0+cu128,12.8,2026-08-23T19:10:50.278441+00:00
ca87722a00ebf585cd788c67949e7c0b32dca788,pytorch_eager,PyTorch eager scale + causal mask + softmax,128,1024,128,float32,0.125,25,100,99,76.28799974918365,,0,Tesla T4,7.5,2.11.0+cu128,12.8,2026-08-23T19:10:50.278441+00:00
ca87722a00ebf585cd788c67949e7c0b32dca788,torch_compile,torch.compile scale + causal mask + softmax,128,1024,128,float32,0.125,25,100,0,307.20001459121704,,1,Tesla T4,7.5,2.11.0+cu128,12.8,2026-08-23T19:10:50.278441+00:00
ca87722a00ebf585cd788c67949e7c0b32dca788,torch_compile,torch.compile scale + causal mask + softmax,128,1024,128,float32,0.125,25,100,1,249.9839961528778,,1,Tesla T4,7.5,2.11.0+cu128,12.8,2026-08-23T19:10:50.278441+00:00
ca87722a00ebf585cd788c67949e7c0b32dca788,torch_compile,torch.compile scale + causal mask + softmax,128,1024,128,float32,0.125,25,100,2,239.58399891853333,,1,Tesla T4,7.5,2.11.0+cu128,12.8,2026-08-23T19:10:50.278441+00:00
ca87722a00ebf585cd788c67949e7c0b32dca788,torch_compile,torch.compile scale + causal mask + softmax,128,1024,128,float32,0.125,25,100,3,259.8400115966797,,1,Tesla T4,7.5,2.11.0+cu128,12.8,2026-08-23T19:10:50.278441+00:00
ca87722a00ebf585cd788c67949e7c0b32dca788,torch_compile,torch.compile scale + causal mask + softmax,128,1024,128,float32,0.125,25,100,4,239.6160066127777,,1,Tesla T4,7.5,2.11.0+cu128,12.8,2026-08-23T19:10:50.278441+00:00
ca87722a00ebf585cd788c67949e7c0b32dca788,torch_compile,torch.compile scale + causal mask + softmax,128,1024,128,float32,0.125,25,100,5,226.4000028371811,,1,Tesla T4,7.5,2.11.0+cu128,12.8,2026-08-23T19:10:50.278441+00:00
ca87722a00ebf585cd788c67949e7c0b32dca788,torch_compile,torch.compile scale + causal mask + softmax,128,1024,128,float32,0.125,25,100,6,215.5199944972992,,1,Tesla T4,7.5,2.11.0+cu128,12.8,2026-08-23T19:10:50.278441+00:00
ca87722a00ebf585cd788c67949e7c0b32dca788,torch_compile,torch.compile scale + causal mask + softmax,128,1024,128,float32,0.125,25,100,7,252.31999158859253,,1,Tesla T4,7.5,2.11.0+cu128,12.8,2026-08-23T19:10:50.278441+00:00
ca87722a00ebf585cd788c67949e7c0b32dca788,torch_compile,torch.compile scale + causal mask + softmax,128,1024,128,float32,0.125,25,100,8,230.56000471115112,,1,Tesla T4,7.5,2.11.0+cu128,12.8,2026-08-23T19:10:50.278441+00:00
ca87722a00ebf585cd788c67949e7c0b32dca788,torch_compile,torch.compile scale + causal mask + softmax,128,1024,128,float32,0.125,25,100,9,221.0880070924759,,1,Tesla T4,7.5,2.11.0+cu128,12.8,2026-08-23T19:10:50.278441+00:00
ca87722a00ebf585cd788c67949e7c0b32dca788,torch_compile,torch.compile scale + causal mask + softmax,128,1024,128,float32,0.125,25,100,10,223.23200106620789,,1,Tesla T4,7.5,2.11.0+cu128,12.8,2026-08-23T19:10:50.278441+00:00
ca87722a00ebf585cd788c67949e7c0b32dca788,torch_compile,torch.compile scale + causal mask + softmax,128,1024,128,float32,0.125,25,100,11,221.18400037288666,,1,Tesla T4,7.5,2.11.0+cu128,12.8,2026-08-23T19:10:50.278441+00:00
ca87722a00ebf585cd788c67949e7c0b32dca788,torch_compile,torch.compile scale + causal mask + softmax,128,1024,128,float32,0.125,25,100,12,241.60000681877136,,1,Tesla T4,7.5,2.11.0+cu128,12.8,2026-08-23T19:10:50.278441+00:00
ca87722a00ebf585cd788c67949e7c0b32dca788,torch_compile,torch.compile scale + causal mask + softmax,128,1024,128,float32,0.125,25,100,13,219.10400688648224,,1,Tesla T4,7.5,2.11.0+cu128,12.8,2026-08-23T19:10:50.278441+00:00
ca87722a00ebf585cd788c67949e7c0b32dca788,torch_compile,torch.compile scale + causal mask + softmax,128,1024,128,float32,0.125,25,100,14,238.0480021238327,,1,Tesla T4,7.5,2.11.0+cu128,12.8,2026-08-23T19:10:50.278441+00:00
ca87722a00ebf585cd788c67949e7c0b32dca788,torch_compile,torch.compile scale + causal mask + softmax,128,1024,128,float32,0.125,25,100,15,227.39200294017792,,1,Tesla T4,7.5,2.11.0+cu128,12.8,2026-08-23T19:10:50.278441+00:00
ca87722a00ebf585cd788c67949e7c0b32dca788,torch_compile,torch.compile scale + causal mask + softmax,128,1024,128,float32,0.125,25,100,16,212.99199759960175,,1,Tesla T4,7.5,2.11.0+cu128,12.8,2026-08-23T19:10:50.278441+00:00
ca87722a00ebf585cd788c67949e7c0b32dca788,torch_compile,torch.compile scale + causal mask + softmax,128,1024,128,float32,0.125,25,100,17,213.44000101089478,,1,Tesla T4,7.5,2.11.0+cu128,12.8,2026-08-23T19:10:50.278441+00:00
ca87722a00ebf585cd788c67949e7c0b32dca788,torch_compile,torch.compile scale + causal mask + softmax,128,1024,128,float32,0.125,25,100,18,2279.2000770568848,,1,Tesla T4,7.5,2.11.0+cu128,12.8,2026-08-23T19:10:50.278441+00:00
ca87722a00ebf585cd788c67949e7c0b32dca788,torch_compile,torch.compile scale + causal mask + softmax,128,1024,128,float32,0.125,25,100,19,237.63200640678406,,1,Tesla T4,7.5,2.11.0+cu128,12.8,2026-08-23T19:10:50.278441+00:00
ca87722a00ebf585cd788c67949e7c0b32dca788,torch_compile,torch.compile scale + causal mask + softmax,128,1024,128,float32,0.125,25,100,20,215.03999829292297,,1,Tesla T4,7.5,2.11.0+cu128,12.8,2026-08-23T19:10:50.278441+00:00
ca87722a00ebf585cd788c67949e7c0b32dca788,torch_compile,torch.compile scale + causal mask + softmax,128,1024,128,float32,0.125,25,100,21,208.3519995212555,,1,Tesla T4,7.5,2.11.0+cu128,12.8,2026-08-23T19:10:50.278441+00:00
ca87722a00ebf585cd788c67949e7c0b32dca788,torch_compile,torch.compile scale + causal mask + softmax,128,1024,128,float32,0.125,25,100,22,247.39199876785278,,1,Tesla T4,7.5,2.11.0+cu128,12.8,2026-08-23T19:10:50.278441+00:00
ca87722a00ebf585cd788c67949e7c0b32dca788,torch_compile,torch.compile scale + causal mask + softmax,128,1024,128,float32,0.125,25,100,23,215.03999829292297,,1,Tesla T4,7.5,2.11.0+cu128,12.8,2026-08-23T19:10:50.278441+00:00
ca87722a00ebf585cd788c67949e7c0b32dca788,torch_compile,torch.compile scale + causal mask + softmax,128,1024,128,float32,0.125,25,100,24,194.68800723552704,,1,Tesla T4,7.5,2.11.0+cu128,12.8,2026-08-23T19:10:50.278441+00:00
ca87722a00ebf585cd788c67949e7c0b32dca788,torch_compile,torch.compile scale + causal mask + softmax,128,1024,128,float32,0.125,25,100,25,198.65599274635315,,1,Tesla T4,7.5,2.11.0+cu128,12.8,2026-08-23T19:10:50.278441+00:00
ca87722a00ebf585cd788c67949e7c0b32dca788,torch_compile,torch.compile scale + causal mask + softmax,128,1024,128,float32,0.125,25,100,26,276.63999795913696,,1,Tesla T4,7.5,2.11.0+cu128,12.8,2026-08-23T19:10:50.278441+00:00
ca87722a00ebf585cd788c67949e7c0b32dca788,torch_compile,torch.compile scale + causal mask + softmax,128,1024,128,float32,0.125,25,100,27,251.8399953842163,,1,Tesla T4,7.5,2.11.0+cu128,12.8,2026-08-23T19:10:50.278441+00:00
ca87722a00ebf585cd788c67949e7c0b32dca788,torch_compile,torch.compile scale + causal mask + softmax,128,1024,128,float32,0.125,25,100,28,225.63199698925018,,1,Tesla T4,7.5,2.11.0+cu128,12.8,2026-08-23T19:10:50.278441+00:00
ca87722a00ebf585cd788c67949e7c0b32dca788,torch_compile,torch.compile scale + causal mask + softmax,128,1024,128,float32,0.125,25,100,29,268.2560086250305,,1,Tesla T4,7.5,2.11.0+cu128,12.8,2026-08-23T19:10:50.278441+00:00
ca87722a00ebf585cd788c67949e7c0b32dca788,torch_compile,torch.compile scale + causal mask + softmax,128,1024,128,float32,0.125,25,100,30,270.30399441719055,,1,Tesla T4,7.5,2.11.0+cu128,12.8,2026-08-23T19:10:50.278441+00:00
ca87722a00ebf585cd788c67949e7c0b32dca788,torch_compile,torch.compile scale + causal mask + softmax,128,1024,128,float32,0.125,25,100,31,208.8640034198761,,1,Tesla T4,7.5,2.11.0+cu128,12.8,2026-08-23T19:10:50.278441+00:00
ca87722a00ebf585cd788c67949e7c0b32dca788,torch_compile,torch.compile scale + causal mask + softmax,128,1024,128,float32,0.125,25,100,32,217.0879989862442,,1,Tesla T4,7.5,2.11.0+cu128,12.8,2026-08-23T19:10:50.278441+00:00
ca87722a00ebf585cd788c67949e7c0b32dca788,torch_compile,torch.compile scale + causal mask + softmax,128,1024,128,float32,0.125,25,100,33,239.6160066127777,,1,Tesla T4,7.5,2.11.0+cu128,12.8,2026-08-23T19:10:50.278441+00:00
ca87722a00ebf585cd788c67949e7c0b32dca788,torch_compile,torch.compile scale + causal mask + softmax,128,1024,128,float32,0.125,25,100,34,222.97599911689758,,1,Tesla T4,7.5,2.11.0+cu128,12.8,2026-08-23T19:10:50.278441+00:00
ca87722a00ebf585cd788c67949e7c0b32dca788,torch_compile,torch.compile scale + causal mask + softmax,128,1024,128,float32,0.125,25,100,35,201.92000269889832,,1,Tesla T4,7.5,2.11.0+cu128,12.8,2026-08-23T19:10:50.278441+00:00
ca87722a00ebf585cd788c67949e7c0b32dca788,torch_compile,torch.compile scale + causal mask + softmax,128,1024,128,float32,0.125,25,100,36,208.28799903392792,,1,Tesla T4,7.5,2.11.0+cu128,12.8,2026-08-23T19:10:50.278441+00:00
ca87722a00ebf585cd788c67949e7c0b32dca788,torch_compile,torch.compile scale + causal mask + softmax,128,1024,128,float32,0.125,25,100,37,251.67998671531677,,1,Tesla T4,7.5,2.11.0+cu128,12.8,2026-08-23T19:10:50.278441+00:00
ca87722a00ebf585cd788c67949e7c0b32dca788,torch_compile,torch.compile scale + causal mask + softmax,128,1024,128,float32,0.125,25,100,38,222.78399765491486,,1,Tesla T4,7.5,2.11.0+cu128,12.8,2026-08-23T19:10:50.278441+00:00
ca87722a00ebf585cd788c67949e7c0b32dca788,torch_compile,torch.compile scale + causal mask + softmax,128,1024,128,float32,0.125,25,100,39,219.4560021162033,,1,Tesla T4,7.5,2.11.0+cu128,12.8,2026-08-23T19:10:50.278441+00:00
ca87722a00ebf585cd788c67949e7c0b32dca788,torch_compile,torch.compile scale + causal mask + softmax,128,1024,128,float32,0.125,25,100,40,209.82399582862854,,1,Tesla T4,7.5,2.11.0+cu128,12.8,2026-08-23T19:10:50.278441+00:00
ca87722a00ebf585cd788c67949e7c0b32dca788,torch_compile,torch.compile scale + causal mask + softmax,128,1024,128,float32,0.125,25,100,41,287.00798749923706,,1,Tesla T4,7.5,2.11.0+cu128,12.8,2026-08-23T19:10:50.278441+00:00
ca87722a00ebf585cd788c67949e7c0b32dca788,torch_compile,torch.compile scale + causal mask + softmax,128,1024,128,float32,0.125,25,100,42,233.43999683856964,,1,Tesla T4,7.5,2.11.0+cu128,12.8,2026-08-23T19:10:50.278441+00:00
ca87722a00ebf585cd788c67949e7c0b32dca788,torch_compile,torch.compile scale + causal mask + softmax,128,1024,128,float32,0.125,25,100,43,213.34399282932281,,1,Tesla T4,7.5,2.11.0+cu128,12.8,2026-08-23T19:10:50.278441+00:00
ca87722a00ebf585cd788c67949e7c0b32dca788,torch_compile,torch.compile scale + causal mask + softmax,128,1024,128,float32,0.125,25,100,44,253.9519965648651,,1,Tesla T4,7.5,2.11.0+cu128,12.8,2026-08-23T19:10:50.278441+00:00
ca87722a00ebf585cd788c67949e7c0b32dca788,torch_compile,torch.compile scale + causal mask + softmax,128,1024,128,float32,0.125,25,100,45,278.6239981651306,,1,Tesla T4,7.5,2.11.0+cu128,12.8,2026-08-23T19:10:50.278441+00:00
ca87722a00ebf585cd788c67949e7c0b32dca788,torch_compile,torch.compile scale + causal mask + softmax,128,1024,128,float32,0.125,25,100,46,209.4399929046631,,1,Tesla T4,7.5,2.11.0+cu128,12.8,2026-08-23T19:10:50.278441+00:00
ca87722a00ebf585cd788c67949e7c0b32dca788,torch_compile,torch.compile scale + causal mask + softmax,128,1024,128,float32,0.125,25,100,47,225.69599747657776,,1,Tesla T4,7.5,2.11.0+cu128,12.8,2026-08-23T19:10:50.278441+00:00
ca87722a00ebf585cd788c67949e7c0b32dca788,torch_compile,torch.compile scale + causal mask + softmax,128,1024,128,float32,0.125,25,100,48,243.71199309825897,,1,Tesla T4,7.5,2.11.0+cu128,12.8,2026-08-23T19:10:50.278441+00:00
ca87722a00ebf585cd788c67949e7c0b32dca788,torch_compile,torch.compile scale + causal mask + softmax,128,1024,128,float32,0.125,25,100,49,237.56800591945648,,1,Tesla T4,7.5,2.11.0+cu128,12.8,2026-08-23T19:10:50.278441+00:00
ca87722a00ebf585cd788c67949e7c0b32dca788,torch_compile,torch.compile scale + causal mask + softmax,128,1024,128,float32,0.125,25,100,50,209.3760073184967,,1,Tesla T4,7.5,2.11.0+cu128,12.8,2026-08-23T19:10:50.278441+00:00
ca87722a00ebf585cd788c67949e7c0b32dca788,torch_compile,torch.compile scale + causal mask + softmax,128,1024,128,float32,0.125,25,100,51,206.94400370121002,,1,Tesla T4,7.5,2.11.0+cu128,12.8,2026-08-23T19:10:50.278441+00:00
ca87722a00ebf585cd788c67949e7c0b32dca788,torch_compile,torch.compile scale + causal mask + softmax,128,1024,128,float32,0.125,25,100,52,240.7039999961853,,1,Tesla T4,7.5,2.11.0+cu128,12.8,2026-08-23T19:10:50.278441+00:00
ca87722a00ebf585cd788c67949e7c0b32dca788,torch_compile,torch.compile scale + causal mask + softmax,128,1024,128,float32,0.125,25,100,53,223.64799678325653,,1,Tesla T4,7.5,2.11.0+cu128,12.8,2026-08-23T19:10:50.278441+00:00
ca87722a00ebf585cd788c67949e7c0b32dca788,torch_compile,torch.compile scale + causal mask + softmax,128,1024,128,float32,0.125,25,100,54,212.73599565029144,,1,Tesla T4,7.5,2.11.0+cu128,12.8,2026-08-23T19:10:50.278441+00:00
ca87722a00ebf585cd788c67949e7c0b32dca788,torch_compile,torch.compile scale + causal mask + softmax,128,1024,128,float32,0.125,25,100,55,229.15199398994446,,1,Tesla T4,7.5,2.11.0+cu128,12.8,2026-08-23T19:10:50.278441+00:00
ca87722a00ebf585cd788c67949e7c0b32dca788,torch_compile,torch.compile scale + causal mask + softmax,128,1024,128,float32,0.125,25,100,56,2303.4238815307617,,1,Tesla T4,7.5,2.11.0+cu128,12.8,2026-08-23T19:10:50.278441+00:00
ca87722a00ebf585cd788c67949e7c0b32dca788,torch_compile,torch.compile scale + causal mask + softmax,128,1024,128,float32,0.125,25,100,57,244.9920028448105,,1,Tesla T4,7.5,2.11.0+cu128,12.8,2026-08-23T19:10:50.278441+00:00
ca87722a00ebf585cd788c67949e7c0b32dca788,torch_compile,torch.compile scale + causal mask + softmax,128,1024,128,float32,0.125,25,100,58,236.95999383926392,,1,Tesla T4,7.5,2.11.0+cu128,12.8,2026-08-23T19:10:50.278441+00:00
ca87722a00ebf585cd788c67949e7c0b32dca788,torch_compile,torch.compile scale + causal mask + softmax,128,1024,128,float32,0.125,25,100,59,270.4319953918457,,1,Tesla T4,7.5,2.11.0+cu128,12.8,2026-08-23T19:10:50.278441+00:00
ca87722a00ebf585cd788c67949e7c0b32dca788,torch_compile,torch.compile scale + causal mask + softmax,128,1024,128,float32,0.125,25,100,60,241.37599766254425,,1,Tesla T4,7.5,2.11.0+cu128,12.8,2026-08-23T19:10:50.278441+00:00
ca87722a00ebf585cd788c67949e7c0b32dca788,torch_compile,torch.compile scale + causal mask + softmax,128,1024,128,float32,0.125,25,100,61,223.00800681114197,,1,Tesla T4,7.5,2.11.0+cu128,12.8,2026-08-23T19:10:50.278441+00:00
ca87722a00ebf585cd788c67949e7c0b32dca788,torch_compile,torch.compile scale + causal mask + softmax,128,1024,128,float32,0.125,25,100,62,213.15200626850128,,1,Tesla T4,7.5,2.11.0+cu128,12.8,2026-08-23T19:10:50.278441+00:00
ca87722a00ebf585cd788c67949e7c0b32dca788,torch_compile,torch.compile scale + causal mask + softmax,128,1024,128,float32,0.125,25,100,63,242.5920069217682,,1,Tesla T4,7.5,2.11.0+cu128,12.8,2026-08-23T19:10:50.278441+00:00
ca87722a00ebf585cd788c67949e7c0b32dca788,torch_compile,torch.compile scale + causal mask + softmax,128,1024,128,float32,0.125,25,100,64,232.03200101852417,,1,Tesla T4,7.5,2.11.0+cu128,12.8,2026-08-23T19:10:50.278441+00:00
ca87722a00ebf585cd788c67949e7c0b32dca788,torch_compile,torch.compile scale + causal mask + softmax,128,1024,128,float32,0.125,25,100,65,197.31199741363525,,1,Tesla T4,7.5,2.11.0+cu128,12.8,2026-08-23T19:10:50.278441+00:00
ca87722a00ebf585cd788c67949e7c0b32dca788,torch_compile,torch.compile scale + causal mask + softmax,128,1024,128,float32,0.125,25,100,66,196.60800695419312,,1,Tesla T4,7.5,2.11.0+cu128,12.8,2026-08-23T19:10:50.278441+00:00
ca87722a00ebf585cd788c67949e7c0b32dca788,torch_compile,torch.compile scale + causal mask + softmax,128,1024,128,float32,0.125,25,100,67,244.73600089550018,,1,Tesla T4,7.5,2.11.0+cu128,12.8,2026-08-23T19:10:50.278441+00:00
ca87722a00ebf585cd788c67949e7c0b32dca788,torch_compile,torch.compile scale + causal mask + softmax,128,1024,128,float32,0.125,25,100,68,227.84000635147095,,1,Tesla T4,7.5,2.11.0+cu128,12.8,2026-08-23T19:10:50.278441+00:00
ca87722a00ebf585cd788c67949e7c0b32dca788,torch_compile,torch.compile scale + causal mask + softmax,128,1024,128,float32,0.125,25,100,69,199.072003364563,,1,Tesla T4,7.5,2.11.0+cu128,12.8,2026-08-23T19:10:50.278441+00:00
ca87722a00ebf585cd788c67949e7c0b32dca788,torch_compile,torch.compile scale + causal mask + softmax,128,1024,128,float32,0.125,25,100,70,192.7040070295334,,1,Tesla T4,7.5,2.11.0+cu128,12.8,2026-08-23T19:10:50.278441+00:00
ca87722a00ebf585cd788c67949e7c0b32dca788,torch_compile,torch.compile scale + causal mask + softmax,128,1024,128,float32,0.125,25,100,71,231.455996632576,,1,Tesla T4,7.5,2.11.0+cu128,12.8,2026-08-23T19:10:50.278441+00:00
ca87722a00ebf585cd788c67949e7c0b32dca788,torch_compile,torch.compile scale + causal mask + softmax,128,1024,128,float32,0.125,25,100,72,246.87999486923218,,1,Tesla T4,7.5,2.11.0+cu128,12.8,2026-08-23T19:10:50.278441+00:00
ca87722a00ebf585cd788c67949e7c0b32dca788,torch_compile,torch.compile scale + causal mask + softmax,128,1024,128,float32,0.125,25,100,73,212.8639966249466,,1,Tesla T4,7.5,2.11.0+cu128,12.8,2026-08-23T19:10:50.278441+00:00
ca87722a00ebf585cd788c67949e7c0b32dca788,torch_compile,torch.compile scale + causal mask + softmax,128,1024,128,float32,0.125,25,100,74,237.69600689411163,,1,Tesla T4,7.5,2.11.0+cu128,12.8,2026-08-23T19:10:50.278441+00:00
ca87722a00ebf585cd788c67949e7c0b32dca788,torch_compile,torch.compile scale + causal mask + softmax,128,1024,128,float32,0.125,25,100,75,218.59200298786163,,1,Tesla T4,7.5,2.11.0+cu128,12.8,2026-08-23T19:10:50.278441+00:00
ca87722a00ebf585cd788c67949e7c0b32dca788,torch_compile,torch.compile scale + causal mask + softmax,128,1024,128,float32,0.125,25,100,76,219.07199919223785,,1,Tesla T4,7.5,2.11.0+cu128,12.8,2026-08-23T19:10:50.278441+00:00
ca87722a00ebf585cd788c67949e7c0b32dca788,torch_compile,torch.compile scale + causal mask + softmax,128,1024,128,float32,0.125,25,100,77,199.3280053138733,,1,Tesla T4,7.5,2.11.0+cu128,12.8,2026-08-23T19:10:50.278441+00:00
ca87722a00ebf585cd788c67949e7c0b32dca788,torch_compile,torch.compile scale + causal mask + softmax,128,1024,128,float32,0.125,25,100,78,190.46400487422943,,1,Tesla T4,7.5,2.11.0+cu128,12.8,2026-08-23T19:10:50.278441+00:00
ca87722a00ebf585cd788c67949e7c0b32dca788,torch_compile,torch.compile scale + causal mask + softmax,128,1024,128,float32,0.125,25,100,79,217.0879989862442,,1,Tesla T4,7.5,2.11.0+cu128,12.8,2026-08-23T19:10:50.278441+00:00
ca87722a00ebf585cd788c67949e7c0b32dca788,torch_compile,torch.compile scale + causal mask + softmax,128,1024,128,float32,0.125,25,100,80,209.72800254821777,,1,Tesla T4,7.5,2.11.0+cu128,12.8,2026-08-23T19:10:50.278441+00:00
ca87722a00ebf585cd788c67949e7c0b32dca788,torch_compile,torch.compile scale + causal mask + softmax,128,1024,128,float32,0.125,25,100,81,210.84800362586975,,1,Tesla T4,7.5,2.11.0+cu128,12.8,2026-08-23T19:10:50.278441+00:00
ca87722a00ebf585cd788c67949e7c0b32dca788,torch_compile,torch.compile scale + causal mask + softmax,128,1024,128,float32,0.125,25,100,82,227.29599475860596,,1,Tesla T4,7.5,2.11.0+cu128,12.8,2026-08-23T19:10:50.278441+00:00
ca87722a00ebf585cd788c67949e7c0b32dca788,torch_compile,torch.compile scale + causal mask + softmax,128,1024,128,float32,0.125,25,100,83,216.38399362564087,,1,Tesla T4,7.5,2.11.0+cu128,12.8,2026-08-23T19:10:50.278441+00:00
ca87722a00ebf585cd788c67949e7c0b32dca788,torch_compile,torch.compile scale + causal mask + softmax,128,1024,128,float32,0.125,25,100,84,202.84800231456757,,1,Tesla T4,7.5,2.11.0+cu128,12.8,2026-08-23T19:10:50.278441+00:00
ca87722a00ebf585cd788c67949e7c0b32dca788,torch_compile,torch.compile scale + causal mask + softmax,128,1024,128,float32,0.125,25,100,85,210.94399690628052,,1,Tesla T4,7.5,2.11.0+cu128,12.8,2026-08-23T19:10:50.278441+00:00
ca87722a00ebf585cd788c67949e7c0b32dca788,torch_compile,torch.compile scale + causal mask + softmax,128,1024,128,float32,0.125,25,100,86,2243.839979171753,,1,Tesla T4,7.5,2.11.0+cu128,12.8,2026-08-23T19:10:50.278441+00:00
ca87722a00ebf585cd788c67949e7c0b32dca788,torch_compile,torch.compile scale + causal mask + softmax,128,1024,128,float32,0.125,25,100,87,273.3759880065918,,1,Tesla T4,7.5,2.11.0+cu128,12.8,2026-08-23T19:10:50.278441+00:00
ca87722a00ebf585cd788c67949e7c0b32dca788,torch_compile,torch.compile scale + causal mask + softmax,128,1024,128,float32,0.125,25,100,88,249.6960014104843,,1,Tesla T4,7.5,2.11.0+cu128,12.8,2026-08-23T19:10:50.278441+00:00
ca87722a00ebf585cd788c67949e7c0b32dca788,torch_compile,torch.compile scale + causal mask + softmax,128,1024,128,float32,0.125,25,100,89,231.64799809455872,,1,Tesla T4,7.5,2.11.0+cu128,12.8,2026-08-23T19:10:50.278441+00:00
ca87722a00ebf585cd788c67949e7c0b32dca788,torch_compile,torch.compile scale + causal mask + softmax,128,1024,128,float32,0.125,25,100,90,245.69599330425262,,1,Tesla T4,7.5,2.11.0+cu128,12.8,2026-08-23T19:10:50.278441+00:00
ca87722a00ebf585cd788c67949e7c0b32dca788,torch_compile,torch.compile scale + causal mask + softmax,128,1024,128,float32,0.125,25,100,91,211.99999749660492,,1,Tesla T4,7.5,2.11.0+cu128,12.8,2026-08-23T19:10:50.278441+00:00
ca87722a00ebf585cd788c67949e7c0b32dca788,torch_compile,torch.compile scale + causal mask + softmax,128,1024,128,float32,0.125,25,100,92,207.71199464797974,,1,Tesla T4,7.5,2.11.0+cu128,12.8,2026-08-23T19:10:50.278441+00:00
ca87722a00ebf585cd788c67949e7c0b32dca788,torch_compile,torch.compile scale + causal mask + softmax,128,1024,128,float32,0.125,25,100,93,226.75199806690216,,1,Tesla T4,7.5,2.11.0+cu128,12.8,2026-08-23T19:10:50.278441+00:00
ca87722a00ebf585cd788c67949e7c0b32dca788,torch_compile,torch.compile scale + causal mask + softmax,128,1024,128,float32,0.125,25,100,94,276.4799892902374,,1,Tesla T4,7.5,2.11.0+cu128,12.8,2026-08-23T19:10:50.278441+00:00
ca87722a00ebf585cd788c67949e7c0b32dca788,torch_compile,torch.compile scale + causal mask + softmax,128,1024,128,float32,0.125,25,100,95,224.16000068187714,,1,Tesla T4,7.5,2.11.0+cu128,12.8,2026-08-23T19:10:50.278441+00:00
ca87722a00ebf585cd788c67949e7c0b32dca788,torch_compile,torch.compile scale + causal mask + softmax,128,1024,128,float32,0.125,25,100,96,210.59200167655945,,1,Tesla T4,7.5,2.11.0+cu128,12.8,2026-08-23T19:10:50.278441+00:00
ca87722a00ebf585cd788c67949e7c0b32dca788,torch_compile,torch.compile scale + causal mask + softmax,128,1024,128,float32,0.125,25,100,97,232.09600150585175,,1,Tesla T4,7.5,2.11.0+cu128,12.8,2026-08-23T19:10:50.278441+00:00
ca87722a00ebf585cd788c67949e7c0b32dca788,torch_compile,torch.compile scale + causal mask + softmax,128,1024,128,float32,0.125,25,100,98,215.87200462818146,,1,Tesla T4,7.5,2.11.0+cu128,12.8,2026-08-23T19:10:50.278441+00:00
ca87722a00ebf585cd788c67949e7c0b32dca788,torch_compile,torch.compile scale + causal mask + softmax,128,1024,128,float32,0.125,25,100,99,208.8640034198761,,1,Tesla T4,7.5,2.11.0+cu128,12.8,2026-08-23T19:10:50.278441+00:00
ca87722a00ebf585cd788c67949e7c0b32dca788,custom_cuda,warp-reduction custom CUDA fused scale + mask + softmax; block_size=128,128,1024,128,float32,0.125,25,100,0,69.85600292682648,128,0,Tesla T4,7.5,2.11.0+cu128,12.8,2026-08-23T19:10:50.278441+00:00
ca87722a00ebf585cd788c67949e7c0b32dca788,custom_cuda,warp-reduction custom CUDA fused scale + mask + softmax; block_size=128,128,1024,128,float32,0.125,25,100,1,49.56800118088722,128,0,Tesla T4,7.5,2.11.0+cu128,12.8,2026-08-23T19:10:50.278441+00:00
ca87722a00ebf585cd788c67949e7c0b32dca788,custom_cuda,warp-reduction custom CUDA fused scale + mask + softmax; block_size=128,128,1024,128,float32,0.125,25,100,2,46.9760000705719,128,0,Tesla T4,7.5,2.11.0+cu128,12.8,2026-08-23T19:10:50.278441+00:00
ca87722a00ebf585cd788c67949e7c0b32dca788,custom_cuda,warp-reduction custom CUDA fused scale + mask + softmax; block_size=128,128,1024,128,float32,0.125,25,100,3,47.07200080156326,128,0,Tesla T4,7.5,2.11.0+cu128,12.8,2026-08-23T19:10:50.278441+00:00
ca87722a00ebf585cd788c67949e7c0b32dca788,custom_cuda,warp-reduction custom CUDA fused scale + mask + softmax; block_size=128,128,1024,128,float32,0.125,25,100,4,50.303999334573746,128,0,Tesla T4,7.5,2.11.0+cu128,12.8,2026-08-23T19:10:50.278441+00:00
ca87722a00ebf585cd788c67949e7c0b32dca788,custom_cuda,warp-reduction custom CUDA fused scale + mask + softmax; block_size=128,128,1024,128,float32,0.125,25,100,5,46.112000942230225,128,0,Tesla T4,7.5,2.11.0+cu128,12.8,2026-08-23T19:10:50.278441+00:00
ca87722a00ebf585cd788c67949e7c0b32dca788,custom_cuda,warp-reduction custom CUDA fused scale + mask + softmax; block_size=128,128,1024,128,float32,0.125,25,100,6,2152.8000831604004,128,0,Tesla T4,7.5,2.11.0+cu128,12.8,2026-08-23T19:10:50.278441+00:00
ca87722a00ebf585cd788c67949e7c0b32dca788,custom_cuda,warp-reduction custom CUDA fused scale + mask + softmax; block_size=128,128,1024,128,float32,0.125,25,100,7,74.81600344181061,128,0,Tesla T4,7.5,2.11.0+cu128,12.8,2026-08-23T19:10:50.278441+00:00
ca87722a00ebf585cd788c67949e7c0b32dca788,custom_cuda,warp-reduction custom CUDA fused scale + mask + softmax; block_size=128,128,1024,128,float32,0.125,25,100,8,67.35999882221222,128,0,Tesla T4,7.5,2.11.0+cu128,12.8,2026-08-23T19:10:50.278441+00:00
ca87722a00ebf585cd788c67949e7c0b32dca788,custom_cuda,warp-reduction custom CUDA fused scale + mask + softmax; block_size=128,128,1024,128,float32,0.125,25,100,9,47.13600128889084,128,0,Tesla T4,7.5,2.11.0+cu128,12.8,2026-08-23T19:10:50.278441+00:00
ca87722a00ebf585cd788c67949e7c0b32dca788,custom_cuda,warp-reduction custom CUDA fused scale + mask + softmax; block_size=128,128,1024,128,float32,0.125,25,100,10,45.21600157022476,128,0,Tesla T4,7.5,2.11.0+cu128,12.8,2026-08-23T19:10:50.278441+00:00
ca87722a00ebf585cd788c67949e7c0b32dca788,custom_cuda,warp-reduction custom CUDA fused scale + mask + softmax; block_size=128,128,1024,128,float32,0.125,25,100,11,44.576000422239304,128,0,Tesla T4,7.5,2.11.0+cu128,12.8,2026-08-23T19:10:50.278441+00:00
ca87722a00ebf585cd788c67949e7c0b32dca788,custom_cuda,warp-reduction custom CUDA fused scale + mask + softmax; block_size=128,128,1024,128,float32,0.125,25,100,12,44.863998889923096,128,0,Tesla T4,7.5,2.11.0+cu128,12.8,2026-08-23T19:10:50.278441+00:00
ca87722a00ebf585cd788c67949e7c0b32dca788,custom_cuda,warp-reduction custom CUDA fused scale + mask + softmax; block_size=128,128,1024,128,float32,0.125,25,100,13,43.03999990224838,128,0,Tesla T4,7.5,2.11.0+cu128,12.8,2026-08-23T19:10:50.278441+00:00
ca87722a00ebf585cd788c67949e7c0b32dca788,custom_cuda,warp-reduction custom CUDA fused scale + mask + softmax; block_size=128,128,1024,128,float32,0.125,25,100,14,44.704001396894455,128,0,Tesla T4,7.5,2.11.0+cu128,12.8,2026-08-23T19:10:50.278441+00:00
ca87722a00ebf585cd788c67949e7c0b32dca788,custom_cuda,warp-reduction custom CUDA fused scale + mask + softmax; block_size=128,128,1024,128,float32,0.125,25,100,15,43.487999588251114,128,0,Tesla T4,7.5,2.11.0+cu128,12.8,2026-08-23T19:10:50.278441+00:00
ca87722a00ebf585cd788c67949e7c0b32dca788,custom_cuda,warp-reduction custom CUDA fused scale + mask + softmax; block_size=128,128,1024,128,float32,0.125,25,100,16,47.45600000023842,128,0,Tesla T4,7.5,2.11.0+cu128,12.8,2026-08-23T19:10:50.278441+00:00
ca87722a00ebf585cd788c67949e7c0b32dca788,custom_cuda,warp-reduction custom CUDA fused scale + mask + softmax; block_size=128,128,1024,128,float32,0.125,25,100,17,78.68800312280655,128,0,Tesla T4,7.5,2.11.0+cu128,12.8,2026-08-23T19:10:50.278441+00:00
ca87722a00ebf585cd788c67949e7c0b32dca788,custom_cuda,warp-reduction custom CUDA fused scale + mask + softmax; block_size=128,128,1024,128,float32,0.125,25,100,18,57.631999254226685,128,0,Tesla T4,7.5,2.11.0+cu128,12.8,2026-08-23T19:10:50.278441+00:00
ca87722a00ebf585cd788c67949e7c0b32dca788,custom_cuda,warp-reduction custom CUDA fused scale + mask + softmax; block_size=128,128,1024,128,float32,0.125,25,100,19,55.07199838757515,128,0,Tesla T4,7.5,2.11.0+cu128,12.8,2026-08-23T19:10:50.278441+00:00
ca87722a00ebf585cd788c67949e7c0b32dca788,custom_cuda,warp-reduction custom CUDA fused scale + mask + softmax; block_size=128,128,1024,128,float32,0.125,25,100,20,89.4400030374527,128,0,Tesla T4,7.5,2.11.0+cu128,12.8,2026-08-23T19:10:50.278441+00:00
ca87722a00ebf585cd788c67949e7c0b32dca788,custom_cuda,warp-reduction custom CUDA fused scale + mask + softmax; block_size=128,128,1024,128,float32,0.125,25,100,21,45.60000076889992,128,0,Tesla T4,7.5,2.11.0+cu128,12.8,2026-08-23T19:10:50.278441+00:00
ca87722a00ebf585cd788c67949e7c0b32dca788,custom_cuda,warp-reduction custom CUDA fused scale + mask + softmax; block_size=128,128,1024,128,float32,0.125,25,100,22,39.23200070858002,128,0,Tesla T4,7.5,2.11.0+cu128,12.8,2026-08-23T19:10:50.278441+00:00
ca87722a00ebf585cd788c67949e7c0b32dca788,custom_cuda,warp-reduction custom CUDA fused scale + mask + softmax; block_size=128,128,1024,128,float32,0.125,25,100,23,38.68800029158592,128,0,Tesla T4,7.5,2.11.0+cu128,12.8,2026-08-23T19:10:50.278441+00:00
ca87722a00ebf585cd788c67949e7c0b32dca788,custom_cuda,warp-reduction custom CUDA fused scale + mask + softmax; block_size=128,128,1024,128,float32,0.125,25,100,24,38.36800158023834,128,0,Tesla T4,7.5,2.11.0+cu128,12.8,2026-08-23T19:10:50.278441+00:00
ca87722a00ebf585cd788c67949e7c0b32dca788,custom_cuda,warp-reduction custom CUDA fused scale + mask + softmax; block_size=128,128,1024,128,float32,0.125,25,100,25,38.62399980425835,128,0,Tesla T4,7.5,2.11.0+cu128,12.8,2026-08-23T19:10:50.278441+00:00
ca87722a00ebf585cd788c67949e7c0b32dca788,custom_cuda,warp-reduction custom CUDA fused scale + mask + softmax; block_size=128,128,1024,128,float32,0.125,25,100,26,38.91199827194214,128,0,Tesla T4,7.5,2.11.0+cu128,12.8,2026-08-23T19:10:50.278441+00:00
ca87722a00ebf585cd788c67949e7c0b32dca788,custom_cuda,warp-reduction custom CUDA fused scale + mask + softmax; block_size=128,128,1024,128,float32,0.125,25,100,27,38.88000175356865,128,0,Tesla T4,7.5,2.11.0+cu128,12.8,2026-08-23T19:10:50.278441+00:00
ca87722a00ebf585cd788c67949e7c0b32dca788,custom_cuda,warp-reduction custom CUDA fused scale + mask + softmax; block_size=128,128,1024,128,float32,0.125,25,100,28,39.135999977588654,128,0,Tesla T4,7.5,2.11.0+cu128,12.8,2026-08-23T19:10:50.278441+00:00
ca87722a00ebf585cd788c67949e7c0b32dca788,custom_cuda,warp-reduction custom CUDA fused scale + mask + softmax; block_size=128,128,1024,128,float32,0.125,25,100,29,38.91199827194214,128,0,Tesla T4,7.5,2.11.0+cu128,12.8,2026-08-23T19:10:50.278441+00:00
ca87722a00ebf585cd788c67949e7c0b32dca788,custom_cuda,warp-reduction custom CUDA fused scale + mask + softmax; block_size=128,128,1024,128,float32,0.125,25,100,30,55.36000058054924,128,0,Tesla T4,7.5,2.11.0+cu128,12.8,2026-08-23T19:10:50.278441+00:00
ca87722a00ebf585cd788c67949e7c0b32dca788,custom_cuda,warp-reduction custom CUDA fused scale + mask + softmax; block_size=128,128,1024,128,float32,0.125,25,100,31,53.02400141954422,128,0,Tesla T4,7.5,2.11.0+cu128,12.8,2026-08-23T19:10:50.278441+00:00
ca87722a00ebf585cd788c67949e7c0b32dca788,custom_cuda,warp-reduction custom CUDA fused scale + mask + softmax; block_size=128,128,1024,128,float32,0.125,25,100,32,41.24800115823746,128,0,Tesla T4,7.5,2.11.0+cu128,12.8,2026-08-23T19:10:50.278441+00:00
ca87722a00ebf585cd788c67949e7c0b32dca788,custom_cuda,warp-reduction custom CUDA fused scale + mask + softmax; block_size=128,128,1024,128,float32,0.125,25,100,33,37.59999945759773,128,0,Tesla T4,7.5,2.11.0+cu128,12.8,2026-08-23T19:10:50.278441+00:00
ca87722a00ebf585cd788c67949e7c0b32dca788,custom_cuda,warp-reduction custom CUDA fused scale + mask + softmax; block_size=128,128,1024,128,float32,0.125,25,100,34,43.007999658584595,128,0,Tesla T4,7.5,2.11.0+cu128,12.8,2026-08-23T19:10:50.278441+00:00
ca87722a00ebf585cd788c67949e7c0b32dca788,custom_cuda,warp-reduction custom CUDA fused scale + mask + softmax; block_size=128,128,1024,128,float32,0.125,25,100,35,37.66399994492531,128,0,Tesla T4,7.5,2.11.0+cu128,12.8,2026-08-23T19:10:50.278441+00:00
ca87722a00ebf585cd788c67949e7c0b32dca788,custom_cuda,warp-reduction custom CUDA fused scale + mask + softmax; block_size=128,128,1024,128,float32,0.125,25,100,36,37.18400001525879,128,0,Tesla T4,7.5,2.11.0+cu128,12.8,2026-08-23T19:10:50.278441+00:00
ca87722a00ebf585cd788c67949e7c0b32dca788,custom_cuda,warp-reduction custom CUDA fused scale + mask + softmax; block_size=128,128,1024,128,float32,0.125,25,100,37,36.70400008559227,128,0,Tesla T4,7.5,2.11.0+cu128,12.8,2026-08-23T19:10:50.278441+00:00
ca87722a00ebf585cd788c67949e7c0b32dca788,custom_cuda,warp-reduction custom CUDA fused scale + mask + softmax; block_size=128,128,1024,128,float32,0.125,25,100,38,36.928001791238785,128,0,Tesla T4,7.5,2.11.0+cu128,12.8,2026-08-23T19:10:50.278441+00:00
ca87722a00ebf585cd788c67949e7c0b32dca788,custom_cuda,warp-reduction custom CUDA fused scale + mask + softmax; block_size=128,128,1024,128,float32,0.125,25,100,39,36.86400130391121,128,0,Tesla T4,7.5,2.11.0+cu128,12.8,2026-08-23T19:10:50.278441+00:00
ca87722a00ebf585cd788c67949e7c0b32dca788,custom_cuda,warp-reduction custom CUDA fused scale + mask + softmax; block_size=128,128,1024,128,float32,0.125,25,100,40,36.3520011305809,128,0,Tesla T4,7.5,2.11.0+cu128,12.8,2026-08-23T19:10:50.278441+00:00
ca87722a00ebf585cd788c67949e7c0b32dca788,custom_cuda,warp-reduction custom CUDA fused scale + mask + softmax; block_size=128,128,1024,128,float32,0.125,25,100,41,36.83200106024742,128,0,Tesla T4,7.5,2.11.0+cu128,12.8,2026-08-23T19:10:50.278441+00:00
ca87722a00ebf585cd788c67949e7c0b32dca788,custom_cuda,warp-reduction custom CUDA fused scale + mask + softmax; block_size=128,128,1024,128,float32,0.125,25,100,42,36.479998379945755,128,0,Tesla T4,7.5,2.11.0+cu128,12.8,2026-08-23T19:10:50.278441+00:00
ca87722a00ebf585cd788c67949e7c0b32dca788,custom_cuda,warp-reduction custom CUDA fused scale + mask + softmax; block_size=128,128,1024,128,float32,0.125,25,100,43,36.896001547575,128,0,Tesla T4,7.5,2.11.0+cu128,12.8,2026-08-23T19:10:50.278441+00:00
ca87722a00ebf585cd788c67949e7c0b32dca788,custom_cuda,warp-reduction custom CUDA fused scale + mask + softmax; block_size=128,128,1024,128,float32,0.125,25,100,44,35.51999852061272,128,0,Tesla T4,7.5,2.11.0+cu128,12.8,2026-08-23T19:10:50.278441+00:00
ca87722a00ebf585cd788c67949e7c0b32dca788,custom_cuda,warp-reduction custom CUDA fused scale + mask + softmax; block_size=128,128,1024,128,float32,0.125,25,100,45,36.83200106024742,128,0,Tesla T4,7.5,2.11.0+cu128,12.8,2026-08-23T19:10:50.278441+00:00
ca87722a00ebf585cd788c67949e7c0b32dca788,custom_cuda,warp-reduction custom CUDA fused scale + mask + softmax; block_size=128,128,1024,128,float32,0.125,25,100,46,49.18399825692177,128,0,Tesla T4,7.5,2.11.0+cu128,12.8,2026-08-23T19:10:50.278441+00:00
ca87722a00ebf585cd788c67949e7c0b32dca788,custom_cuda,warp-reduction custom CUDA fused scale + mask + softmax; block_size=128,128,1024,128,float32,0.125,25,100,47,43.39199885725975,128,0,Tesla T4,7.5,2.11.0+cu128,12.8,2026-08-23T19:10:50.278441+00:00
ca87722a00ebf585cd788c67949e7c0b32dca788,custom_cuda,warp-reduction custom CUDA fused scale + mask + softmax; block_size=128,128,1024,128,float32,0.125,25,100,48,38.047999143600464,128,0,Tesla T4,7.5,2.11.0+cu128,12.8,2026-08-23T19:10:50.278441+00:00
ca87722a00ebf585cd788c67949e7c0b32dca788,custom_cuda,warp-reduction custom CUDA fused scale + mask + softmax; block_size=128,128,1024,128,float32,0.125,25,100,49,36.83200106024742,128,0,Tesla T4,7.5,2.11.0+cu128,12.8,2026-08-23T19:10:50.278441+00:00
ca87722a00ebf585cd788c67949e7c0b32dca788,custom_cuda,warp-reduction custom CUDA fused scale + mask + softmax; block_size=128,128,1024,128,float32,0.125,25,100,50,38.30400109291077,128,0,Tesla T4,7.5,2.11.0+cu128,12.8,2026-08-23T19:10:50.278441+00:00
ca87722a00ebf585cd788c67949e7c0b32dca788,custom_cuda,warp-reduction custom CUDA fused scale + mask + softmax; block_size=128,128,1024,128,float32,0.125,25,100,51,36.448001861572266,128,0,Tesla T4,7.5,2.11.0+cu128,12.8,2026-08-23T19:10:50.278441+00:00
ca87722a00ebf585cd788c67949e7c0b32dca788,custom_cuda,warp-reduction custom CUDA fused scale + mask + softmax; block_size=128,128,1024,128,float32,0.125,25,100,52,35.51999852061272,128,0,Tesla T4,7.5,2.11.0+cu128,12.8,2026-08-23T19:10:50.278441+00:00
ca87722a00ebf585cd788c67949e7c0b32dca788,custom_cuda,warp-reduction custom CUDA fused scale + mask + softmax; block_size=128,128,1024,128,float32,0.125,25,100,53,36.86400130391121,128,0,Tesla T4,7.5,2.11.0+cu128,12.8,2026-08-23T19:10:50.278441+00:00
ca87722a00ebf585cd788c67949e7c0b32dca788,custom_cuda,warp-reduction custom CUDA fused scale + mask + softmax; block_size=128,128,1024,128,float32,0.125,25,100,54,36.86400130391121,128,0,Tesla T4,7.5,2.11.0+cu128,12.8,2026-08-23T19:10:50.278441+00:00
ca87722a00ebf585cd788c67949e7c0b32dca788,custom_cuda,warp-reduction custom CUDA fused scale + mask + softmax; block_size=128,128,1024,128,float32,0.125,25,100,55,36.86400130391121,128,0,Tesla T4,7.5,2.11.0+cu128,12.8,2026-08-23T19:10:50.278441+00:00
ca87722a00ebf585cd788c67949e7c0b32dca788,custom_cuda,warp-reduction custom CUDA fused scale + mask + softmax; block_size=128,128,1024,128,float32,0.125,25,100,56,36.159999668598175,128,0,Tesla T4,7.5,2.11.0+cu128,12.8,2026-08-23T19:10:50.278441+00:00
ca87722a00ebf585cd788c67949e7c0b32dca788,custom_cuda,warp-reduction custom CUDA fused scale + mask + softmax; block_size=128,128,1024,128,float32,0.125,25,100,57,36.83200106024742,128,0,Tesla T4,7.5,2.11.0+cu128,12.8,2026-08-23T19:10:50.278441+00:00
ca87722a00ebf585cd788c67949e7c0b32dca788,custom_cuda,warp-reduction custom CUDA fused scale + mask + softmax; block_size=128,128,1024,128,float32,0.125,25,100,58,36.83200106024742,128,0,Tesla T4,7.5,2.11.0+cu128,12.8,2026-08-23T19:10:50.278441+00:00
ca87722a00ebf585cd788c67949e7c0b32dca788,custom_cuda,warp-reduction custom CUDA fused scale + mask + softmax; block_size=128,128,1024,128,float32,0.125,25,100,59,38.59199956059456,128,0,Tesla T4,7.5,2.11.0+cu128,12.8,2026-08-23T19:10:50.278441+00:00
ca87722a00ebf585cd788c67949e7c0b32dca788,custom_cuda,warp-reduction custom CUDA fused scale + mask + softmax; block_size=128,128,1024,128,float32,0.125,25,100,60,35.51999852061272,128,0,Tesla T4,7.5,2.11.0+cu128,12.8,2026-08-23T19:10:50.278441+00:00
ca87722a00ebf585cd788c67949e7c0b32dca788,custom_cuda,warp-reduction custom CUDA fused scale + mask + softmax; block_size=128,128,1024,128,float32,0.125,25,100,61,59.39200147986412,128,0,Tesla T4,7.5,2.11.0+cu128,12.8,2026-08-23T19:10:50.278441+00:00
ca87722a00ebf585cd788c67949e7c0b32dca788,custom_cuda,warp-reduction custom CUDA fused scale + mask + softmax; block_size=128,128,1024,128,float32,0.125,25,100,62,41.4079986512661,128,0,Tesla T4,7.5,2.11.0+cu128,12.8,2026-08-23T19:10:50.278441+00:00
ca87722a00ebf585cd788c67949e7c0b32dca788,custom_cuda,warp-reduction custom CUDA fused scale + mask + softmax; block_size=128,128,1024,128,float32,0.125,25,100,63,38.62399980425835,128,0,Tesla T4,7.5,2.11.0+cu128,12.8,2026-08-23T19:10:50.278441+00:00
ca87722a00ebf585cd788c67949e7c0b32dca788,custom_cuda,warp-reduction custom CUDA fused scale + mask + softmax; block_size=128,128,1024,128,float32,0.125,25,100,64,47.968000173568726,128,0,Tesla T4,7.5,2.11.0+cu128,12.8,2026-08-23T19:10:50.278441+00:00
ca87722a00ebf585cd788c67949e7c0b32dca788,custom_cuda,warp-reduction custom CUDA fused scale + mask + softmax; block_size=128,128,1024,128,float32,0.125,25,100,65,43.007999658584595,128,0,Tesla T4,7.5,2.11.0+cu128,12.8,2026-08-23T19:10:50.278441+00:00
ca87722a00ebf585cd788c67949e7c0b32dca788,custom_cuda,warp-reduction custom CUDA fused scale + mask + softmax; block_size=128,128,1024,128,float32,0.125,25,100,66,36.928001791238785,128,0,Tesla T4,7.5,2.11.0+cu128,12.8,2026-08-23T19:10:50.278441+00:00
ca87722a00ebf585cd788c67949e7c0b32dca788,custom_cuda,warp-reduction custom CUDA fused scale + mask + softmax; block_size=128,128,1024,128,float32,0.125,25,100,67,35.74400022625923,128,0,Tesla T4,7.5,2.11.0+cu128,12.8,2026-08-23T19:10:50.278441+00:00
ca87722a00ebf585cd788c67949e7c0b32dca788,custom_cuda,warp-reduction custom CUDA fused scale + mask + softmax; block_size=128,128,1024,128,float32,0.125,25,100,68,52.41600051522255,128,0,Tesla T4,7.5,2.11.0+cu128,12.8,2026-08-23T19:10:50.278441+00:00
ca87722a00ebf585cd788c67949e7c0b32dca788,custom_cuda,warp-reduction custom CUDA fused scale + mask + softmax; block_size=128,128,1024,128,float32,0.125,25,100,69,36.86400130391121,128,0,Tesla T4,7.5,2.11.0+cu128,12.8,2026-08-23T19:10:50.278441+00:00
ca87722a00ebf585cd788c67949e7c0b32dca788,custom_cuda,warp-reduction custom CUDA fused scale + mask + softmax; block_size=128,128,1024,128,float32,0.125,25,100,70,36.896001547575,128,0,Tesla T4,7.5,2.11.0+cu128,12.8,2026-08-23T19:10:50.278441+00:00
ca87722a00ebf585cd788c67949e7c0b32dca788,custom_cuda,warp-reduction custom CUDA fused scale + mask + softmax; block_size=128,128,1024,128,float32,0.125,25,100,71,37.05599904060364,128,0,Tesla T4,7.5,2.11.0+cu128,12.8,2026-08-23T19:10:50.278441+00:00
ca87722a00ebf585cd788c67949e7c0b32dca788,custom_cuda,warp-reduction custom CUDA fused scale + mask + softmax; block_size=128,128,1024,128,float32,0.125,25,100,72,51.13599821925163,128,0,Tesla T4,7.5,2.11.0+cu128,12.8,2026-08-23T19:10:50.278441+00:00
ca87722a00ebf585cd788c67949e7c0b32dca788,custom_cuda,warp-reduction custom CUDA fused scale + mask + softmax; block_size=128,128,1024,128,float32,0.125,25,100,73,37.34400123357773,128,0,Tesla T4,7.5,2.11.0+cu128,12.8,2026-08-23T19:10:50.278441+00:00
ca87722a00ebf585cd788c67949e7c0b32dca788,custom_cuda,warp-reduction custom CUDA fused scale + mask + softmax; block_size=128,128,1024,128,float32,0.125,25,100,74,36.86400130391121,128,0,Tesla T4,7.5,2.11.0+cu128,12.8,2026-08-23T19:10:50.278441+00:00
ca87722a00ebf585cd788c67949e7c0b32dca788,custom_cuda,warp-reduction custom CUDA fused scale + mask + softmax; block_size=128,128,1024,128,float32,0.125,25,100,75,37.408001720905304,128,0,Tesla T4,7.5,2.11.0+cu128,12.8,2026-08-23T19:10:50.278441+00:00
ca87722a00ebf585cd788c67949e7c0b32dca788,custom_cuda,warp-reduction custom CUDA fused scale + mask + softmax; block_size=128,128,1024,128,float32,0.125,25,100,76,62.17600032687187,128,0,Tesla T4,7.5,2.11.0+cu128,12.8,2026-08-23T19:10:50.278441+00:00
ca87722a00ebf585cd788c67949e7c0b32dca788,custom_cuda,warp-reduction custom CUDA fused scale + mask + softmax; block_size=128,128,1024,128,float32,0.125,25,100,77,43.007999658584595,128,0,Tesla T4,7.5,2.11.0+cu128,12.8,2026-08-23T19:10:50.278441+00:00
ca87722a00ebf585cd788c67949e7c0b32dca788,custom_cuda,warp-reduction custom CUDA fused scale + mask + softmax; block_size=128,128,1024,128,float32,0.125,25,100,78,38.816001266241074,128,0,Tesla T4,7.5,2.11.0+cu128,12.8,2026-08-23T19:10:50.278441+00:00
ca87722a00ebf585cd788c67949e7c0b32dca788,custom_cuda,warp-reduction custom CUDA fused scale + mask + softmax; block_size=128,128,1024,128,float32,0.125,25,100,79,37.88800165057182,128,0,Tesla T4,7.5,2.11.0+cu128,12.8,2026-08-23T19:10:50.278441+00:00
ca87722a00ebf585cd788c67949e7c0b32dca788,custom_cuda,warp-reduction custom CUDA fused scale + mask + softmax; block_size=128,128,1024,128,float32,0.125,25,100,80,39.23200070858002,128,0,Tesla T4,7.5,2.11.0+cu128,12.8,2026-08-23T19:10:50.278441+00:00
ca87722a00ebf585cd788c67949e7c0b32dca788,custom_cuda,warp-reduction custom CUDA fused scale + mask + softmax; block_size=128,128,1024,128,float32,0.125,25,100,81,37.28000074625015,128,0,Tesla T4,7.5,2.11.0+cu128,12.8,2026-08-23T19:10:50.278441+00:00
ca87722a00ebf585cd788c67949e7c0b32dca788,custom_cuda,warp-reduction custom CUDA fused scale + mask + softmax; block_size=128,128,1024,128,float32,0.125,25,100,82,37.151999771595,128,0,Tesla T4,7.5,2.11.0+cu128,12.8,2026-08-23T19:10:50.278441+00:00
ca87722a00ebf585cd788c67949e7c0b32dca788,custom_cuda,warp-reduction custom CUDA fused scale + mask + softmax; block_size=128,128,1024,128,float32,0.125,25,100,83,36.99199855327606,128,0,Tesla T4,7.5,2.11.0+cu128,12.8,2026-08-23T19:10:50.278441+00:00
ca87722a00ebf585cd788c67949e7c0b32dca788,custom_cuda,warp-reduction custom CUDA fused scale + mask + softmax; block_size=128,128,1024,128,float32,0.125,25,100,84,36.896001547575,128,0,Tesla T4,7.5,2.11.0+cu128,12.8,2026-08-23T19:10:50.278441+00:00
ca87722a00ebf585cd788c67949e7c0b32dca788,custom_cuda,warp-reduction custom CUDA fused scale + mask + softmax; block_size=128,128,1024,128,float32,0.125,25,100,85,37.02399879693985,128,0,Tesla T4,7.5,2.11.0+cu128,12.8,2026-08-23T19:10:50.278441+00:00
ca87722a00ebf585cd788c67949e7c0b32dca788,custom_cuda,warp-reduction custom CUDA fused scale + mask + softmax; block_size=128,128,1024,128,float32,0.125,25,100,86,36.86400130391121,128,0,Tesla T4,7.5,2.11.0+cu128,12.8,2026-08-23T19:10:50.278441+00:00
ca87722a00ebf585cd788c67949e7c0b32dca788,custom_cuda,warp-reduction custom CUDA fused scale + mask + softmax; block_size=128,128,1024,128,float32,0.125,25,100,87,45.56800052523613,128,0,Tesla T4,7.5,2.11.0+cu128,12.8,2026-08-23T19:10:50.278441+00:00
ca87722a00ebf585cd788c67949e7c0b32dca788,custom_cuda,warp-reduction custom CUDA fused scale + mask + softmax; block_size=128,128,1024,128,float32,0.125,25,100,88,36.448001861572266,128,0,Tesla T4,7.5,2.11.0+cu128,12.8,2026-08-23T19:10:50.278441+00:00
ca87722a00ebf585cd788c67949e7c0b32dca788,custom_cuda,warp-reduction custom CUDA fused scale + mask + softmax; block_size=128,128,1024,128,float32,0.125,25,100,89,36.86400130391121,128,0,Tesla T4,7.5,2.11.0+cu128,12.8,2026-08-23T19:10:50.278441+00:00
ca87722a00ebf585cd788c67949e7c0b32dca788,custom_cuda,warp-reduction custom CUDA fused scale + mask + softmax; block_size=128,128,1024,128,float32,0.125,25,100,90,36.54399886727333,128,0,Tesla T4,7.5,2.11.0+cu128,12.8,2026-08-23T19:10:50.278441+00:00
ca87722a00ebf585cd788c67949e7c0b32dca788,custom_cuda,warp-reduction custom CUDA fused scale + mask + softmax; block_size=128,128,1024,128,float32,0.125,25,100,91,43.2640016078949,128,0,Tesla T4,7.5,2.11.0+cu128,12.8,2026-08-23T19:10:50.278441+00:00
ca87722a00ebf585cd788c67949e7c0b32dca788,custom_cuda,warp-reduction custom CUDA fused scale + mask + softmax; block_size=128,128,1024,128,float32,0.125,25,100,92,37.76000067591667,128,0,Tesla T4,7.5,2.11.0+cu128,12.8,2026-08-23T19:10:50.278441+00:00
ca87722a00ebf585cd788c67949e7c0b32dca788,custom_cuda,warp-reduction custom CUDA fused scale + mask + softmax; block_size=128,128,1024,128,float32,0.125,25,100,93,36.86400130391121,128,0,Tesla T4,7.5,2.11.0+cu128,12.8,2026-08-23T19:10:50.278441+00:00
ca87722a00ebf585cd788c67949e7c0b32dca788,custom_cuda,warp-reduction custom CUDA fused scale + mask + softmax; block_size=128,128,1024,128,float32,0.125,25,100,94,38.27200084924698,128,0,Tesla T4,7.5,2.11.0+cu128,12.8,2026-08-23T19:10:50.278441+00:00
ca87722a00ebf585cd788c67949e7c0b32dca788,custom_cuda,warp-reduction custom CUDA fused scale + mask + softmax; block_size=128,128,1024,128,float32,0.125,25,100,95,41.82400181889534,128,0,Tesla T4,7.5,2.11.0+cu128,12.8,2026-08-23T19:10:50.278441+00:00
ca87722a00ebf585cd788c67949e7c0b32dca788,custom_cuda,warp-reduction custom CUDA fused scale + mask + softmax; block_size=128,128,1024,128,float32,0.125,25,100,96,39.5519994199276,128,0,Tesla T4,7.5,2.11.0+cu128,12.8,2026-08-23T19:10:50.278441+00:00
ca87722a00ebf585cd788c67949e7c0b32dca788,custom_cuda,warp-reduction custom CUDA fused scale + mask + softmax; block_size=128,128,1024,128,float32,0.125,25,100,97,44.60800066590309,128,0,Tesla T4,7.5,2.11.0+cu128,12.8,2026-08-23T19:10:50.278441+00:00
ca87722a00ebf585cd788c67949e7c0b32dca788,custom_cuda,warp-reduction custom CUDA fused scale + mask + softmax; block_size=128,128,1024,128,float32,0.125,25,100,98,38.88000175356865,128,0,Tesla T4,7.5,2.11.0+cu128,12.8,2026-08-23T19:10:50.278441+00:00
ca87722a00ebf585cd788c67949e7c0b32dca788,custom_cuda,warp-reduction custom CUDA fused scale + mask + softmax; block_size=128,128,1024,128,float32,0.125,25,100,99,45.08800059556961,128,0,Tesla T4,7.5,2.11.0+cu128,12.8,2026-08-23T19:10:50.278441+00:00
ca87722a00ebf585cd788c67949e7c0b32dca788,pytorch_eager,PyTorch eager scale + causal mask + softmax,255,2040,255,float32,0.125,25,100,0,148.54399859905243,,0,Tesla T4,7.5,2.11.0+cu128,12.8,2026-08-23T19:11:10.569169+00:00
ca87722a00ebf585cd788c67949e7c0b32dca788,pytorch_eager,PyTorch eager scale + causal mask + softmax,255,2040,255,float32,0.125,25,100,1,94.2080020904541,,0,Tesla T4,7.5,2.11.0+cu128,12.8,2026-08-23T19:11:10.569169+00:00
ca87722a00ebf585cd788c67949e7c0b32dca788,pytorch_eager,PyTorch eager scale + causal mask + softmax,255,2040,255,float32,0.125,25,100,2,84.86399799585342,,0,Tesla T4,7.5,2.11.0+cu128,12.8,2026-08-23T19:11:10.569169+00:00
ca87722a00ebf585cd788c67949e7c0b32dca788,pytorch_eager,PyTorch eager scale + causal mask + softmax,255,2040,255,float32,0.125,25,100,3,81.91999793052673,,0,Tesla T4,7.5,2.11.0+cu128,12.8,2026-08-23T19:11:10.569169+00:00
ca87722a00ebf585cd788c67949e7c0b32dca788,pytorch_eager,PyTorch eager scale + causal mask + softmax,255,2040,255,float32,0.125,25,100,4,82.40000158548355,,0,Tesla T4,7.5,2.11.0+cu128,12.8,2026-08-23T19:11:10.569169+00:00
ca87722a00ebf585cd788c67949e7c0b32dca788,pytorch_eager,PyTorch eager scale + causal mask + softmax,255,2040,255,float32,0.125,25,100,5,95.67999839782715,,0,Tesla T4,7.5,2.11.0+cu128,12.8,2026-08-23T19:11:10.569169+00:00
ca87722a00ebf585cd788c67949e7c0b32dca788,pytorch_eager,PyTorch eager scale + causal mask + softmax,255,2040,255,float32,0.125,25,100,6,92.51199662685394,,0,Tesla T4,7.5,2.11.0+cu128,12.8,2026-08-23T19:11:10.569169+00:00
ca87722a00ebf585cd788c67949e7c0b32dca788,pytorch_eager,PyTorch eager scale + causal mask + softmax,255,2040,255,float32,0.125,25,100,7,81.91999793052673,,0,Tesla T4,7.5,2.11.0+cu128,12.8,2026-08-23T19:11:10.569169+00:00
ca87722a00ebf585cd788c67949e7c0b32dca788,pytorch_eager,PyTorch eager scale + causal mask + softmax,255,2040,255,float32,0.125,25,100,8,90.01599997282028,,0,Tesla T4,7.5,2.11.0+cu128,12.8,2026-08-23T19:11:10.569169+00:00
ca87722a00ebf585cd788c67949e7c0b32dca788,pytorch_eager,PyTorch eager scale + causal mask + softmax,255,2040,255,float32,0.125,25,100,9,82.65600353479385,,0,Tesla T4,7.5,2.11.0+cu128,12.8,2026-08-23T19:11:10.569169+00:00
ca87722a00ebf585cd788c67949e7c0b32dca788,pytorch_eager,PyTorch eager scale + causal mask + softmax,255,2040,255,float32,0.125,25,100,10,81.91999793052673,,0,Tesla T4,7.5,2.11.0+cu128,12.8,2026-08-23T19:11:10.569169+00:00
ca87722a00ebf585cd788c67949e7c0b32dca788,pytorch_eager,PyTorch eager scale + causal mask + softmax,255,2040,255,float32,0.125,25,100,11,80.79999685287476,,0,Tesla T4,7.5,2.11.0+cu128,12.8,2026-08-23T19:11:10.569169+00:00
ca87722a00ebf585cd788c67949e7c0b32dca788,pytorch_eager,PyTorch eager scale + causal mask + softmax,255,2040,255,float32,0.125,25,100,12,82.46400207281113,,0,Tesla T4,7.5,2.11.0+cu128,12.8,2026-08-23T19:11:10.569169+00:00
ca87722a00ebf585cd788c67949e7c0b32dca788,pytorch_eager,PyTorch eager scale + causal mask + softmax,255,2040,255,float32,0.125,25,100,13,92.12800115346909,,0,Tesla T4,7.5,2.11.0+cu128,12.8,2026-08-23T19:11:10.569169+00:00
ca87722a00ebf585cd788c67949e7c0b32dca788,pytorch_eager,PyTorch eager scale + causal mask + softmax,255,2040,255,float32,0.125,25,100,14,86.01599931716919,,0,Tesla T4,7.5,2.11.0+cu128,12.8,2026-08-23T19:11:10.569169+00:00
ca87722a00ebf585cd788c67949e7c0b32dca788,pytorch_eager,PyTorch eager scale + causal mask + softmax,255,2040,255,float32,0.125,25,100,15,103.67999970912933,,0,Tesla T4,7.5,2.11.0+cu128,12.8,2026-08-23T19:11:10.569169+00:00
ca87722a00ebf585cd788c67949e7c0b32dca788,pytorch_eager,PyTorch eager scale + causal mask + softmax,255,2040,255,float32,0.125,25,100,16,83.5840031504631,,0,Tesla T4,7.5,2.11.0+cu128,12.8,2026-08-23T19:11:10.569169+00:00
ca87722a00ebf585cd788c67949e7c0b32dca788,pytorch_eager,PyTorch eager scale + causal mask + softmax,255,2040,255,float32,0.125,25,100,17,81.7599967122078,,0,Tesla T4,7.5,2.11.0+cu128,12.8,2026-08-23T19:11:10.569169+00:00
ca87722a00ebf585cd788c67949e7c0b32dca788,pytorch_eager,PyTorch eager scale + causal mask + softmax,255,2040,255,float32,0.125,25,100,18,86.04799956083298,,0,Tesla T4,7.5,2.11.0+cu128,12.8,2026-08-23T19:11:10.569169+00:00
ca87722a00ebf585cd788c67949e7c0b32dca788,pytorch_eager,PyTorch eager scale + causal mask + softmax,255,2040,255,float32,0.125,25,100,19,81.79199695587158,,0,Tesla T4,7.5,2.11.0+cu128,12.8,2026-08-23T19:11:10.569169+00:00
ca87722a00ebf585cd788c67949e7c0b32dca788,pytorch_eager,PyTorch eager scale + causal mask + softmax,255,2040,255,float32,0.125,25,100,20,81.216000020504,,0,Tesla T4,7.5,2.11.0+cu128,12.8,2026-08-23T19:11:10.569169+00:00
ca87722a00ebf585cd788c67949e7c0b32dca788,pytorch_eager,PyTorch eager scale + causal mask + softmax,255,2040,255,float32,0.125,25,100,21,79.9039974808693,,0,Tesla T4,7.5,2.11.0+cu128,12.8,2026-08-23T19:11:10.569169+00:00
ca87722a00ebf585cd788c67949e7c0b32dca788,pytorch_eager,PyTorch eager scale + causal mask + softmax,255,2040,255,float32,0.125,25,100,22,80.12799918651581,,0,Tesla T4,7.5,2.11.0+cu128,12.8,2026-08-23T19:11:10.569169+00:00
ca87722a00ebf585cd788c67949e7c0b32dca788,pytorch_eager,PyTorch eager scale + causal mask + softmax,255,2040,255,float32,0.125,25,100,23,79.93599772453308,,0,Tesla T4,7.5,2.11.0+cu128,12.8,2026-08-23T19:11:10.569169+00:00
ca87722a00ebf585cd788c67949e7c0b32dca788,pytorch_eager,PyTorch eager scale + causal mask + softmax,255,2040,255,float32,0.125,25,100,24,94.24000233411789,,0,Tesla T4,7.5,2.11.0+cu128,12.8,2026-08-23T19:11:10.569169+00:00
ca87722a00ebf585cd788c67949e7c0b32dca788,pytorch_eager,PyTorch eager scale + causal mask + softmax,255,2040,255,float32,0.125,25,100,25,90.11200070381165,,0,Tesla T4,7.5,2.11.0+cu128,12.8,2026-08-23T19:11:10.569169+00:00
ca87722a00ebf585cd788c67949e7c0b32dca788,pytorch_eager,PyTorch eager scale + causal mask + softmax,255,2040,255,float32,0.125,25,100,26,80.22399991750717,,0,Tesla T4,7.5,2.11.0+cu128,12.8,2026-08-23T19:11:10.569169+00:00
ca87722a00ebf585cd788c67949e7c0b32dca788,pytorch_eager,PyTorch eager scale + causal mask + softmax,255,2040,255,float32,0.125,25,100,27,88.19200098514557,,0,Tesla T4,7.5,2.11.0+cu128,12.8,2026-08-23T19:11:10.569169+00:00
ca87722a00ebf585cd788c67949e7c0b32dca788,pytorch_eager,PyTorch eager scale + causal mask + softmax,255,2040,255,float32,0.125,25,100,28,84.35200154781342,,0,Tesla T4,7.5,2.11.0+cu128,12.8,2026-08-23T19:11:10.569169+00:00
ca87722a00ebf585cd788c67949e7c0b32dca788,pytorch_eager,PyTorch eager scale + causal mask + softmax,255,2040,255,float32,0.125,25,100,29,81.15199953317642,,0,Tesla T4,7.5,2.11.0+cu128,12.8,2026-08-23T19:11:10.569169+00:00
ca87722a00ebf585cd788c67949e7c0b32dca788,pytorch_eager,PyTorch eager scale + causal mask + softmax,255,2040,255,float32,0.125,25,100,30,79.74400371313095,,0,Tesla T4,7.5,2.11.0+cu128,12.8,2026-08-23T19:11:10.569169+00:00
ca87722a00ebf585cd788c67949e7c0b32dca788,pytorch_eager,PyTorch eager scale + causal mask + softmax,255,2040,255,float32,0.125,25,100,31,80.1599994301796,,0,Tesla T4,7.5,2.11.0+cu128,12.8,2026-08-23T19:11:10.569169+00:00
ca87722a00ebf585cd788c67949e7c0b32dca788,pytorch_eager,PyTorch eager scale + causal mask + softmax,255,2040,255,float32,0.125,25,100,32,81.28000050783157,,0,Tesla T4,7.5,2.11.0+cu128,12.8,2026-08-23T19:11:10.569169+00:00
ca87722a00ebf585cd788c67949e7c0b32dca788,pytorch_eager,PyTorch eager scale + causal mask + softmax,255,2040,255,float32,0.125,25,100,33,79.9039974808693,,0,Tesla T4,7.5,2.11.0+cu128,12.8,2026-08-23T19:11:10.569169+00:00
ca87722a00ebf585cd788c67949e7c0b32dca788,pytorch_eager,PyTorch eager scale + causal mask + softmax,255,2040,255,float32,0.125,25,100,34,98.30400347709656,,0,Tesla T4,7.5,2.11.0+cu128,12.8,2026-08-23T19:11:10.569169+00:00
ca87722a00ebf585cd788c67949e7c0b32dca788,pytorch_eager,PyTorch eager scale + causal mask + softmax,255,2040,255,float32,0.125,25,100,35,83.99999886751175,,0,Tesla T4,7.5,2.11.0+cu128,12.8,2026-08-23T19:11:10.569169+00:00
ca87722a00ebf585cd788c67949e7c0b32dca788,pytorch_eager,PyTorch eager scale + causal mask + softmax,255,2040,255,float32,0.125,25,100,36,78.68800312280655,,0,Tesla T4,7.5,2.11.0+cu128,12.8,2026-08-23T19:11:10.569169+00:00
ca87722a00ebf585cd788c67949e7c0b32dca788,pytorch_eager,PyTorch eager scale + causal mask + softmax,255,2040,255,float32,0.125,25,100,37,90.11200070381165,,0,Tesla T4,7.5,2.11.0+cu128,12.8,2026-08-23T19:11:10.569169+00:00
ca87722a00ebf585cd788c67949e7c0b32dca788,pytorch_eager,PyTorch eager scale + causal mask + softmax,255,2040,255,float32,0.125,25,100,38,83.74399691820145,,0,Tesla T4,7.5,2.11.0+cu128,12.8,2026-08-23T19:11:10.569169+00:00
ca87722a00ebf585cd788c67949e7c0b32dca788,pytorch_eager,PyTorch eager scale + causal mask + softmax,255,2040,255,float32,0.125,25,100,39,79.8719972372055,,0,Tesla T4,7.5,2.11.0+cu128,12.8,2026-08-23T19:11:10.569169+00:00
ca87722a00ebf585cd788c67949e7c0b32dca788,pytorch_eager,PyTorch eager scale + causal mask + softmax,255,2040,255,float32,0.125,25,100,40,80.4160013794899,,0,Tesla T4,7.5,2.11.0+cu128,12.8,2026-08-23T19:11:10.569169+00:00
ca87722a00ebf585cd788c67949e7c0b32dca788,pytorch_eager,PyTorch eager scale + causal mask + softmax,255,2040,255,float32,0.125,25,100,41,79.68000322580338,,0,Tesla T4,7.5,2.11.0+cu128,12.8,2026-08-23T19:11:10.569169+00:00
ca87722a00ebf585cd788c67949e7c0b32dca788,pytorch_eager,PyTorch eager scale + causal mask + softmax,255,2040,255,float32,0.125,25,100,42,89.72799777984619,,0,Tesla T4,7.5,2.11.0+cu128,12.8,2026-08-23T19:11:10.569169+00:00
ca87722a00ebf585cd788c67949e7c0b32dca788,pytorch_eager,PyTorch eager scale + causal mask + softmax,255,2040,255,float32,0.125,25,100,43,79.96799796819687,,0,Tesla T4,7.5,2.11.0+cu128,12.8,2026-08-23T19:11:10.569169+00:00
ca87722a00ebf585cd788c67949e7c0b32dca788,pytorch_eager,PyTorch eager scale + causal mask + softmax,255,2040,255,float32,0.125,25,100,44,102.55999863147736,,0,Tesla T4,7.5,2.11.0+cu128,12.8,2026-08-23T19:11:10.569169+00:00
ca87722a00ebf585cd788c67949e7c0b32dca788,pytorch_eager,PyTorch eager scale + causal mask + softmax,255,2040,255,float32,0.125,25,100,45,81.91999793052673,,0,Tesla T4,7.5,2.11.0+cu128,12.8,2026-08-23T19:11:10.569169+00:00
ca87722a00ebf585cd788c67949e7c0b32dca788,pytorch_eager,PyTorch eager scale + causal mask + softmax,255,2040,255,float32,0.125,25,100,46,79.8719972372055,,0,Tesla T4,7.5,2.11.0+cu128,12.8,2026-08-23T19:11:10.569169+00:00
ca87722a00ebf585cd788c67949e7c0b32dca788,pytorch_eager,PyTorch eager scale + causal mask + softmax,255,2040,255,float32,0.125,25,100,47,83.93599838018417,,0,Tesla T4,7.5,2.11.0+cu128,12.8,2026-08-23T19:11:10.569169+00:00
ca87722a00ebf585cd788c67949e7c0b32dca788,pytorch_eager,PyTorch eager scale + causal mask + softmax,255,2040,255,float32,0.125,25,100,48,79.74400371313095,,0,Tesla T4,7.5,2.11.0+cu128,12.8,2026-08-23T19:11:10.569169+00:00
ca87722a00ebf585cd788c67949e7c0b32dca788,pytorch_eager,PyTorch eager scale + causal mask + softmax,255,2040,255,float32,0.125,25,100,49,79.68000322580338,,0,Tesla T4,7.5,2.11.0+cu128,12.8,2026-08-23T19:11:10.569169+00:00
ca87722a00ebf585cd788c67949e7c0b32dca788,pytorch_eager,PyTorch eager scale + causal mask + softmax,255,2040,255,float32,0.125,25,100,50,77.88799703121185,,0,Tesla T4,7.5,2.11.0+cu128,12.8,2026-08-23T19:11:10.569169+00:00
ca87722a00ebf585cd788c67949e7c0b32dca788,pytorch_eager,PyTorch eager scale + causal mask + softmax,255,2040,255,float32,0.125,25,100,51,78.27199995517731,,0,Tesla T4,7.5,2.11.0+cu128,12.8,2026-08-23T19:11:10.569169+00:00
ca87722a00ebf585cd788c67949e7c0b32dca788,pytorch_eager,PyTorch eager scale + causal mask + softmax,255,2040,255,float32,0.125,25,100,52,79.3600007891655,,0,Tesla T4,7.5,2.11.0+cu128,12.8,2026-08-23T19:11:10.569169+00:00
ca87722a00ebf585cd788c67949e7c0b32dca788,pytorch_eager,PyTorch eager scale + causal mask + softmax,255,2040,255,float32,0.125,25,100,53,79.45600152015686,,0,Tesla T4,7.5,2.11.0+cu128,12.8,2026-08-23T19:11:10.569169+00:00
ca87722a00ebf585cd788c67949e7c0b32dca788,pytorch_eager,PyTorch eager scale + causal mask + softmax,255,2040,255,float32,0.125,25,100,54,97.85600006580353,,0,Tesla T4,7.5,2.11.0+cu128,12.8,2026-08-23T19:11:10.569169+00:00
ca87722a00ebf585cd788c67949e7c0b32dca788,pytorch_eager,PyTorch eager scale + causal mask + softmax,255,2040,255,float32,0.125,25,100,55,81.91999793052673,,0,Tesla T4,7.5,2.11.0+cu128,12.8,2026-08-23T19:11:10.569169+00:00
ca87722a00ebf585cd788c67949e7c0b32dca788,pytorch_eager,PyTorch eager scale + causal mask + softmax,255,2040,255,float32,0.125,25,100,56,88.03199976682663,,0,Tesla T4,7.5,2.11.0+cu128,12.8,2026-08-23T19:11:10.569169+00:00
ca87722a00ebf585cd788c67949e7c0b32dca788,pytorch_eager,PyTorch eager scale + causal mask + softmax,255,2040,255,float32,0.125,25,100,57,85.91999858617783,,0,Tesla T4,7.5,2.11.0+cu128,12.8,2026-08-23T19:11:10.569169+00:00
ca87722a00ebf585cd788c67949e7c0b32dca788,pytorch_eager,PyTorch eager scale + causal mask + softmax,255,2040,255,float32,0.125,25,100,58,80.03199845552444,,0,Tesla T4,7.5,2.11.0+cu128,12.8,2026-08-23T19:11:10.569169+00:00
ca87722a00ebf585cd788c67949e7c0b32dca788,pytorch_eager,PyTorch eager scale + causal mask + softmax,255,2040,255,float32,0.125,25,100,59,81.34400099515915,,0,Tesla T4,7.5,2.11.0+cu128,12.8,2026-08-23T19:11:10.569169+00:00
ca87722a00ebf585cd788c67949e7c0b32dca788,pytorch_eager,PyTorch eager scale + causal mask + softmax,255,2040,255,float32,0.125,25,100,60,80.92799782752991,,0,Tesla T4,7.5,2.11.0+cu128,12.8,2026-08-23T19:11:10.569169+00:00
ca87722a00ebf585cd788c67949e7c0b32dca788,pytorch_eager,PyTorch eager scale + causal mask + softmax,255,2040,255,float32,0.125,25,100,61,79.48800176382065,,0,Tesla T4,7.5,2.11.0+cu128,12.8,2026-08-23T19:11:10.569169+00:00
ca87722a00ebf585cd788c67949e7c0b32dca788,pytorch_eager,PyTorch eager scale + causal mask + softmax,255,2040,255,float32,0.125,25,100,62,80.19199967384338,,0,Tesla T4,7.5,2.11.0+cu128,12.8,2026-08-23T19:11:10.569169+00:00
ca87722a00ebf585cd788c67949e7c0b32dca788,pytorch_eager,PyTorch eager scale + causal mask + softmax,255,2040,255,float32,0.125,25,100,63,95.77599912881851,,0,Tesla T4,7.5,2.11.0+cu128,12.8,2026-08-23T19:11:10.569169+00:00
ca87722a00ebf585cd788c67949e7c0b32dca788,pytorch_eager,PyTorch eager scale + causal mask + softmax,255,2040,255,float32,0.125,25,100,64,85.11999994516373,,0,Tesla T4,7.5,2.11.0+cu128,12.8,2026-08-23T19:11:10.569169+00:00
ca87722a00ebf585cd788c67949e7c0b32dca788,pytorch_eager,PyTorch eager scale + causal mask + softmax,255,2040,255,float32,0.125,25,100,65,81.91999793052673,,0,Tesla T4,7.5,2.11.0+cu128,12.8,2026-08-23T19:11:10.569169+00:00
ca87722a00ebf585cd788c67949e7c0b32dca788,pytorch_eager,PyTorch eager scale + causal mask + softmax,255,2040,255,float32,0.125,25,100,66,94.17600184679031,,0,Tesla T4,7.5,2.11.0+cu128,12.8,2026-08-23T19:11:10.569169+00:00
ca87722a00ebf585cd788c67949e7c0b32dca788,pytorch_eager,PyTorch eager scale + causal mask + softmax,255,2040,255,float32,0.125,25,100,67,112.5440001487732,,0,Tesla T4,7.5,2.11.0+cu128,12.8,2026-08-23T19:11:10.569169+00:00
ca87722a00ebf585cd788c67949e7c0b32dca788,pytorch_eager,PyTorch eager scale + causal mask + softmax,255,2040,255,float32,0.125,25,100,68,90.7839983701706,,0,Tesla T4,7.5,2.11.0+cu128,12.8,2026-08-23T19:11:10.569169+00:00
ca87722a00ebf585cd788c67949e7c0b32dca788,pytorch_eager,PyTorch eager scale + causal mask + softmax,255,2040,255,float32,0.125,25,100,69,91.07200056314468,,0,Tesla T4,7.5,2.11.0+cu128,12.8,2026-08-23T19:11:10.569169+00:00
ca87722a00ebf585cd788c67949e7c0b32dca788,pytorch_eager,PyTorch eager scale + causal mask + softmax,255,2040,255,float32,0.125,25,100,70,102.14400291442871,,0,Tesla T4,7.5,2.11.0+cu128,12.8,2026-08-23T19:11:10.569169+00:00
ca87722a00ebf585cd788c67949e7c0b32dca788,pytorch_eager,PyTorch eager scale + causal mask + softmax,255,2040,255,float32,0.125,25,100,71,90.14400094747543,,0,Tesla T4,7.5,2.11.0+cu128,12.8,2026-08-23T19:11:10.569169+00:00
ca87722a00ebf585cd788c67949e7c0b32dca788,pytorch_eager,PyTorch eager scale + causal mask + softmax,255,2040,255,float32,0.125,25,100,72,111.00800335407257,,0,Tesla T4,7.5,2.11.0+cu128,12.8,2026-08-23T19:11:10.569169+00:00
ca87722a00ebf585cd788c67949e7c0b32dca788,pytorch_eager,PyTorch eager scale + causal mask + softmax,255,2040,255,float32,0.125,25,100,73,94.2080020904541,,0,Tesla T4,7.5,2.11.0+cu128,12.8,2026-08-23T19:11:10.569169+00:00
ca87722a00ebf585cd788c67949e7c0b32dca788,pytorch_eager,PyTorch eager scale + causal mask + softmax,255,2040,255,float32,0.125,25,100,74,99.04000163078308,,0,Tesla T4,7.5,2.11.0+cu128,12.8,2026-08-23T19:11:10.569169+00:00
ca87722a00ebf585cd788c67949e7c0b32dca788,pytorch_eager,PyTorch eager scale + causal mask + softmax,255,2040,255,float32,0.125,25,100,75,96.22400254011154,,0,Tesla T4,7.5,2.11.0+cu128,12.8,2026-08-23T19:11:10.569169+00:00
ca87722a00ebf585cd788c67949e7c0b32dca788,pytorch_eager,PyTorch eager scale + causal mask + softmax,255,2040,255,float32,0.125,25,100,76,105.85600137710571,,0,Tesla T4,7.5,2.11.0+cu128,12.8,2026-08-23T19:11:10.569169+00:00
ca87722a00ebf585cd788c67949e7c0b32dca788,pytorch_eager,PyTorch eager scale + causal mask + softmax,255,2040,255,float32,0.125,25,100,77,92.73599833250046,,0,Tesla T4,7.5,2.11.0+cu128,12.8,2026-08-23T19:11:10.569169+00:00
ca87722a00ebf585cd788c67949e7c0b32dca788,pytorch_eager,PyTorch eager scale + causal mask + softmax,255,2040,255,float32,0.125,25,100,78,79.8719972372055,,0,Tesla T4,7.5,2.11.0+cu128,12.8,2026-08-23T19:11:10.569169+00:00
ca87722a00ebf585cd788c67949e7c0b32dca788,pytorch_eager,PyTorch eager scale + causal mask + softmax,255,2040,255,float32,0.125,25,100,79,79.6160027384758,,0,Tesla T4,7.5,2.11.0+cu128,12.8,2026-08-23T19:11:10.569169+00:00
ca87722a00ebf585cd788c67949e7c0b32dca788,pytorch_eager,PyTorch eager scale + causal mask + softmax,255,2040,255,float32,0.125,25,100,80,79.1039988398552,,0,Tesla T4,7.5,2.11.0+cu128,12.8,2026-08-23T19:11:10.569169+00:00
ca87722a00ebf585cd788c67949e7c0b32dca788,pytorch_eager,PyTorch eager scale + causal mask + softmax,255,2040,255,float32,0.125,25,100,81,96.70399874448776,,0,Tesla T4,7.5,2.11.0+cu128,12.8,2026-08-23T19:11:10.569169+00:00
ca87722a00ebf585cd788c67949e7c0b32dca788,pytorch_eager,PyTorch eager scale + causal mask + softmax,255,2040,255,float32,0.125,25,100,82,83.80799740552902,,0,Tesla T4,7.5,2.11.0+cu128,12.8,2026-08-23T19:11:10.569169+00:00
ca87722a00ebf585cd788c67949e7c0b32dca788,pytorch_eager,PyTorch eager scale + causal mask + softmax,255,2040,255,float32,0.125,25,100,83,79.8719972372055,,0,Tesla T4,7.5,2.11.0+cu128,12.8,2026-08-23T19:11:10.569169+00:00
ca87722a00ebf585cd788c67949e7c0b32dca788,pytorch_eager,PyTorch eager scale + causal mask + softmax,255,2040,255,float32,0.125,25,100,84,87.48800307512283,,0,Tesla T4,7.5,2.11.0+cu128,12.8,2026-08-23T19:11:10.569169+00:00
ca87722a00ebf585cd788c67949e7c0b32dca788,pytorch_eager,PyTorch eager scale + causal mask + softmax,255,2040,255,float32,0.125,25,100,85,79.8719972372055,,0,Tesla T4,7.5,2.11.0+cu128,12.8,2026-08-23T19:11:10.569169+00:00
ca87722a00ebf585cd788c67949e7c0b32dca788,pytorch_eager,PyTorch eager scale + causal mask + softmax,255,2040,255,float32,0.125,25,100,86,79.96799796819687,,0,Tesla T4,7.5,2.11.0+cu128,12.8,2026-08-23T19:11:10.569169+00:00
ca87722a00ebf585cd788c67949e7c0b32dca788,pytorch_eager,PyTorch eager scale + causal mask + softmax,255,2040,255,float32,0.125,25,100,87,79.16799932718277,,0,Tesla T4,7.5,2.11.0+cu128,12.8,2026-08-23T19:11:10.569169+00:00
ca87722a00ebf585cd788c67949e7c0b32dca788,pytorch_eager,PyTorch eager scale + causal mask + softmax,255,2040,255,float32,0.125,25,100,88,79.52000200748444,,0,Tesla T4,7.5,2.11.0+cu128,12.8,2026-08-23T19:11:10.569169+00:00
ca87722a00ebf585cd788c67949e7c0b32dca788,pytorch_eager,PyTorch eager scale + causal mask + softmax,255,2040,255,float32,0.125,25,100,89,79.1039988398552,,0,Tesla T4,7.5,2.11.0+cu128,12.8,2026-08-23T19:11:10.569169+00:00
ca87722a00ebf585cd788c67949e7c0b32dca788,pytorch_eager,PyTorch eager scale + causal mask + softmax,255,2040,255,float32,0.125,25,100,90,90.7519981265068,,0,Tesla T4,7.5,2.11.0+cu128,12.8,2026-08-23T19:11:10.569169+00:00
ca87722a00ebf585cd788c67949e7c0b32dca788,pytorch_eager,PyTorch eager scale + causal mask + softmax,255,2040,255,float32,0.125,25,100,91,88.06400001049042,,0,Tesla T4,7.5,2.11.0+cu128,12.8,2026-08-23T19:11:10.569169+00:00
ca87722a00ebf585cd788c67949e7c0b32dca788,pytorch_eager,PyTorch eager scale + causal mask + softmax,255,2040,255,float32,0.125,25,100,92,81.7599967122078,,0,Tesla T4,7.5,2.11.0+cu128,12.8,2026-08-23T19:11:10.569169+00:00
ca87722a00ebf585cd788c67949e7c0b32dca788,pytorch_eager,PyTorch eager scale + causal mask + softmax,255,2040,255,float32,0.125,25,100,93,91.36000275611877,,0,Tesla T4,7.5,2.11.0+cu128,12.8,2026-08-23T19:11:10.569169+00:00
ca87722a00ebf585cd788c67949e7c0b32dca788,pytorch_eager,PyTorch eager scale + causal mask + softmax,255,2040,255,float32,0.125,25,100,94,83.5840031504631,,0,Tesla T4,7.5,2.11.0+cu128,12.8,2026-08-23T19:11:10.569169+00:00
ca87722a00ebf585cd788c67949e7c0b32dca788,pytorch_eager,PyTorch eager scale + causal mask + softmax,255,2040,255,float32,0.125,25,100,95,81.91999793052673,,0,Tesla T4,7.5,2.11.0+cu128,12.8,2026-08-23T19:11:10.569169+00:00
ca87722a00ebf585cd788c67949e7c0b32dca788,pytorch_eager,PyTorch eager scale + causal mask + softmax,255,2040,255,float32,0.125,25,100,96,79.8719972372055,,0,Tesla T4,7.5,2.11.0+cu128,12.8,2026-08-23T19:11:10.569169+00:00
ca87722a00ebf585cd788c67949e7c0b32dca788,pytorch_eager,PyTorch eager scale + causal mask + softmax,255,2040,255,float32,0.125,25,100,97,79.83999699354172,,0,Tesla T4,7.5,2.11.0+cu128,12.8,2026-08-23T19:11:10.569169+00:00
ca87722a00ebf585cd788c67949e7c0b32dca788,pytorch_eager,PyTorch eager scale + causal mask + softmax,255,2040,255,float32,0.125,25,100,98,79.48800176382065,,0,Tesla T4,7.5,2.11.0+cu128,12.8,2026-08-23T19:11:10.569169+00:00
ca87722a00ebf585cd788c67949e7c0b32dca788,pytorch_eager,PyTorch eager scale + causal mask + softmax,255,2040,255,float32,0.125,25,100,99,79.74400371313095,,0,Tesla T4,7.5,2.11.0+cu128,12.8,2026-08-23T19:11:10.569169+00:00
ca87722a00ebf585cd788c67949e7c0b32dca788,torch_compile,torch.compile scale + causal mask + softmax,255,2040,255,float32,0.125,25,100,0,178.17600071430206,,1,Tesla T4,7.5,2.11.0+cu128,12.8,2026-08-23T19:11:10.569169+00:00
ca87722a00ebf585cd788c67949e7c0b32dca788,torch_compile,torch.compile scale + causal mask + softmax,255,2040,255,float32,0.125,25,100,1,141.85599982738495,,1,Tesla T4,7.5,2.11.0+cu128,12.8,2026-08-23T19:11:10.569169+00:00
ca87722a00ebf585cd788c67949e7c0b32dca788,torch_compile,torch.compile scale + causal mask + softmax,255,2040,255,float32,0.125,25,100,2,133.18400084972382,,1,Tesla T4,7.5,2.11.0+cu128,12.8,2026-08-23T19:11:10.569169+00:00
ca87722a00ebf585cd788c67949e7c0b32dca788,torch_compile,torch.compile scale + causal mask + softmax,255,2040,255,float32,0.125,25,100,3,129.15199995040894,,1,Tesla T4,7.5,2.11.0+cu128,12.8,2026-08-23T19:11:10.569169+00:00
ca87722a00ebf585cd788c67949e7c0b32dca788,torch_compile,torch.compile scale + causal mask + softmax,255,2040,255,float32,0.125,25,100,4,167.93599724769592,,1,Tesla T4,7.5,2.11.0+cu128,12.8,2026-08-23T19:11:10.569169+00:00
ca87722a00ebf585cd788c67949e7c0b32dca788,torch_compile,torch.compile scale + causal mask + softmax,255,2040,255,float32,0.125,25,100,5,141.08799397945404,,1,Tesla T4,7.5,2.11.0+cu128,12.8,2026-08-23T19:11:10.569169+00:00
ca87722a00ebf585cd788c67949e7c0b32dca788,torch_compile,torch.compile scale + causal mask + softmax,255,2040,255,float32,0.125,25,100,6,137.1839940547943,,1,Tesla T4,7.5,2.11.0+cu128,12.8,2026-08-23T19:11:10.569169+00:00
ca87722a00ebf585cd788c67949e7c0b32dca788,torch_compile,torch.compile scale + causal mask + softmax,255,2040,255,float32,0.125,25,100,7,130.5920034646988,,1,Tesla T4,7.5,2.11.0+cu128,12.8,2026-08-23T19:11:10.569169+00:00
ca87722a00ebf585cd788c67949e7c0b32dca788,torch_compile,torch.compile scale + causal mask + softmax,255,2040,255,float32,0.125,25,100,8,135.19999384880066,,1,Tesla T4,7.5,2.11.0+cu128,12.8,2026-08-23T19:11:10.569169+00:00
ca87722a00ebf585cd788c67949e7c0b32dca788,torch_compile,torch.compile scale + causal mask + softmax,255,2040,255,float32,0.125,25,100,9,168.96000504493713,,1,Tesla T4,7.5,2.11.0+cu128,12.8,2026-08-23T19:11:10.569169+00:00
ca87722a00ebf585cd788c67949e7c0b32dca788,torch_compile,torch.compile scale + causal mask + softmax,255,2040,255,float32,0.125,25,100,10,172.15999960899353,,1,Tesla T4,7.5,2.11.0+cu128,12.8,2026-08-23T19:11:10.569169+00:00
ca87722a00ebf585cd788c67949e7c0b32dca788,torch_compile,torch.compile scale + causal mask + softmax,255,2040,255,float32,0.125,25,100,11,167.32800006866455,,1,Tesla T4,7.5,2.11.0+cu128,12.8,2026-08-23T19:11:10.569169+00:00
ca87722a00ebf585cd788c67949e7c0b32dca788,torch_compile,torch.compile scale + causal mask + softmax,255,2040,255,float32,0.125,25,100,12,151.58399939537048,,1,Tesla T4,7.5,2.11.0+cu128,12.8,2026-08-23T19:11:10.569169+00:00
ca87722a00ebf585cd788c67949e7c0b32dca788,torch_compile,torch.compile scale + causal mask + softmax,255,2040,255,float32,0.125,25,100,13,149.02399480342865,,1,Tesla T4,7.5,2.11.0+cu128,12.8,2026-08-23T19:11:10.569169+00:00
ca87722a00ebf585cd788c67949e7c0b32dca788,torch_compile,torch.compile scale + causal mask + softmax,255,2040,255,float32,0.125,25,100,14,149.1200029850006,,1,Tesla T4,7.5,2.11.0+cu128,12.8,2026-08-23T19:11:10.569169+00:00
ca87722a00ebf585cd788c67949e7c0b32dca788,torch_compile,torch.compile scale + causal mask + softmax,255,2040,255,float32,0.125,25,100,15,182.81599879264832,,1,Tesla T4,7.5,2.11.0+cu128,12.8,2026-08-23T19:11:10.569169+00:00
ca87722a00ebf585cd788c67949e7c0b32dca788,torch_compile,torch.compile scale + causal mask + softmax,255,2040,255,float32,0.125,25,100,16,143.36000382900238,,1,Tesla T4,7.5,2.11.0+cu128,12.8,2026-08-23T19:11:10.569169+00:00
ca87722a00ebf585cd788c67949e7c0b32dca788,torch_compile,torch.compile scale + causal mask + softmax,255,2040,255,float32,0.125,25,100,17,231.455996632576,,1,Tesla T4,7.5,2.11.0+cu128,12.8,2026-08-23T19:11:10.569169+00:00
ca87722a00ebf585cd788c67949e7c0b32dca788,torch_compile,torch.compile scale + causal mask + softmax,255,2040,255,float32,0.125,25,100,18,162.20800578594208,,1,Tesla T4,7.5,2.11.0+cu128,12.8,2026-08-23T19:11:10.569169+00:00
ca87722a00ebf585cd788c67949e7c0b32dca788,torch_compile,torch.compile scale + causal mask + softmax,255,2040,255,float32,0.125,25,100,19,133.02400708198547,,1,Tesla T4,7.5,2.11.0+cu128,12.8,2026-08-23T19:11:10.569169+00:00
ca87722a00ebf585cd788c67949e7c0b32dca788,torch_compile,torch.compile scale + causal mask + softmax,255,2040,255,float32,0.125,25,100,20,150.56000649929047,,1,Tesla T4,7.5,2.11.0+cu128,12.8,2026-08-23T19:11:10.569169+00:00
ca87722a00ebf585cd788c67949e7c0b32dca788,torch_compile,torch.compile scale + causal mask + softmax,255,2040,255,float32,0.125,25,100,21,135.16800105571747,,1,Tesla T4,7.5,2.11.0+cu128,12.8,2026-08-23T19:11:10.569169+00:00
ca87722a00ebf585cd788c67949e7c0b32dca788,torch_compile,torch.compile scale + causal mask + softmax,255,2040,255,float32,0.125,25,100,22,135.45599579811096,,1,Tesla T4,7.5,2.11.0+cu128,12.8,2026-08-23T19:11:10.569169+00:00
ca87722a00ebf585cd788c67949e7c0b32dca788,torch_compile,torch.compile scale + causal mask + softmax,255,2040,255,float32,0.125,25,100,23,129.4720023870468,,1,Tesla T4,7.5,2.11.0+cu128,12.8,2026-08-23T19:11:10.569169+00:00
ca87722a00ebf585cd788c67949e7c0b32dca788,torch_compile,torch.compile scale + causal mask + softmax,255,2040,255,float32,0.125,25,100,24,127.36000120639801,,1,Tesla T4,7.5,2.11.0+cu128,12.8,2026-08-23T19:11:10.569169+00:00
ca87722a00ebf585cd788c67949e7c0b32dca788,torch_compile,torch.compile scale + causal mask + softmax,255,2040,255,float32,0.125,25,100,25,126.97599828243256,,1,Tesla T4,7.5,2.11.0+cu128,12.8,2026-08-23T19:11:10.569169+00:00
ca87722a00ebf585cd788c67949e7c0b32dca788,torch_compile,torch.compile scale + causal mask + softmax,255,2040,255,float32,0.125,25,100,26,167.93599724769592,,1,Tesla T4,7.5,2.11.0+cu128,12.8,2026-08-23T19:11:10.569169+00:00
ca87722a00ebf585cd788c67949e7c0b32dca788,torch_compile,torch.compile scale + causal mask + softmax,255,2040,255,float32,0.125,25,100,27,133.18400084972382,,1,Tesla T4,7.5,2.11.0+cu128,12.8,2026-08-23T19:11:10.569169+00:00
ca87722a00ebf585cd788c67949e7c0b32dca788,torch_compile,torch.compile scale + causal mask + softmax,255,2040,255,float32,0.125,25,100,28,134.5600038766861,,1,Tesla T4,7.5,2.11.0+cu128,12.8,2026-08-23T19:11:10.569169+00:00
ca87722a00ebf585cd788c67949e7c0b32dca788,torch_compile,torch.compile scale + causal mask + softmax,255,2040,255,float32,0.125,25,100,29,129.02399897575378,,1,Tesla T4,7.5,2.11.0+cu128,12.8,2026-08-23T19:11:10.569169+00:00
ca87722a00ebf585cd788c67949e7c0b32dca788,torch_compile,torch.compile scale + causal mask + softmax,255,2040,255,float32,0.125,25,100,30,126.97599828243256,,1,Tesla T4,7.5,2.11.0+cu128,12.8,2026-08-23T19:11:10.569169+00:00
ca87722a00ebf585cd788c67949e7c0b32dca788,torch_compile,torch.compile scale + causal mask + softmax,255,2040,255,float32,0.125,25,100,31,133.12000036239624,,1,Tesla T4,7.5,2.11.0+cu128,12.8,2026-08-23T19:11:10.569169+00:00
ca87722a00ebf585cd788c67949e7c0b32dca788,torch_compile,torch.compile scale + causal mask + softmax,255,2040,255,float32,0.125,25,100,32,165.75999557971954,,1,Tesla T4,7.5,2.11.0+cu128,12.8,2026-08-23T19:11:10.569169+00:00
ca87722a00ebf585cd788c67949e7c0b32dca788,torch_compile,torch.compile scale + causal mask + softmax,255,2040,255,float32,0.125,25,100,33,134.3040019273758,,1,Tesla T4,7.5,2.11.0+cu128,12.8,2026-08-23T19:11:10.569169+00:00
ca87722a00ebf585cd788c67949e7c0b32dca788,torch_compile,torch.compile scale + causal mask + softmax,255,2040,255,float32,0.125,25,100,34,135.16800105571747,,1,Tesla T4,7.5,2.11.0+cu128,12.8,2026-08-23T19:11:10.569169+00:00
ca87722a00ebf585cd788c67949e7c0b32dca788,torch_compile,torch.compile scale + causal mask + softmax,255,2040,255,float32,0.125,25,100,35,126.52799487113953,,1,Tesla T4,7.5,2.11.0+cu128,12.8,2026-08-23T19:11:10.569169+00:00
ca87722a00ebf585cd788c67949e7c0b32dca788,torch_compile,torch.compile scale + causal mask + softmax,255,2040,255,float32,0.125,25,100,36,125.72799623012543,,1,Tesla T4,7.5,2.11.0+cu128,12.8,2026-08-23T19:11:10.569169+00:00
ca87722a00ebf585cd788c67949e7c0b32dca788,torch_compile,torch.compile scale + causal mask + softmax,255,2040,255,float32,0.125,25,100,37,125.56800246238708,,1,Tesla T4,7.5,2.11.0+cu128,12.8,2026-08-23T19:11:10.569169+00:00
ca87722a00ebf585cd788c67949e7c0b32dca788,torch_compile,torch.compile scale + causal mask + softmax,255,2040,255,float32,0.125,25,100,38,179.87200617790222,,1,Tesla T4,7.5,2.11.0+cu128,12.8,2026-08-23T19:11:10.569169+00:00
ca87722a00ebf585cd788c67949e7c0b32dca788,torch_compile,torch.compile scale + causal mask + softmax,255,2040,255,float32,0.125,25,100,39,143.2960033416748,,1,Tesla T4,7.5,2.11.0+cu128,12.8,2026-08-23T19:11:10.569169+00:00
ca87722a00ebf585cd788c67949e7c0b32dca788,torch_compile,torch.compile scale + causal mask + softmax,255,2040,255,float32,0.125,25,100,40,151.58399939537048,,1,Tesla T4,7.5,2.11.0+cu128,12.8,2026-08-23T19:11:10.569169+00:00
ca87722a00ebf585cd788c67949e7c0b32dca788,torch_compile,torch.compile scale + causal mask + softmax,255,2040,255,float32,0.125,25,100,41,179.19999361038208,,1,Tesla T4,7.5,2.11.0+cu128,12.8,2026-08-23T19:11:10.569169+00:00
ca87722a00ebf585cd788c67949e7c0b32dca788,torch_compile,torch.compile scale + causal mask + softmax,255,2040,255,float32,0.125,25,100,42,195.74399292469025,,1,Tesla T4,7.5,2.11.0+cu128,12.8,2026-08-23T19:11:10.569169+00:00
ca87722a00ebf585cd788c67949e7c0b32dca788,torch_compile,torch.compile scale + causal mask + softmax,255,2040,255,float32,0.125,25,100,43,180.25599420070648,,1,Tesla T4,7.5,2.11.0+cu128,12.8,2026-08-23T19:11:10.569169+00:00
ca87722a00ebf585cd788c67949e7c0b32dca788,torch_compile,torch.compile scale + causal mask + softmax,255,2040,255,float32,0.125,25,100,44,155.03999590873718,,1,Tesla T4,7.5,2.11.0+cu128,12.8,2026-08-23T19:11:10.569169+00:00
ca87722a00ebf585cd788c67949e7c0b32dca788,torch_compile,torch.compile scale + causal mask + softmax,255,2040,255,float32,0.125,25,100,45,143.5520052909851,,1,Tesla T4,7.5,2.11.0+cu128,12.8,2026-08-23T19:11:10.569169+00:00
ca87722a00ebf585cd788c67949e7c0b32dca788,torch_compile,torch.compile scale + causal mask + softmax,255,2040,255,float32,0.125,25,100,46,135.16800105571747,,1,Tesla T4,7.5,2.11.0+cu128,12.8,2026-08-23T19:11:10.569169+00:00
ca87722a00ebf585cd788c67949e7c0b32dca788,torch_compile,torch.compile scale + causal mask + softmax,255,2040,255,float32,0.125,25,100,47,134.0160071849823,,1,Tesla T4,7.5,2.11.0+cu128,12.8,2026-08-23T19:11:10.569169+00:00
ca87722a00ebf585cd788c67949e7c0b32dca788,torch_compile,torch.compile scale + causal mask + softmax,255,2040,255,float32,0.125,25,100,48,158.65600109100342,,1,Tesla T4,7.5,2.11.0+cu128,12.8,2026-08-23T19:11:10.569169+00:00
ca87722a00ebf585cd788c67949e7c0b32dca788,torch_compile,torch.compile scale + causal mask + softmax,255,2040,255,float32,0.125,25,100,49,171.26399278640747,,1,Tesla T4,7.5,2.11.0+cu128,12.8,2026-08-23T19:11:10.569169+00:00
ca87722a00ebf585cd788c67949e7c0b32dca788,torch_compile,torch.compile scale + causal mask + softmax,255,2040,255,float32,0.125,25,100,50,142.07999408245087,,1,Tesla T4,7.5,2.11.0+cu128,12.8,2026-08-23T19:11:10.569169+00:00
ca87722a00ebf585cd788c67949e7c0b32dca788,torch_compile,torch.compile scale + causal mask + softmax,255,2040,255,float32,0.125,25,100,51,153.60000729560852,,1,Tesla T4,7.5,2.11.0+cu128,12.8,2026-08-23T19:11:10.569169+00:00
ca87722a00ebf585cd788c67949e7c0b32dca788,torch_compile,torch.compile scale + causal mask + softmax,255,2040,255,float32,0.125,25,100,52,127.03999876976013,,1,Tesla T4,7.5,2.11.0+cu128,12.8,2026-08-23T19:11:10.569169+00:00
ca87722a00ebf585cd788c67949e7c0b32dca788,torch_compile,torch.compile scale + causal mask + softmax,255,2040,255,float32,0.125,25,100,53,127.42400169372559,,1,Tesla T4,7.5,2.11.0+cu128,12.8,2026-08-23T19:11:10.569169+00:00
ca87722a00ebf585cd788c67949e7c0b32dca788,torch_compile,torch.compile scale + causal mask + softmax,255,2040,255,float32,0.125,25,100,54,169.91999745368958,,1,Tesla T4,7.5,2.11.0+cu128,12.8,2026-08-23T19:11:10.569169+00:00
ca87722a00ebf585cd788c67949e7c0b32dca788,torch_compile,torch.compile scale + causal mask + softmax,255,2040,255,float32,0.125,25,100,55,152.12799608707428,,1,Tesla T4,7.5,2.11.0+cu128,12.8,2026-08-23T19:11:10.569169+00:00
ca87722a00ebf585cd788c67949e7c0b32dca788,torch_compile,torch.compile scale + causal mask + softmax,255,2040,255,float32,0.125,25,100,56,162.08000481128693,,1,Tesla T4,7.5,2.11.0+cu128,12.8,2026-08-23T19:11:10.569169+00:00
ca87722a00ebf585cd788c67949e7c0b32dca788,torch_compile,torch.compile scale + causal mask + softmax,255,2040,255,float32,0.125,25,100,57,128.7360042333603,,1,Tesla T4,7.5,2.11.0+cu128,12.8,2026-08-23T19:11:10.569169+00:00
ca87722a00ebf585cd788c67949e7c0b32dca788,torch_compile,torch.compile scale + causal mask + softmax,255,2040,255,float32,0.125,25,100,58,126.97599828243256,,1,Tesla T4,7.5,2.11.0+cu128,12.8,2026-08-23T19:11:10.569169+00:00
ca87722a00ebf585cd788c67949e7c0b32dca788,torch_compile,torch.compile scale + causal mask + softmax,255,2040,255,float32,0.125,25,100,59,141.34399592876434,,1,Tesla T4,7.5,2.11.0+cu128,12.8,2026-08-23T19:11:10.569169+00:00
ca87722a00ebf585cd788c67949e7c0b32dca788,torch_compile,torch.compile scale + causal mask + softmax,255,2040,255,float32,0.125,25,100,60,165.8879965543747,,1,Tesla T4,7.5,2.11.0+cu128,12.8,2026-08-23T19:11:10.569169+00:00
ca87722a00ebf585cd788c67949e7c0b32dca788,torch_compile,torch.compile scale + causal mask + softmax,255,2040,255,float32,0.125,25,100,61,150.33599734306335,,1,Tesla T4,7.5,2.11.0+cu128,12.8,2026-08-23T19:11:10.569169+00:00
ca87722a00ebf585cd788c67949e7c0b32dca788,torch_compile,torch.compile scale + causal mask + softmax,255,2040,255,float32,0.125,25,100,62,145.4080045223236,,1,Tesla T4,7.5,2.11.0+cu128,12.8,2026-08-23T19:11:10.569169+00:00
ca87722a00ebf585cd788c67949e7c0b32dca788,torch_compile,torch.compile scale + causal mask + softmax,255,2040,255,float32,0.125,25,100,63,135.55200397968292,,1,Tesla T4,7.5,2.11.0+cu128,12.8,2026-08-23T19:11:10.569169+00:00
ca87722a00ebf585cd788c67949e7c0b32dca788,torch_compile,torch.compile scale + causal mask + softmax,255,2040,255,float32,0.125,25,100,64,158.9760035276413,,1,Tesla T4,7.5,2.11.0+cu128,12.8,2026-08-23T19:11:10.569169+00:00
ca87722a00ebf585cd788c67949e7c0b32dca788,torch_compile,torch.compile scale + causal mask + softmax,255,2040,255,float32,0.125,25,100,65,169.72799599170685,,1,Tesla T4,7.5,2.11.0+cu128,12.8,2026-08-23T19:11:10.569169+00:00
ca87722a00ebf585cd788c67949e7c0b32dca788,torch_compile,torch.compile scale + causal mask + softmax,255,2040,255,float32,0.125,25,100,66,272.41599559783936,,1,Tesla T4,7.5,2.11.0+cu128,12.8,2026-08-23T19:11:10.569169+00:00
ca87722a00ebf585cd788c67949e7c0b32dca788,torch_compile,torch.compile scale + causal mask + softmax,255,2040,255,float32,0.125,25,100,67,179.83999848365784,,1,Tesla T4,7.5,2.11.0+cu128,12.8,2026-08-23T19:11:10.569169+00:00
ca87722a00ebf585cd788c67949e7c0b32dca788,torch_compile,torch.compile scale + causal mask + softmax,255,2040,255,float32,0.125,25,100,68,151.19999647140503,,1,Tesla T4,7.5,2.11.0+cu128,12.8,2026-08-23T19:11:10.569169+00:00
ca87722a00ebf585cd788c67949e7c0b32dca788,torch_compile,torch.compile scale + causal mask + softmax,255,2040,255,float32,0.125,25,100,69,147.74399995803833,,1,Tesla T4,7.5,2.11.0+cu128,12.8,2026-08-23T19:11:10.569169+00:00
ca87722a00ebf585cd788c67949e7c0b32dca788,torch_compile,torch.compile scale + causal mask + softmax,255,2040,255,float32,0.125,25,100,70,196.60800695419312,,1,Tesla T4,7.5,2.11.0+cu128,12.8,2026-08-23T19:11:10.569169+00:00
ca87722a00ebf585cd788c67949e7c0b32dca788,torch_compile,torch.compile scale + causal mask + softmax,255,2040,255,float32,0.125,25,100,71,134.75200533866882,,1,Tesla T4,7.5,2.11.0+cu128,12.8,2026-08-23T19:11:10.569169+00:00
ca87722a00ebf585cd788c67949e7c0b32dca788,torch_compile,torch.compile scale + causal mask + softmax,255,2040,255,float32,0.125,25,100,72,132.9279989004135,,1,Tesla T4,7.5,2.11.0+cu128,12.8,2026-08-23T19:11:10.569169+00:00
ca87722a00ebf585cd788c67949e7c0b32dca788,torch_compile,torch.compile scale + causal mask + softmax,255,2040,255,float32,0.125,25,100,73,125.76000392436981,,1,Tesla T4,7.5,2.11.0+cu128,12.8,2026-08-23T19:11:10.569169+00:00
ca87722a00ebf585cd788c67949e7c0b32dca788,torch_compile,torch.compile scale + causal mask + softmax,255,2040,255,float32,0.125,25,100,74,124.95999783277512,,1,Tesla T4,7.5,2.11.0+cu128,12.8,2026-08-23T19:11:10.569169+00:00
ca87722a00ebf585cd788c67949e7c0b32dca788,torch_compile,torch.compile scale + causal mask + softmax,255,2040,255,float32,0.125,25,100,75,124.92799758911133,,1,Tesla T4,7.5,2.11.0+cu128,12.8,2026-08-23T19:11:10.569169+00:00
ca87722a00ebf585cd788c67949e7c0b32dca788,torch_compile,torch.compile scale + causal mask + softmax,255,2040,255,float32,0.125,25,100,76,178.0800074338913,,1,Tesla T4,7.5,2.11.0+cu128,12.8,2026-08-23T19:11:10.569169+00:00
ca87722a00ebf585cd788c67949e7c0b32dca788,torch_compile,torch.compile scale + causal mask + softmax,255,2040,255,float32,0.125,25,100,77,145.56799829006195,,1,Tesla T4,7.5,2.11.0+cu128,12.8,2026-08-23T19:11:10.569169+00:00
ca87722a00ebf585cd788c67949e7c0b32dca788,torch_compile,torch.compile scale + causal mask + softmax,255,2040,255,float32,0.125,25,100,78,135.16800105571747,,1,Tesla T4,7.5,2.11.0+cu128,12.8,2026-08-23T19:11:10.569169+00:00
ca87722a00ebf585cd788c67949e7c0b32dca788,torch_compile,torch.compile scale + causal mask + softmax,255,2040,255,float32,0.125,25,100,79,126.97599828243256,,1,Tesla T4,7.5,2.11.0+cu128,12.8,2026-08-23T19:11:10.569169+00:00
ca87722a00ebf585cd788c67949e7c0b32dca788,torch_compile,torch.compile scale + causal mask + softmax,255,2040,255,float32,0.125,25,100,80,125.5359947681427,,1,Tesla T4,7.5,2.11.0+cu128,12.8,2026-08-23T19:11:10.569169+00:00
ca87722a00ebf585cd788c67949e7c0b32dca788,torch_compile,torch.compile scale + causal mask + softmax,255,2040,255,float32,0.125,25,100,81,125.18399953842163,,1,Tesla T4,7.5,2.11.0+cu128,12.8,2026-08-23T19:11:10.569169+00:00
ca87722a00ebf585cd788c67949e7c0b32dca788,torch_compile,torch.compile scale + causal mask + softmax,255,2040,255,float32,0.125,25,100,82,224.7679978609085,,1,Tesla T4,7.5,2.11.0+cu128,12.8,2026-08-23T19:11:10.569169+00:00
ca87722a00ebf585cd788c67949e7c0b32dca788,torch_compile,torch.compile scale + causal mask + softmax,255,2040,255,float32,0.125,25,100,83,162.4000072479248,,1,Tesla T4,7.5,2.11.0+cu128,12.8,2026-08-23T19:11:10.569169+00:00
ca87722a00ebf585cd788c67949e7c0b32dca788,torch_compile,torch.compile scale + causal mask + softmax,255,2040,255,float32,0.125,25,100,84,147.45600521564484,,1,Tesla T4,7.5,2.11.0+cu128,12.8,2026-08-23T19:11:10.569169+00:00
ca87722a00ebf585cd788c67949e7c0b32dca788,torch_compile,torch.compile scale + causal mask + softmax,255,2040,255,float32,0.125,25,100,85,145.4080045223236,,1,Tesla T4,7.5,2.11.0+cu128,12.8,2026-08-23T19:11:10.569169+00:00
ca87722a00ebf585cd788c67949e7c0b32dca788,torch_compile,torch.compile scale + causal mask + softmax,255,2040,255,float32,0.125,25,100,86,141.184002161026,,1,Tesla T4,7.5,2.11.0+cu128,12.8,2026-08-23T19:11:10.569169+00:00
ca87722a00ebf585cd788c67949e7c0b32dca788,torch_compile,torch.compile scale + causal mask + softmax,255,2040,255,float32,0.125,25,100,87,173.66400361061096,,1,Tesla T4,7.5,2.11.0+cu128,12.8,2026-08-23T19:11:10.569169+00:00
ca87722a00ebf585cd788c67949e7c0b32dca788,torch_compile,torch.compile scale + causal mask + softmax,255,2040,255,float32,0.125,25,100,88,167.93599724769592,,1,Tesla T4,7.5,2.11.0+cu128,12.8,2026-08-23T19:11:10.569169+00:00
ca87722a00ebf585cd788c67949e7c0b32dca788,torch_compile,torch.compile scale + causal mask + softmax,255,2040,255,float32,0.125,25,100,89,133.12000036239624,,1,Tesla T4,7.5,2.11.0+cu128,12.8,2026-08-23T19:11:10.569169+00:00
ca87722a00ebf585cd788c67949e7c0b32dca788,torch_compile,torch.compile scale + causal mask + softmax,255,2040,255,float32,0.125,25,100,90,126.71999633312225,,1,Tesla T4,7.5,2.11.0+cu128,12.8,2026-08-23T19:11:10.569169+00:00
ca87722a00ebf585cd788c67949e7c0b32dca788,torch_compile,torch.compile scale + causal mask + softmax,255,2040,255,float32,0.125,25,100,91,222.6559966802597,,1,Tesla T4,7.5,2.11.0+cu128,12.8,2026-08-23T19:11:10.569169+00:00
ca87722a00ebf585cd788c67949e7c0b32dca788,torch_compile,torch.compile scale + causal mask + softmax,255,2040,255,float32,0.125,25,100,92,189.43999707698822,,1,Tesla T4,7.5,2.11.0+cu128,12.8,2026-08-23T19:11:10.569169+00:00
ca87722a00ebf585cd788c67949e7c0b32dca788,torch_compile,torch.compile scale + causal mask + softmax,255,2040,255,float32,0.125,25,100,93,150.91200172901154,,1,Tesla T4,7.5,2.11.0+cu128,12.8,2026-08-23T19:11:10.569169+00:00
ca87722a00ebf585cd788c67949e7c0b32dca788,torch_compile,torch.compile scale + causal mask + softmax,255,2040,255,float32,0.125,25,100,94,156.2879979610443,,1,Tesla T4,7.5,2.11.0+cu128,12.8,2026-08-23T19:11:10.569169+00:00
ca87722a00ebf585cd788c67949e7c0b32dca788,torch_compile,torch.compile scale + causal mask + softmax,255,2040,255,float32,0.125,25,100,95,129.66400384902954,,1,Tesla T4,7.5,2.11.0+cu128,12.8,2026-08-23T19:11:10.569169+00:00
ca87722a00ebf585cd788c67949e7c0b32dca788,torch_compile,torch.compile scale + causal mask + softmax,255,2040,255,float32,0.125,25,100,96,126.17599964141846,,1,Tesla T4,7.5,2.11.0+cu128,12.8,2026-08-23T19:11:10.569169+00:00
ca87722a00ebf585cd788c67949e7c0b32dca788,torch_compile,torch.compile scale + causal mask + softmax,255,2040,255,float32,0.125,25,100,97,126.56000256538391,,1,Tesla T4,7.5,2.11.0+cu128,12.8,2026-08-23T19:11:10.569169+00:00
ca87722a00ebf585cd788c67949e7c0b32dca788,torch_compile,torch.compile scale + causal mask + softmax,255,2040,255,float32,0.125,25,100,98,156.70399367809296,,1,Tesla T4,7.5,2.11.0+cu128,12.8,2026-08-23T19:11:10.569169+00:00
ca87722a00ebf585cd788c67949e7c0b32dca788,torch_compile,torch.compile scale + causal mask + softmax,255,2040,255,float32,0.125,25,100,99,142.36800372600555,,1,Tesla T4,7.5,2.11.0+cu128,12.8,2026-08-23T19:11:10.569169+00:00
ca87722a00ebf585cd788c67949e7c0b32dca788,custom_cuda,warp-reduction custom CUDA fused scale + mask + softmax; block_size=128,255,2040,255,float32,0.125,25,100,0,77.37600058317184,128,0,Tesla T4,7.5,2.11.0+cu128,12.8,2026-08-23T19:11:10.569169+00:00
ca87722a00ebf585cd788c67949e7c0b32dca788,custom_cuda,warp-reduction custom CUDA fused scale + mask + softmax; block_size=128,255,2040,255,float32,0.125,25,100,1,62.33600154519081,128,0,Tesla T4,7.5,2.11.0+cu128,12.8,2026-08-23T19:11:10.569169+00:00
ca87722a00ebf585cd788c67949e7c0b32dca788,custom_cuda,warp-reduction custom CUDA fused scale + mask + softmax; block_size=128,255,2040,255,float32,0.125,25,100,2,61.28000095486641,128,0,Tesla T4,7.5,2.11.0+cu128,12.8,2026-08-23T19:11:10.569169+00:00
ca87722a00ebf585cd788c67949e7c0b32dca788,custom_cuda,warp-reduction custom CUDA fused scale + mask + softmax; block_size=128,255,2040,255,float32,0.125,25,100,3,61.40799820423126,128,0,Tesla T4,7.5,2.11.0+cu128,12.8,2026-08-23T19:11:10.569169+00:00
ca87722a00ebf585cd788c67949e7c0b32dca788,custom_cuda,warp-reduction custom CUDA fused scale + mask + softmax; block_size=128,255,2040,255,float32,0.125,25,100,4,60.127999633550644,128,0,Tesla T4,7.5,2.11.0+cu128,12.8,2026-08-23T19:11:10.569169+00:00
ca87722a00ebf585cd788c67949e7c0b32dca788,custom_cuda,warp-reduction custom CUDA fused scale + mask + softmax; block_size=128,255,2040,255,float32,0.125,25,100,5,60.63999980688095,128,0,Tesla T4,7.5,2.11.0+cu128,12.8,2026-08-23T19:11:10.569169+00:00
ca87722a00ebf585cd788c67949e7c0b32dca788,custom_cuda,warp-reduction custom CUDA fused scale + mask + softmax; block_size=128,255,2040,255,float32,0.125,25,100,6,60.67200005054474,128,0,Tesla T4,7.5,2.11.0+cu128,12.8,2026-08-23T19:11:10.569169+00:00
ca87722a00ebf585cd788c67949e7c0b32dca788,custom_cuda,warp-reduction custom CUDA fused scale + mask + softmax; block_size=128,255,2040,255,float32,0.125,25,100,7,77.69600301980972,128,0,Tesla T4,7.5,2.11.0+cu128,12.8,2026-08-23T19:11:10.569169+00:00
ca87722a00ebf585cd788c67949e7c0b32dca788,custom_cuda,warp-reduction custom CUDA fused scale + mask + softmax; block_size=128,255,2040,255,float32,0.125,25,100,8,59.7120001912117,128,0,Tesla T4,7.5,2.11.0+cu128,12.8,2026-08-23T19:11:10.569169+00:00
ca87722a00ebf585cd788c67949e7c0b32dca788,custom_cuda,warp-reduction custom CUDA fused scale + mask + softmax; block_size=128,255,2040,255,float32,0.125,25,100,9,57.88800120353699,128,0,Tesla T4,7.5,2.11.0+cu128,12.8,2026-08-23T19:11:10.569169+00:00
ca87722a00ebf585cd788c67949e7c0b32dca788,custom_cuda,warp-reduction custom CUDA fused scale + mask + softmax; block_size=128,255,2040,255,float32,0.125,25,100,10,64.92800265550613,128,0,Tesla T4,7.5,2.11.0+cu128,12.8,2026-08-23T19:11:10.569169+00:00
ca87722a00ebf585cd788c67949e7c0b32dca788,custom_cuda,warp-reduction custom CUDA fused scale + mask + softmax; block_size=128,255,2040,255,float32,0.125,25,100,11,58.62399935722351,128,0,Tesla T4,7.5,2.11.0+cu128,12.8,2026-08-23T19:11:10.569169+00:00
ca87722a00ebf585cd788c67949e7c0b32dca788,custom_cuda,warp-reduction custom CUDA fused scale + mask + softmax; block_size=128,255,2040,255,float32,0.125,25,100,12,57.34400078654289,128,0,Tesla T4,7.5,2.11.0+cu128,12.8,2026-08-23T19:11:10.569169+00:00
ca87722a00ebf585cd788c67949e7c0b32dca788,custom_cuda,warp-reduction custom CUDA fused scale + mask + softmax; block_size=128,255,2040,255,float32,0.125,25,100,13,57.72799998521805,128,0,Tesla T4,7.5,2.11.0+cu128,12.8,2026-08-23T19:11:10.569169+00:00
ca87722a00ebf585cd788c67949e7c0b32dca788,custom_cuda,warp-reduction custom CUDA fused scale + mask + softmax; block_size=128,255,2040,255,float32,0.125,25,100,14,57.88800120353699,128,0,Tesla T4,7.5,2.11.0+cu128,12.8,2026-08-23T19:11:10.569169+00:00
ca87722a00ebf585cd788c67949e7c0b32dca788,custom_cuda,warp-reduction custom CUDA fused scale + mask + softmax; block_size=128,255,2040,255,float32,0.125,25,100,15,58.400001376867294,128,0,Tesla T4,7.5,2.11.0+cu128,12.8,2026-08-23T19:11:10.569169+00:00
ca87722a00ebf585cd788c67949e7c0b32dca788,custom_cuda,warp-reduction custom CUDA fused scale + mask + softmax; block_size=128,255,2040,255,float32,0.125,25,100,16,57.34400078654289,128,0,Tesla T4,7.5,2.11.0+cu128,12.8,2026-08-23T19:11:10.569169+00:00
ca87722a00ebf585cd788c67949e7c0b32dca788,custom_cuda,warp-reduction custom CUDA fused scale + mask + softmax; block_size=128,255,2040,255,float32,0.125,25,100,17,58.559998869895935,128,0,Tesla T4,7.5,2.11.0+cu128,12.8,2026-08-23T19:11:10.569169+00:00
ca87722a00ebf585cd788c67949e7c0b32dca788,custom_cuda,warp-reduction custom CUDA fused scale + mask + softmax; block_size=128,255,2040,255,float32,0.125,25,100,18,74.94399696588516,128,0,Tesla T4,7.5,2.11.0+cu128,12.8,2026-08-23T19:11:10.569169+00:00
ca87722a00ebf585cd788c67949e7c0b32dca788,custom_cuda,warp-reduction custom CUDA fused scale + mask + softmax; block_size=128,255,2040,255,float32,0.125,25,100,19,60.864001512527466,128,0,Tesla T4,7.5,2.11.0+cu128,12.8,2026-08-23T19:11:10.569169+00:00
ca87722a00ebf585cd788c67949e7c0b32dca788,custom_cuda,warp-reduction custom CUDA fused scale + mask + softmax; block_size=128,255,2040,255,float32,0.125,25,100,20,58.52799862623215,128,0,Tesla T4,7.5,2.11.0+cu128,12.8,2026-08-23T19:11:10.569169+00:00
ca87722a00ebf585cd788c67949e7c0b32dca788,custom_cuda,warp-reduction custom CUDA fused scale + mask + softmax; block_size=128,255,2040,255,float32,0.125,25,100,21,58.36800113320351,128,0,Tesla T4,7.5,2.11.0+cu128,12.8,2026-08-23T19:11:10.569169+00:00
ca87722a00ebf585cd788c67949e7c0b32dca788,custom_cuda,warp-reduction custom CUDA fused scale + mask + softmax; block_size=128,255,2040,255,float32,0.125,25,100,22,59.4559982419014,128,0,Tesla T4,7.5,2.11.0+cu128,12.8,2026-08-23T19:11:10.569169+00:00
ca87722a00ebf585cd788c67949e7c0b32dca788,custom_cuda,warp-reduction custom CUDA fused scale + mask + softmax; block_size=128,255,2040,255,float32,0.125,25,100,23,57.69599974155426,128,0,Tesla T4,7.5,2.11.0+cu128,12.8,2026-08-23T19:11:10.569169+00:00
ca87722a00ebf585cd788c67949e7c0b32dca788,custom_cuda,warp-reduction custom CUDA fused scale + mask + softmax; block_size=128,255,2040,255,float32,0.125,25,100,24,57.34400078654289,128,0,Tesla T4,7.5,2.11.0+cu128,12.8,2026-08-23T19:11:10.569169+00:00
ca87722a00ebf585cd788c67949e7c0b32dca788,custom_cuda,warp-reduction custom CUDA fused scale + mask + softmax; block_size=128,255,2040,255,float32,0.125,25,100,25,57.34400078654289,128,0,Tesla T4,7.5,2.11.0+cu128,12.8,2026-08-23T19:11:10.569169+00:00
ca87722a00ebf585cd788c67949e7c0b32dca788,custom_cuda,warp-reduction custom CUDA fused scale + mask + softmax; block_size=128,255,2040,255,float32,0.125,25,100,26,57.53599852323532,128,0,Tesla T4,7.5,2.11.0+cu128,12.8,2026-08-23T19:11:10.569169+00:00
ca87722a00ebf585cd788c67949e7c0b32dca788,custom_cuda,warp-reduction custom CUDA fused scale + mask + softmax; block_size=128,255,2040,255,float32,0.125,25,100,27,57.82400071620941,128,0,Tesla T4,7.5,2.11.0+cu128,12.8,2026-08-23T19:11:10.569169+00:00
ca87722a00ebf585cd788c67949e7c0b32dca788,custom_cuda,warp-reduction custom CUDA fused scale + mask + softmax; block_size=128,255,2040,255,float32,0.125,25,100,28,57.34400078654289,128,0,Tesla T4,7.5,2.11.0+cu128,12.8,2026-08-23T19:11:10.569169+00:00
ca87722a00ebf585cd788c67949e7c0b32dca788,custom_cuda,warp-reduction custom CUDA fused scale + mask + softmax; block_size=128,255,2040,255,float32,0.125,25,100,29,57.18399956822395,128,0,Tesla T4,7.5,2.11.0+cu128,12.8,2026-08-23T19:11:10.569169+00:00
ca87722a00ebf585cd788c67949e7c0b32dca788,custom_cuda,warp-reduction custom CUDA fused scale + mask + softmax; block_size=128,255,2040,255,float32,0.125,25,100,30,60.256000608205795,128,0,Tesla T4,7.5,2.11.0+cu128,12.8,2026-08-23T19:11:10.569169+00:00
ca87722a00ebf585cd788c67949e7c0b32dca788,custom_cuda,warp-reduction custom CUDA fused scale + mask + softmax; block_size=128,255,2040,255,float32,0.125,25,100,31,59.26400050520897,128,0,Tesla T4,7.5,2.11.0+cu128,12.8,2026-08-23T19:11:10.569169+00:00
ca87722a00ebf585cd788c67949e7c0b32dca788,custom_cuda,warp-reduction custom CUDA fused scale + mask + softmax; block_size=128,255,2040,255,float32,0.125,25,100,32,58.720000088214874,128,0,Tesla T4,7.5,2.11.0+cu128,12.8,2026-08-23T19:11:10.569169+00:00
ca87722a00ebf585cd788c67949e7c0b32dca788,custom_cuda,warp-reduction custom CUDA fused scale + mask + softmax; block_size=128,255,2040,255,float32,0.125,25,100,33,57.88800120353699,128,0,Tesla T4,7.5,2.11.0+cu128,12.8,2026-08-23T19:11:10.569169+00:00
ca87722a00ebf585cd788c67949e7c0b32dca788,custom_cuda,warp-reduction custom CUDA fused scale + mask + softmax; block_size=128,255,2040,255,float32,0.125,25,100,34,59.10399928689003,128,0,Tesla T4,7.5,2.11.0+cu128,12.8,2026-08-23T19:11:10.569169+00:00
ca87722a00ebf585cd788c67949e7c0b32dca788,custom_cuda,warp-reduction custom CUDA fused scale + mask + softmax; block_size=128,255,2040,255,float32,0.125,25,100,35,75.29599964618683,128,0,Tesla T4,7.5,2.11.0+cu128,12.8,2026-08-23T19:11:10.569169+00:00
ca87722a00ebf585cd788c67949e7c0b32dca788,custom_cuda,warp-reduction custom CUDA fused scale + mask + softmax; block_size=128,255,2040,255,float32,0.125,25,100,36,65.5359998345375,128,0,Tesla T4,7.5,2.11.0+cu128,12.8,2026-08-23T19:11:10.569169+00:00
ca87722a00ebf585cd788c67949e7c0b32dca788,custom_cuda,warp-reduction custom CUDA fused scale + mask + softmax; block_size=128,255,2040,255,float32,0.125,25,100,37,59.328000992536545,128,0,Tesla T4,7.5,2.11.0+cu128,12.8,2026-08-23T19:11:10.569169+00:00
ca87722a00ebf585cd788c67949e7c0b32dca788,custom_cuda,warp-reduction custom CUDA fused scale + mask + softmax; block_size=128,255,2040,255,float32,0.125,25,100,38,57.66399949789047,128,0,Tesla T4,7.5,2.11.0+cu128,12.8,2026-08-23T19:11:10.569169+00:00
ca87722a00ebf585cd788c67949e7c0b32dca788,custom_cuda,warp-reduction custom CUDA fused scale + mask + softmax; block_size=128,255,2040,255,float32,0.125,25,100,39,58.400001376867294,128,0,Tesla T4,7.5,2.11.0+cu128,12.8,2026-08-23T19:11:10.569169+00:00
ca87722a00ebf585cd788c67949e7c0b32dca788,custom_cuda,warp-reduction custom CUDA fused scale + mask + softmax; block_size=128,255,2040,255,float32,0.125,25,100,40,58.75200033187866,128,0,Tesla T4,7.5,2.11.0+cu128,12.8,2026-08-23T19:11:10.569169+00:00
ca87722a00ebf585cd788c67949e7c0b32dca788,custom_cuda,warp-reduction custom CUDA fused scale + mask + softmax; block_size=128,255,2040,255,float32,0.125,25,100,41,57.792000472545624,128,0,Tesla T4,7.5,2.11.0+cu128,12.8,2026-08-23T19:11:10.569169+00:00
ca87722a00ebf585cd788c67949e7c0b32dca788,custom_cuda,warp-reduction custom CUDA fused scale + mask + softmax; block_size=128,255,2040,255,float32,0.125,25,100,42,61.40799820423126,128,0,Tesla T4,7.5,2.11.0+cu128,12.8,2026-08-23T19:11:10.569169+00:00
ca87722a00ebf585cd788c67949e7c0b32dca788,custom_cuda,warp-reduction custom CUDA fused scale + mask + softmax; block_size=128,255,2040,255,float32,0.125,25,100,43,59.36000123620033,128,0,Tesla T4,7.5,2.11.0+cu128,12.8,2026-08-23T19:11:10.569169+00:00
ca87722a00ebf585cd788c67949e7c0b32dca788,custom_cuda,warp-reduction custom CUDA fused scale + mask + softmax; block_size=128,255,2040,255,float32,0.125,25,100,44,57.72799998521805,128,0,Tesla T4,7.5,2.11.0+cu128,12.8,2026-08-23T19:11:10.569169+00:00
ca87722a00ebf585cd788c67949e7c0b32dca788,custom_cuda,warp-reduction custom CUDA fused scale + mask + softmax; block_size=128,255,2040,255,float32,0.125,25,100,45,57.5999990105629,128,0,Tesla T4,7.5,2.11.0+cu128,12.8,2026-08-23T19:11:10.569169+00:00
ca87722a00ebf585cd788c67949e7c0b32dca788,custom_cuda,warp-reduction custom CUDA fused scale + mask + softmax; block_size=128,255,2040,255,float32,0.125,25,100,46,59.13599953055382,128,0,Tesla T4,7.5,2.11.0+cu128,12.8,2026-08-23T19:11:10.569169+00:00
ca87722a00ebf585cd788c67949e7c0b32dca788,custom_cuda,warp-reduction custom CUDA fused scale + mask + softmax; block_size=128,255,2040,255,float32,0.125,25,100,47,57.34400078654289,128,0,Tesla T4,7.5,2.11.0+cu128,12.8,2026-08-23T19:11:10.569169+00:00
ca87722a00ebf585cd788c67949e7c0b32dca788,custom_cuda,warp-reduction custom CUDA fused scale + mask + softmax; block_size=128,255,2040,255,float32,0.125,25,100,48,57.440001517534256,128,0,Tesla T4,7.5,2.11.0+cu128,12.8,2026-08-23T19:11:10.569169+00:00
ca87722a00ebf585cd788c67949e7c0b32dca788,custom_cuda,warp-reduction custom CUDA fused scale + mask + softmax; block_size=128,255,2040,255,float32,0.125,25,100,49,57.69599974155426,128,0,Tesla T4,7.5,2.11.0+cu128,12.8,2026-08-23T19:11:10.569169+00:00
ca87722a00ebf585cd788c67949e7c0b32dca788,custom_cuda,warp-reduction custom CUDA fused scale + mask + softmax; block_size=128,255,2040,255,float32,0.125,25,100,50,58.81600081920624,128,0,Tesla T4,7.5,2.11.0+cu128,12.8,2026-08-23T19:11:10.569169+00:00
ca87722a00ebf585cd788c67949e7c0b32dca788,custom_cuda,warp-reduction custom CUDA fused scale + mask + softmax; block_size=128,255,2040,255,float32,0.125,25,100,51,57.34400078654289,128,0,Tesla T4,7.5,2.11.0+cu128,12.8,2026-08-23T19:11:10.569169+00:00
ca87722a00ebf585cd788c67949e7c0b32dca788,custom_cuda,warp-reduction custom CUDA fused scale + mask + softmax; block_size=128,255,2040,255,float32,0.125,25,100,52,57.440001517534256,128,0,Tesla T4,7.5,2.11.0+cu128,12.8,2026-08-23T19:11:10.569169+00:00
ca87722a00ebf585cd788c67949e7c0b32dca788,custom_cuda,warp-reduction custom CUDA fused scale + mask + softmax; block_size=128,255,2040,255,float32,0.125,25,100,53,57.66399949789047,128,0,Tesla T4,7.5,2.11.0+cu128,12.8,2026-08-23T19:11:10.569169+00:00
ca87722a00ebf585cd788c67949e7c0b32dca788,custom_cuda,warp-reduction custom CUDA fused scale + mask + softmax; block_size=128,255,2040,255,float32,0.125,25,100,54,61.02399900555611,128,0,Tesla T4,7.5,2.11.0+cu128,12.8,2026-08-23T19:11:10.569169+00:00
ca87722a00ebf585cd788c67949e7c0b32dca788,custom_cuda,warp-reduction custom CUDA fused scale + mask + softmax; block_size=128,255,2040,255,float32,0.125,25,100,55,57.792000472545624,128,0,Tesla T4,7.5,2.11.0+cu128,12.8,2026-08-23T19:11:10.569169+00:00
ca87722a00ebf585cd788c67949e7c0b32dca788,custom_cuda,warp-reduction custom CUDA fused scale + mask + softmax; block_size=128,255,2040,255,float32,0.125,25,100,56,57.34400078654289,128,0,Tesla T4,7.5,2.11.0+cu128,12.8,2026-08-23T19:11:10.569169+00:00
ca87722a00ebf585cd788c67949e7c0b32dca788,custom_cuda,warp-reduction custom CUDA fused scale + mask + softmax; block_size=128,255,2040,255,float32,0.125,25,100,57,58.36800113320351,128,0,Tesla T4,7.5,2.11.0+cu128,12.8,2026-08-23T19:11:10.569169+00:00
ca87722a00ebf585cd788c67949e7c0b32dca788,custom_cuda,warp-reduction custom CUDA fused scale + mask + softmax; block_size=128,255,2040,255,float32,0.125,25,100,58,59.36000123620033,128,0,Tesla T4,7.5,2.11.0+cu128,12.8,2026-08-23T19:11:10.569169+00:00
ca87722a00ebf585cd788c67949e7c0b32dca788,custom_cuda,warp-reduction custom CUDA fused scale + mask + softmax; block_size=128,255,2040,255,float32,0.125,25,100,59,57.18399956822395,128,0,Tesla T4,7.5,2.11.0+cu128,12.8,2026-08-23T19:11:10.569169+00:00
ca87722a00ebf585cd788c67949e7c0b32dca788,custom_cuda,warp-reduction custom CUDA fused scale + mask + softmax; block_size=128,255,2040,255,float32,0.125,25,100,60,74.30399954319,128,0,Tesla T4,7.5,2.11.0+cu128,12.8,2026-08-23T19:11:10.569169+00:00
ca87722a00ebf585cd788c67949e7c0b32dca788,custom_cuda,warp-reduction custom CUDA fused scale + mask + softmax; block_size=128,255,2040,255,float32,0.125,25,100,61,59.328000992536545,128,0,Tesla T4,7.5,2.11.0+cu128,12.8,2026-08-23T19:11:10.569169+00:00
ca87722a00ebf585cd788c67949e7c0b32dca788,custom_cuda,warp-reduction custom CUDA fused scale + mask + softmax; block_size=128,255,2040,255,float32,0.125,25,100,62,74.11199808120728,128,0,Tesla T4,7.5,2.11.0+cu128,12.8,2026-08-23T19:11:10.569169+00:00
ca87722a00ebf585cd788c67949e7c0b32dca788,custom_cuda,warp-reduction custom CUDA fused scale + mask + softmax; block_size=128,255,2040,255,float32,0.125,25,100,63,57.5999990105629,128,0,Tesla T4,7.5,2.11.0+cu128,12.8,2026-08-23T19:11:10.569169+00:00
ca87722a00ebf585cd788c67949e7c0b32dca788,custom_cuda,warp-reduction custom CUDA fused scale + mask + softmax; block_size=128,255,2040,255,float32,0.125,25,100,64,59.36000123620033,128,0,Tesla T4,7.5,2.11.0+cu128,12.8,2026-08-23T19:11:10.569169+00:00
ca87722a00ebf585cd788c67949e7c0b32dca788,custom_cuda,warp-reduction custom CUDA fused scale + mask + softmax; block_size=128,255,2040,255,float32,0.125,25,100,65,58.17599967122078,128,0,Tesla T4,7.5,2.11.0+cu128,12.8,2026-08-23T19:11:10.569169+00:00
ca87722a00ebf585cd788c67949e7c0b32dca788,custom_cuda,warp-reduction custom CUDA fused scale + mask + softmax; block_size=128,255,2040,255,float32,0.125,25,100,66,63.45599889755249,128,0,Tesla T4,7.5,2.11.0+cu128,12.8,2026-08-23T19:11:10.569169+00:00
ca87722a00ebf585cd788c67949e7c0b32dca788,custom_cuda,warp-reduction custom CUDA fused scale + mask + softmax; block_size=128,255,2040,255,float32,0.125,25,100,67,58.240000158548355,128,0,Tesla T4,7.5,2.11.0+cu128,12.8,2026-08-23T19:11:10.569169+00:00
ca87722a00ebf585cd788c67949e7c0b32dca788,custom_cuda,warp-reduction custom CUDA fused scale + mask + softmax; block_size=128,255,2040,255,float32,0.125,25,100,68,58.27200040221214,128,0,Tesla T4,7.5,2.11.0+cu128,12.8,2026-08-23T19:11:10.569169+00:00
ca87722a00ebf585cd788c67949e7c0b32dca788,custom_cuda,warp-reduction custom CUDA fused scale + mask + softmax; block_size=128,255,2040,255,float32,0.125,25,100,69,59.4559982419014,128,0,Tesla T4,7.5,2.11.0+cu128,12.8,2026-08-23T19:11:10.569169+00:00
ca87722a00ebf585cd788c67949e7c0b32dca788,custom_cuda,warp-reduction custom CUDA fused scale + mask + softmax; block_size=128,255,2040,255,float32,0.125,25,100,70,58.94400179386139,128,0,Tesla T4,7.5,2.11.0+cu128,12.8,2026-08-23T19:11:10.569169+00:00
ca87722a00ebf585cd788c67949e7c0b32dca788,custom_cuda,warp-reduction custom CUDA fused scale + mask + softmax; block_size=128,255,2040,255,float32,0.125,25,100,71,57.5999990105629,128,0,Tesla T4,7.5,2.11.0+cu128,12.8,2026-08-23T19:11:10.569169+00:00
ca87722a00ebf585cd788c67949e7c0b32dca788,custom_cuda,warp-reduction custom CUDA fused scale + mask + softmax; block_size=128,255,2040,255,float32,0.125,25,100,72,58.111999183893204,128,0,Tesla T4,7.5,2.11.0+cu128,12.8,2026-08-23T19:11:10.569169+00:00
ca87722a00ebf585cd788c67949e7c0b32dca788,custom_cuda,warp-reduction custom CUDA fused scale + mask + softmax; block_size=128,255,2040,255,float32,0.125,25,100,73,58.9120015501976,128,0,Tesla T4,7.5,2.11.0+cu128,12.8,2026-08-23T19:11:10.569169+00:00
ca87722a00ebf585cd788c67949e7c0b32dca788,custom_cuda,warp-reduction custom CUDA fused scale + mask + softmax; block_size=128,255,2040,255,float32,0.125,25,100,74,57.98399820923805,128,0,Tesla T4,7.5,2.11.0+cu128,12.8,2026-08-23T19:11:10.569169+00:00
ca87722a00ebf585cd788c67949e7c0b32dca788,custom_cuda,warp-reduction custom CUDA fused scale + mask + softmax; block_size=128,255,2040,255,float32,0.125,25,100,75,59.23200026154518,128,0,Tesla T4,7.5,2.11.0+cu128,12.8,2026-08-23T19:11:10.569169+00:00
ca87722a00ebf585cd788c67949e7c0b32dca788,custom_cuda,warp-reduction custom CUDA fused scale + mask + softmax; block_size=128,255,2040,255,float32,0.125,25,100,76,58.97599831223488,128,0,Tesla T4,7.5,2.11.0+cu128,12.8,2026-08-23T19:11:10.569169+00:00
ca87722a00ebf585cd788c67949e7c0b32dca788,custom_cuda,warp-reduction custom CUDA fused scale + mask + softmax; block_size=128,255,2040,255,float32,0.125,25,100,77,61.43999844789505,128,0,Tesla T4,7.5,2.11.0+cu128,12.8,2026-08-23T19:11:10.569169+00:00
ca87722a00ebf585cd788c67949e7c0b32dca788,custom_cuda,warp-reduction custom CUDA fused scale + mask + softmax; block_size=128,255,2040,255,float32,0.125,25,100,78,60.99199876189232,128,0,Tesla T4,7.5,2.11.0+cu128,12.8,2026-08-23T19:11:10.569169+00:00
ca87722a00ebf585cd788c67949e7c0b32dca788,custom_cuda,warp-reduction custom CUDA fused scale + mask + softmax; block_size=128,255,2040,255,float32,0.125,25,100,79,58.6559996008873,128,0,Tesla T4,7.5,2.11.0+cu128,12.8,2026-08-23T19:11:10.569169+00:00
ca87722a00ebf585cd788c67949e7c0b32dca788,custom_cuda,warp-reduction custom CUDA fused scale + mask + softmax; block_size=128,255,2040,255,float32,0.125,25,100,80,57.312000542879105,128,0,Tesla T4,7.5,2.11.0+cu128,12.8,2026-08-23T19:11:10.569169+00:00
ca87722a00ebf585cd788c67949e7c0b32dca788,custom_cuda,warp-reduction custom CUDA fused scale + mask + softmax; block_size=128,255,2040,255,float32,0.125,25,100,81,59.39200147986412,128,0,Tesla T4,7.5,2.11.0+cu128,12.8,2026-08-23T19:11:10.569169+00:00
ca87722a00ebf585cd788c67949e7c0b32dca788,custom_cuda,warp-reduction custom CUDA fused scale + mask + softmax; block_size=128,255,2040,255,float32,0.125,25,100,82,57.50399827957153,128,0,Tesla T4,7.5,2.11.0+cu128,12.8,2026-08-23T19:11:10.569169+00:00
ca87722a00ebf585cd788c67949e7c0b32dca788,custom_cuda,warp-reduction custom CUDA fused scale + mask + softmax; block_size=128,255,2040,255,float32,0.125,25,100,83,58.49599838256836,128,0,Tesla T4,7.5,2.11.0+cu128,12.8,2026-08-23T19:11:10.569169+00:00
ca87722a00ebf585cd788c67949e7c0b32dca788,custom_cuda,warp-reduction custom CUDA fused scale + mask + softmax; block_size=128,255,2040,255,float32,0.125,25,100,84,57.34400078654289,128,0,Tesla T4,7.5,2.11.0+cu128,12.8,2026-08-23T19:11:10.569169+00:00
ca87722a00ebf585cd788c67949e7c0b32dca788,custom_cuda,warp-reduction custom CUDA fused scale + mask + softmax; block_size=128,255,2040,255,float32,0.125,25,100,85,59.10399928689003,128,0,Tesla T4,7.5,2.11.0+cu128,12.8,2026-08-23T19:11:10.569169+00:00
ca87722a00ebf585cd788c67949e7c0b32dca788,custom_cuda,warp-reduction custom CUDA fused scale + mask + softmax; block_size=128,255,2040,255,float32,0.125,25,100,86,68.86400282382965,128,0,Tesla T4,7.5,2.11.0+cu128,12.8,2026-08-23T19:11:10.569169+00:00
ca87722a00ebf585cd788c67949e7c0b32dca788,custom_cuda,warp-reduction custom CUDA fused scale + mask + softmax; block_size=128,255,2040,255,float32,0.125,25,100,87,57.40800127387047,128,0,Tesla T4,7.5,2.11.0+cu128,12.8,2026-08-23T19:11:10.569169+00:00
ca87722a00ebf585cd788c67949e7c0b32dca788,custom_cuda,warp-reduction custom CUDA fused scale + mask + softmax; block_size=128,255,2040,255,float32,0.125,25,100,88,57.631999254226685,128,0,Tesla T4,7.5,2.11.0+cu128,12.8,2026-08-23T19:11:10.569169+00:00
ca87722a00ebf585cd788c67949e7c0b32dca788,custom_cuda,warp-reduction custom CUDA fused scale + mask + softmax; block_size=128,255,2040,255,float32,0.125,25,100,89,69.15199756622314,128,0,Tesla T4,7.5,2.11.0+cu128,12.8,2026-08-23T19:11:10.569169+00:00
ca87722a00ebf585cd788c67949e7c0b32dca788,custom_cuda,warp-reduction custom CUDA fused scale + mask + softmax; block_size=128,255,2040,255,float32,0.125,25,100,90,73.72800260782242,128,0,Tesla T4,7.5,2.11.0+cu128,12.8,2026-08-23T19:11:10.569169+00:00
ca87722a00ebf585cd788c67949e7c0b32dca788,custom_cuda,warp-reduction custom CUDA fused scale + mask + softmax; block_size=128,255,2040,255,float32,0.125,25,100,91,63.90400230884552,128,0,Tesla T4,7.5,2.11.0+cu128,12.8,2026-08-23T19:11:10.569169+00:00
ca87722a00ebf585cd788c67949e7c0b32dca788,custom_cuda,warp-reduction custom CUDA fused scale + mask + softmax; block_size=128,255,2040,255,float32,0.125,25,100,92,68.2239979505539,128,0,Tesla T4,7.5,2.11.0+cu128,12.8,2026-08-23T19:11:10.569169+00:00
ca87722a00ebf585cd788c67949e7c0b32dca788,custom_cuda,warp-reduction custom CUDA fused scale + mask + softmax; block_size=128,255,2040,255,float32,0.125,25,100,93,58.88000130653381,128,0,Tesla T4,7.5,2.11.0+cu128,12.8,2026-08-23T19:11:10.569169+00:00
ca87722a00ebf585cd788c67949e7c0b32dca788,custom_cuda,warp-reduction custom CUDA fused scale + mask + softmax; block_size=128,255,2040,255,float32,0.125,25,100,94,58.30400064587593,128,0,Tesla T4,7.5,2.11.0+cu128,12.8,2026-08-23T19:11:10.569169+00:00
ca87722a00ebf585cd788c67949e7c0b32dca788,custom_cuda,warp-reduction custom CUDA fused scale + mask + softmax; block_size=128,255,2040,255,float32,0.125,25,100,95,57.88800120353699,128,0,Tesla T4,7.5,2.11.0+cu128,12.8,2026-08-23T19:11:10.569169+00:00
ca87722a00ebf585cd788c67949e7c0b32dca788,custom_cuda,warp-reduction custom CUDA fused scale + mask + softmax; block_size=128,255,2040,255,float32,0.125,25,100,96,57.66399949789047,128,0,Tesla T4,7.5,2.11.0+cu128,12.8,2026-08-23T19:11:10.569169+00:00
ca87722a00ebf585cd788c67949e7c0b32dca788,custom_cuda,warp-reduction custom CUDA fused scale + mask + softmax; block_size=128,255,2040,255,float32,0.125,25,100,97,57.34400078654289,128,0,Tesla T4,7.5,2.11.0+cu128,12.8,2026-08-23T19:11:10.569169+00:00
ca87722a00ebf585cd788c67949e7c0b32dca788,custom_cuda,warp-reduction custom CUDA fused scale + mask + softmax; block_size=128,255,2040,255,float32,0.125,25,100,98,57.37600103020668,128,0,Tesla T4,7.5,2.11.0+cu128,12.8,2026-08-23T19:11:10.569169+00:00
ca87722a00ebf585cd788c67949e7c0b32dca788,custom_cuda,warp-reduction custom CUDA fused scale + mask + softmax; block_size=128,255,2040,255,float32,0.125,25,100,99,57.631999254226685,128,0,Tesla T4,7.5,2.11.0+cu128,12.8,2026-08-23T19:11:10.569169+00:00
ca87722a00ebf585cd788c67949e7c0b32dca788,pytorch_eager,PyTorch eager scale + causal mask + softmax,512,4096,512,float32,0.125,25,100,0,361.5359961986542,,0,Tesla T4,7.5,2.11.0+cu128,12.8,2026-08-23T19:11:22.144409+00:00
ca87722a00ebf585cd788c67949e7c0b32dca788,pytorch_eager,PyTorch eager scale + causal mask + softmax,512,4096,512,float32,0.125,25,100,1,346.3680148124695,,0,Tesla T4,7.5,2.11.0+cu128,12.8,2026-08-23T19:11:22.144409+00:00
ca87722a00ebf585cd788c67949e7c0b32dca788,pytorch_eager,PyTorch eager scale + causal mask + softmax,512,4096,512,float32,0.125,25,100,2,337.92001008987427,,0,Tesla T4,7.5,2.11.0+cu128,12.8,2026-08-23T19:11:22.144409+00:00
ca87722a00ebf585cd788c67949e7c0b32dca788,pytorch_eager,PyTorch eager scale + causal mask + softmax,512,4096,512,float32,0.125,25,100,3,333.8240087032318,,0,Tesla T4,7.5,2.11.0+cu128,12.8,2026-08-23T19:11:22.144409+00:00
ca87722a00ebf585cd788c67949e7c0b32dca788,pytorch_eager,PyTorch eager scale + causal mask + softmax,512,4096,512,float32,0.125,25,100,4,339.4559919834137,,0,Tesla T4,7.5,2.11.0+cu128,12.8,2026-08-23T19:11:22.144409+00:00
ca87722a00ebf585cd788c67949e7c0b32dca788,pytorch_eager,PyTorch eager scale + causal mask + softmax,512,4096,512,float32,0.125,25,100,5,335.9360098838806,,0,Tesla T4,7.5,2.11.0+cu128,12.8,2026-08-23T19:11:22.144409+00:00
ca87722a00ebf585cd788c67949e7c0b32dca788,pytorch_eager,PyTorch eager scale + causal mask + softmax,512,4096,512,float32,0.125,25,100,6,357.4720025062561,,0,Tesla T4,7.5,2.11.0+cu128,12.8,2026-08-23T19:11:22.144409+00:00
ca87722a00ebf585cd788c67949e7c0b32dca788,pytorch_eager,PyTorch eager scale + causal mask + softmax,512,4096,512,float32,0.125,25,100,7,338.4000062942505,,0,Tesla T4,7.5,2.11.0+cu128,12.8,2026-08-23T19:11:22.144409+00:00
ca87722a00ebf585cd788c67949e7c0b32dca788,pytorch_eager,PyTorch eager scale + causal mask + softmax,512,4096,512,float32,0.125,25,100,8,337.5680148601532,,0,Tesla T4,7.5,2.11.0+cu128,12.8,2026-08-23T19:11:22.144409+00:00
ca87722a00ebf585cd788c67949e7c0b32dca788,pytorch_eager,PyTorch eager scale + causal mask + softmax,512,4096,512,float32,0.125,25,100,9,337.119996547699,,0,Tesla T4,7.5,2.11.0+cu128,12.8,2026-08-23T19:11:22.144409+00:00
ca87722a00ebf585cd788c67949e7c0b32dca788,pytorch_eager,PyTorch eager scale + causal mask + softmax,512,4096,512,float32,0.125,25,100,10,338.8800024986267,,0,Tesla T4,7.5,2.11.0+cu128,12.8,2026-08-23T19:11:22.144409+00:00
ca87722a00ebf585cd788c67949e7c0b32dca788,pytorch_eager,PyTorch eager scale + causal mask + softmax,512,4096,512,float32,0.125,25,100,11,335.87199449539185,,0,Tesla T4,7.5,2.11.0+cu128,12.8,2026-08-23T19:11:22.144409+00:00
ca87722a00ebf585cd788c67949e7c0b32dca788,pytorch_eager,PyTorch eager scale + causal mask + softmax,512,4096,512,float32,0.125,25,100,12,338.20798993110657,,0,Tesla T4,7.5,2.11.0+cu128,12.8,2026-08-23T19:11:22.144409+00:00
ca87722a00ebf585cd788c67949e7c0b32dca788,pytorch_eager,PyTorch eager scale + causal mask + softmax,512,4096,512,float32,0.125,25,100,13,337.3759984970093,,0,Tesla T4,7.5,2.11.0+cu128,12.8,2026-08-23T19:11:22.144409+00:00
ca87722a00ebf585cd788c67949e7c0b32dca788,pytorch_eager,PyTorch eager scale + causal mask + softmax,512,4096,512,float32,0.125,25,100,14,335.35999059677124,,0,Tesla T4,7.5,2.11.0+cu128,12.8,2026-08-23T19:11:22.144409+00:00
ca87722a00ebf585cd788c67949e7c0b32dca788,pytorch_eager,PyTorch eager scale + causal mask + softmax,512,4096,512,float32,0.125,25,100,15,338.01600337028503,,0,Tesla T4,7.5,2.11.0+cu128,12.8,2026-08-23T19:11:22.144409+00:00
ca87722a00ebf585cd788c67949e7c0b32dca788,pytorch_eager,PyTorch eager scale + causal mask + softmax,512,4096,512,float32,0.125,25,100,16,332.67199993133545,,0,Tesla T4,7.5,2.11.0+cu128,12.8,2026-08-23T19:11:22.144409+00:00
ca87722a00ebf585cd788c67949e7c0b32dca788,pytorch_eager,PyTorch eager scale + causal mask + softmax,512,4096,512,float32,0.125,25,100,17,339.9040102958679,,0,Tesla T4,7.5,2.11.0+cu128,12.8,2026-08-23T19:11:22.144409+00:00
ca87722a00ebf585cd788c67949e7c0b32dca788,pytorch_eager,PyTorch eager scale + causal mask + softmax,512,4096,512,float32,0.125,25,100,18,362.4959886074066,,0,Tesla T4,7.5,2.11.0+cu128,12.8,2026-08-23T19:11:22.144409+00:00
ca87722a00ebf585cd788c67949e7c0b32dca788,pytorch_eager,PyTorch eager scale + causal mask + softmax,512,4096,512,float32,0.125,25,100,19,338.9759957790375,,0,Tesla T4,7.5,2.11.0+cu128,12.8,2026-08-23T19:11:22.144409+00:00
ca87722a00ebf585cd788c67949e7c0b32dca788,pytorch_eager,PyTorch eager scale + causal mask + softmax,512,4096,512,float32,0.125,25,100,20,339.9679958820343,,0,Tesla T4,7.5,2.11.0+cu128,12.8,2026-08-23T19:11:22.144409+00:00
ca87722a00ebf585cd788c67949e7c0b32dca788,pytorch_eager,PyTorch eager scale + causal mask + softmax,512,4096,512,float32,0.125,25,100,21,336.4799916744232,,0,Tesla T4,7.5,2.11.0+cu128,12.8,2026-08-23T19:11:22.144409+00:00
ca87722a00ebf585cd788c67949e7c0b32dca788,pytorch_eager,PyTorch eager scale + causal mask + softmax,512,4096,512,float32,0.125,25,100,22,336.4799916744232,,0,Tesla T4,7.5,2.11.0+cu128,12.8,2026-08-23T19:11:22.144409+00:00
ca87722a00ebf585cd788c67949e7c0b32dca788,pytorch_eager,PyTorch eager scale + causal mask + softmax,512,4096,512,float32,0.125,25,100,23,344.83200311660767,,0,Tesla T4,7.5,2.11.0+cu128,12.8,2026-08-23T19:11:22.144409+00:00
ca87722a00ebf585cd788c67949e7c0b32dca788,pytorch_eager,PyTorch eager scale + causal mask + softmax,512,4096,512,float32,0.125,25,100,24,337.3120129108429,,0,Tesla T4,7.5,2.11.0+cu128,12.8,2026-08-23T19:11:22.144409+00:00
ca87722a00ebf585cd788c67949e7c0b32dca788,pytorch_eager,PyTorch eager scale + causal mask + softmax,512,4096,512,float32,0.125,25,100,25,337.92001008987427,,0,Tesla T4,7.5,2.11.0+cu128,12.8,2026-08-23T19:11:22.144409+00:00
ca87722a00ebf585cd788c67949e7c0b32dca788,pytorch_eager,PyTorch eager scale + causal mask + softmax,512,4096,512,float32,0.125,25,100,26,351.3599932193756,,0,Tesla T4,7.5,2.11.0+cu128,12.8,2026-08-23T19:11:22.144409+00:00
ca87722a00ebf585cd788c67949e7c0b32dca788,pytorch_eager,PyTorch eager scale + causal mask + softmax,512,4096,512,float32,0.125,25,100,27,334.1119885444641,,0,Tesla T4,7.5,2.11.0+cu128,12.8,2026-08-23T19:11:22.144409+00:00
ca87722a00ebf585cd788c67949e7c0b32dca788,pytorch_eager,PyTorch eager scale + causal mask + softmax,512,4096,512,float32,0.125,25,100,28,337.6320004463196,,0,Tesla T4,7.5,2.11.0+cu128,12.8,2026-08-23T19:11:22.144409+00:00
ca87722a00ebf585cd788c67949e7c0b32dca788,pytorch_eager,PyTorch eager scale + causal mask + softmax,512,4096,512,float32,0.125,25,100,29,337.92001008987427,,0,Tesla T4,7.5,2.11.0+cu128,12.8,2026-08-23T19:11:22.144409+00:00
ca87722a00ebf585cd788c67949e7c0b32dca788,pytorch_eager,PyTorch eager scale + causal mask + softmax,512,4096,512,float32,0.125,25,100,30,337.8880023956299,,0,Tesla T4,7.5,2.11.0+cu128,12.8,2026-08-23T19:11:22.144409+00:00
ca87722a00ebf585cd788c67949e7c0b32dca788,pytorch_eager,PyTorch eager scale + causal mask + softmax,512,4096,512,float32,0.125,25,100,31,337.92001008987427,,0,Tesla T4,7.5,2.11.0+cu128,12.8,2026-08-23T19:11:22.144409+00:00
ca87722a00ebf585cd788c67949e7c0b32dca788,pytorch_eager,PyTorch eager scale + causal mask + softmax,512,4096,512,float32,0.125,25,100,32,337.92001008987427,,0,Tesla T4,7.5,2.11.0+cu128,12.8,2026-08-23T19:11:22.144409+00:00
ca87722a00ebf585cd788c67949e7c0b32dca788,pytorch_eager,PyTorch eager scale + causal mask + softmax,512,4096,512,float32,0.125,25,100,33,336.0320031642914,,0,Tesla T4,7.5,2.11.0+cu128,12.8,2026-08-23T19:11:22.144409+00:00
ca87722a00ebf585cd788c67949e7c0b32dca788,pytorch_eager,PyTorch eager scale + causal mask + softmax,512,4096,512,float32,0.125,25,100,34,339.136004447937,,0,Tesla T4,7.5,2.11.0+cu128,12.8,2026-08-23T19:11:22.144409+00:00
ca87722a00ebf585cd788c67949e7c0b32dca788,pytorch_eager,PyTorch eager scale + causal mask + softmax,512,4096,512,float32,0.125,25,100,35,336.32001280784607,,0,Tesla T4,7.5,2.11.0+cu128,12.8,2026-08-23T19:11:22.144409+00:00
ca87722a00ebf585cd788c67949e7c0b32dca788,pytorch_eager,PyTorch eager scale + causal mask + softmax,512,4096,512,float32,0.125,25,100,36,344.83200311660767,,0,Tesla T4,7.5,2.11.0+cu128,12.8,2026-08-23T19:11:22.144409+00:00
ca87722a00ebf585cd788c67949e7c0b32dca788,pytorch_eager,PyTorch eager scale + causal mask + softmax,512,4096,512,float32,0.125,25,100,37,339.9359881877899,,0,Tesla T4,7.5,2.11.0+cu128,12.8,2026-08-23T19:11:22.144409+00:00
ca87722a00ebf585cd788c67949e7c0b32dca788,pytorch_eager,PyTorch eager scale + causal mask + softmax,512,4096,512,float32,0.125,25,100,38,335.7119858264923,,0,Tesla T4,7.5,2.11.0+cu128,12.8,2026-08-23T19:11:22.144409+00:00
ca87722a00ebf585cd788c67949e7c0b32dca788,pytorch_eager,PyTorch eager scale + causal mask + softmax,512,4096,512,float32,0.125,25,100,39,335.6480002403259,,0,Tesla T4,7.5,2.11.0+cu128,12.8,2026-08-23T19:11:22.144409+00:00
ca87722a00ebf585cd788c67949e7c0b32dca788,pytorch_eager,PyTorch eager scale + causal mask + softmax,512,4096,512,float32,0.125,25,100,40,334.6880078315735,,0,Tesla T4,7.5,2.11.0+cu128,12.8,2026-08-23T19:11:22.144409+00:00
ca87722a00ebf585cd788c67949e7c0b32dca788,pytorch_eager,PyTorch eager scale + causal mask + softmax,512,4096,512,float32,0.125,25,100,41,332.12798833847046,,0,Tesla T4,7.5,2.11.0+cu128,12.8,2026-08-23T19:11:22.144409+00:00
ca87722a00ebf585cd788c67949e7c0b32dca788,pytorch_eager,PyTorch eager scale + causal mask + softmax,512,4096,512,float32,0.125,25,100,42,337.92001008987427,,0,Tesla T4,7.5,2.11.0+cu128,12.8,2026-08-23T19:11:22.144409+00:00
ca87722a00ebf585cd788c67949e7c0b32dca788,pytorch_eager,PyTorch eager scale + causal mask + softmax,512,4096,512,float32,0.125,25,100,43,335.2639973163605,,0,Tesla T4,7.5,2.11.0+cu128,12.8,2026-08-23T19:11:22.144409+00:00
ca87722a00ebf585cd788c67949e7c0b32dca788,pytorch_eager,PyTorch eager scale + causal mask + softmax,512,4096,512,float32,0.125,25,100,44,336.95998787879944,,0,Tesla T4,7.5,2.11.0+cu128,12.8,2026-08-23T19:11:22.144409+00:00
ca87722a00ebf585cd788c67949e7c0b32dca788,pytorch_eager,PyTorch eager scale + causal mask + softmax,512,4096,512,float32,0.125,25,100,45,333.8240087032318,,0,Tesla T4,7.5,2.11.0+cu128,12.8,2026-08-23T19:11:22.144409+00:00
ca87722a00ebf585cd788c67949e7c0b32dca788,pytorch_eager,PyTorch eager scale + causal mask + softmax,512,4096,512,float32,0.125,25,100,46,338.9759957790375,,0,Tesla T4,7.5,2.11.0+cu128,12.8,2026-08-23T19:11:22.144409+00:00
ca87722a00ebf585cd788c67949e7c0b32dca788,pytorch_eager,PyTorch eager scale + causal mask + softmax,512,4096,512,float32,0.125,25,100,47,334.1119885444641,,0,Tesla T4,7.5,2.11.0+cu128,12.8,2026-08-23T19:11:22.144409+00:00
ca87722a00ebf585cd788c67949e7c0b32dca788,pytorch_eager,PyTorch eager scale + causal mask + softmax,512,4096,512,float32,0.125,25,100,48,338.3679986000061,,0,Tesla T4,7.5,2.11.0+cu128,12.8,2026-08-23T19:11:22.144409+00:00
ca87722a00ebf585cd788c67949e7c0b32dca788,pytorch_eager,PyTorch eager scale + causal mask + softmax,512,4096,512,float32,0.125,25,100,49,335.87199449539185,,0,Tesla T4,7.5,2.11.0+cu128,12.8,2026-08-23T19:11:22.144409+00:00
ca87722a00ebf585cd788c67949e7c0b32dca788,pytorch_eager,PyTorch eager scale + causal mask + softmax,512,4096,512,float32,0.125,25,100,50,339.9679958820343,,0,Tesla T4,7.5,2.11.0+cu128,12.8,2026-08-23T19:11:22.144409+00:00
ca87722a00ebf585cd788c67949e7c0b32dca788,pytorch_eager,PyTorch eager scale + causal mask + softmax,512,4096,512,float32,0.125,25,100,51,340.4479920864105,,0,Tesla T4,7.5,2.11.0+cu128,12.8,2026-08-23T19:11:22.144409+00:00
ca87722a00ebf585cd788c67949e7c0b32dca788,pytorch_eager,PyTorch eager scale + causal mask + softmax,512,4096,512,float32,0.125,25,100,52,337.8239870071411,,0,Tesla T4,7.5,2.11.0+cu128,12.8,2026-08-23T19:11:22.144409+00:00
ca87722a00ebf585cd788c67949e7c0b32dca788,pytorch_eager,PyTorch eager scale + causal mask + softmax,512,4096,512,float32,0.125,25,100,53,340.1919901371002,,0,Tesla T4,7.5,2.11.0+cu128,12.8,2026-08-23T19:11:22.144409+00:00
ca87722a00ebf585cd788c67949e7c0b32dca788,pytorch_eager,PyTorch eager scale + causal mask + softmax,512,4096,512,float32,0.125,25,100,54,338.27200531959534,,0,Tesla T4,7.5,2.11.0+cu128,12.8,2026-08-23T19:11:22.144409+00:00
ca87722a00ebf585cd788c67949e7c0b32dca788,pytorch_eager,PyTorch eager scale + causal mask + softmax,512,4096,512,float32,0.125,25,100,55,342.0160114765167,,0,Tesla T4,7.5,2.11.0+cu128,12.8,2026-08-23T19:11:22.144409+00:00
ca87722a00ebf585cd788c67949e7c0b32dca788,pytorch_eager,PyTorch eager scale + causal mask + softmax,512,4096,512,float32,0.125,25,100,56,349.15199875831604,,0,Tesla T4,7.5,2.11.0+cu128,12.8,2026-08-23T19:11:22.144409+00:00
ca87722a00ebf585cd788c67949e7c0b32dca788,pytorch_eager,PyTorch eager scale + causal mask + softmax,512,4096,512,float32,0.125,25,100,57,340.4160141944885,,0,Tesla T4,7.5,2.11.0+cu128,12.8,2026-08-23T19:11:22.144409+00:00
ca87722a00ebf585cd788c67949e7c0b32dca788,pytorch_eager,PyTorch eager scale + causal mask + softmax,512,4096,512,float32,0.125,25,100,58,335.7119858264923,,0,Tesla T4,7.5,2.11.0+cu128,12.8,2026-08-23T19:11:22.144409+00:00
ca87722a00ebf585cd788c67949e7c0b32dca788,pytorch_eager,PyTorch eager scale + causal mask + softmax,512,4096,512,float32,0.125,25,100,59,342.0160114765167,,0,Tesla T4,7.5,2.11.0+cu128,12.8,2026-08-23T19:11:22.144409+00:00
ca87722a00ebf585cd788c67949e7c0b32dca788,pytorch_eager,PyTorch eager scale + causal mask + softmax,512,4096,512,float32,0.125,25,100,60,335.87199449539185,,0,Tesla T4,7.5,2.11.0+cu128,12.8,2026-08-23T19:11:22.144409+00:00
ca87722a00ebf585cd788c67949e7c0b32dca788,pytorch_eager,PyTorch eager scale + causal mask + softmax,512,4096,512,float32,0.125,25,100,61,341.5359854698181,,0,Tesla T4,7.5,2.11.0+cu128,12.8,2026-08-23T19:11:22.144409+00:00
ca87722a00ebf585cd788c67949e7c0b32dca788,pytorch_eager,PyTorch eager scale + causal mask + softmax,512,4096,512,float32,0.125,25,100,62,337.95198798179626,,0,Tesla T4,7.5,2.11.0+cu128,12.8,2026-08-23T19:11:22.144409+00:00
ca87722a00ebf585cd788c67949e7c0b32dca788,pytorch_eager,PyTorch eager scale + causal mask + softmax,512,4096,512,float32,0.125,25,100,63,335.42400598526,,0,Tesla T4,7.5,2.11.0+cu128,12.8,2026-08-23T19:11:22.144409+00:00
ca87722a00ebf585cd788c67949e7c0b32dca788,pytorch_eager,PyTorch eager scale + causal mask + softmax,512,4096,512,float32,0.125,25,100,64,340.9920036792755,,0,Tesla T4,7.5,2.11.0+cu128,12.8,2026-08-23T19:11:22.144409+00:00
ca87722a00ebf585cd788c67949e7c0b32dca788,pytorch_eager,PyTorch eager scale + causal mask + softmax,512,4096,512,float32,0.125,25,100,65,339.9040102958679,,0,Tesla T4,7.5,2.11.0+cu128,12.8,2026-08-23T19:11:22.144409+00:00
ca87722a00ebf585cd788c67949e7c0b32dca788,pytorch_eager,PyTorch eager scale + causal mask + softmax,512,4096,512,float32,0.125,25,100,66,353.5040020942688,,0,Tesla T4,7.5,2.11.0+cu128,12.8,2026-08-23T19:11:22.144409+00:00
ca87722a00ebf585cd788c67949e7c0b32dca788,pytorch_eager,PyTorch eager scale + causal mask + softmax,512,4096,512,float32,0.125,25,100,67,337.18401193618774,,0,Tesla T4,7.5,2.11.0+cu128,12.8,2026-08-23T19:11:22.144409+00:00
ca87722a00ebf585cd788c67949e7c0b32dca788,pytorch_eager,PyTorch eager scale + causal mask + softmax,512,4096,512,float32,0.125,25,100,68,339.6480083465576,,0,Tesla T4,7.5,2.11.0+cu128,12.8,2026-08-23T19:11:22.144409+00:00
ca87722a00ebf585cd788c67949e7c0b32dca788,pytorch_eager,PyTorch eager scale + causal mask + softmax,512,4096,512,float32,0.125,25,100,69,334.04800295829773,,0,Tesla T4,7.5,2.11.0+cu128,12.8,2026-08-23T19:11:22.144409+00:00
ca87722a00ebf585cd788c67949e7c0b32dca788,pytorch_eager,PyTorch eager scale + causal mask + softmax,512,4096,512,float32,0.125,25,100,70,337.92001008987427,,0,Tesla T4,7.5,2.11.0+cu128,12.8,2026-08-23T19:11:22.144409+00:00
ca87722a00ebf585cd788c67949e7c0b32dca788,pytorch_eager,PyTorch eager scale + causal mask + softmax,512,4096,512,float32,0.125,25,100,71,335.90400218963623,,0,Tesla T4,7.5,2.11.0+cu128,12.8,2026-08-23T19:11:22.144409+00:00
ca87722a00ebf585cd788c67949e7c0b32dca788,pytorch_eager,PyTorch eager scale + causal mask + softmax,512,4096,512,float32,0.125,25,100,72,335.7119858264923,,0,Tesla T4,7.5,2.11.0+cu128,12.8,2026-08-23T19:11:22.144409+00:00
ca87722a00ebf585cd788c67949e7c0b32dca788,pytorch_eager,PyTorch eager scale + causal mask + softmax,512,4096,512,float32,0.125,25,100,73,342.303991317749,,0,Tesla T4,7.5,2.11.0+cu128,12.8,2026-08-23T19:11:22.144409+00:00
ca87722a00ebf585cd788c67949e7c0b32dca788,pytorch_eager,PyTorch eager scale + causal mask + softmax,512,4096,512,float32,0.125,25,100,74,337.6320004463196,,0,Tesla T4,7.5,2.11.0+cu128,12.8,2026-08-23T19:11:22.144409+00:00
ca87722a00ebf585cd788c67949e7c0b32dca788,pytorch_eager,PyTorch eager scale + causal mask + softmax,512,4096,512,float32,0.125,25,100,75,342.0479893684387,,0,Tesla T4,7.5,2.11.0+cu128,12.8,2026-08-23T19:11:22.144409+00:00
ca87722a00ebf585cd788c67949e7c0b32dca788,pytorch_eager,PyTorch eager scale + causal mask + softmax,512,4096,512,float32,0.125,25,100,76,337.8880023956299,,0,Tesla T4,7.5,2.11.0+cu128,12.8,2026-08-23T19:11:22.144409+00:00
ca87722a00ebf585cd788c67949e7c0b32dca788,pytorch_eager,PyTorch eager scale + causal mask + softmax,512,4096,512,float32,0.125,25,100,77,338.6240005493164,,0,Tesla T4,7.5,2.11.0+cu128,12.8,2026-08-23T19:11:22.144409+00:00
ca87722a00ebf585cd788c67949e7c0b32dca788,pytorch_eager,PyTorch eager scale + causal mask + softmax,512,4096,512,float32,0.125,25,100,78,342.5920009613037,,0,Tesla T4,7.5,2.11.0+cu128,12.8,2026-08-23T19:11:22.144409+00:00
ca87722a00ebf585cd788c67949e7c0b32dca788,pytorch_eager,PyTorch eager scale + causal mask + softmax,512,4096,512,float32,0.125,25,100,79,339.9679958820343,,0,Tesla T4,7.5,2.11.0+cu128,12.8,2026-08-23T19:11:22.144409+00:00
ca87722a00ebf585cd788c67949e7c0b32dca788,pytorch_eager,PyTorch eager scale + causal mask + softmax,512,4096,512,float32,0.125,25,100,80,336.60799264907837,,0,Tesla T4,7.5,2.11.0+cu128,12.8,2026-08-23T19:11:22.144409+00:00
ca87722a00ebf585cd788c67949e7c0b32dca788,pytorch_eager,PyTorch eager scale + causal mask + softmax,512,4096,512,float32,0.125,25,100,81,338.4320139884949,,0,Tesla T4,7.5,2.11.0+cu128,12.8,2026-08-23T19:11:22.144409+00:00
ca87722a00ebf585cd788c67949e7c0b32dca788,pytorch_eager,PyTorch eager scale + causal mask + softmax,512,4096,512,float32,0.125,25,100,82,338.01600337028503,,0,Tesla T4,7.5,2.11.0+cu128,12.8,2026-08-23T19:11:22.144409+00:00
ca87722a00ebf585cd788c67949e7c0b32dca788,pytorch_eager,PyTorch eager scale + causal mask + softmax,512,4096,512,float32,0.125,25,100,83,337.92001008987427,,0,Tesla T4,7.5,2.11.0+cu128,12.8,2026-08-23T19:11:22.144409+00:00
ca87722a00ebf585cd788c67949e7c0b32dca788,pytorch_eager,PyTorch eager scale + causal mask + softmax,512,4096,512,float32,0.125,25,100,84,342.3680067062378,,0,Tesla T4,7.5,2.11.0+cu128,12.8,2026-08-23T19:11:22.144409+00:00
ca87722a00ebf585cd788c67949e7c0b32dca788,pytorch_eager,PyTorch eager scale + causal mask + softmax,512,4096,512,float32,0.125,25,100,85,337.98399567604065,,0,Tesla T4,7.5,2.11.0+cu128,12.8,2026-08-23T19:11:22.144409+00:00
ca87722a00ebf585cd788c67949e7c0b32dca788,pytorch_eager,PyTorch eager scale + causal mask + softmax,512,4096,512,float32,0.125,25,100,86,337.2479975223541,,0,Tesla T4,7.5,2.11.0+cu128,12.8,2026-08-23T19:11:22.144409+00:00
ca87722a00ebf585cd788c67949e7c0b32dca788,pytorch_eager,PyTorch eager scale + causal mask + softmax,512,4096,512,float32,0.125,25,100,87,337.92001008987427,,0,Tesla T4,7.5,2.11.0+cu128,12.8,2026-08-23T19:11:22.144409+00:00
ca87722a00ebf585cd788c67949e7c0b32dca788,pytorch_eager,PyTorch eager scale + causal mask + softmax,512,4096,512,float32,0.125,25,100,88,330.7519853115082,,0,Tesla T4,7.5,2.11.0+cu128,12.8,2026-08-23T19:11:22.144409+00:00
ca87722a00ebf585cd788c67949e7c0b32dca788,pytorch_eager,PyTorch eager scale + causal mask + softmax,512,4096,512,float32,0.125,25,100,89,335.7439935207367,,0,Tesla T4,7.5,2.11.0+cu128,12.8,2026-08-23T19:11:22.144409+00:00
ca87722a00ebf585cd788c67949e7c0b32dca788,pytorch_eager,PyTorch eager scale + causal mask + softmax,512,4096,512,float32,0.125,25,100,90,337.3120129108429,,0,Tesla T4,7.5,2.11.0+cu128,12.8,2026-08-23T19:11:22.144409+00:00
ca87722a00ebf585cd788c67949e7c0b32dca788,pytorch_eager,PyTorch eager scale + causal mask + softmax,512,4096,512,float32,0.125,25,100,91,333.98398756980896,,0,Tesla T4,7.5,2.11.0+cu128,12.8,2026-08-23T19:11:22.144409+00:00
ca87722a00ebf585cd788c67949e7c0b32dca788,pytorch_eager,PyTorch eager scale + causal mask + softmax,512,4096,512,float32,0.125,25,100,92,335.87199449539185,,0,Tesla T4,7.5,2.11.0+cu128,12.8,2026-08-23T19:11:22.144409+00:00
ca87722a00ebf585cd788c67949e7c0b32dca788,pytorch_eager,PyTorch eager scale + causal mask + softmax,512,4096,512,float32,0.125,25,100,93,337.3759984970093,,0,Tesla T4,7.5,2.11.0+cu128,12.8,2026-08-23T19:11:22.144409+00:00
ca87722a00ebf585cd788c67949e7c0b32dca788,pytorch_eager,PyTorch eager scale + causal mask + softmax,512,4096,512,float32,0.125,25,100,94,333.6000144481659,,0,Tesla T4,7.5,2.11.0+cu128,12.8,2026-08-23T19:11:22.144409+00:00
ca87722a00ebf585cd788c67949e7c0b32dca788,pytorch_eager,PyTorch eager scale + causal mask + softmax,512,4096,512,float32,0.125,25,100,95,337.98399567604065,,0,Tesla T4,7.5,2.11.0+cu128,12.8,2026-08-23T19:11:22.144409+00:00
ca87722a00ebf585cd788c67949e7c0b32dca788,pytorch_eager,PyTorch eager scale + causal mask + softmax,512,4096,512,float32,0.125,25,100,96,333.72798562049866,,0,Tesla T4,7.5,2.11.0+cu128,12.8,2026-08-23T19:11:22.144409+00:00
ca87722a00ebf585cd788c67949e7c0b32dca788,pytorch_eager,PyTorch eager scale + causal mask + softmax,512,4096,512,float32,0.125,25,100,97,333.8240087032318,,0,Tesla T4,7.5,2.11.0+cu128,12.8,2026-08-23T19:11:22.144409+00:00
ca87722a00ebf585cd788c67949e7c0b32dca788,pytorch_eager,PyTorch eager scale + causal mask + softmax,512,4096,512,float32,0.125,25,100,98,345.91999650001526,,0,Tesla T4,7.5,2.11.0+cu128,12.8,2026-08-23T19:11:22.144409+00:00
ca87722a00ebf585cd788c67949e7c0b32dca788,pytorch_eager,PyTorch eager scale + causal mask + softmax,512,4096,512,float32,0.125,25,100,99,337.18401193618774,,0,Tesla T4,7.5,2.11.0+cu128,12.8,2026-08-23T19:11:22.144409+00:00
ca87722a00ebf585cd788c67949e7c0b32dca788,torch_compile,torch.compile scale + causal mask + softmax,512,4096,512,float32,0.125,25,100,0,254.43199276924133,,1,Tesla T4,7.5,2.11.0+cu128,12.8,2026-08-23T19:11:22.144409+00:00
ca87722a00ebf585cd788c67949e7c0b32dca788,torch_compile,torch.compile scale + causal mask + softmax,512,4096,512,float32,0.125,25,100,1,186.3359957933426,,1,Tesla T4,7.5,2.11.0+cu128,12.8,2026-08-23T19:11:22.144409+00:00
ca87722a00ebf585cd788c67949e7c0b32dca788,torch_compile,torch.compile scale + causal mask + softmax,512,4096,512,float32,0.125,25,100,2,231.7119985818863,,1,Tesla T4,7.5,2.11.0+cu128,12.8,2026-08-23T19:11:22.144409+00:00
ca87722a00ebf585cd788c67949e7c0b32dca788,torch_compile,torch.compile scale + causal mask + softmax,512,4096,512,float32,0.125,25,100,3,205.53599298000336,,1,Tesla T4,7.5,2.11.0+cu128,12.8,2026-08-23T19:11:22.144409+00:00
ca87722a00ebf585cd788c67949e7c0b32dca788,torch_compile,torch.compile scale + causal mask + softmax,512,4096,512,float32,0.125,25,100,4,212.16000616550446,,1,Tesla T4,7.5,2.11.0+cu128,12.8,2026-08-23T19:11:22.144409+00:00
ca87722a00ebf585cd788c67949e7c0b32dca788,torch_compile,torch.compile scale + causal mask + softmax,512,4096,512,float32,0.125,25,100,5,208.8959962129593,,1,Tesla T4,7.5,2.11.0+cu128,12.8,2026-08-23T19:11:22.144409+00:00
ca87722a00ebf585cd788c67949e7c0b32dca788,torch_compile,torch.compile scale + causal mask + softmax,512,4096,512,float32,0.125,25,100,6,174.0799993276596,,1,Tesla T4,7.5,2.11.0+cu128,12.8,2026-08-23T19:11:22.144409+00:00
ca87722a00ebf585cd788c67949e7c0b32dca788,torch_compile,torch.compile scale + causal mask + softmax,512,4096,512,float32,0.125,25,100,7,206.94400370121002,,1,Tesla T4,7.5,2.11.0+cu128,12.8,2026-08-23T19:11:22.144409+00:00
ca87722a00ebf585cd788c67949e7c0b32dca788,torch_compile,torch.compile scale + causal mask + softmax,512,4096,512,float32,0.125,25,100,8,167.4879938364029,,1,Tesla T4,7.5,2.11.0+cu128,12.8,2026-08-23T19:11:22.144409+00:00
ca87722a00ebf585cd788c67949e7c0b32dca788,torch_compile,torch.compile scale + causal mask + softmax,512,4096,512,float32,0.125,25,100,9,155.35999834537506,,1,Tesla T4,7.5,2.11.0+cu128,12.8,2026-08-23T19:11:22.144409+00:00
ca87722a00ebf585cd788c67949e7c0b32dca788,torch_compile,torch.compile scale + causal mask + softmax,512,4096,512,float32,0.125,25,100,10,153.6320000886917,,1,Tesla T4,7.5,2.11.0+cu128,12.8,2026-08-23T19:11:22.144409+00:00
ca87722a00ebf585cd788c67949e7c0b32dca788,torch_compile,torch.compile scale + causal mask + softmax,512,4096,512,float32,0.125,25,100,11,151.5520066022873,,1,Tesla T4,7.5,2.11.0+cu128,12.8,2026-08-23T19:11:22.144409+00:00
ca87722a00ebf585cd788c67949e7c0b32dca788,torch_compile,torch.compile scale + causal mask + softmax,512,4096,512,float32,0.125,25,100,12,194.5279985666275,,1,Tesla T4,7.5,2.11.0+cu128,12.8,2026-08-23T19:11:22.144409+00:00
ca87722a00ebf585cd788c67949e7c0b32dca788,torch_compile,torch.compile scale + causal mask + softmax,512,4096,512,float32,0.125,25,100,13,165.8560037612915,,1,Tesla T4,7.5,2.11.0+cu128,12.8,2026-08-23T19:11:22.144409+00:00
ca87722a00ebf585cd788c67949e7c0b32dca788,torch_compile,torch.compile scale + causal mask + softmax,512,4096,512,float32,0.125,25,100,14,153.1199961900711,,1,Tesla T4,7.5,2.11.0+cu128,12.8,2026-08-23T19:11:22.144409+00:00
ca87722a00ebf585cd788c67949e7c0b32dca788,torch_compile,torch.compile scale + causal mask + softmax,512,4096,512,float32,0.125,25,100,15,150.94399452209473,,1,Tesla T4,7.5,2.11.0+cu128,12.8,2026-08-23T19:11:22.144409+00:00
ca87722a00ebf585cd788c67949e7c0b32dca788,torch_compile,torch.compile scale + causal mask + softmax,512,4096,512,float32,0.125,25,100,16,150.30400454998016,,1,Tesla T4,7.5,2.11.0+cu128,12.8,2026-08-23T19:11:22.144409+00:00
ca87722a00ebf585cd788c67949e7c0b32dca788,torch_compile,torch.compile scale + causal mask + softmax,512,4096,512,float32,0.125,25,100,17,198.65599274635315,,1,Tesla T4,7.5,2.11.0+cu128,12.8,2026-08-23T19:11:22.144409+00:00
ca87722a00ebf585cd788c67949e7c0b32dca788,torch_compile,torch.compile scale + causal mask + softmax,512,4096,512,float32,0.125,25,100,18,172.5119948387146,,1,Tesla T4,7.5,2.11.0+cu128,12.8,2026-08-23T19:11:22.144409+00:00
ca87722a00ebf585cd788c67949e7c0b32dca788,torch_compile,torch.compile scale + causal mask + softmax,512,4096,512,float32,0.125,25,100,19,192.4159973859787,,1,Tesla T4,7.5,2.11.0+cu128,12.8,2026-08-23T19:11:22.144409+00:00
ca87722a00ebf585cd788c67949e7c0b32dca788,torch_compile,torch.compile scale + causal mask + softmax,512,4096,512,float32,0.125,25,100,20,161.6639941930771,,1,Tesla T4,7.5,2.11.0+cu128,12.8,2026-08-23T19:11:22.144409+00:00
ca87722a00ebf585cd788c67949e7c0b32dca788,torch_compile,torch.compile scale + causal mask + softmax,512,4096,512,float32,0.125,25,100,21,235.80799996852875,,1,Tesla T4,7.5,2.11.0+cu128,12.8,2026-08-23T19:11:22.144409+00:00
ca87722a00ebf585cd788c67949e7c0b32dca788,torch_compile,torch.compile scale + causal mask + softmax,512,4096,512,float32,0.125,25,100,22,174.52800273895264,,1,Tesla T4,7.5,2.11.0+cu128,12.8,2026-08-23T19:11:22.144409+00:00
ca87722a00ebf585cd788c67949e7c0b32dca788,torch_compile,torch.compile scale + causal mask + softmax,512,4096,512,float32,0.125,25,100,23,156.2879979610443,,1,Tesla T4,7.5,2.11.0+cu128,12.8,2026-08-23T19:11:22.144409+00:00
ca87722a00ebf585cd788c67949e7c0b32dca788,torch_compile,torch.compile scale + causal mask + softmax,512,4096,512,float32,0.125,25,100,24,159.64800119400024,,1,Tesla T4,7.5,2.11.0+cu128,12.8,2026-08-23T19:11:22.144409+00:00
ca87722a00ebf585cd788c67949e7c0b32dca788,torch_compile,torch.compile scale + causal mask + softmax,512,4096,512,float32,0.125,25,100,25,165.8879965543747,,1,Tesla T4,7.5,2.11.0+cu128,12.8,2026-08-23T19:11:22.144409+00:00
ca87722a00ebf585cd788c67949e7c0b32dca788,torch_compile,torch.compile scale + causal mask + softmax,512,4096,512,float32,0.125,25,100,26,241.40800535678864,,1,Tesla T4,7.5,2.11.0+cu128,12.8,2026-08-23T19:11:22.144409+00:00
ca87722a00ebf585cd788c67949e7c0b32dca788,torch_compile,torch.compile scale + causal mask + softmax,512,4096,512,float32,0.125,25,100,27,189.2160028219223,,1,Tesla T4,7.5,2.11.0+cu128,12.8,2026-08-23T19:11:22.144409+00:00
ca87722a00ebf585cd788c67949e7c0b32dca788,torch_compile,torch.compile scale + causal mask + softmax,512,4096,512,float32,0.125,25,100,28,164.99200463294983,,1,Tesla T4,7.5,2.11.0+cu128,12.8,2026-08-23T19:11:22.144409+00:00
ca87722a00ebf585cd788c67949e7c0b32dca788,torch_compile,torch.compile scale + causal mask + softmax,512,4096,512,float32,0.125,25,100,29,161.43999993801117,,1,Tesla T4,7.5,2.11.0+cu128,12.8,2026-08-23T19:11:22.144409+00:00
ca87722a00ebf585cd788c67949e7c0b32dca788,torch_compile,torch.compile scale + causal mask + softmax,512,4096,512,float32,0.125,25,100,30,158.62399339675903,,1,Tesla T4,7.5,2.11.0+cu128,12.8,2026-08-23T19:11:22.144409+00:00
ca87722a00ebf585cd788c67949e7c0b32dca788,torch_compile,torch.compile scale + causal mask + softmax,512,4096,512,float32,0.125,25,100,31,267.07199215888977,,1,Tesla T4,7.5,2.11.0+cu128,12.8,2026-08-23T19:11:22.144409+00:00
ca87722a00ebf585cd788c67949e7c0b32dca788,torch_compile,torch.compile scale + causal mask + softmax,512,4096,512,float32,0.125,25,100,32,219.39200162887573,,1,Tesla T4,7.5,2.11.0+cu128,12.8,2026-08-23T19:11:22.144409+00:00
ca87722a00ebf585cd788c67949e7c0b32dca788,torch_compile,torch.compile scale + causal mask + softmax,512,4096,512,float32,0.125,25,100,33,231.36000335216522,,1,Tesla T4,7.5,2.11.0+cu128,12.8,2026-08-23T19:11:22.144409+00:00
ca87722a00ebf585cd788c67949e7c0b32dca788,torch_compile,torch.compile scale + causal mask + softmax,512,4096,512,float32,0.125,25,100,34,235.29599606990814,,1,Tesla T4,7.5,2.11.0+cu128,12.8,2026-08-23T19:11:22.144409+00:00
ca87722a00ebf585cd788c67949e7c0b32dca788,torch_compile,torch.compile scale + causal mask + softmax,512,4096,512,float32,0.125,25,100,35,242.88000166416168,,1,Tesla T4,7.5,2.11.0+cu128,12.8,2026-08-23T19:11:22.144409+00:00
ca87722a00ebf585cd788c67949e7c0b32dca788,torch_compile,torch.compile scale + causal mask + softmax,512,4096,512,float32,0.125,25,100,36,227.13600099086761,,1,Tesla T4,7.5,2.11.0+cu128,12.8,2026-08-23T19:11:22.144409+00:00
ca87722a00ebf585cd788c67949e7c0b32dca788,torch_compile,torch.compile scale + causal mask + softmax,512,4096,512,float32,0.125,25,100,37,216.5759950876236,,1,Tesla T4,7.5,2.11.0+cu128,12.8,2026-08-23T19:11:22.144409+00:00
ca87722a00ebf585cd788c67949e7c0b32dca788,torch_compile,torch.compile scale + causal mask + softmax,512,4096,512,float32,0.125,25,100,38,219.13599967956543,,1,Tesla T4,7.5,2.11.0+cu128,12.8,2026-08-23T19:11:22.144409+00:00
ca87722a00ebf585cd788c67949e7c0b32dca788,torch_compile,torch.compile scale + causal mask + softmax,512,4096,512,float32,0.125,25,100,39,189.56799805164337,,1,Tesla T4,7.5,2.11.0+cu128,12.8,2026-08-23T19:11:22.144409+00:00
ca87722a00ebf585cd788c67949e7c0b32dca788,torch_compile,torch.compile scale + causal mask + softmax,512,4096,512,float32,0.125,25,100,40,196.60800695419312,,1,Tesla T4,7.5,2.11.0+cu128,12.8,2026-08-23T19:11:22.144409+00:00
ca87722a00ebf585cd788c67949e7c0b32dca788,torch_compile,torch.compile scale + causal mask + softmax,512,4096,512,float32,0.125,25,100,41,212.99199759960175,,1,Tesla T4,7.5,2.11.0+cu128,12.8,2026-08-23T19:11:22.144409+00:00
ca87722a00ebf585cd788c67949e7c0b32dca788,torch_compile,torch.compile scale + causal mask + softmax,512,4096,512,float32,0.125,25,100,42,172.60800302028656,,1,Tesla T4,7.5,2.11.0+cu128,12.8,2026-08-23T19:11:22.144409+00:00
ca87722a00ebf585cd788c67949e7c0b32dca788,torch_compile,torch.compile scale + causal mask + softmax,512,4096,512,float32,0.125,25,100,43,207.0080041885376,,1,Tesla T4,7.5,2.11.0+cu128,12.8,2026-08-23T19:11:22.144409+00:00
ca87722a00ebf585cd788c67949e7c0b32dca788,torch_compile,torch.compile scale + causal mask + softmax,512,4096,512,float32,0.125,25,100,44,209.6640020608902,,1,Tesla T4,7.5,2.11.0+cu128,12.8,2026-08-23T19:11:22.144409+00:00
ca87722a00ebf585cd788c67949e7c0b32dca788,torch_compile,torch.compile scale + causal mask + softmax,512,4096,512,float32,0.125,25,100,45,197.56799936294556,,1,Tesla T4,7.5,2.11.0+cu128,12.8,2026-08-23T19:11:22.144409+00:00
ca87722a00ebf585cd788c67949e7c0b32dca788,torch_compile,torch.compile scale + causal mask + softmax,512,4096,512,float32,0.125,25,100,46,208.8319957256317,,1,Tesla T4,7.5,2.11.0+cu128,12.8,2026-08-23T19:11:22.144409+00:00
ca87722a00ebf585cd788c67949e7c0b32dca788,torch_compile,torch.compile scale + causal mask + softmax,512,4096,512,float32,0.125,25,100,47,238.81599307060242,,1,Tesla T4,7.5,2.11.0+cu128,12.8,2026-08-23T19:11:22.144409+00:00
ca87722a00ebf585cd788c67949e7c0b32dca788,torch_compile,torch.compile scale + causal mask + softmax,512,4096,512,float32,0.125,25,100,48,207.42399990558624,,1,Tesla T4,7.5,2.11.0+cu128,12.8,2026-08-23T19:11:22.144409+00:00
ca87722a00ebf585cd788c67949e7c0b32dca788,torch_compile,torch.compile scale + causal mask + softmax,512,4096,512,float32,0.125,25,100,49,208.38400721549988,,1,Tesla T4,7.5,2.11.0+cu128,12.8,2026-08-23T19:11:22.144409+00:00
ca87722a00ebf585cd788c67949e7c0b32dca788,torch_compile,torch.compile scale + causal mask + softmax,512,4096,512,float32,0.125,25,100,50,227.2000014781952,,1,Tesla T4,7.5,2.11.0+cu128,12.8,2026-08-23T19:11:22.144409+00:00
ca87722a00ebf585cd788c67949e7c0b32dca788,torch_compile,torch.compile scale + causal mask + softmax,512,4096,512,float32,0.125,25,100,51,233.2800030708313,,1,Tesla T4,7.5,2.11.0+cu128,12.8,2026-08-23T19:11:22.144409+00:00
ca87722a00ebf585cd788c67949e7c0b32dca788,torch_compile,torch.compile scale + causal mask + softmax,512,4096,512,float32,0.125,25,100,52,200.70399343967438,,1,Tesla T4,7.5,2.11.0+cu128,12.8,2026-08-23T19:11:22.144409+00:00
ca87722a00ebf585cd788c67949e7c0b32dca788,torch_compile,torch.compile scale + causal mask + softmax,512,4096,512,float32,0.125,25,100,53,188.89600038528442,,1,Tesla T4,7.5,2.11.0+cu128,12.8,2026-08-23T19:11:22.144409+00:00
ca87722a00ebf585cd788c67949e7c0b32dca788,torch_compile,torch.compile scale + causal mask + softmax,512,4096,512,float32,0.125,25,100,54,172.19200730323792,,1,Tesla T4,7.5,2.11.0+cu128,12.8,2026-08-23T19:11:22.144409+00:00
ca87722a00ebf585cd788c67949e7c0b32dca788,torch_compile,torch.compile scale + causal mask + softmax,512,4096,512,float32,0.125,25,100,55,213.1199985742569,,1,Tesla T4,7.5,2.11.0+cu128,12.8,2026-08-23T19:11:22.144409+00:00
ca87722a00ebf585cd788c67949e7c0b32dca788,torch_compile,torch.compile scale + causal mask + softmax,512,4096,512,float32,0.125,25,100,56,202.7519941329956,,1,Tesla T4,7.5,2.11.0+cu128,12.8,2026-08-23T19:11:22.144409+00:00
ca87722a00ebf585cd788c67949e7c0b32dca788,torch_compile,torch.compile scale + causal mask + softmax,512,4096,512,float32,0.125,25,100,57,202.65600085258484,,1,Tesla T4,7.5,2.11.0+cu128,12.8,2026-08-23T19:11:22.144409+00:00
ca87722a00ebf585cd788c67949e7c0b32dca788,torch_compile,torch.compile scale + causal mask + softmax,512,4096,512,float32,0.125,25,100,58,199.52000677585602,,1,Tesla T4,7.5,2.11.0+cu128,12.8,2026-08-23T19:11:22.144409+00:00
ca87722a00ebf585cd788c67949e7c0b32dca788,torch_compile,torch.compile scale + causal mask + softmax,512,4096,512,float32,0.125,25,100,59,193.37600469589233,,1,Tesla T4,7.5,2.11.0+cu128,12.8,2026-08-23T19:11:22.144409+00:00
ca87722a00ebf585cd788c67949e7c0b32dca788,torch_compile,torch.compile scale + causal mask + softmax,512,4096,512,float32,0.125,25,100,60,200.6080001592636,,1,Tesla T4,7.5,2.11.0+cu128,12.8,2026-08-23T19:11:22.144409+00:00
ca87722a00ebf585cd788c67949e7c0b32dca788,torch_compile,torch.compile scale + causal mask + softmax,512,4096,512,float32,0.125,25,100,61,206.01600408554077,,1,Tesla T4,7.5,2.11.0+cu128,12.8,2026-08-23T19:11:22.144409+00:00
ca87722a00ebf585cd788c67949e7c0b32dca788,torch_compile,torch.compile scale + causal mask + softmax,512,4096,512,float32,0.125,25,100,62,176.12800002098083,,1,Tesla T4,7.5,2.11.0+cu128,12.8,2026-08-23T19:11:22.144409+00:00
ca87722a00ebf585cd788c67949e7c0b32dca788,torch_compile,torch.compile scale + causal mask + softmax,512,4096,512,float32,0.125,25,100,63,167.29600727558136,,1,Tesla T4,7.5,2.11.0+cu128,12.8,2026-08-23T19:11:22.144409+00:00
ca87722a00ebf585cd788c67949e7c0b32dca788,torch_compile,torch.compile scale + causal mask + softmax,512,4096,512,float32,0.125,25,100,64,187.8719925880432,,1,Tesla T4,7.5,2.11.0+cu128,12.8,2026-08-23T19:11:22.144409+00:00
ca87722a00ebf585cd788c67949e7c0b32dca788,torch_compile,torch.compile scale + causal mask + softmax,512,4096,512,float32,0.125,25,100,65,195.0719952583313,,1,Tesla T4,7.5,2.11.0+cu128,12.8,2026-08-23T19:11:22.144409+00:00
ca87722a00ebf585cd788c67949e7c0b32dca788,torch_compile,torch.compile scale + causal mask + softmax,512,4096,512,float32,0.125,25,100,66,197.2160041332245,,1,Tesla T4,7.5,2.11.0+cu128,12.8,2026-08-23T19:11:22.144409+00:00
ca87722a00ebf585cd788c67949e7c0b32dca788,torch_compile,torch.compile scale + causal mask + softmax,512,4096,512,float32,0.125,25,100,67,215.29600024223328,,1,Tesla T4,7.5,2.11.0+cu128,12.8,2026-08-23T19:11:22.144409+00:00
ca87722a00ebf585cd788c67949e7c0b32dca788,torch_compile,torch.compile scale + causal mask + softmax,512,4096,512,float32,0.125,25,100,68,195.5520063638687,,1,Tesla T4,7.5,2.11.0+cu128,12.8,2026-08-23T19:11:22.144409+00:00
ca87722a00ebf585cd788c67949e7c0b32dca788,torch_compile,torch.compile scale + causal mask + softmax,512,4096,512,float32,0.125,25,100,69,202.7519941329956,,1,Tesla T4,7.5,2.11.0+cu128,12.8,2026-08-23T19:11:22.144409+00:00
ca87722a00ebf585cd788c67949e7c0b32dca788,torch_compile,torch.compile scale + causal mask + softmax,512,4096,512,float32,0.125,25,100,70,196.70400023460388,,1,Tesla T4,7.5,2.11.0+cu128,12.8,2026-08-23T19:11:22.144409+00:00
ca87722a00ebf585cd788c67949e7c0b32dca788,torch_compile,torch.compile scale + causal mask + softmax,512,4096,512,float32,0.125,25,100,71,208.99200439453125,,1,Tesla T4,7.5,2.11.0+cu128,12.8,2026-08-23T19:11:22.144409+00:00
ca87722a00ebf585cd788c67949e7c0b32dca788,torch_compile,torch.compile scale + causal mask + softmax,512,4096,512,float32,0.125,25,100,72,216.0000056028366,,1,Tesla T4,7.5,2.11.0+cu128,12.8,2026-08-23T19:11:22.144409+00:00
ca87722a00ebf585cd788c67949e7c0b32dca788,torch_compile,torch.compile scale + causal mask + softmax,512,4096,512,float32,0.125,25,100,73,230.56000471115112,,1,Tesla T4,7.5,2.11.0+cu128,12.8,2026-08-23T19:11:22.144409+00:00
ca87722a00ebf585cd788c67949e7c0b32dca788,torch_compile,torch.compile scale + causal mask + softmax,512,4096,512,float32,0.125,25,100,74,202.72000133991241,,1,Tesla T4,7.5,2.11.0+cu128,12.8,2026-08-23T19:11:22.144409+00:00
ca87722a00ebf585cd788c67949e7c0b32dca788,torch_compile,torch.compile scale + causal mask + softmax,512,4096,512,float32,0.125,25,100,75,190.94400107860565,,1,Tesla T4,7.5,2.11.0+cu128,12.8,2026-08-23T19:11:22.144409+00:00
ca87722a00ebf585cd788c67949e7c0b32dca788,torch_compile,torch.compile scale + causal mask + softmax,512,4096,512,float32,0.125,25,100,76,178.01600694656372,,1,Tesla T4,7.5,2.11.0+cu128,12.8,2026-08-23T19:11:22.144409+00:00
ca87722a00ebf585cd788c67949e7c0b32dca788,torch_compile,torch.compile scale + causal mask + softmax,512,4096,512,float32,0.125,25,100,77,276.44801139831543,,1,Tesla T4,7.5,2.11.0+cu128,12.8,2026-08-23T19:11:22.144409+00:00
ca87722a00ebf585cd788c67949e7c0b32dca788,torch_compile,torch.compile scale + causal mask + softmax,512,4096,512,float32,0.125,25,100,78,206.84799551963806,,1,Tesla T4,7.5,2.11.0+cu128,12.8,2026-08-23T19:11:22.144409+00:00
ca87722a00ebf585cd788c67949e7c0b32dca788,torch_compile,torch.compile scale + causal mask + softmax,512,4096,512,float32,0.125,25,100,79,191.55199825763702,,1,Tesla T4,7.5,2.11.0+cu128,12.8,2026-08-23T19:11:22.144409+00:00
ca87722a00ebf585cd788c67949e7c0b32dca788,torch_compile,torch.compile scale + causal mask + softmax,512,4096,512,float32,0.125,25,100,80,190.88000059127808,,1,Tesla T4,7.5,2.11.0+cu128,12.8,2026-08-23T19:11:22.144409+00:00
ca87722a00ebf585cd788c67949e7c0b32dca788,torch_compile,torch.compile scale + causal mask + softmax,512,4096,512,float32,0.125,25,100,81,225.63199698925018,,1,Tesla T4,7.5,2.11.0+cu128,12.8,2026-08-23T19:11:22.144409+00:00
ca87722a00ebf585cd788c67949e7c0b32dca788,torch_compile,torch.compile scale + causal mask + softmax,512,4096,512,float32,0.125,25,100,82,239.6160066127777,,1,Tesla T4,7.5,2.11.0+cu128,12.8,2026-08-23T19:11:22.144409+00:00
ca87722a00ebf585cd788c67949e7c0b32dca788,torch_compile,torch.compile scale + causal mask + softmax,512,4096,512,float32,0.125,25,100,83,185.69600582122803,,1,Tesla T4,7.5,2.11.0+cu128,12.8,2026-08-23T19:11:22.144409+00:00
ca87722a00ebf585cd788c67949e7c0b32dca788,torch_compile,torch.compile scale + causal mask + softmax,512,4096,512,float32,0.125,25,100,84,242.91199445724487,,1,Tesla T4,7.5,2.11.0+cu128,12.8,2026-08-23T19:11:22.144409+00:00
ca87722a00ebf585cd788c67949e7c0b32dca788,torch_compile,torch.compile scale + causal mask + softmax,512,4096,512,float32,0.125,25,100,85,212.99199759960175,,1,Tesla T4,7.5,2.11.0+cu128,12.8,2026-08-23T19:11:22.144409+00:00
ca87722a00ebf585cd788c67949e7c0b32dca788,torch_compile,torch.compile scale + causal mask + softmax,512,4096,512,float32,0.125,25,100,86,215.55200219154358,,1,Tesla T4,7.5,2.11.0+cu128,12.8,2026-08-23T19:11:22.144409+00:00
ca87722a00ebf585cd788c67949e7c0b32dca788,torch_compile,torch.compile scale + causal mask + softmax,512,4096,512,float32,0.125,25,100,87,175.90400576591492,,1,Tesla T4,7.5,2.11.0+cu128,12.8,2026-08-23T19:11:22.144409+00:00
ca87722a00ebf585cd788c67949e7c0b32dca788,torch_compile,torch.compile scale + causal mask + softmax,512,4096,512,float32,0.125,25,100,88,192.19200313091278,,1,Tesla T4,7.5,2.11.0+cu128,12.8,2026-08-23T19:11:22.144409+00:00
ca87722a00ebf585cd788c67949e7c0b32dca788,torch_compile,torch.compile scale + causal mask + softmax,512,4096,512,float32,0.125,25,100,89,182.27200210094452,,1,Tesla T4,7.5,2.11.0+cu128,12.8,2026-08-23T19:11:22.144409+00:00
ca87722a00ebf585cd788c67949e7c0b32dca788,torch_compile,torch.compile scale + causal mask + softmax,512,4096,512,float32,0.125,25,100,90,206.84799551963806,,1,Tesla T4,7.5,2.11.0+cu128,12.8,2026-08-23T19:11:22.144409+00:00
ca87722a00ebf585cd788c67949e7c0b32dca788,torch_compile,torch.compile scale + causal mask + softmax,512,4096,512,float32,0.125,25,100,91,176.06399953365326,,1,Tesla T4,7.5,2.11.0+cu128,12.8,2026-08-23T19:11:22.144409+00:00
ca87722a00ebf585cd788c67949e7c0b32dca788,torch_compile,torch.compile scale + causal mask + softmax,512,4096,512,float32,0.125,25,100,92,167.84000396728516,,1,Tesla T4,7.5,2.11.0+cu128,12.8,2026-08-23T19:11:22.144409+00:00
ca87722a00ebf585cd788c67949e7c0b32dca788,torch_compile,torch.compile scale + causal mask + softmax,512,4096,512,float32,0.125,25,100,93,190.65600633621216,,1,Tesla T4,7.5,2.11.0+cu128,12.8,2026-08-23T19:11:22.144409+00:00
ca87722a00ebf585cd788c67949e7c0b32dca788,torch_compile,torch.compile scale + causal mask + softmax,512,4096,512,float32,0.125,25,100,94,202.72000133991241,,1,Tesla T4,7.5,2.11.0+cu128,12.8,2026-08-23T19:11:22.144409+00:00
ca87722a00ebf585cd788c67949e7c0b32dca788,torch_compile,torch.compile scale + causal mask + softmax,512,4096,512,float32,0.125,25,100,95,186.24000251293182,,1,Tesla T4,7.5,2.11.0+cu128,12.8,2026-08-23T19:11:22.144409+00:00
ca87722a00ebf585cd788c67949e7c0b32dca788,torch_compile,torch.compile scale + causal mask + softmax,512,4096,512,float32,0.125,25,100,96,213.4079933166504,,1,Tesla T4,7.5,2.11.0+cu128,12.8,2026-08-23T19:11:22.144409+00:00
ca87722a00ebf585cd788c67949e7c0b32dca788,torch_compile,torch.compile scale + causal mask + softmax,512,4096,512,float32,0.125,25,100,97,174.17599260807037,,1,Tesla T4,7.5,2.11.0+cu128,12.8,2026-08-23T19:11:22.144409+00:00
ca87722a00ebf585cd788c67949e7c0b32dca788,torch_compile,torch.compile scale + causal mask + softmax,512,4096,512,float32,0.125,25,100,98,167.77600347995758,,1,Tesla T4,7.5,2.11.0+cu128,12.8,2026-08-23T19:11:22.144409+00:00
ca87722a00ebf585cd788c67949e7c0b32dca788,torch_compile,torch.compile scale + causal mask + softmax,512,4096,512,float32,0.125,25,100,99,184.32000279426575,,1,Tesla T4,7.5,2.11.0+cu128,12.8,2026-08-23T19:11:22.144409+00:00
ca87722a00ebf585cd788c67949e7c0b32dca788,custom_cuda,warp-reduction custom CUDA fused scale + mask + softmax; block_size=128,512,4096,512,float32,0.125,25,100,0,146.81600034236908,128,0,Tesla T4,7.5,2.11.0+cu128,12.8,2026-08-23T19:11:22.144409+00:00
ca87722a00ebf585cd788c67949e7c0b32dca788,custom_cuda,warp-reduction custom CUDA fused scale + mask + softmax; block_size=128,512,4096,512,float32,0.125,25,100,1,130.20800054073334,128,0,Tesla T4,7.5,2.11.0+cu128,12.8,2026-08-23T19:11:22.144409+00:00
ca87722a00ebf585cd788c67949e7c0b32dca788,custom_cuda,warp-reduction custom CUDA fused scale + mask + softmax; block_size=128,512,4096,512,float32,0.125,25,100,2,140.35199582576752,128,0,Tesla T4,7.5,2.11.0+cu128,12.8,2026-08-23T19:11:22.144409+00:00
ca87722a00ebf585cd788c67949e7c0b32dca788,custom_cuda,warp-reduction custom CUDA fused scale + mask + softmax; block_size=128,512,4096,512,float32,0.125,25,100,3,143.71199905872345,128,0,Tesla T4,7.5,2.11.0+cu128,12.8,2026-08-23T19:11:22.144409+00:00
ca87722a00ebf585cd788c67949e7c0b32dca788,custom_cuda,warp-reduction custom CUDA fused scale + mask + softmax; block_size=128,512,4096,512,float32,0.125,25,100,4,143.2960033416748,128,0,Tesla T4,7.5,2.11.0+cu128,12.8,2026-08-23T19:11:22.144409+00:00
ca87722a00ebf585cd788c67949e7c0b32dca788,custom_cuda,warp-reduction custom CUDA fused scale + mask + softmax; block_size=128,512,4096,512,float32,0.125,25,100,5,131.071999669075,128,0,Tesla T4,7.5,2.11.0+cu128,12.8,2026-08-23T19:11:22.144409+00:00
ca87722a00ebf585cd788c67949e7c0b32dca788,custom_cuda,warp-reduction custom CUDA fused scale + mask + softmax; block_size=128,512,4096,512,float32,0.125,25,100,6,125.37600100040436,128,0,Tesla T4,7.5,2.11.0+cu128,12.8,2026-08-23T19:11:22.144409+00:00
ca87722a00ebf585cd788c67949e7c0b32dca788,custom_cuda,warp-reduction custom CUDA fused scale + mask + softmax; block_size=128,512,4096,512,float32,0.125,25,100,7,126.81600451469421,128,0,Tesla T4,7.5,2.11.0+cu128,12.8,2026-08-23T19:11:22.144409+00:00
ca87722a00ebf585cd788c67949e7c0b32dca788,custom_cuda,warp-reduction custom CUDA fused scale + mask + softmax; block_size=128,512,4096,512,float32,0.125,25,100,8,131.04000687599182,128,0,Tesla T4,7.5,2.11.0+cu128,12.8,2026-08-23T19:11:22.144409+00:00
ca87722a00ebf585cd788c67949e7c0b32dca788,custom_cuda,warp-reduction custom CUDA fused scale + mask + softmax; block_size=128,512,4096,512,float32,0.125,25,100,9,130.36799430847168,128,0,Tesla T4,7.5,2.11.0+cu128,12.8,2026-08-23T19:11:22.144409+00:00
ca87722a00ebf585cd788c67949e7c0b32dca788,custom_cuda,warp-reduction custom CUDA fused scale + mask + softmax; block_size=128,512,4096,512,float32,0.125,25,100,10,144.44799721240997,128,0,Tesla T4,7.5,2.11.0+cu128,12.8,2026-08-23T19:11:22.144409+00:00
ca87722a00ebf585cd788c67949e7c0b32dca788,custom_cuda,warp-reduction custom CUDA fused scale + mask + softmax; block_size=128,512,4096,512,float32,0.125,25,100,11,124.92799758911133,128,0,Tesla T4,7.5,2.11.0+cu128,12.8,2026-08-23T19:11:22.144409+00:00
ca87722a00ebf585cd788c67949e7c0b32dca788,custom_cuda,warp-reduction custom CUDA fused scale + mask + softmax; block_size=128,512,4096,512,float32,0.125,25,100,12,131.071999669075,128,0,Tesla T4,7.5,2.11.0+cu128,12.8,2026-08-23T19:11:22.144409+00:00
ca87722a00ebf585cd788c67949e7c0b32dca788,custom_cuda,warp-reduction custom CUDA fused scale + mask + softmax; block_size=128,512,4096,512,float32,0.125,25,100,13,133.66399705410004,128,0,Tesla T4,7.5,2.11.0+cu128,12.8,2026-08-23T19:11:22.144409+00:00
ca87722a00ebf585cd788c67949e7c0b32dca788,custom_cuda,warp-reduction custom CUDA fused scale + mask + softmax; block_size=128,512,4096,512,float32,0.125,25,100,14,143.16800236701965,128,0,Tesla T4,7.5,2.11.0+cu128,12.8,2026-08-23T19:11:22.144409+00:00
ca87722a00ebf585cd788c67949e7c0b32dca788,custom_cuda,warp-reduction custom CUDA fused scale + mask + softmax; block_size=128,512,4096,512,float32,0.125,25,100,15,129.43999469280243,128,0,Tesla T4,7.5,2.11.0+cu128,12.8,2026-08-23T19:11:22.144409+00:00
ca87722a00ebf585cd788c67949e7c0b32dca788,custom_cuda,warp-reduction custom CUDA fused scale + mask + softmax; block_size=128,512,4096,512,float32,0.125,25,100,16,129.34400141239166,128,0,Tesla T4,7.5,2.11.0+cu128,12.8,2026-08-23T19:11:22.144409+00:00
ca87722a00ebf585cd788c67949e7c0b32dca788,custom_cuda,warp-reduction custom CUDA fused scale + mask + softmax; block_size=128,512,4096,512,float32,0.125,25,100,17,135.00800728797913,128,0,Tesla T4,7.5,2.11.0+cu128,12.8,2026-08-23T19:11:22.144409+00:00
ca87722a00ebf585cd788c67949e7c0b32dca788,custom_cuda,warp-reduction custom CUDA fused scale + mask + softmax; block_size=128,512,4096,512,float32,0.125,25,100,18,140.60799777507782,128,0,Tesla T4,7.5,2.11.0+cu128,12.8,2026-08-23T19:11:22.144409+00:00
ca87722a00ebf585cd788c67949e7c0b32dca788,custom_cuda,warp-reduction custom CUDA fused scale + mask + softmax; block_size=128,512,4096,512,float32,0.125,25,100,19,129.05600666999817,128,0,Tesla T4,7.5,2.11.0+cu128,12.8,2026-08-23T19:11:22.144409+00:00
ca87722a00ebf585cd788c67949e7c0b32dca788,custom_cuda,warp-reduction custom CUDA fused scale + mask + softmax; block_size=128,512,4096,512,float32,0.125,25,100,20,128.00000607967377,128,0,Tesla T4,7.5,2.11.0+cu128,12.8,2026-08-23T19:11:22.144409+00:00
ca87722a00ebf585cd788c67949e7c0b32dca788,custom_cuda,warp-reduction custom CUDA fused scale + mask + softmax; block_size=128,512,4096,512,float32,0.125,25,100,21,135.903999209404,128,0,Tesla T4,7.5,2.11.0+cu128,12.8,2026-08-23T19:11:22.144409+00:00
ca87722a00ebf585cd788c67949e7c0b32dca788,custom_cuda,warp-reduction custom CUDA fused scale + mask + softmax; block_size=128,512,4096,512,float32,0.125,25,100,22,133.95200669765472,128,0,Tesla T4,7.5,2.11.0+cu128,12.8,2026-08-23T19:11:22.144409+00:00
ca87722a00ebf585cd788c67949e7c0b32dca788,custom_cuda,warp-reduction custom CUDA fused scale + mask + softmax; block_size=128,512,4096,512,float32,0.125,25,100,23,124.7360035777092,128,0,Tesla T4,7.5,2.11.0+cu128,12.8,2026-08-23T19:11:22.144409+00:00
ca87722a00ebf585cd788c67949e7c0b32dca788,custom_cuda,warp-reduction custom CUDA fused scale + mask + softmax; block_size=128,512,4096,512,float32,0.125,25,100,24,143.00799369812012,128,0,Tesla T4,7.5,2.11.0+cu128,12.8,2026-08-23T19:11:22.144409+00:00
ca87722a00ebf585cd788c67949e7c0b32dca788,custom_cuda,warp-reduction custom CUDA fused scale + mask + softmax; block_size=128,512,4096,512,float32,0.125,25,100,25,129.4720023870468,128,0,Tesla T4,7.5,2.11.0+cu128,12.8,2026-08-23T19:11:22.144409+00:00
ca87722a00ebf585cd788c67949e7c0b32dca788,custom_cuda,warp-reduction custom CUDA fused scale + mask + softmax; block_size=128,512,4096,512,float32,0.125,25,100,26,127.80800461769104,128,0,Tesla T4,7.5,2.11.0+cu128,12.8,2026-08-23T19:11:22.144409+00:00
ca87722a00ebf585cd788c67949e7c0b32dca788,custom_cuda,warp-reduction custom CUDA fused scale + mask + softmax; block_size=128,512,4096,512,float32,0.125,25,100,27,136.7039978504181,128,0,Tesla T4,7.5,2.11.0+cu128,12.8,2026-08-23T19:11:22.144409+00:00
ca87722a00ebf585cd788c67949e7c0b32dca788,custom_cuda,warp-reduction custom CUDA fused scale + mask + softmax; block_size=128,512,4096,512,float32,0.125,25,100,28,132.9600065946579,128,0,Tesla T4,7.5,2.11.0+cu128,12.8,2026-08-23T19:11:22.144409+00:00
ca87722a00ebf585cd788c67949e7c0b32dca788,custom_cuda,warp-reduction custom CUDA fused scale + mask + softmax; block_size=128,512,4096,512,float32,0.125,25,100,29,129.02399897575378,128,0,Tesla T4,7.5,2.11.0+cu128,12.8,2026-08-23T19:11:22.144409+00:00
ca87722a00ebf585cd788c67949e7c0b32dca788,custom_cuda,warp-reduction custom CUDA fused scale + mask + softmax; block_size=128,512,4096,512,float32,0.125,25,100,30,137.92000710964203,128,0,Tesla T4,7.5,2.11.0+cu128,12.8,2026-08-23T19:11:22.144409+00:00
ca87722a00ebf585cd788c67949e7c0b32dca788,custom_cuda,warp-reduction custom CUDA fused scale + mask + softmax; block_size=128,512,4096,512,float32,0.125,25,100,31,139.45600390434265,128,0,Tesla T4,7.5,2.11.0+cu128,12.8,2026-08-23T19:11:22.144409+00:00
ca87722a00ebf585cd788c67949e7c0b32dca788,custom_cuda,warp-reduction custom CUDA fused scale + mask + softmax; block_size=128,512,4096,512,float32,0.125,25,100,32,144.73600685596466,128,0,Tesla T4,7.5,2.11.0+cu128,12.8,2026-08-23T19:11:22.144409+00:00
ca87722a00ebf585cd788c67949e7c0b32dca788,custom_cuda,warp-reduction custom CUDA fused scale + mask + softmax; block_size=128,512,4096,512,float32,0.125,25,100,33,139.26400244235992,128,0,Tesla T4,7.5,2.11.0+cu128,12.8,2026-08-23T19:11:22.144409+00:00
ca87722a00ebf585cd788c67949e7c0b32dca788,custom_cuda,warp-reduction custom CUDA fused scale + mask + softmax; block_size=128,512,4096,512,float32,0.125,25,100,34,133.5040032863617,128,0,Tesla T4,7.5,2.11.0+cu128,12.8,2026-08-23T19:11:22.144409+00:00
ca87722a00ebf585cd788c67949e7c0b32dca788,custom_cuda,warp-reduction custom CUDA fused scale + mask + softmax; block_size=128,512,4096,512,float32,0.125,25,100,35,141.31200313568115,128,0,Tesla T4,7.5,2.11.0+cu128,12.8,2026-08-23T19:11:22.144409+00:00
ca87722a00ebf585cd788c67949e7c0b32dca788,custom_cuda,warp-reduction custom CUDA fused scale + mask + softmax; block_size=128,512,4096,512,float32,0.125,25,100,36,125.2480000257492,128,0,Tesla T4,7.5,2.11.0+cu128,12.8,2026-08-23T19:11:22.144409+00:00
ca87722a00ebf585cd788c67949e7c0b32dca788,custom_cuda,warp-reduction custom CUDA fused scale + mask + softmax; block_size=128,512,4096,512,float32,0.125,25,100,37,132.79999792575836,128,0,Tesla T4,7.5,2.11.0+cu128,12.8,2026-08-23T19:11:22.144409+00:00
ca87722a00ebf585cd788c67949e7c0b32dca788,custom_cuda,warp-reduction custom CUDA fused scale + mask + softmax; block_size=128,512,4096,512,float32,0.125,25,100,38,129.02399897575378,128,0,Tesla T4,7.5,2.11.0+cu128,12.8,2026-08-23T19:11:22.144409+00:00
ca87722a00ebf585cd788c67949e7c0b32dca788,custom_cuda,warp-reduction custom CUDA fused scale + mask + softmax; block_size=128,512,4096,512,float32,0.125,25,100,39,133.15199315547943,128,0,Tesla T4,7.5,2.11.0+cu128,12.8,2026-08-23T19:11:22.144409+00:00
ca87722a00ebf585cd788c67949e7c0b32dca788,custom_cuda,warp-reduction custom CUDA fused scale + mask + softmax; block_size=128,512,4096,512,float32,0.125,25,100,40,133.12000036239624,128,0,Tesla T4,7.5,2.11.0+cu128,12.8,2026-08-23T19:11:22.144409+00:00
ca87722a00ebf585cd788c67949e7c0b32dca788,custom_cuda,warp-reduction custom CUDA fused scale + mask + softmax; block_size=128,512,4096,512,float32,0.125,25,100,41,132.4480026960373,128,0,Tesla T4,7.5,2.11.0+cu128,12.8,2026-08-23T19:11:22.144409+00:00
ca87722a00ebf585cd788c67949e7c0b32dca788,custom_cuda,warp-reduction custom CUDA fused scale + mask + softmax; block_size=128,512,4096,512,float32,0.125,25,100,42,128.28800082206726,128,0,Tesla T4,7.5,2.11.0+cu128,12.8,2026-08-23T19:11:22.144409+00:00
ca87722a00ebf585cd788c67949e7c0b32dca788,custom_cuda,warp-reduction custom CUDA fused scale + mask + softmax; block_size=128,512,4096,512,float32,0.125,25,100,43,129.2160004377365,128,0,Tesla T4,7.5,2.11.0+cu128,12.8,2026-08-23T19:11:22.144409+00:00
ca87722a00ebf585cd788c67949e7c0b32dca788,custom_cuda,warp-reduction custom CUDA fused scale + mask + softmax; block_size=128,512,4096,512,float32,0.125,25,100,44,127.48800218105316,128,0,Tesla T4,7.5,2.11.0+cu128,12.8,2026-08-23T19:11:22.144409+00:00
ca87722a00ebf585cd788c67949e7c0b32dca788,custom_cuda,warp-reduction custom CUDA fused scale + mask + softmax; block_size=128,512,4096,512,float32,0.125,25,100,45,145.37599682807922,128,0,Tesla T4,7.5,2.11.0+cu128,12.8,2026-08-23T19:11:22.144409+00:00
ca87722a00ebf585cd788c67949e7c0b32dca788,custom_cuda,warp-reduction custom CUDA fused scale + mask + softmax; block_size=128,512,4096,512,float32,0.125,25,100,46,142.68800616264343,128,0,Tesla T4,7.5,2.11.0+cu128,12.8,2026-08-23T19:11:22.144409+00:00
ca87722a00ebf585cd788c67949e7c0b32dca788,custom_cuda,warp-reduction custom CUDA fused scale + mask + softmax; block_size=128,512,4096,512,float32,0.125,25,100,47,139.90400731563568,128,0,Tesla T4,7.5,2.11.0+cu128,12.8,2026-08-23T19:11:22.144409+00:00
ca87722a00ebf585cd788c67949e7c0b32dca788,custom_cuda,warp-reduction custom CUDA fused scale + mask + softmax; block_size=128,512,4096,512,float32,0.125,25,100,48,141.31200313568115,128,0,Tesla T4,7.5,2.11.0+cu128,12.8,2026-08-23T19:11:22.144409+00:00
ca87722a00ebf585cd788c67949e7c0b32dca788,custom_cuda,warp-reduction custom CUDA fused scale + mask + softmax; block_size=128,512,4096,512,float32,0.125,25,100,49,141.92000031471252,128,0,Tesla T4,7.5,2.11.0+cu128,12.8,2026-08-23T19:11:22.144409+00:00
ca87722a00ebf585cd788c67949e7c0b32dca788,custom_cuda,warp-reduction custom CUDA fused scale + mask + softmax; block_size=128,512,4096,512,float32,0.125,25,100,50,141.27999544143677,128,0,Tesla T4,7.5,2.11.0+cu128,12.8,2026-08-23T19:11:22.144409+00:00
ca87722a00ebf585cd788c67949e7c0b32dca788,custom_cuda,warp-reduction custom CUDA fused scale + mask + softmax; block_size=128,512,4096,512,float32,0.125,25,100,51,142.04800128936768,128,0,Tesla T4,7.5,2.11.0+cu128,12.8,2026-08-23T19:11:22.144409+00:00
ca87722a00ebf585cd788c67949e7c0b32dca788,custom_cuda,warp-reduction custom CUDA fused scale + mask + softmax; block_size=128,512,4096,512,float32,0.125,25,100,52,145.85599303245544,128,0,Tesla T4,7.5,2.11.0+cu128,12.8,2026-08-23T19:11:22.144409+00:00
ca87722a00ebf585cd788c67949e7c0b32dca788,custom_cuda,warp-reduction custom CUDA fused scale + mask + softmax; block_size=128,512,4096,512,float32,0.125,25,100,53,129.85600531101227,128,0,Tesla T4,7.5,2.11.0+cu128,12.8,2026-08-23T19:11:22.144409+00:00
ca87722a00ebf585cd788c67949e7c0b32dca788,custom_cuda,warp-reduction custom CUDA fused scale + mask + softmax; block_size=128,512,4096,512,float32,0.125,25,100,54,126.27199292182922,128,0,Tesla T4,7.5,2.11.0+cu128,12.8,2026-08-23T19:11:22.144409+00:00
ca87722a00ebf585cd788c67949e7c0b32dca788,custom_cuda,warp-reduction custom CUDA fused scale + mask + softmax; block_size=128,512,4096,512,float32,0.125,25,100,55,138.36799561977386,128,0,Tesla T4,7.5,2.11.0+cu128,12.8,2026-08-23T19:11:22.144409+00:00
ca87722a00ebf585cd788c67949e7c0b32dca788,custom_cuda,warp-reduction custom CUDA fused scale + mask + softmax; block_size=128,512,4096,512,float32,0.125,25,100,56,159.29600596427917,128,0,Tesla T4,7.5,2.11.0+cu128,12.8,2026-08-23T19:11:22.144409+00:00
ca87722a00ebf585cd788c67949e7c0b32dca788,custom_cuda,warp-reduction custom CUDA fused scale + mask + softmax; block_size=128,512,4096,512,float32,0.125,25,100,57,151.5520066022873,128,0,Tesla T4,7.5,2.11.0+cu128,12.8,2026-08-23T19:11:22.144409+00:00
ca87722a00ebf585cd788c67949e7c0b32dca788,custom_cuda,warp-reduction custom CUDA fused scale + mask + softmax; block_size=128,512,4096,512,float32,0.125,25,100,58,139.23199474811554,128,0,Tesla T4,7.5,2.11.0+cu128,12.8,2026-08-23T19:11:22.144409+00:00
ca87722a00ebf585cd788c67949e7c0b32dca788,custom_cuda,warp-reduction custom CUDA fused scale + mask + softmax; block_size=128,512,4096,512,float32,0.125,25,100,59,140.28799533843994,128,0,Tesla T4,7.5,2.11.0+cu128,12.8,2026-08-23T19:11:22.144409+00:00
ca87722a00ebf585cd788c67949e7c0b32dca788,custom_cuda,warp-reduction custom CUDA fused scale + mask + softmax; block_size=128,512,4096,512,float32,0.125,25,100,60,134.75200533866882,128,0,Tesla T4,7.5,2.11.0+cu128,12.8,2026-08-23T19:11:22.144409+00:00
ca87722a00ebf585cd788c67949e7c0b32dca788,custom_cuda,warp-reduction custom CUDA fused scale + mask + softmax; block_size=128,512,4096,512,float32,0.125,25,100,61,128.63999605178833,128,0,Tesla T4,7.5,2.11.0+cu128,12.8,2026-08-23T19:11:22.144409+00:00
ca87722a00ebf585cd788c67949e7c0b32dca788,custom_cuda,warp-reduction custom CUDA fused scale + mask + softmax; block_size=128,512,4096,512,float32,0.125,25,100,62,144.96000111103058,128,0,Tesla T4,7.5,2.11.0+cu128,12.8,2026-08-23T19:11:22.144409+00:00
ca87722a00ebf585cd788c67949e7c0b32dca788,custom_cuda,warp-reduction custom CUDA fused scale + mask + softmax; block_size=128,512,4096,512,float32,0.125,25,100,63,164.06400501728058,128,0,Tesla T4,7.5,2.11.0+cu128,12.8,2026-08-23T19:11:22.144409+00:00
ca87722a00ebf585cd788c67949e7c0b32dca788,custom_cuda,warp-reduction custom CUDA fused scale + mask + softmax; block_size=128,512,4096,512,float32,0.125,25,100,64,140.00000059604645,128,0,Tesla T4,7.5,2.11.0+cu128,12.8,2026-08-23T19:11:22.144409+00:00
ca87722a00ebf585cd788c67949e7c0b32dca788,custom_cuda,warp-reduction custom CUDA fused scale + mask + softmax; block_size=128,512,4096,512,float32,0.125,25,100,65,136.9280070066452,128,0,Tesla T4,7.5,2.11.0+cu128,12.8,2026-08-23T19:11:22.144409+00:00
ca87722a00ebf585cd788c67949e7c0b32dca788,custom_cuda,warp-reduction custom CUDA fused scale + mask + softmax; block_size=128,512,4096,512,float32,0.125,25,100,66,134.43200290203094,128,0,Tesla T4,7.5,2.11.0+cu128,12.8,2026-08-23T19:11:22.144409+00:00
ca87722a00ebf585cd788c67949e7c0b32dca788,custom_cuda,warp-reduction custom CUDA fused scale + mask + softmax; block_size=128,512,4096,512,float32,0.125,25,100,67,133.12000036239624,128,0,Tesla T4,7.5,2.11.0+cu128,12.8,2026-08-23T19:11:22.144409+00:00
ca87722a00ebf585cd788c67949e7c0b32dca788,custom_cuda,warp-reduction custom CUDA fused scale + mask + softmax; block_size=128,512,4096,512,float32,0.125,25,100,68,134.14399325847626,128,0,Tesla T4,7.5,2.11.0+cu128,12.8,2026-08-23T19:11:22.144409+00:00
ca87722a00ebf585cd788c67949e7c0b32dca788,custom_cuda,warp-reduction custom CUDA fused scale + mask + softmax; block_size=128,512,4096,512,float32,0.125,25,100,69,127.36000120639801,128,0,Tesla T4,7.5,2.11.0+cu128,12.8,2026-08-23T19:11:22.144409+00:00
ca87722a00ebf585cd788c67949e7c0b32dca788,custom_cuda,warp-reduction custom CUDA fused scale + mask + softmax; block_size=128,512,4096,512,float32,0.125,25,100,70,142.68800616264343,128,0,Tesla T4,7.5,2.11.0+cu128,12.8,2026-08-23T19:11:22.144409+00:00
ca87722a00ebf585cd788c67949e7c0b32dca788,custom_cuda,warp-reduction custom CUDA fused scale + mask + softmax; block_size=128,512,4096,512,float32,0.125,25,100,71,131.04000687599182,128,0,Tesla T4,7.5,2.11.0+cu128,12.8,2026-08-23T19:11:22.144409+00:00
ca87722a00ebf585cd788c67949e7c0b32dca788,custom_cuda,warp-reduction custom CUDA fused scale + mask + softmax; block_size=128,512,4096,512,float32,0.125,25,100,72,130.46400249004364,128,0,Tesla T4,7.5,2.11.0+cu128,12.8,2026-08-23T19:11:22.144409+00:00
ca87722a00ebf585cd788c67949e7c0b32dca788,custom_cuda,warp-reduction custom CUDA fused scale + mask + softmax; block_size=128,512,4096,512,float32,0.125,25,100,73,129.34400141239166,128,0,Tesla T4,7.5,2.11.0+cu128,12.8,2026-08-23T19:11:22.144409+00:00
ca87722a00ebf585cd788c67949e7c0b32dca788,custom_cuda,warp-reduction custom CUDA fused scale + mask + softmax; block_size=128,512,4096,512,float32,0.125,25,100,74,135.3919953107834,128,0,Tesla T4,7.5,2.11.0+cu128,12.8,2026-08-23T19:11:22.144409+00:00
ca87722a00ebf585cd788c67949e7c0b32dca788,custom_cuda,warp-reduction custom CUDA fused scale + mask + softmax; block_size=128,512,4096,512,float32,0.125,25,100,75,128.57599556446075,128,0,Tesla T4,7.5,2.11.0+cu128,12.8,2026-08-23T19:11:22.144409+00:00
ca87722a00ebf585cd788c67949e7c0b32dca788,custom_cuda,warp-reduction custom CUDA fused scale + mask + softmax; block_size=128,512,4096,512,float32,0.125,25,100,76,123.90399724245071,128,0,Tesla T4,7.5,2.11.0+cu128,12.8,2026-08-23T19:11:22.144409+00:00
ca87722a00ebf585cd788c67949e7c0b32dca788,custom_cuda,warp-reduction custom CUDA fused scale + mask + softmax; block_size=128,512,4096,512,float32,0.125,25,100,77,124.89599734544754,128,0,Tesla T4,7.5,2.11.0+cu128,12.8,2026-08-23T19:11:22.144409+00:00
ca87722a00ebf585cd788c67949e7c0b32dca788,custom_cuda,warp-reduction custom CUDA fused scale + mask + softmax; block_size=128,512,4096,512,float32,0.125,25,100,78,123.90399724245071,128,0,Tesla T4,7.5,2.11.0+cu128,12.8,2026-08-23T19:11:22.144409+00:00
ca87722a00ebf585cd788c67949e7c0b32dca788,custom_cuda,warp-reduction custom CUDA fused scale + mask + softmax; block_size=128,512,4096,512,float32,0.125,25,100,79,123.10399860143661,128,0,Tesla T4,7.5,2.11.0+cu128,12.8,2026-08-23T19:11:22.144409+00:00
ca87722a00ebf585cd788c67949e7c0b32dca788,custom_cuda,warp-reduction custom CUDA fused scale + mask + softmax; block_size=128,512,4096,512,float32,0.125,25,100,80,129.34400141239166,128,0,Tesla T4,7.5,2.11.0+cu128,12.8,2026-08-23T19:11:22.144409+00:00
ca87722a00ebf585cd788c67949e7c0b32dca788,custom_cuda,warp-reduction custom CUDA fused scale + mask + softmax; block_size=128,512,4096,512,float32,0.125,25,100,81,123.07199835777283,128,0,Tesla T4,7.5,2.11.0+cu128,12.8,2026-08-23T19:11:22.144409+00:00
ca87722a00ebf585cd788c67949e7c0b32dca788,custom_cuda,warp-reduction custom CUDA fused scale + mask + softmax; block_size=128,512,4096,512,float32,0.125,25,100,82,125.31200051307678,128,0,Tesla T4,7.5,2.11.0+cu128,12.8,2026-08-23T19:11:22.144409+00:00
ca87722a00ebf585cd788c67949e7c0b32dca788,custom_cuda,warp-reduction custom CUDA fused scale + mask + softmax; block_size=128,512,4096,512,float32,0.125,25,100,83,122.8799968957901,128,0,Tesla T4,7.5,2.11.0+cu128,12.8,2026-08-23T19:11:22.144409+00:00
ca87722a00ebf585cd788c67949e7c0b32dca788,custom_cuda,warp-reduction custom CUDA fused scale + mask + softmax; block_size=128,512,4096,512,float32,0.125,25,100,84,121.69600278139114,128,0,Tesla T4,7.5,2.11.0+cu128,12.8,2026-08-23T19:11:22.144409+00:00
ca87722a00ebf585cd788c67949e7c0b32dca788,custom_cuda,warp-reduction custom CUDA fused scale + mask + softmax; block_size=128,512,4096,512,float32,0.125,25,100,85,122.30399996042252,128,0,Tesla T4,7.5,2.11.0+cu128,12.8,2026-08-23T19:11:22.144409+00:00
ca87722a00ebf585cd788c67949e7c0b32dca788,custom_cuda,warp-reduction custom CUDA fused scale + mask + softmax; block_size=128,512,4096,512,float32,0.125,25,100,86,121.95199728012085,128,0,Tesla T4,7.5,2.11.0+cu128,12.8,2026-08-23T19:11:22.144409+00:00
ca87722a00ebf585cd788c67949e7c0b32dca788,custom_cuda,warp-reduction custom CUDA fused scale + mask + softmax; block_size=128,512,4096,512,float32,0.125,25,100,87,129.02399897575378,128,0,Tesla T4,7.5,2.11.0+cu128,12.8,2026-08-23T19:11:22.144409+00:00
ca87722a00ebf585cd788c67949e7c0b32dca788,custom_cuda,warp-reduction custom CUDA fused scale + mask + softmax; block_size=128,512,4096,512,float32,0.125,25,100,88,129.31199371814728,128,0,Tesla T4,7.5,2.11.0+cu128,12.8,2026-08-23T19:11:22.144409+00:00
ca87722a00ebf585cd788c67949e7c0b32dca788,custom_cuda,warp-reduction custom CUDA fused scale + mask + softmax; block_size=128,512,4096,512,float32,0.125,25,100,89,123.19999933242798,128,0,Tesla T4,7.5,2.11.0+cu128,12.8,2026-08-23T19:11:22.144409+00:00
ca87722a00ebf585cd788c67949e7c0b32dca788,custom_cuda,warp-reduction custom CUDA fused scale + mask + softmax; block_size=128,512,4096,512,float32,0.125,25,100,90,123.16799908876419,128,0,Tesla T4,7.5,2.11.0+cu128,12.8,2026-08-23T19:11:22.144409+00:00
ca87722a00ebf585cd788c67949e7c0b32dca788,custom_cuda,warp-reduction custom CUDA fused scale + mask + softmax; block_size=128,512,4096,512,float32,0.125,25,100,91,122.8799968957901,128,0,Tesla T4,7.5,2.11.0+cu128,12.8,2026-08-23T19:11:22.144409+00:00
ca87722a00ebf585cd788c67949e7c0b32dca788,custom_cuda,warp-reduction custom CUDA fused scale + mask + softmax; block_size=128,512,4096,512,float32,0.125,25,100,92,121.47200107574463,128,0,Tesla T4,7.5,2.11.0+cu128,12.8,2026-08-23T19:11:22.144409+00:00
ca87722a00ebf585cd788c67949e7c0b32dca788,custom_cuda,warp-reduction custom CUDA fused scale + mask + softmax; block_size=128,512,4096,512,float32,0.125,25,100,93,126.97599828243256,128,0,Tesla T4,7.5,2.11.0+cu128,12.8,2026-08-23T19:11:22.144409+00:00
ca87722a00ebf585cd788c67949e7c0b32dca788,custom_cuda,warp-reduction custom CUDA fused scale + mask + softmax; block_size=128,512,4096,512,float32,0.125,25,100,94,122.91199713945389,128,0,Tesla T4,7.5,2.11.0+cu128,12.8,2026-08-23T19:11:22.144409+00:00
ca87722a00ebf585cd788c67949e7c0b32dca788,custom_cuda,warp-reduction custom CUDA fused scale + mask + softmax; block_size=128,512,4096,512,float32,0.125,25,100,95,124.25599992275238,128,0,Tesla T4,7.5,2.11.0+cu128,12.8,2026-08-23T19:11:22.144409+00:00
ca87722a00ebf585cd788c67949e7c0b32dca788,custom_cuda,warp-reduction custom CUDA fused scale + mask + softmax; block_size=128,512,4096,512,float32,0.125,25,100,96,121.66400253772736,128,0,Tesla T4,7.5,2.11.0+cu128,12.8,2026-08-23T19:11:22.144409+00:00
ca87722a00ebf585cd788c67949e7c0b32dca788,custom_cuda,warp-reduction custom CUDA fused scale + mask + softmax; block_size=128,512,4096,512,float32,0.125,25,100,97,122.8799968957901,128,0,Tesla T4,7.5,2.11.0+cu128,12.8,2026-08-23T19:11:22.144409+00:00
ca87722a00ebf585cd788c67949e7c0b32dca788,custom_cuda,warp-reduction custom CUDA fused scale + mask + softmax; block_size=128,512,4096,512,float32,0.125,25,100,98,124.70400333404541,128,0,Tesla T4,7.5,2.11.0+cu128,12.8,2026-08-23T19:11:22.144409+00:00
ca87722a00ebf585cd788c67949e7c0b32dca788,custom_cuda,warp-reduction custom CUDA fused scale + mask + softmax; block_size=128,512,4096,512,float32,0.125,25,100,99,125.15200674533844,128,0,Tesla T4,7.5,2.11.0+cu128,12.8,2026-08-23T19:11:22.144409+00:00
ca87722a00ebf585cd788c67949e7c0b32dca788,pytorch_eager,PyTorch eager scale + causal mask + softmax,768,6144,768,float32,0.125,25,100,0,773.2800245285034,,0,Tesla T4,7.5,2.11.0+cu128,12.8,2026-08-23T19:11:33.741813+00:00
ca87722a00ebf585cd788c67949e7c0b32dca788,pytorch_eager,PyTorch eager scale + causal mask + softmax,768,6144,768,float32,0.125,25,100,1,736.6080284118652,,0,Tesla T4,7.5,2.11.0+cu128,12.8,2026-08-23T19:11:33.741813+00:00
ca87722a00ebf585cd788c67949e7c0b32dca788,pytorch_eager,PyTorch eager scale + causal mask + softmax,768,6144,768,float32,0.125,25,100,2,733.5039973258972,,0,Tesla T4,7.5,2.11.0+cu128,12.8,2026-08-23T19:11:33.741813+00:00
ca87722a00ebf585cd788c67949e7c0b32dca788,pytorch_eager,PyTorch eager scale + causal mask + softmax,768,6144,768,float32,0.125,25,100,3,735.264003276825,,0,Tesla T4,7.5,2.11.0+cu128,12.8,2026-08-23T19:11:33.741813+00:00
ca87722a00ebf585cd788c67949e7c0b32dca788,pytorch_eager,PyTorch eager scale + causal mask + softmax,768,6144,768,float32,0.125,25,100,4,736.7680072784424,,0,Tesla T4,7.5,2.11.0+cu128,12.8,2026-08-23T19:11:33.741813+00:00
ca87722a00ebf585cd788c67949e7c0b32dca788,pytorch_eager,PyTorch eager scale + causal mask + softmax,768,6144,768,float32,0.125,25,100,5,737.887978553772,,0,Tesla T4,7.5,2.11.0+cu128,12.8,2026-08-23T19:11:33.741813+00:00
ca87722a00ebf585cd788c67949e7c0b32dca788,pytorch_eager,PyTorch eager scale + causal mask + softmax,768,6144,768,float32,0.125,25,100,6,739.7760152816772,,0,Tesla T4,7.5,2.11.0+cu128,12.8,2026-08-23T19:11:33.741813+00:00
ca87722a00ebf585cd788c67949e7c0b32dca788,pytorch_eager,PyTorch eager scale + causal mask + softmax,768,6144,768,float32,0.125,25,100,7,740.5120134353638,,0,Tesla T4,7.5,2.11.0+cu128,12.8,2026-08-23T19:11:33.741813+00:00
ca87722a00ebf585cd788c67949e7c0b32dca788,pytorch_eager,PyTorch eager scale + causal mask + softmax,768,6144,768,float32,0.125,25,100,8,737.3120188713074,,0,Tesla T4,7.5,2.11.0+cu128,12.8,2026-08-23T19:11:33.741813+00:00
ca87722a00ebf585cd788c67949e7c0b32dca788,pytorch_eager,PyTorch eager scale + causal mask + softmax,768,6144,768,float32,0.125,25,100,9,735.6799840927124,,0,Tesla T4,7.5,2.11.0+cu128,12.8,2026-08-23T19:11:33.741813+00:00
ca87722a00ebf585cd788c67949e7c0b32dca788,pytorch_eager,PyTorch eager scale + causal mask + softmax,768,6144,768,float32,0.125,25,100,10,743.4239983558655,,0,Tesla T4,7.5,2.11.0+cu128,12.8,2026-08-23T19:11:33.741813+00:00
ca87722a00ebf585cd788c67949e7c0b32dca788,pytorch_eager,PyTorch eager scale + causal mask + softmax,768,6144,768,float32,0.125,25,100,11,738.1759881973267,,0,Tesla T4,7.5,2.11.0+cu128,12.8,2026-08-23T19:11:33.741813+00:00
ca87722a00ebf585cd788c67949e7c0b32dca788,pytorch_eager,PyTorch eager scale + causal mask + softmax,768,6144,768,float32,0.125,25,100,12,735.264003276825,,0,Tesla T4,7.5,2.11.0+cu128,12.8,2026-08-23T19:11:33.741813+00:00
ca87722a00ebf585cd788c67949e7c0b32dca788,pytorch_eager,PyTorch eager scale + causal mask + softmax,768,6144,768,float32,0.125,25,100,13,736.9599938392639,,0,Tesla T4,7.5,2.11.0+cu128,12.8,2026-08-23T19:11:33.741813+00:00
ca87722a00ebf585cd788c67949e7c0b32dca788,pytorch_eager,PyTorch eager scale + causal mask + softmax,768,6144,768,float32,0.125,25,100,14,737.280011177063,,0,Tesla T4,7.5,2.11.0+cu128,12.8,2026-08-23T19:11:33.741813+00:00
ca87722a00ebf585cd788c67949e7c0b32dca788,pytorch_eager,PyTorch eager scale + causal mask + softmax,768,6144,768,float32,0.125,25,100,15,750.6880164146423,,0,Tesla T4,7.5,2.11.0+cu128,12.8,2026-08-23T19:11:33.741813+00:00
ca87722a00ebf585cd788c67949e7c0b32dca788,pytorch_eager,PyTorch eager scale + causal mask + softmax,768,6144,768,float32,0.125,25,100,16,739.9680018424988,,0,Tesla T4,7.5,2.11.0+cu128,12.8,2026-08-23T19:11:33.741813+00:00
ca87722a00ebf585cd788c67949e7c0b32dca788,pytorch_eager,PyTorch eager scale + causal mask + softmax,768,6144,768,float32,0.125,25,100,17,736.0640168190002,,0,Tesla T4,7.5,2.11.0+cu128,12.8,2026-08-23T19:11:33.741813+00:00
ca87722a00ebf585cd788c67949e7c0b32dca788,pytorch_eager,PyTorch eager scale + causal mask + softmax,768,6144,768,float32,0.125,25,100,18,735.4559898376465,,0,Tesla T4,7.5,2.11.0+cu128,12.8,2026-08-23T19:11:33.741813+00:00
ca87722a00ebf585cd788c67949e7c0b32dca788,pytorch_eager,PyTorch eager scale + causal mask + softmax,768,6144,768,float32,0.125,25,100,19,738.6559844017029,,0,Tesla T4,7.5,2.11.0+cu128,12.8,2026-08-23T19:11:33.741813+00:00
ca87722a00ebf585cd788c67949e7c0b32dca788,pytorch_eager,PyTorch eager scale + causal mask + softmax,768,6144,768,float32,0.125,25,100,20,733.9839935302734,,0,Tesla T4,7.5,2.11.0+cu128,12.8,2026-08-23T19:11:33.741813+00:00
ca87722a00ebf585cd788c67949e7c0b32dca788,pytorch_eager,PyTorch eager scale + causal mask + softmax,768,6144,768,float32,0.125,25,100,21,734.4319820404053,,0,Tesla T4,7.5,2.11.0+cu128,12.8,2026-08-23T19:11:33.741813+00:00
ca87722a00ebf585cd788c67949e7c0b32dca788,pytorch_eager,PyTorch eager scale + causal mask + softmax,768,6144,768,float32,0.125,25,100,22,731.0400009155273,,0,Tesla T4,7.5,2.11.0+cu128,12.8,2026-08-23T19:11:33.741813+00:00
ca87722a00ebf585cd788c67949e7c0b32dca788,pytorch_eager,PyTorch eager scale + causal mask + softmax,768,6144,768,float32,0.125,25,100,23,735.264003276825,,0,Tesla T4,7.5,2.11.0+cu128,12.8,2026-08-23T19:11:33.741813+00:00
ca87722a00ebf585cd788c67949e7c0b32dca788,pytorch_eager,PyTorch eager scale + causal mask + softmax,768,6144,768,float32,0.125,25,100,24,732.7679991722107,,0,Tesla T4,7.5,2.11.0+cu128,12.8,2026-08-23T19:11:33.741813+00:00
ca87722a00ebf585cd788c67949e7c0b32dca788,pytorch_eager,PyTorch eager scale + causal mask + softmax,768,6144,768,float32,0.125,25,100,25,737.7600073814392,,0,Tesla T4,7.5,2.11.0+cu128,12.8,2026-08-23T19:11:33.741813+00:00
ca87722a00ebf585cd788c67949e7c0b32dca788,pytorch_eager,PyTorch eager scale + causal mask + softmax,768,6144,768,float32,0.125,25,100,26,729.2479872703552,,0,Tesla T4,7.5,2.11.0+cu128,12.8,2026-08-23T19:11:33.741813+00:00
ca87722a00ebf585cd788c67949e7c0b32dca788,pytorch_eager,PyTorch eager scale + causal mask + softmax,768,6144,768,float32,0.125,25,100,27,733.7920069694519,,0,Tesla T4,7.5,2.11.0+cu128,12.8,2026-08-23T19:11:33.741813+00:00
ca87722a00ebf585cd788c67949e7c0b32dca788,pytorch_eager,PyTorch eager scale + causal mask + softmax,768,6144,768,float32,0.125,25,100,28,735.1040244102478,,0,Tesla T4,7.5,2.11.0+cu128,12.8,2026-08-23T19:11:33.741813+00:00
ca87722a00ebf585cd788c67949e7c0b32dca788,pytorch_eager,PyTorch eager scale + causal mask + softmax,768,6144,768,float32,0.125,25,100,29,735.2319955825806,,0,Tesla T4,7.5,2.11.0+cu128,12.8,2026-08-23T19:11:33.741813+00:00
ca87722a00ebf585cd788c67949e7c0b32dca788,pytorch_eager,PyTorch eager scale + causal mask + softmax,768,6144,768,float32,0.125,25,100,30,731.1360239982605,,0,Tesla T4,7.5,2.11.0+cu128,12.8,2026-08-23T19:11:33.741813+00:00
ca87722a00ebf585cd788c67949e7c0b32dca788,pytorch_eager,PyTorch eager scale + causal mask + softmax,768,6144,768,float32,0.125,25,100,31,732.5440049171448,,0,Tesla T4,7.5,2.11.0+cu128,12.8,2026-08-23T19:11:33.741813+00:00
ca87722a00ebf585cd788c67949e7c0b32dca788,pytorch_eager,PyTorch eager scale + causal mask + softmax,768,6144,768,float32,0.125,25,100,32,737.0560169219971,,0,Tesla T4,7.5,2.11.0+cu128,12.8,2026-08-23T19:11:33.741813+00:00
ca87722a00ebf585cd788c67949e7c0b32dca788,pytorch_eager,PyTorch eager scale + causal mask + softmax,768,6144,768,float32,0.125,25,100,33,745.3439831733704,,0,Tesla T4,7.5,2.11.0+cu128,12.8,2026-08-23T19:11:33.741813+00:00
ca87722a00ebf585cd788c67949e7c0b32dca788,pytorch_eager,PyTorch eager scale + causal mask + softmax,768,6144,768,float32,0.125,25,100,34,756.6400170326233,,0,Tesla T4,7.5,2.11.0+cu128,12.8,2026-08-23T19:11:33.741813+00:00
ca87722a00ebf585cd788c67949e7c0b32dca788,pytorch_eager,PyTorch eager scale + causal mask + softmax,768,6144,768,float32,0.125,25,100,35,735.264003276825,,0,Tesla T4,7.5,2.11.0+cu128,12.8,2026-08-23T19:11:33.741813+00:00
ca87722a00ebf585cd788c67949e7c0b32dca788,pytorch_eager,PyTorch eager scale + causal mask + softmax,768,6144,768,float32,0.125,25,100,36,734.7519993782043,,0,Tesla T4,7.5,2.11.0+cu128,12.8,2026-08-23T19:11:33.741813+00:00
ca87722a00ebf585cd788c67949e7c0b32dca788,pytorch_eager,PyTorch eager scale + causal mask + softmax,768,6144,768,float32,0.125,25,100,37,737.3120188713074,,0,Tesla T4,7.5,2.11.0+cu128,12.8,2026-08-23T19:11:33.741813+00:00
ca87722a00ebf585cd788c67949e7c0b32dca788,pytorch_eager,PyTorch eager scale + causal mask + softmax,768,6144,768,float32,0.125,25,100,38,741.4079904556274,,0,Tesla T4,7.5,2.11.0+cu128,12.8,2026-08-23T19:11:33.741813+00:00
ca87722a00ebf585cd788c67949e7c0b32dca788,pytorch_eager,PyTorch eager scale + causal mask + softmax,768,6144,768,float32,0.125,25,100,39,733.1200242042542,,0,Tesla T4,7.5,2.11.0+cu128,12.8,2026-08-23T19:11:33.741813+00:00
ca87722a00ebf585cd788c67949e7c0b32dca788,pytorch_eager,PyTorch eager scale + causal mask + softmax,768,6144,768,float32,0.125,25,100,40,735.2319955825806,,0,Tesla T4,7.5,2.11.0+cu128,12.8,2026-08-23T19:11:33.741813+00:00
ca87722a00ebf585cd788c67949e7c0b32dca788,pytorch_eager,PyTorch eager scale + causal mask + softmax,768,6144,768,float32,0.125,25,100,41,734.6559762954712,,0,Tesla T4,7.5,2.11.0+cu128,12.8,2026-08-23T19:11:33.741813+00:00
ca87722a00ebf585cd788c67949e7c0b32dca788,pytorch_eager,PyTorch eager scale + causal mask + softmax,768,6144,768,float32,0.125,25,100,42,732.4479818344116,,0,Tesla T4,7.5,2.11.0+cu128,12.8,2026-08-23T19:11:33.741813+00:00
ca87722a00ebf585cd788c67949e7c0b32dca788,pytorch_eager,PyTorch eager scale + causal mask + softmax,768,6144,768,float32,0.125,25,100,43,731.872022151947,,0,Tesla T4,7.5,2.11.0+cu128,12.8,2026-08-23T19:11:33.741813+00:00
ca87722a00ebf585cd788c67949e7c0b32dca788,pytorch_eager,PyTorch eager scale + causal mask + softmax,768,6144,768,float32,0.125,25,100,44,733.1519722938538,,0,Tesla T4,7.5,2.11.0+cu128,12.8,2026-08-23T19:11:33.741813+00:00
ca87722a00ebf585cd788c67949e7c0b32dca788,pytorch_eager,PyTorch eager scale + causal mask + softmax,768,6144,768,float32,0.125,25,100,45,736.1599802970886,,0,Tesla T4,7.5,2.11.0+cu128,12.8,2026-08-23T19:11:33.741813+00:00
ca87722a00ebf585cd788c67949e7c0b32dca788,pytorch_eager,PyTorch eager scale + causal mask + softmax,768,6144,768,float32,0.125,25,100,46,731.1679720878601,,0,Tesla T4,7.5,2.11.0+cu128,12.8,2026-08-23T19:11:33.741813+00:00
ca87722a00ebf585cd788c67949e7c0b32dca788,pytorch_eager,PyTorch eager scale + causal mask + softmax,768,6144,768,float32,0.125,25,100,47,737.5360131263733,,0,Tesla T4,7.5,2.11.0+cu128,12.8,2026-08-23T19:11:33.741813+00:00
ca87722a00ebf585cd788c67949e7c0b32dca788,pytorch_eager,PyTorch eager scale + causal mask + softmax,768,6144,768,float32,0.125,25,100,48,735.2319955825806,,0,Tesla T4,7.5,2.11.0+cu128,12.8,2026-08-23T19:11:33.741813+00:00
ca87722a00ebf585cd788c67949e7c0b32dca788,pytorch_eager,PyTorch eager scale + causal mask + softmax,768,6144,768,float32,0.125,25,100,49,749.5999932289124,,0,Tesla T4,7.5,2.11.0+cu128,12.8,2026-08-23T19:11:33.741813+00:00
ca87722a00ebf585cd788c67949e7c0b32dca788,pytorch_eager,PyTorch eager scale + causal mask + softmax,768,6144,768,float32,0.125,25,100,50,745.4079985618591,,0,Tesla T4,7.5,2.11.0+cu128,12.8,2026-08-23T19:11:33.741813+00:00
ca87722a00ebf585cd788c67949e7c0b32dca788,pytorch_eager,PyTorch eager scale + causal mask + softmax,768,6144,768,float32,0.125,25,100,51,734.9439859390259,,0,Tesla T4,7.5,2.11.0+cu128,12.8,2026-08-23T19:11:33.741813+00:00
ca87722a00ebf585cd788c67949e7c0b32dca788,pytorch_eager,PyTorch eager scale + causal mask + softmax,768,6144,768,float32,0.125,25,100,52,733.2159876823425,,0,Tesla T4,7.5,2.11.0+cu128,12.8,2026-08-23T19:11:33.741813+00:00
ca87722a00ebf585cd788c67949e7c0b32dca788,pytorch_eager,PyTorch eager scale + causal mask + softmax,768,6144,768,float32,0.125,25,100,53,734.8160147666931,,0,Tesla T4,7.5,2.11.0+cu128,12.8,2026-08-23T19:11:33.741813+00:00
ca87722a00ebf585cd788c67949e7c0b32dca788,pytorch_eager,PyTorch eager scale + causal mask + softmax,768,6144,768,float32,0.125,25,100,54,749.0559816360474,,0,Tesla T4,7.5,2.11.0+cu128,12.8,2026-08-23T19:11:33.741813+00:00
ca87722a00ebf585cd788c67949e7c0b32dca788,pytorch_eager,PyTorch eager scale + causal mask + softmax,768,6144,768,float32,0.125,25,100,55,733.4719896316528,,0,Tesla T4,7.5,2.11.0+cu128,12.8,2026-08-23T19:11:33.741813+00:00
ca87722a00ebf585cd788c67949e7c0b32dca788,pytorch_eager,PyTorch eager scale + causal mask + softmax,768,6144,768,float32,0.125,25,100,56,743.5839772224426,,0,Tesla T4,7.5,2.11.0+cu128,12.8,2026-08-23T19:11:33.741813+00:00
ca87722a00ebf585cd788c67949e7c0b32dca788,pytorch_eager,PyTorch eager scale + causal mask + softmax,768,6144,768,float32,0.125,25,100,57,754.751980304718,,0,Tesla T4,7.5,2.11.0+cu128,12.8,2026-08-23T19:11:33.741813+00:00
ca87722a00ebf585cd788c67949e7c0b32dca788,pytorch_eager,PyTorch eager scale + causal mask + softmax,768,6144,768,float32,0.125,25,100,58,741.375982761383,,0,Tesla T4,7.5,2.11.0+cu128,12.8,2026-08-23T19:11:33.741813+00:00
ca87722a00ebf585cd788c67949e7c0b32dca788,pytorch_eager,PyTorch eager scale + causal mask + softmax,768,6144,768,float32,0.125,25,100,59,742.2720193862915,,0,Tesla T4,7.5,2.11.0+cu128,12.8,2026-08-23T19:11:33.741813+00:00
ca87722a00ebf585cd788c67949e7c0b32dca788,pytorch_eager,PyTorch eager scale + causal mask + softmax,768,6144,768,float32,0.125,25,100,60,729.5680046081543,,0,Tesla T4,7.5,2.11.0+cu128,12.8,2026-08-23T19:11:33.741813+00:00
ca87722a00ebf585cd788c67949e7c0b32dca788,pytorch_eager,PyTorch eager scale + causal mask + softmax,768,6144,768,float32,0.125,25,100,61,736.735999584198,,0,Tesla T4,7.5,2.11.0+cu128,12.8,2026-08-23T19:11:33.741813+00:00
ca87722a00ebf585cd788c67949e7c0b32dca788,pytorch_eager,PyTorch eager scale + causal mask + softmax,768,6144,768,float32,0.125,25,100,62,732.479989528656,,0,Tesla T4,7.5,2.11.0+cu128,12.8,2026-08-23T19:11:33.741813+00:00
ca87722a00ebf585cd788c67949e7c0b32dca788,pytorch_eager,PyTorch eager scale + causal mask + softmax,768,6144,768,float32,0.125,25,100,63,732.0320010185242,,0,Tesla T4,7.5,2.11.0+cu128,12.8,2026-08-23T19:11:33.741813+00:00
ca87722a00ebf585cd788c67949e7c0b32dca788,pytorch_eager,PyTorch eager scale + causal mask + softmax,768,6144,768,float32,0.125,25,100,64,731.007993221283,,0,Tesla T4,7.5,2.11.0+cu128,12.8,2026-08-23T19:11:33.741813+00:00
ca87722a00ebf585cd788c67949e7c0b32dca788,pytorch_eager,PyTorch eager scale + causal mask + softmax,768,6144,768,float32,0.125,25,100,65,734.7519993782043,,0,Tesla T4,7.5,2.11.0+cu128,12.8,2026-08-23T19:11:33.741813+00:00
ca87722a00ebf585cd788c67949e7c0b32dca788,pytorch_eager,PyTorch eager scale + causal mask + softmax,768,6144,768,float32,0.125,25,100,66,733.5360050201416,,0,Tesla T4,7.5,2.11.0+cu128,12.8,2026-08-23T19:11:33.741813+00:00
ca87722a00ebf585cd788c67949e7c0b32dca788,pytorch_eager,PyTorch eager scale + causal mask + softmax,768,6144,768,float32,0.125,25,100,67,739.3280267715454,,0,Tesla T4,7.5,2.11.0+cu128,12.8,2026-08-23T19:11:33.741813+00:00
ca87722a00ebf585cd788c67949e7c0b32dca788,pytorch_eager,PyTorch eager scale + causal mask + softmax,768,6144,768,float32,0.125,25,100,68,731.2319874763489,,0,Tesla T4,7.5,2.11.0+cu128,12.8,2026-08-23T19:11:33.741813+00:00
ca87722a00ebf585cd788c67949e7c0b32dca788,pytorch_eager,PyTorch eager scale + causal mask + softmax,768,6144,768,float32,0.125,25,100,69,735.8400225639343,,0,Tesla T4,7.5,2.11.0+cu128,12.8,2026-08-23T19:11:33.741813+00:00
ca87722a00ebf585cd788c67949e7c0b32dca788,pytorch_eager,PyTorch eager scale + causal mask + softmax,768,6144,768,float32,0.125,25,100,70,747.8399872779846,,0,Tesla T4,7.5,2.11.0+cu128,12.8,2026-08-23T19:11:33.741813+00:00
ca87722a00ebf585cd788c67949e7c0b32dca788,pytorch_eager,PyTorch eager scale + causal mask + softmax,768,6144,768,float32,0.125,25,100,71,740.0320172309875,,0,Tesla T4,7.5,2.11.0+cu128,12.8,2026-08-23T19:11:33.741813+00:00
ca87722a00ebf585cd788c67949e7c0b32dca788,pytorch_eager,PyTorch eager scale + causal mask + softmax,768,6144,768,float32,0.125,25,100,72,747.5519776344299,,0,Tesla T4,7.5,2.11.0+cu128,12.8,2026-08-23T19:11:33.741813+00:00
ca87722a00ebf585cd788c67949e7c0b32dca788,pytorch_eager,PyTorch eager scale + causal mask + softmax,768,6144,768,float32,0.125,25,100,73,731.1360239982605,,0,Tesla T4,7.5,2.11.0+cu128,12.8,2026-08-23T19:11:33.741813+00:00
ca87722a00ebf585cd788c67949e7c0b32dca788,pytorch_eager,PyTorch eager scale + causal mask + softmax,768,6144,768,float32,0.125,25,100,74,734.5280051231384,,0,Tesla T4,7.5,2.11.0+cu128,12.8,2026-08-23T19:11:33.741813+00:00
ca87722a00ebf585cd788c67949e7c0b32dca788,pytorch_eager,PyTorch eager scale + causal mask + softmax,768,6144,768,float32,0.125,25,100,75,733.6959838867188,,0,Tesla T4,7.5,2.11.0+cu128,12.8,2026-08-23T19:11:33.741813+00:00
ca87722a00ebf585cd788c67949e7c0b32dca788,pytorch_eager,PyTorch eager scale + causal mask + softmax,768,6144,768,float32,0.125,25,100,76,736.3520264625549,,0,Tesla T4,7.5,2.11.0+cu128,12.8,2026-08-23T19:11:33.741813+00:00
ca87722a00ebf585cd788c67949e7c0b32dca788,pytorch_eager,PyTorch eager scale + causal mask + softmax,768,6144,768,float32,0.125,25,100,77,733.5039973258972,,0,Tesla T4,7.5,2.11.0+cu128,12.8,2026-08-23T19:11:33.741813+00:00
ca87722a00ebf585cd788c67949e7c0b32dca788,pytorch_eager,PyTorch eager scale + causal mask + softmax,768,6144,768,float32,0.125,25,100,78,734.2079877853394,,0,Tesla T4,7.5,2.11.0+cu128,12.8,2026-08-23T19:11:33.741813+00:00
ca87722a00ebf585cd788c67949e7c0b32dca788,pytorch_eager,PyTorch eager scale + causal mask + softmax,768,6144,768,float32,0.125,25,100,79,731.1360239982605,,0,Tesla T4,7.5,2.11.0+cu128,12.8,2026-08-23T19:11:33.741813+00:00
ca87722a00ebf585cd788c67949e7c0b32dca788,pytorch_eager,PyTorch eager scale + causal mask + softmax,768,6144,768,float32,0.125,25,100,80,739.359974861145,,0,Tesla T4,7.5,2.11.0+cu128,12.8,2026-08-23T19:11:33.741813+00:00
ca87722a00ebf585cd788c67949e7c0b32dca788,pytorch_eager,PyTorch eager scale + causal mask + softmax,768,6144,768,float32,0.125,25,100,81,733.1839799880981,,0,Tesla T4,7.5,2.11.0+cu128,12.8,2026-08-23T19:11:33.741813+00:00
ca87722a00ebf585cd788c67949e7c0b32dca788,pytorch_eager,PyTorch eager scale + causal mask + softmax,768,6144,768,float32,0.125,25,100,82,733.5039973258972,,0,Tesla T4,7.5,2.11.0+cu128,12.8,2026-08-23T19:11:33.741813+00:00
ca87722a00ebf585cd788c67949e7c0b32dca788,pytorch_eager,PyTorch eager scale + causal mask + softmax,768,6144,768,float32,0.125,25,100,83,733.2159876823425,,0,Tesla T4,7.5,2.11.0+cu128,12.8,2026-08-23T19:11:33.741813+00:00
ca87722a00ebf585cd788c67949e7c0b32dca788,pytorch_eager,PyTorch eager scale + causal mask + softmax,768,6144,768,float32,0.125,25,100,84,730.1759719848633,,0,Tesla T4,7.5,2.11.0+cu128,12.8,2026-08-23T19:11:33.741813+00:00
ca87722a00ebf585cd788c67949e7c0b32dca788,pytorch_eager,PyTorch eager scale + causal mask + softmax,768,6144,768,float32,0.125,25,100,85,737.280011177063,,0,Tesla T4,7.5,2.11.0+cu128,12.8,2026-08-23T19:11:33.741813+00:00
ca87722a00ebf585cd788c67949e7c0b32dca788,pytorch_eager,PyTorch eager scale + causal mask + softmax,768,6144,768,float32,0.125,25,100,86,738.431990146637,,0,Tesla T4,7.5,2.11.0+cu128,12.8,2026-08-23T19:11:33.741813+00:00
ca87722a00ebf585cd788c67949e7c0b32dca788,pytorch_eager,PyTorch eager scale + causal mask + softmax,768,6144,768,float32,0.125,25,100,87,737.280011177063,,0,Tesla T4,7.5,2.11.0+cu128,12.8,2026-08-23T19:11:33.741813+00:00
ca87722a00ebf585cd788c67949e7c0b32dca788,pytorch_eager,PyTorch eager scale + causal mask + softmax,768,6144,768,float32,0.125,25,100,88,733.7279915809631,,0,Tesla T4,7.5,2.11.0+cu128,12.8,2026-08-23T19:11:33.741813+00:00
ca87722a00ebf585cd788c67949e7c0b32dca788,pytorch_eager,PyTorch eager scale + causal mask + softmax,768,6144,768,float32,0.125,25,100,89,745.0879812240601,,0,Tesla T4,7.5,2.11.0+cu128,12.8,2026-08-23T19:11:33.741813+00:00
ca87722a00ebf585cd788c67949e7c0b32dca788,pytorch_eager,PyTorch eager scale + causal mask + softmax,768,6144,768,float32,0.125,25,100,90,745.311975479126,,0,Tesla T4,7.5,2.11.0+cu128,12.8,2026-08-23T19:11:33.741813+00:00
ca87722a00ebf585cd788c67949e7c0b32dca788,pytorch_eager,PyTorch eager scale + causal mask + softmax,768,6144,768,float32,0.125,25,100,91,734.7519993782043,,0,Tesla T4,7.5,2.11.0+cu128,12.8,2026-08-23T19:11:33.741813+00:00
ca87722a00ebf585cd788c67949e7c0b32dca788,pytorch_eager,PyTorch eager scale + causal mask + softmax,768,6144,768,float32,0.125,25,100,92,731.872022151947,,0,Tesla T4,7.5,2.11.0+cu128,12.8,2026-08-23T19:11:33.741813+00:00
ca87722a00ebf585cd788c67949e7c0b32dca788,pytorch_eager,PyTorch eager scale + causal mask + softmax,768,6144,768,float32,0.125,25,100,93,735.0720167160034,,0,Tesla T4,7.5,2.11.0+cu128,12.8,2026-08-23T19:11:33.741813+00:00
ca87722a00ebf585cd788c67949e7c0b32dca788,pytorch_eager,PyTorch eager scale + causal mask + softmax,768,6144,768,float32,0.125,25,100,94,735.4559898376465,,0,Tesla T4,7.5,2.11.0+cu128,12.8,2026-08-23T19:11:33.741813+00:00
ca87722a00ebf585cd788c67949e7c0b32dca788,pytorch_eager,PyTorch eager scale + causal mask + softmax,768,6144,768,float32,0.125,25,100,95,735.264003276825,,0,Tesla T4,7.5,2.11.0+cu128,12.8,2026-08-23T19:11:33.741813+00:00
ca87722a00ebf585cd788c67949e7c0b32dca788,pytorch_eager,PyTorch eager scale + causal mask + softmax,768,6144,768,float32,0.125,25,100,96,730.0159931182861,,0,Tesla T4,7.5,2.11.0+cu128,12.8,2026-08-23T19:11:33.741813+00:00
ca87722a00ebf585cd788c67949e7c0b32dca788,pytorch_eager,PyTorch eager scale + causal mask + softmax,768,6144,768,float32,0.125,25,100,97,731.5199971199036,,0,Tesla T4,7.5,2.11.0+cu128,12.8,2026-08-23T19:11:33.741813+00:00
ca87722a00ebf585cd788c67949e7c0b32dca788,pytorch_eager,PyTorch eager scale + causal mask + softmax,768,6144,768,float32,0.125,25,100,98,738.6239767074585,,0,Tesla T4,7.5,2.11.0+cu128,12.8,2026-08-23T19:11:33.741813+00:00
ca87722a00ebf585cd788c67949e7c0b32dca788,pytorch_eager,PyTorch eager scale + causal mask + softmax,768,6144,768,float32,0.125,25,100,99,737.280011177063,,0,Tesla T4,7.5,2.11.0+cu128,12.8,2026-08-23T19:11:33.741813+00:00
ca87722a00ebf585cd788c67949e7c0b32dca788,torch_compile,torch.compile scale + causal mask + softmax,768,6144,768,float32,0.125,25,100,0,384.0320110321045,,1,Tesla T4,7.5,2.11.0+cu128,12.8,2026-08-23T19:11:33.741813+00:00
ca87722a00ebf585cd788c67949e7c0b32dca788,torch_compile,torch.compile scale + causal mask + softmax,768,6144,768,float32,0.125,25,100,1,339.136004447937,,1,Tesla T4,7.5,2.11.0+cu128,12.8,2026-08-23T19:11:33.741813+00:00
ca87722a00ebf585cd788c67949e7c0b32dca788,torch_compile,torch.compile scale + causal mask + softmax,768,6144,768,float32,0.125,25,100,2,350.23999214172363,,1,Tesla T4,7.5,2.11.0+cu128,12.8,2026-08-23T19:11:33.741813+00:00
ca87722a00ebf585cd788c67949e7c0b32dca788,torch_compile,torch.compile scale + causal mask + softmax,768,6144,768,float32,0.125,25,100,3,332.3200047016144,,1,Tesla T4,7.5,2.11.0+cu128,12.8,2026-08-23T19:11:33.741813+00:00
ca87722a00ebf585cd788c67949e7c0b32dca788,torch_compile,torch.compile scale + causal mask + softmax,768,6144,768,float32,0.125,25,100,4,356.03201389312744,,1,Tesla T4,7.5,2.11.0+cu128,12.8,2026-08-23T19:11:33.741813+00:00
ca87722a00ebf585cd788c67949e7c0b32dca788,torch_compile,torch.compile scale + causal mask + softmax,768,6144,768,float32,0.125,25,100,5,338.52800726890564,,1,Tesla T4,7.5,2.11.0+cu128,12.8,2026-08-23T19:11:33.741813+00:00
ca87722a00ebf585cd788c67949e7c0b32dca788,torch_compile,torch.compile scale + causal mask + softmax,768,6144,768,float32,0.125,25,100,6,338.17601203918457,,1,Tesla T4,7.5,2.11.0+cu128,12.8,2026-08-23T19:11:33.741813+00:00
ca87722a00ebf585cd788c67949e7c0b32dca788,torch_compile,torch.compile scale + causal mask + softmax,768,6144,768,float32,0.125,25,100,7,347.4240005016327,,1,Tesla T4,7.5,2.11.0+cu128,12.8,2026-08-23T19:11:33.741813+00:00
ca87722a00ebf585cd788c67949e7c0b32dca788,torch_compile,torch.compile scale + causal mask + softmax,768,6144,768,float32,0.125,25,100,8,365.119993686676,,1,Tesla T4,7.5,2.11.0+cu128,12.8,2026-08-23T19:11:33.741813+00:00
ca87722a00ebf585cd788c67949e7c0b32dca788,torch_compile,torch.compile scale + causal mask + softmax,768,6144,768,float32,0.125,25,100,9,374.5279908180237,,1,Tesla T4,7.5,2.11.0+cu128,12.8,2026-08-23T19:11:33.741813+00:00
ca87722a00ebf585cd788c67949e7c0b32dca788,torch_compile,torch.compile scale + causal mask + softmax,768,6144,768,float32,0.125,25,100,10,359.96800661087036,,1,Tesla T4,7.5,2.11.0+cu128,12.8,2026-08-23T19:11:33.741813+00:00
ca87722a00ebf585cd788c67949e7c0b32dca788,torch_compile,torch.compile scale + causal mask + softmax,768,6144,768,float32,0.125,25,100,11,365.05600810050964,,1,Tesla T4,7.5,2.11.0+cu128,12.8,2026-08-23T19:11:33.741813+00:00
ca87722a00ebf585cd788c67949e7c0b32dca788,torch_compile,torch.compile scale + causal mask + softmax,768,6144,768,float32,0.125,25,100,12,370.9760010242462,,1,Tesla T4,7.5,2.11.0+cu128,12.8,2026-08-23T19:11:33.741813+00:00
ca87722a00ebf585cd788c67949e7c0b32dca788,torch_compile,torch.compile scale + causal mask + softmax,768,6144,768,float32,0.125,25,100,13,350.14399886131287,,1,Tesla T4,7.5,2.11.0+cu128,12.8,2026-08-23T19:11:33.741813+00:00
ca87722a00ebf585cd788c67949e7c0b32dca788,torch_compile,torch.compile scale + causal mask + softmax,768,6144,768,float32,0.125,25,100,14,388.2879912853241,,1,Tesla T4,7.5,2.11.0+cu128,12.8,2026-08-23T19:11:33.741813+00:00
ca87722a00ebf585cd788c67949e7c0b32dca788,torch_compile,torch.compile scale + causal mask + softmax,768,6144,768,float32,0.125,25,100,15,334.20801162719727,,1,Tesla T4,7.5,2.11.0+cu128,12.8,2026-08-23T19:11:33.741813+00:00
ca87722a00ebf585cd788c67949e7c0b32dca788,torch_compile,torch.compile scale + causal mask + softmax,768,6144,768,float32,0.125,25,100,16,333.75999331474304,,1,Tesla T4,7.5,2.11.0+cu128,12.8,2026-08-23T19:11:33.741813+00:00
ca87722a00ebf585cd788c67949e7c0b32dca788,torch_compile,torch.compile scale + causal mask + softmax,768,6144,768,float32,0.125,25,100,17,347.9039967060089,,1,Tesla T4,7.5,2.11.0+cu128,12.8,2026-08-23T19:11:33.741813+00:00
ca87722a00ebf585cd788c67949e7c0b32dca788,torch_compile,torch.compile scale + causal mask + softmax,768,6144,768,float32,0.125,25,100,18,343.9359962940216,,1,Tesla T4,7.5,2.11.0+cu128,12.8,2026-08-23T19:11:33.741813+00:00
ca87722a00ebf585cd788c67949e7c0b32dca788,torch_compile,torch.compile scale + causal mask + softmax,768,6144,768,float32,0.125,25,100,19,362.7839982509613,,1,Tesla T4,7.5,2.11.0+cu128,12.8,2026-08-23T19:11:33.741813+00:00
ca87722a00ebf585cd788c67949e7c0b32dca788,torch_compile,torch.compile scale + causal mask + softmax,768,6144,768,float32,0.125,25,100,20,342.4000144004822,,1,Tesla T4,7.5,2.11.0+cu128,12.8,2026-08-23T19:11:33.741813+00:00
ca87722a00ebf585cd788c67949e7c0b32dca788,torch_compile,torch.compile scale + causal mask + softmax,768,6144,768,float32,0.125,25,100,21,333.44000577926636,,1,Tesla T4,7.5,2.11.0+cu128,12.8,2026-08-23T19:11:33.741813+00:00
ca87722a00ebf585cd788c67949e7c0b32dca788,torch_compile,torch.compile scale + causal mask + softmax,768,6144,768,float32,0.125,25,100,22,348.35198521614075,,1,Tesla T4,7.5,2.11.0+cu128,12.8,2026-08-23T19:11:33.741813+00:00
ca87722a00ebf585cd788c67949e7c0b32dca788,torch_compile,torch.compile scale + causal mask + softmax,768,6144,768,float32,0.125,25,100,23,333.5359990596771,,1,Tesla T4,7.5,2.11.0+cu128,12.8,2026-08-23T19:11:33.741813+00:00
ca87722a00ebf585cd788c67949e7c0b32dca788,torch_compile,torch.compile scale + causal mask + softmax,768,6144,768,float32,0.125,25,100,24,360.7040047645569,,1,Tesla T4,7.5,2.11.0+cu128,12.8,2026-08-23T19:11:33.741813+00:00
ca87722a00ebf585cd788c67949e7c0b32dca788,torch_compile,torch.compile scale + causal mask + softmax,768,6144,768,float32,0.125,25,100,25,337.119996547699,,1,Tesla T4,7.5,2.11.0+cu128,12.8,2026-08-23T19:11:33.741813+00:00
ca87722a00ebf585cd788c67949e7c0b32dca788,torch_compile,torch.compile scale + causal mask + softmax,768,6144,768,float32,0.125,25,100,26,325.6640136241913,,1,Tesla T4,7.5,2.11.0+cu128,12.8,2026-08-23T19:11:33.741813+00:00
ca87722a00ebf585cd788c67949e7c0b32dca788,torch_compile,torch.compile scale + causal mask + softmax,768,6144,768,float32,0.125,25,100,27,386.4000141620636,,1,Tesla T4,7.5,2.11.0+cu128,12.8,2026-08-23T19:11:33.741813+00:00
ca87722a00ebf585cd788c67949e7c0b32dca788,torch_compile,torch.compile scale + causal mask + softmax,768,6144,768,float32,0.125,25,100,28,348.1599986553192,,1,Tesla T4,7.5,2.11.0+cu128,12.8,2026-08-23T19:11:33.741813+00:00
ca87722a00ebf585cd788c67949e7c0b32dca788,torch_compile,torch.compile scale + causal mask + softmax,768,6144,768,float32,0.125,25,100,29,381.5999925136566,,1,Tesla T4,7.5,2.11.0+cu128,12.8,2026-08-23T19:11:33.741813+00:00
ca87722a00ebf585cd788c67949e7c0b32dca788,torch_compile,torch.compile scale + causal mask + softmax,768,6144,768,float32,0.125,25,100,30,356.28798604011536,,1,Tesla T4,7.5,2.11.0+cu128,12.8,2026-08-23T19:11:33.741813+00:00
ca87722a00ebf585cd788c67949e7c0b32dca788,torch_compile,torch.compile scale + causal mask + softmax,768,6144,768,float32,0.125,25,100,31,343.423992395401,,1,Tesla T4,7.5,2.11.0+cu128,12.8,2026-08-23T19:11:33.741813+00:00
ca87722a00ebf585cd788c67949e7c0b32dca788,torch_compile,torch.compile scale + causal mask + softmax,768,6144,768,float32,0.125,25,100,32,337.8559947013855,,1,Tesla T4,7.5,2.11.0+cu128,12.8,2026-08-23T19:11:33.741813+00:00
ca87722a00ebf585cd788c67949e7c0b32dca788,torch_compile,torch.compile scale + causal mask + softmax,768,6144,768,float32,0.125,25,100,33,337.0560109615326,,1,Tesla T4,7.5,2.11.0+cu128,12.8,2026-08-23T19:11:33.741813+00:00
ca87722a00ebf585cd788c67949e7c0b32dca788,torch_compile,torch.compile scale + causal mask + softmax,768,6144,768,float32,0.125,25,100,34,374.783992767334,,1,Tesla T4,7.5,2.11.0+cu128,12.8,2026-08-23T19:11:33.741813+00:00
ca87722a00ebf585cd788c67949e7c0b32dca788,torch_compile,torch.compile scale + causal mask + softmax,768,6144,768,float32,0.125,25,100,35,359.23200845718384,,1,Tesla T4,7.5,2.11.0+cu128,12.8,2026-08-23T19:11:33.741813+00:00
ca87722a00ebf585cd788c67949e7c0b32dca788,torch_compile,torch.compile scale + causal mask + softmax,768,6144,768,float32,0.125,25,100,36,358.0799996852875,,1,Tesla T4,7.5,2.11.0+cu128,12.8,2026-08-23T19:11:33.741813+00:00
ca87722a00ebf585cd788c67949e7c0b32dca788,torch_compile,torch.compile scale + causal mask + softmax,768,6144,768,float32,0.125,25,100,37,341.15201234817505,,1,Tesla T4,7.5,2.11.0+cu128,12.8,2026-08-23T19:11:33.741813+00:00
ca87722a00ebf585cd788c67949e7c0b32dca788,torch_compile,torch.compile scale + causal mask + softmax,768,6144,768,float32,0.125,25,100,38,335.87199449539185,,1,Tesla T4,7.5,2.11.0+cu128,12.8,2026-08-23T19:11:33.741813+00:00
ca87722a00ebf585cd788c67949e7c0b32dca788,torch_compile,torch.compile scale + causal mask + softmax,768,6144,768,float32,0.125,25,100,39,336.1920118331909,,1,Tesla T4,7.5,2.11.0+cu128,12.8,2026-08-23T19:11:33.741813+00:00
ca87722a00ebf585cd788c67949e7c0b32dca788,torch_compile,torch.compile scale + causal mask + softmax,768,6144,768,float32,0.125,25,100,40,350.0480055809021,,1,Tesla T4,7.5,2.11.0+cu128,12.8,2026-08-23T19:11:33.741813+00:00
ca87722a00ebf585cd788c67949e7c0b32dca788,torch_compile,torch.compile scale + causal mask + softmax,768,6144,768,float32,0.125,25,100,41,337.95198798179626,,1,Tesla T4,7.5,2.11.0+cu128,12.8,2026-08-23T19:11:33.741813+00:00
ca87722a00ebf585cd788c67949e7c0b32dca788,torch_compile,torch.compile scale + causal mask + softmax,768,6144,768,float32,0.125,25,100,42,362.527996301651,,1,Tesla T4,7.5,2.11.0+cu128,12.8,2026-08-23T19:11:33.741813+00:00
ca87722a00ebf585cd788c67949e7c0b32dca788,torch_compile,torch.compile scale + causal mask + softmax,768,6144,768,float32,0.125,25,100,43,337.92001008987427,,1,Tesla T4,7.5,2.11.0+cu128,12.8,2026-08-23T19:11:33.741813+00:00
ca87722a00ebf585cd788c67949e7c0b32dca788,torch_compile,torch.compile scale + causal mask + softmax,768,6144,768,float32,0.125,25,100,44,335.55200695991516,,1,Tesla T4,7.5,2.11.0+cu128,12.8,2026-08-23T19:11:33.741813+00:00
ca87722a00ebf585cd788c67949e7c0b32dca788,torch_compile,torch.compile scale + causal mask + softmax,768,6144,768,float32,0.125,25,100,45,358.39998722076416,,1,Tesla T4,7.5,2.11.0+cu128,12.8,2026-08-23T19:11:33.741813+00:00
ca87722a00ebf585cd788c67949e7c0b32dca788,torch_compile,torch.compile scale + causal mask + softmax,768,6144,768,float32,0.125,25,100,46,342.0160114765167,,1,Tesla T4,7.5,2.11.0+cu128,12.8,2026-08-23T19:11:33.741813+00:00
ca87722a00ebf585cd788c67949e7c0b32dca788,torch_compile,torch.compile scale + causal mask + softmax,768,6144,768,float32,0.125,25,100,47,358.4960103034973,,1,Tesla T4,7.5,2.11.0+cu128,12.8,2026-08-23T19:11:33.741813+00:00
ca87722a00ebf585cd788c67949e7c0b32dca788,torch_compile,torch.compile scale + causal mask + softmax,768,6144,768,float32,0.125,25,100,48,352.2239923477173,,1,Tesla T4,7.5,2.11.0+cu128,12.8,2026-08-23T19:11:33.741813+00:00
ca87722a00ebf585cd788c67949e7c0b32dca788,torch_compile,torch.compile scale + causal mask + softmax,768,6144,768,float32,0.125,25,100,49,346.94400429725647,,1,Tesla T4,7.5,2.11.0+cu128,12.8,2026-08-23T19:11:33.741813+00:00
ca87722a00ebf585cd788c67949e7c0b32dca788,torch_compile,torch.compile scale + causal mask + softmax,768,6144,768,float32,0.125,25,100,50,360.4480028152466,,1,Tesla T4,7.5,2.11.0+cu128,12.8,2026-08-23T19:11:33.741813+00:00
ca87722a00ebf585cd788c67949e7c0b32dca788,torch_compile,torch.compile scale + causal mask + softmax,768,6144,768,float32,0.125,25,100,51,342.52798557281494,,1,Tesla T4,7.5,2.11.0+cu128,12.8,2026-08-23T19:11:33.741813+00:00
ca87722a00ebf585cd788c67949e7c0b32dca788,torch_compile,torch.compile scale + causal mask + softmax,768,6144,768,float32,0.125,25,100,52,369.79201436042786,,1,Tesla T4,7.5,2.11.0+cu128,12.8,2026-08-23T19:11:33.741813+00:00
ca87722a00ebf585cd788c67949e7c0b32dca788,torch_compile,torch.compile scale + causal mask + softmax,768,6144,768,float32,0.125,25,100,53,341.21599793434143,,1,Tesla T4,7.5,2.11.0+cu128,12.8,2026-08-23T19:11:33.741813+00:00
ca87722a00ebf585cd788c67949e7c0b32dca788,torch_compile,torch.compile scale + causal mask + softmax,768,6144,768,float32,0.125,25,100,54,340.0000035762787,,1,Tesla T4,7.5,2.11.0+cu128,12.8,2026-08-23T19:11:33.741813+00:00
ca87722a00ebf585cd788c67949e7c0b32dca788,torch_compile,torch.compile scale + causal mask + softmax,768,6144,768,float32,0.125,25,100,55,341.43999218940735,,1,Tesla T4,7.5,2.11.0+cu128,12.8,2026-08-23T19:11:33.741813+00:00
ca87722a00ebf585cd788c67949e7c0b32dca788,torch_compile,torch.compile scale + causal mask + softmax,768,6144,768,float32,0.125,25,100,56,325.6320059299469,,1,Tesla T4,7.5,2.11.0+cu128,12.8,2026-08-23T19:11:33.741813+00:00
ca87722a00ebf585cd788c67949e7c0b32dca788,torch_compile,torch.compile scale + causal mask + softmax,768,6144,768,float32,0.125,25,100,57,342.3680067062378,,1,Tesla T4,7.5,2.11.0+cu128,12.8,2026-08-23T19:11:33.741813+00:00
ca87722a00ebf585cd788c67949e7c0b32dca788,torch_compile,torch.compile scale + causal mask + softmax,768,6144,768,float32,0.125,25,100,58,345.8879888057709,,1,Tesla T4,7.5,2.11.0+cu128,12.8,2026-08-23T19:11:33.741813+00:00
ca87722a00ebf585cd788c67949e7c0b32dca788,torch_compile,torch.compile scale + causal mask + softmax,768,6144,768,float32,0.125,25,100,59,368.6720132827759,,1,Tesla T4,7.5,2.11.0+cu128,12.8,2026-08-23T19:11:33.741813+00:00
ca87722a00ebf585cd788c67949e7c0b32dca788,torch_compile,torch.compile scale + causal mask + softmax,768,6144,768,float32,0.125,25,100,60,369.376003742218,,1,Tesla T4,7.5,2.11.0+cu128,12.8,2026-08-23T19:11:33.741813+00:00
ca87722a00ebf585cd788c67949e7c0b32dca788,torch_compile,torch.compile scale + causal mask + softmax,768,6144,768,float32,0.125,25,100,61,352.6400029659271,,1,Tesla T4,7.5,2.11.0+cu128,12.8,2026-08-23T19:11:33.741813+00:00
ca87722a00ebf585cd788c67949e7c0b32dca788,torch_compile,torch.compile scale + causal mask + softmax,768,6144,768,float32,0.125,25,100,62,399.3920087814331,,1,Tesla T4,7.5,2.11.0+cu128,12.8,2026-08-23T19:11:33.741813+00:00
ca87722a00ebf585cd788c67949e7c0b32dca788,torch_compile,torch.compile scale + causal mask + softmax,768,6144,768,float32,0.125,25,100,63,369.951993227005,,1,Tesla T4,7.5,2.11.0+cu128,12.8,2026-08-23T19:11:33.741813+00:00
ca87722a00ebf585cd788c67949e7c0b32dca788,torch_compile,torch.compile scale + causal mask + softmax,768,6144,768,float32,0.125,25,100,64,345.66399455070496,,1,Tesla T4,7.5,2.11.0+cu128,12.8,2026-08-23T19:11:33.741813+00:00
ca87722a00ebf585cd788c67949e7c0b32dca788,torch_compile,torch.compile scale + causal mask + softmax,768,6144,768,float32,0.125,25,100,65,372.8640079498291,,1,Tesla T4,7.5,2.11.0+cu128,12.8,2026-08-23T19:11:33.741813+00:00
ca87722a00ebf585cd788c67949e7c0b32dca788,torch_compile,torch.compile scale + causal mask + softmax,768,6144,768,float32,0.125,25,100,66,341.43999218940735,,1,Tesla T4,7.5,2.11.0+cu128,12.8,2026-08-23T19:11:33.741813+00:00
ca87722a00ebf585cd788c67949e7c0b32dca788,torch_compile,torch.compile scale + causal mask + softmax,768,6144,768,float32,0.125,25,100,67,368.6720132827759,,1,Tesla T4,7.5,2.11.0+cu128,12.8,2026-08-23T19:11:33.741813+00:00
ca87722a00ebf585cd788c67949e7c0b32dca788,torch_compile,torch.compile scale + causal mask + softmax,768,6144,768,float32,0.125,25,100,68,341.5359854698181,,1,Tesla T4,7.5,2.11.0+cu128,12.8,2026-08-23T19:11:33.741813+00:00
ca87722a00ebf585cd788c67949e7c0b32dca788,torch_compile,torch.compile scale + causal mask + softmax,768,6144,768,float32,0.125,25,100,69,337.8559947013855,,1,Tesla T4,7.5,2.11.0+cu128,12.8,2026-08-23T19:11:33.741813+00:00
ca87722a00ebf585cd788c67949e7c0b32dca788,torch_compile,torch.compile scale + causal mask + softmax,768,6144,768,float32,0.125,25,100,70,337.21598982810974,,1,Tesla T4,7.5,2.11.0+cu128,12.8,2026-08-23T19:11:33.741813+00:00
ca87722a00ebf585cd788c67949e7c0b32dca788,torch_compile,torch.compile scale + causal mask + softmax,768,6144,768,float32,0.125,25,100,71,329.8560082912445,,1,Tesla T4,7.5,2.11.0+cu128,12.8,2026-08-23T19:11:33.741813+00:00
ca87722a00ebf585cd788c67949e7c0b32dca788,torch_compile,torch.compile scale + causal mask + softmax,768,6144,768,float32,0.125,25,100,72,321.1199939250946,,1,Tesla T4,7.5,2.11.0+cu128,12.8,2026-08-23T19:11:33.741813+00:00
ca87722a00ebf585cd788c67949e7c0b32dca788,torch_compile,torch.compile scale + causal mask + softmax,768,6144,768,float32,0.125,25,100,73,329.69599962234497,,1,Tesla T4,7.5,2.11.0+cu128,12.8,2026-08-23T19:11:33.741813+00:00
ca87722a00ebf585cd788c67949e7c0b32dca788,torch_compile,torch.compile scale + causal mask + softmax,768,6144,768,float32,0.125,25,100,74,301.2799918651581,,1,Tesla T4,7.5,2.11.0+cu128,12.8,2026-08-23T19:11:33.741813+00:00
ca87722a00ebf585cd788c67949e7c0b32dca788,torch_compile,torch.compile scale + causal mask + softmax,768,6144,768,float32,0.125,25,100,75,297.4720001220703,,1,Tesla T4,7.5,2.11.0+cu128,12.8,2026-08-23T19:11:33.741813+00:00
ca87722a00ebf585cd788c67949e7c0b32dca788,torch_compile,torch.compile scale + causal mask + softmax,768,6144,768,float32,0.125,25,100,76,313.728004693985,,1,Tesla T4,7.5,2.11.0+cu128,12.8,2026-08-23T19:11:33.741813+00:00
ca87722a00ebf585cd788c67949e7c0b32dca788,torch_compile,torch.compile scale + causal mask + softmax,768,6144,768,float32,0.125,25,100,77,295.55198550224304,,1,Tesla T4,7.5,2.11.0+cu128,12.8,2026-08-23T19:11:33.741813+00:00
ca87722a00ebf585cd788c67949e7c0b32dca788,torch_compile,torch.compile scale + causal mask + softmax,768,6144,768,float32,0.125,25,100,78,290.8160090446472,,1,Tesla T4,7.5,2.11.0+cu128,12.8,2026-08-23T19:11:33.741813+00:00
ca87722a00ebf585cd788c67949e7c0b32dca788,torch_compile,torch.compile scale + causal mask + softmax,768,6144,768,float32,0.125,25,100,79,333.0880105495453,,1,Tesla T4,7.5,2.11.0+cu128,12.8,2026-08-23T19:11:33.741813+00:00
ca87722a00ebf585cd788c67949e7c0b32dca788,torch_compile,torch.compile scale + causal mask + softmax,768,6144,768,float32,0.125,25,100,80,317.6319897174835,,1,Tesla T4,7.5,2.11.0+cu128,12.8,2026-08-23T19:11:33.741813+00:00
ca87722a00ebf585cd788c67949e7c0b32dca788,torch_compile,torch.compile scale + causal mask + softmax,768,6144,768,float32,0.125,25,100,81,326.84800028800964,,1,Tesla T4,7.5,2.11.0+cu128,12.8,2026-08-23T19:11:33.741813+00:00
ca87722a00ebf585cd788c67949e7c0b32dca788,torch_compile,torch.compile scale + causal mask + softmax,768,6144,768,float32,0.125,25,100,82,333.98398756980896,,1,Tesla T4,7.5,2.11.0+cu128,12.8,2026-08-23T19:11:33.741813+00:00
ca87722a00ebf585cd788c67949e7c0b32dca788,torch_compile,torch.compile scale + causal mask + softmax,768,6144,768,float32,0.125,25,100,83,343.9359962940216,,1,Tesla T4,7.5,2.11.0+cu128,12.8,2026-08-23T19:11:33.741813+00:00
ca87722a00ebf585cd788c67949e7c0b32dca788,torch_compile,torch.compile scale + causal mask + softmax,768,6144,768,float32,0.125,25,100,84,349.5360016822815,,1,Tesla T4,7.5,2.11.0+cu128,12.8,2026-08-23T19:11:33.741813+00:00
ca87722a00ebf585cd788c67949e7c0b32dca788,torch_compile,torch.compile scale + causal mask + softmax,768,6144,768,float32,0.125,25,100,85,333.24798941612244,,1,Tesla T4,7.5,2.11.0+cu128,12.8,2026-08-23T19:11:33.741813+00:00
ca87722a00ebf585cd788c67949e7c0b32dca788,torch_compile,torch.compile scale + causal mask + softmax,768,6144,768,float32,0.125,25,100,86,349.8240113258362,,1,Tesla T4,7.5,2.11.0+cu128,12.8,2026-08-23T19:11:33.741813+00:00
ca87722a00ebf585cd788c67949e7c0b32dca788,torch_compile,torch.compile scale + causal mask + softmax,768,6144,768,float32,0.125,25,100,87,360.0960075855255,,1,Tesla T4,7.5,2.11.0+cu128,12.8,2026-08-23T19:11:33.741813+00:00
ca87722a00ebf585cd788c67949e7c0b32dca788,torch_compile,torch.compile scale + causal mask + softmax,768,6144,768,float32,0.125,25,100,88,350.68801045417786,,1,Tesla T4,7.5,2.11.0+cu128,12.8,2026-08-23T19:11:33.741813+00:00
ca87722a00ebf585cd788c67949e7c0b32dca788,torch_compile,torch.compile scale + causal mask + softmax,768,6144,768,float32,0.125,25,100,89,362.08000779151917,,1,Tesla T4,7.5,2.11.0+cu128,12.8,2026-08-23T19:11:33.741813+00:00
ca87722a00ebf585cd788c67949e7c0b32dca788,torch_compile,torch.compile scale + causal mask + softmax,768,6144,768,float32,0.125,25,100,90,878.6240220069885,,1,Tesla T4,7.5,2.11.0+cu128,12.8,2026-08-23T19:11:33.741813+00:00
ca87722a00ebf585cd788c67949e7c0b32dca788,torch_compile,torch.compile scale + causal mask + softmax,768,6144,768,float32,0.125,25,100,91,341.72800183296204,,1,Tesla T4,7.5,2.11.0+cu128,12.8,2026-08-23T19:11:33.741813+00:00
ca87722a00ebf585cd788c67949e7c0b32dca788,torch_compile,torch.compile scale + causal mask + softmax,768,6144,768,float32,0.125,25,100,92,333.15199613571167,,1,Tesla T4,7.5,2.11.0+cu128,12.8,2026-08-23T19:11:33.741813+00:00
ca87722a00ebf585cd788c67949e7c0b32dca788,torch_compile,torch.compile scale + causal mask + softmax,768,6144,768,float32,0.125,25,100,93,357.60000348091125,,1,Tesla T4,7.5,2.11.0+cu128,12.8,2026-08-23T19:11:33.741813+00:00
ca87722a00ebf585cd788c67949e7c0b32dca788,torch_compile,torch.compile scale + causal mask + softmax,768,6144,768,float32,0.125,25,100,94,344.7679877281189,,1,Tesla T4,7.5,2.11.0+cu128,12.8,2026-08-23T19:11:33.741813+00:00
ca87722a00ebf585cd788c67949e7c0b32dca788,torch_compile,torch.compile scale + causal mask + softmax,768,6144,768,float32,0.125,25,100,95,706.6559791564941,,1,Tesla T4,7.5,2.11.0+cu128,12.8,2026-08-23T19:11:33.741813+00:00
ca87722a00ebf585cd788c67949e7c0b32dca788,torch_compile,torch.compile scale + causal mask + softmax,768,6144,768,float32,0.125,25,100,96,339.4240140914917,,1,Tesla T4,7.5,2.11.0+cu128,12.8,2026-08-23T19:11:33.741813+00:00
ca87722a00ebf585cd788c67949e7c0b32dca788,torch_compile,torch.compile scale + causal mask + softmax,768,6144,768,float32,0.125,25,100,97,370.33599615097046,,1,Tesla T4,7.5,2.11.0+cu128,12.8,2026-08-23T19:11:33.741813+00:00
ca87722a00ebf585cd788c67949e7c0b32dca788,torch_compile,torch.compile scale + causal mask + softmax,768,6144,768,float32,0.125,25,100,98,346.1120128631592,,1,Tesla T4,7.5,2.11.0+cu128,12.8,2026-08-23T19:11:33.741813+00:00
ca87722a00ebf585cd788c67949e7c0b32dca788,torch_compile,torch.compile scale + causal mask + softmax,768,6144,768,float32,0.125,25,100,99,337.76000142097473,,1,Tesla T4,7.5,2.11.0+cu128,12.8,2026-08-23T19:11:33.741813+00:00
ca87722a00ebf585cd788c67949e7c0b32dca788,custom_cuda,warp-reduction custom CUDA fused scale + mask + softmax; block_size=128,768,6144,768,float32,0.125,25,100,0,259.3599855899811,128,0,Tesla T4,7.5,2.11.0+cu128,12.8,2026-08-23T19:11:33.741813+00:00
ca87722a00ebf585cd788c67949e7c0b32dca788,custom_cuda,warp-reduction custom CUDA fused scale + mask + softmax; block_size=128,768,6144,768,float32,0.125,25,100,1,249.85599517822266,128,0,Tesla T4,7.5,2.11.0+cu128,12.8,2026-08-23T19:11:33.741813+00:00
ca87722a00ebf585cd788c67949e7c0b32dca788,custom_cuda,warp-reduction custom CUDA fused scale + mask + softmax; block_size=128,768,6144,768,float32,0.125,25,100,2,244.60799992084503,128,0,Tesla T4,7.5,2.11.0+cu128,12.8,2026-08-23T19:11:33.741813+00:00
ca87722a00ebf585cd788c67949e7c0b32dca788,custom_cuda,warp-reduction custom CUDA fused scale + mask + softmax; block_size=128,768,6144,768,float32,0.125,25,100,3,240.51199853420258,128,0,Tesla T4,7.5,2.11.0+cu128,12.8,2026-08-23T19:11:33.741813+00:00
ca87722a00ebf585cd788c67949e7c0b32dca788,custom_cuda,warp-reduction custom CUDA fused scale + mask + softmax; block_size=128,768,6144,768,float32,0.125,25,100,4,264.22399282455444,128,0,Tesla T4,7.5,2.11.0+cu128,12.8,2026-08-23T19:11:33.741813+00:00
ca87722a00ebf585cd788c67949e7c0b32dca788,custom_cuda,warp-reduction custom CUDA fused scale + mask + softmax; block_size=128,768,6144,768,float32,0.125,25,100,5,244.9599951505661,128,0,Tesla T4,7.5,2.11.0+cu128,12.8,2026-08-23T19:11:33.741813+00:00
ca87722a00ebf585cd788c67949e7c0b32dca788,custom_cuda,warp-reduction custom CUDA fused scale + mask + softmax; block_size=128,768,6144,768,float32,0.125,25,100,6,239.42400515079498,128,0,Tesla T4,7.5,2.11.0+cu128,12.8,2026-08-23T19:11:33.741813+00:00
ca87722a00ebf585cd788c67949e7c0b32dca788,custom_cuda,warp-reduction custom CUDA fused scale + mask + softmax; block_size=128,768,6144,768,float32,0.125,25,100,7,242.97599494457245,128,0,Tesla T4,7.5,2.11.0+cu128,12.8,2026-08-23T19:11:33.741813+00:00
ca87722a00ebf585cd788c67949e7c0b32dca788,custom_cuda,warp-reduction custom CUDA fused scale + mask + softmax; block_size=128,768,6144,768,float32,0.125,25,100,8,246.75199389457703,128,0,Tesla T4,7.5,2.11.0+cu128,12.8,2026-08-23T19:11:33.741813+00:00
ca87722a00ebf585cd788c67949e7c0b32dca788,custom_cuda,warp-reduction custom CUDA fused scale + mask + softmax; block_size=128,768,6144,768,float32,0.125,25,100,9,248.1279969215393,128,0,Tesla T4,7.5,2.11.0+cu128,12.8,2026-08-23T19:11:33.741813+00:00
ca87722a00ebf585cd788c67949e7c0b32dca788,custom_cuda,warp-reduction custom CUDA fused scale + mask + softmax; block_size=128,768,6144,768,float32,0.125,25,100,10,244.80000138282776,128,0,Tesla T4,7.5,2.11.0+cu128,12.8,2026-08-23T19:11:33.741813+00:00
ca87722a00ebf585cd788c67949e7c0b32dca788,custom_cuda,warp-reduction custom CUDA fused scale + mask + softmax; block_size=128,768,6144,768,float32,0.125,25,100,11,246.07999622821808,128,0,Tesla T4,7.5,2.11.0+cu128,12.8,2026-08-23T19:11:33.741813+00:00
ca87722a00ebf585cd788c67949e7c0b32dca788,custom_cuda,warp-reduction custom CUDA fused scale + mask + softmax; block_size=128,768,6144,768,float32,0.125,25,100,12,239.6160066127777,128,0,Tesla T4,7.5,2.11.0+cu128,12.8,2026-08-23T19:11:33.741813+00:00
ca87722a00ebf585cd788c67949e7c0b32dca788,custom_cuda,warp-reduction custom CUDA fused scale + mask + softmax; block_size=128,768,6144,768,float32,0.125,25,100,13,246.2719976902008,128,0,Tesla T4,7.5,2.11.0+cu128,12.8,2026-08-23T19:11:33.741813+00:00
ca87722a00ebf585cd788c67949e7c0b32dca788,custom_cuda,warp-reduction custom CUDA fused scale + mask + softmax; block_size=128,768,6144,768,float32,0.125,25,100,14,240.1919960975647,128,0,Tesla T4,7.5,2.11.0+cu128,12.8,2026-08-23T19:11:33.741813+00:00
ca87722a00ebf585cd788c67949e7c0b32dca788,custom_cuda,warp-reduction custom CUDA fused scale + mask + softmax; block_size=128,768,6144,768,float32,0.125,25,100,15,255.8079957962036,128,0,Tesla T4,7.5,2.11.0+cu128,12.8,2026-08-23T19:11:33.741813+00:00
ca87722a00ebf585cd788c67949e7c0b32dca788,custom_cuda,warp-reduction custom CUDA fused scale + mask + softmax; block_size=128,768,6144,768,float32,0.125,25,100,16,241.7919933795929,128,0,Tesla T4,7.5,2.11.0+cu128,12.8,2026-08-23T19:11:33.741813+00:00
ca87722a00ebf585cd788c67949e7c0b32dca788,custom_cuda,warp-reduction custom CUDA fused scale + mask + softmax; block_size=128,768,6144,768,float32,0.125,25,100,17,232.83199965953827,128,0,Tesla T4,7.5,2.11.0+cu128,12.8,2026-08-23T19:11:33.741813+00:00
ca87722a00ebf585cd788c67949e7c0b32dca788,custom_cuda,warp-reduction custom CUDA fused scale + mask + softmax; block_size=128,768,6144,768,float32,0.125,25,100,18,237.56800591945648,128,0,Tesla T4,7.5,2.11.0+cu128,12.8,2026-08-23T19:11:33.741813+00:00
ca87722a00ebf585cd788c67949e7c0b32dca788,custom_cuda,warp-reduction custom CUDA fused scale + mask + softmax; block_size=128,768,6144,768,float32,0.125,25,100,19,242.36799776554108,128,0,Tesla T4,7.5,2.11.0+cu128,12.8,2026-08-23T19:11:33.741813+00:00
ca87722a00ebf585cd788c67949e7c0b32dca788,custom_cuda,warp-reduction custom CUDA fused scale + mask + softmax; block_size=128,768,6144,768,float32,0.125,25,100,20,241.2160038948059,128,0,Tesla T4,7.5,2.11.0+cu128,12.8,2026-08-23T19:11:33.741813+00:00
ca87722a00ebf585cd788c67949e7c0b32dca788,custom_cuda,warp-reduction custom CUDA fused scale + mask + softmax; block_size=128,768,6144,768,float32,0.125,25,100,21,239.58399891853333,128,0,Tesla T4,7.5,2.11.0+cu128,12.8,2026-08-23T19:11:33.741813+00:00
ca87722a00ebf585cd788c67949e7c0b32dca788,custom_cuda,warp-reduction custom CUDA fused scale + mask + softmax; block_size=128,768,6144,768,float32,0.125,25,100,22,247.16800451278687,128,0,Tesla T4,7.5,2.11.0+cu128,12.8,2026-08-23T19:11:33.741813+00:00
ca87722a00ebf585cd788c67949e7c0b32dca788,custom_cuda,warp-reduction custom CUDA fused scale + mask + softmax; block_size=128,768,6144,768,float32,0.125,25,100,23,233.5360050201416,128,0,Tesla T4,7.5,2.11.0+cu128,12.8,2026-08-23T19:11:33.741813+00:00
ca87722a00ebf585cd788c67949e7c0b32dca788,custom_cuda,warp-reduction custom CUDA fused scale + mask + softmax; block_size=128,768,6144,768,float32,0.125,25,100,24,243.0720031261444,128,0,Tesla T4,7.5,2.11.0+cu128,12.8,2026-08-23T19:11:33.741813+00:00
ca87722a00ebf585cd788c67949e7c0b32dca788,custom_cuda,warp-reduction custom CUDA fused scale + mask + softmax; block_size=128,768,6144,768,float32,0.125,25,100,25,243.6159998178482,128,0,Tesla T4,7.5,2.11.0+cu128,12.8,2026-08-23T19:11:33.741813+00:00
ca87722a00ebf585cd788c67949e7c0b32dca788,custom_cuda,warp-reduction custom CUDA fused scale + mask + softmax; block_size=128,768,6144,768,float32,0.125,25,100,26,241.43999814987183,128,0,Tesla T4,7.5,2.11.0+cu128,12.8,2026-08-23T19:11:33.741813+00:00
ca87722a00ebf585cd788c67949e7c0b32dca788,custom_cuda,warp-reduction custom CUDA fused scale + mask + softmax; block_size=128,768,6144,768,float32,0.125,25,100,27,235.71200668811798,128,0,Tesla T4,7.5,2.11.0+cu128,12.8,2026-08-23T19:11:33.741813+00:00
ca87722a00ebf585cd788c67949e7c0b32dca788,custom_cuda,warp-reduction custom CUDA fused scale + mask + softmax; block_size=128,768,6144,768,float32,0.125,25,100,28,243.74400079250336,128,0,Tesla T4,7.5,2.11.0+cu128,12.8,2026-08-23T19:11:33.741813+00:00
ca87722a00ebf585cd788c67949e7c0b32dca788,custom_cuda,warp-reduction custom CUDA fused scale + mask + softmax; block_size=128,768,6144,768,float32,0.125,25,100,29,251.8399953842163,128,0,Tesla T4,7.5,2.11.0+cu128,12.8,2026-08-23T19:11:33.741813+00:00
ca87722a00ebf585cd788c67949e7c0b32dca788,custom_cuda,warp-reduction custom CUDA fused scale + mask + softmax; block_size=128,768,6144,768,float32,0.125,25,100,30,253.9840042591095,128,0,Tesla T4,7.5,2.11.0+cu128,12.8,2026-08-23T19:11:33.741813+00:00
ca87722a00ebf585cd788c67949e7c0b32dca788,custom_cuda,warp-reduction custom CUDA fused scale + mask + softmax; block_size=128,768,6144,768,float32,0.125,25,100,31,247.23200500011444,128,0,Tesla T4,7.5,2.11.0+cu128,12.8,2026-08-23T19:11:33.741813+00:00
ca87722a00ebf585cd788c67949e7c0b32dca788,custom_cuda,warp-reduction custom CUDA fused scale + mask + softmax; block_size=128,768,6144,768,float32,0.125,25,100,32,243.71199309825897,128,0,Tesla T4,7.5,2.11.0+cu128,12.8,2026-08-23T19:11:33.741813+00:00
ca87722a00ebf585cd788c67949e7c0b32dca788,custom_cuda,warp-reduction custom CUDA fused scale + mask + softmax; block_size=128,768,6144,768,float32,0.125,25,100,33,241.7919933795929,128,0,Tesla T4,7.5,2.11.0+cu128,12.8,2026-08-23T19:11:33.741813+00:00
ca87722a00ebf585cd788c67949e7c0b32dca788,custom_cuda,warp-reduction custom CUDA fused scale + mask + softmax; block_size=128,768,6144,768,float32,0.125,25,100,34,233.47200453281403,128,0,Tesla T4,7.5,2.11.0+cu128,12.8,2026-08-23T19:11:33.741813+00:00
ca87722a00ebf585cd788c67949e7c0b32dca788,custom_cuda,warp-reduction custom CUDA fused scale + mask + softmax; block_size=128,768,6144,768,float32,0.125,25,100,35,243.71199309825897,128,0,Tesla T4,7.5,2.11.0+cu128,12.8,2026-08-23T19:11:33.741813+00:00
ca87722a00ebf585cd788c67949e7c0b32dca788,custom_cuda,warp-reduction custom CUDA fused scale + mask + softmax; block_size=128,768,6144,768,float32,0.125,25,100,36,251.90401077270508,128,0,Tesla T4,7.5,2.11.0+cu128,12.8,2026-08-23T19:11:33.741813+00:00
ca87722a00ebf585cd788c67949e7c0b32dca788,custom_cuda,warp-reduction custom CUDA fused scale + mask + softmax; block_size=128,768,6144,768,float32,0.125,25,100,37,244.9920028448105,128,0,Tesla T4,7.5,2.11.0+cu128,12.8,2026-08-23T19:11:33.741813+00:00
ca87722a00ebf585cd788c67949e7c0b32dca788,custom_cuda,warp-reduction custom CUDA fused scale + mask + softmax; block_size=128,768,6144,768,float32,0.125,25,100,38,237.56800591945648,128,0,Tesla T4,7.5,2.11.0+cu128,12.8,2026-08-23T19:11:33.741813+00:00
ca87722a00ebf585cd788c67949e7c0b32dca788,custom_cuda,warp-reduction custom CUDA fused scale + mask + softmax; block_size=128,768,6144,768,float32,0.125,25,100,39,243.71199309825897,128,0,Tesla T4,7.5,2.11.0+cu128,12.8,2026-08-23T19:11:33.741813+00:00
ca87722a00ebf585cd788c67949e7c0b32dca788,custom_cuda,warp-reduction custom CUDA fused scale + mask + softmax; block_size=128,768,6144,768,float32,0.125,25,100,40,243.58400702476501,128,0,Tesla T4,7.5,2.11.0+cu128,12.8,2026-08-23T19:11:33.741813+00:00
ca87722a00ebf585cd788c67949e7c0b32dca788,custom_cuda,warp-reduction custom CUDA fused scale + mask + softmax; block_size=128,768,6144,768,float32,0.125,25,100,41,235.45600473880768,128,0,Tesla T4,7.5,2.11.0+cu128,12.8,2026-08-23T19:11:33.741813+00:00
ca87722a00ebf585cd788c67949e7c0b32dca788,custom_cuda,warp-reduction custom CUDA fused scale + mask + softmax; block_size=128,768,6144,768,float32,0.125,25,100,42,233.47200453281403,128,0,Tesla T4,7.5,2.11.0+cu128,12.8,2026-08-23T19:11:33.741813+00:00
ca87722a00ebf585cd788c67949e7c0b32dca788,custom_cuda,warp-reduction custom CUDA fused scale + mask + softmax; block_size=128,768,6144,768,float32,0.125,25,100,43,253.53598594665527,128,0,Tesla T4,7.5,2.11.0+cu128,12.8,2026-08-23T19:11:33.741813+00:00
ca87722a00ebf585cd788c67949e7c0b32dca788,custom_cuda,warp-reduction custom CUDA fused scale + mask + softmax; block_size=128,768,6144,768,float32,0.125,25,100,44,235.55199801921844,128,0,Tesla T4,7.5,2.11.0+cu128,12.8,2026-08-23T19:11:33.741813+00:00
ca87722a00ebf585cd788c67949e7c0b32dca788,custom_cuda,warp-reduction custom CUDA fused scale + mask + softmax; block_size=128,768,6144,768,float32,0.125,25,100,45,249.9839961528778,128,0,Tesla T4,7.5,2.11.0+cu128,12.8,2026-08-23T19:11:33.741813+00:00
ca87722a00ebf585cd788c67949e7c0b32dca788,custom_cuda,warp-reduction custom CUDA fused scale + mask + softmax; block_size=128,768,6144,768,float32,0.125,25,100,46,245.7599937915802,128,0,Tesla T4,7.5,2.11.0+cu128,12.8,2026-08-23T19:11:33.741813+00:00
ca87722a00ebf585cd788c67949e7c0b32dca788,custom_cuda,warp-reduction custom CUDA fused scale + mask + softmax; block_size=128,768,6144,768,float32,0.125,25,100,47,248.06399643421173,128,0,Tesla T4,7.5,2.11.0+cu128,12.8,2026-08-23T19:11:33.741813+00:00
ca87722a00ebf585cd788c67949e7c0b32dca788,custom_cuda,warp-reduction custom CUDA fused scale + mask + softmax; block_size=128,768,6144,768,float32,0.125,25,100,48,244.86400187015533,128,0,Tesla T4,7.5,2.11.0+cu128,12.8,2026-08-23T19:11:33.741813+00:00
ca87722a00ebf585cd788c67949e7c0b32dca788,custom_cuda,warp-reduction custom CUDA fused scale + mask + softmax; block_size=128,768,6144,768,float32,0.125,25,100,49,269.82399821281433,128,0,Tesla T4,7.5,2.11.0+cu128,12.8,2026-08-23T19:11:33.741813+00:00
ca87722a00ebf585cd788c67949e7c0b32dca788,custom_cuda,warp-reduction custom CUDA fused scale + mask + softmax; block_size=128,768,6144,768,float32,0.125,25,100,50,237.37600445747375,128,0,Tesla T4,7.5,2.11.0+cu128,12.8,2026-08-23T19:11:33.741813+00:00
ca87722a00ebf585cd788c67949e7c0b32dca788,custom_cuda,warp-reduction custom CUDA fused scale + mask + softmax; block_size=128,768,6144,768,float32,0.125,25,100,51,231.23200237751007,128,0,Tesla T4,7.5,2.11.0+cu128,12.8,2026-08-23T19:11:33.741813+00:00
ca87722a00ebf585cd788c67949e7c0b32dca788,custom_cuda,warp-reduction custom CUDA fused scale + mask + softmax; block_size=128,768,6144,768,float32,0.125,25,100,52,231.77599906921387,128,0,Tesla T4,7.5,2.11.0+cu128,12.8,2026-08-23T19:11:33.741813+00:00
ca87722a00ebf585cd788c67949e7c0b32dca788,custom_cuda,warp-reduction custom CUDA fused scale + mask + softmax; block_size=128,768,6144,768,float32,0.125,25,100,53,238.75199258327484,128,0,Tesla T4,7.5,2.11.0+cu128,12.8,2026-08-23T19:11:33.741813+00:00
ca87722a00ebf585cd788c67949e7c0b32dca788,custom_cuda,warp-reduction custom CUDA fused scale + mask + softmax; block_size=128,768,6144,768,float32,0.125,25,100,54,249.95200335979462,128,0,Tesla T4,7.5,2.11.0+cu128,12.8,2026-08-23T19:11:33.741813+00:00
ca87722a00ebf585cd788c67949e7c0b32dca788,custom_cuda,warp-reduction custom CUDA fused scale + mask + softmax; block_size=128,768,6144,768,float32,0.125,25,100,55,230.52799701690674,128,0,Tesla T4,7.5,2.11.0+cu128,12.8,2026-08-23T19:11:33.741813+00:00
ca87722a00ebf585cd788c67949e7c0b32dca788,custom_cuda,warp-reduction custom CUDA fused scale + mask + softmax; block_size=128,768,6144,768,float32,0.125,25,100,56,233.43999683856964,128,0,Tesla T4,7.5,2.11.0+cu128,12.8,2026-08-23T19:11:33.741813+00:00
ca87722a00ebf585cd788c67949e7c0b32dca788,custom_cuda,warp-reduction custom CUDA fused scale + mask + softmax; block_size=128,768,6144,768,float32,0.125,25,100,57,251.26400589942932,128,0,Tesla T4,7.5,2.11.0+cu128,12.8,2026-08-23T19:11:33.741813+00:00
ca87722a00ebf585cd788c67949e7c0b32dca788,custom_cuda,warp-reduction custom CUDA fused scale + mask + softmax; block_size=128,768,6144,768,float32,0.125,25,100,58,231.64799809455872,128,0,Tesla T4,7.5,2.11.0+cu128,12.8,2026-08-23T19:11:33.741813+00:00
ca87722a00ebf585cd788c67949e7c0b32dca788,custom_cuda,warp-reduction custom CUDA fused scale + mask + softmax; block_size=128,768,6144,768,float32,0.125,25,100,59,228.32000255584717,128,0,Tesla T4,7.5,2.11.0+cu128,12.8,2026-08-23T19:11:33.741813+00:00
ca87722a00ebf585cd788c67949e7c0b32dca788,custom_cuda,warp-reduction custom CUDA fused scale + mask + softmax; block_size=128,768,6144,768,float32,0.125,25,100,60,237.92000114917755,128,0,Tesla T4,7.5,2.11.0+cu128,12.8,2026-08-23T19:11:33.741813+00:00
ca87722a00ebf585cd788c67949e7c0b32dca788,custom_cuda,warp-reduction custom CUDA fused scale + mask + softmax; block_size=128,768,6144,768,float32,0.125,25,100,61,231.6800057888031,128,0,Tesla T4,7.5,2.11.0+cu128,12.8,2026-08-23T19:11:33.741813+00:00
ca87722a00ebf585cd788c67949e7c0b32dca788,custom_cuda,warp-reduction custom CUDA fused scale + mask + softmax; block_size=128,768,6144,768,float32,0.125,25,100,62,230.68800568580627,128,0,Tesla T4,7.5,2.11.0+cu128,12.8,2026-08-23T19:11:33.741813+00:00
ca87722a00ebf585cd788c67949e7c0b32dca788,custom_cuda,warp-reduction custom CUDA fused scale + mask + softmax; block_size=128,768,6144,768,float32,0.125,25,100,63,228.89600694179535,128,0,Tesla T4,7.5,2.11.0+cu128,12.8,2026-08-23T19:11:33.741813+00:00
ca87722a00ebf585cd788c67949e7c0b32dca788,custom_cuda,warp-reduction custom CUDA fused scale + mask + softmax; block_size=128,768,6144,768,float32,0.125,25,100,64,239.6160066127777,128,0,Tesla T4,7.5,2.11.0+cu128,12.8,2026-08-23T19:11:33.741813+00:00
ca87722a00ebf585cd788c67949e7c0b32dca788,custom_cuda,warp-reduction custom CUDA fused scale + mask + softmax; block_size=128,768,6144,768,float32,0.125,25,100,65,235.83999276161194,128,0,Tesla T4,7.5,2.11.0+cu128,12.8,2026-08-23T19:11:33.741813+00:00
ca87722a00ebf585cd788c67949e7c0b32dca788,custom_cuda,warp-reduction custom CUDA fused scale + mask + softmax; block_size=128,768,6144,768,float32,0.125,25,100,66,231.4240038394928,128,0,Tesla T4,7.5,2.11.0+cu128,12.8,2026-08-23T19:11:33.741813+00:00
ca87722a00ebf585cd788c67949e7c0b32dca788,custom_cuda,warp-reduction custom CUDA fused scale + mask + softmax; block_size=128,768,6144,768,float32,0.125,25,100,67,239.45599794387817,128,0,Tesla T4,7.5,2.11.0+cu128,12.8,2026-08-23T19:11:33.741813+00:00
ca87722a00ebf585cd788c67949e7c0b32dca788,custom_cuda,warp-reduction custom CUDA fused scale + mask + softmax; block_size=128,768,6144,768,float32,0.125,25,100,68,243.71199309825897,128,0,Tesla T4,7.5,2.11.0+cu128,12.8,2026-08-23T19:11:33.741813+00:00
ca87722a00ebf585cd788c67949e7c0b32dca788,custom_cuda,warp-reduction custom CUDA fused scale + mask + softmax; block_size=128,768,6144,768,float32,0.125,25,100,69,229.44000363349915,128,0,Tesla T4,7.5,2.11.0+cu128,12.8,2026-08-23T19:11:33.741813+00:00
ca87722a00ebf585cd788c67949e7c0b32dca788,custom_cuda,warp-reduction custom CUDA fused scale + mask + softmax; block_size=128,768,6144,768,float32,0.125,25,100,70,226.17599368095398,128,0,Tesla T4,7.5,2.11.0+cu128,12.8,2026-08-23T19:11:33.741813+00:00
ca87722a00ebf585cd788c67949e7c0b32dca788,custom_cuda,warp-reduction custom CUDA fused scale + mask + softmax; block_size=128,768,6144,768,float32,0.125,25,100,71,233.47200453281403,128,0,Tesla T4,7.5,2.11.0+cu128,12.8,2026-08-23T19:11:33.741813+00:00
ca87722a00ebf585cd788c67949e7c0b32dca788,custom_cuda,warp-reduction custom CUDA fused scale + mask + softmax; block_size=128,768,6144,768,float32,0.125,25,100,72,227.35999524593353,128,0,Tesla T4,7.5,2.11.0+cu128,12.8,2026-08-23T19:11:33.741813+00:00
ca87722a00ebf585cd788c67949e7c0b32dca788,custom_cuda,warp-reduction custom CUDA fused scale + mask + softmax; block_size=128,768,6144,768,float32,0.125,25,100,73,235.52000522613525,128,0,Tesla T4,7.5,2.11.0+cu128,12.8,2026-08-23T19:11:33.741813+00:00
ca87722a00ebf585cd788c67949e7c0b32dca788,custom_cuda,warp-reduction custom CUDA fused scale + mask + softmax; block_size=128,768,6144,768,float32,0.125,25,100,74,241.82400107383728,128,0,Tesla T4,7.5,2.11.0+cu128,12.8,2026-08-23T19:11:33.741813+00:00
ca87722a00ebf585cd788c67949e7c0b32dca788,custom_cuda,warp-reduction custom CUDA fused scale + mask + softmax; block_size=128,768,6144,768,float32,0.125,25,100,75,243.93600225448608,128,0,Tesla T4,7.5,2.11.0+cu128,12.8,2026-08-23T19:11:33.741813+00:00
ca87722a00ebf585cd788c67949e7c0b32dca788,custom_cuda,warp-reduction custom CUDA fused scale + mask + softmax; block_size=128,768,6144,768,float32,0.125,25,100,76,241.34400486946106,128,0,Tesla T4,7.5,2.11.0+cu128,12.8,2026-08-23T19:11:33.741813+00:00
ca87722a00ebf585cd788c67949e7c0b32dca788,custom_cuda,warp-reduction custom CUDA fused scale + mask + softmax; block_size=128,768,6144,768,float32,0.125,25,100,77,237.56800591945648,128,0,Tesla T4,7.5,2.11.0+cu128,12.8,2026-08-23T19:11:33.741813+00:00
ca87722a00ebf585cd788c67949e7c0b32dca788,custom_cuda,warp-reduction custom CUDA fused scale + mask + softmax; block_size=128,768,6144,768,float32,0.125,25,100,78,239.48800563812256,128,0,Tesla T4,7.5,2.11.0+cu128,12.8,2026-08-23T19:11:33.741813+00:00
ca87722a00ebf585cd788c67949e7c0b32dca788,custom_cuda,warp-reduction custom CUDA fused scale + mask + softmax; block_size=128,768,6144,768,float32,0.125,25,100,79,235.52000522613525,128,0,Tesla T4,7.5,2.11.0+cu128,12.8,2026-08-23T19:11:33.741813+00:00
ca87722a00ebf585cd788c67949e7c0b32dca788,custom_cuda,warp-reduction custom CUDA fused scale + mask + softmax; block_size=128,768,6144,768,float32,0.125,25,100,80,227.03999280929565,128,0,Tesla T4,7.5,2.11.0+cu128,12.8,2026-08-23T19:11:33.741813+00:00
ca87722a00ebf585cd788c67949e7c0b32dca788,custom_cuda,warp-reduction custom CUDA fused scale + mask + softmax; block_size=128,768,6144,768,float32,0.125,25,100,81,225.0239998102188,128,0,Tesla T4,7.5,2.11.0+cu128,12.8,2026-08-23T19:11:33.741813+00:00
ca87722a00ebf585cd788c67949e7c0b32dca788,custom_cuda,warp-reduction custom CUDA fused scale + mask + softmax; block_size=128,768,6144,768,float32,0.125,25,100,82,229.8240065574646,128,0,Tesla T4,7.5,2.11.0+cu128,12.8,2026-08-23T19:11:33.741813+00:00
ca87722a00ebf585cd788c67949e7c0b32dca788,custom_cuda,warp-reduction custom CUDA fused scale + mask + softmax; block_size=128,768,6144,768,float32,0.125,25,100,83,237.56800591945648,128,0,Tesla T4,7.5,2.11.0+cu128,12.8,2026-08-23T19:11:33.741813+00:00
ca87722a00ebf585cd788c67949e7c0b32dca788,custom_cuda,warp-reduction custom CUDA fused scale + mask + softmax; block_size=128,768,6144,768,float32,0.125,25,100,84,226.49599611759186,128,0,Tesla T4,7.5,2.11.0+cu128,12.8,2026-08-23T19:11:33.741813+00:00
ca87722a00ebf585cd788c67949e7c0b32dca788,custom_cuda,warp-reduction custom CUDA fused scale + mask + softmax; block_size=128,768,6144,768,float32,0.125,25,100,85,225.2800017595291,128,0,Tesla T4,7.5,2.11.0+cu128,12.8,2026-08-23T19:11:33.741813+00:00
ca87722a00ebf585cd788c67949e7c0b32dca788,custom_cuda,warp-reduction custom CUDA fused scale + mask + softmax; block_size=128,768,6144,768,float32,0.125,25,100,86,233.34400355815887,128,0,Tesla T4,7.5,2.11.0+cu128,12.8,2026-08-23T19:11:33.741813+00:00
ca87722a00ebf585cd788c67949e7c0b32dca788,custom_cuda,warp-reduction custom CUDA fused scale + mask + softmax; block_size=128,768,6144,768,float32,0.125,25,100,87,227.55199670791626,128,0,Tesla T4,7.5,2.11.0+cu128,12.8,2026-08-23T19:11:33.741813+00:00
ca87722a00ebf585cd788c67949e7c0b32dca788,custom_cuda,warp-reduction custom CUDA fused scale + mask + softmax; block_size=128,768,6144,768,float32,0.125,25,100,88,225.18399357795715,128,0,Tesla T4,7.5,2.11.0+cu128,12.8,2026-08-23T19:11:33.741813+00:00
ca87722a00ebf585cd788c67949e7c0b32dca788,custom_cuda,warp-reduction custom CUDA fused scale + mask + softmax; block_size=128,768,6144,768,float32,0.125,25,100,89,237.0239943265915,128,0,Tesla T4,7.5,2.11.0+cu128,12.8,2026-08-23T19:11:33.741813+00:00
ca87722a00ebf585cd788c67949e7c0b32dca788,custom_cuda,warp-reduction custom CUDA fused scale + mask + softmax; block_size=128,768,6144,768,float32,0.125,25,100,90,247.9040026664734,128,0,Tesla T4,7.5,2.11.0+cu128,12.8,2026-08-23T19:11:33.741813+00:00
ca87722a00ebf585cd788c67949e7c0b32dca788,custom_cuda,warp-reduction custom CUDA fused scale + mask + softmax; block_size=128,768,6144,768,float32,0.125,25,100,91,233.18399488925934,128,0,Tesla T4,7.5,2.11.0+cu128,12.8,2026-08-23T19:11:33.741813+00:00
ca87722a00ebf585cd788c67949e7c0b32dca788,custom_cuda,warp-reduction custom CUDA fused scale + mask + softmax; block_size=128,768,6144,768,float32,0.125,25,100,92,226.8799990415573,128,0,Tesla T4,7.5,2.11.0+cu128,12.8,2026-08-23T19:11:33.741813+00:00
ca87722a00ebf585cd788c67949e7c0b32dca788,custom_cuda,warp-reduction custom CUDA fused scale + mask + softmax; block_size=128,768,6144,768,float32,0.125,25,100,93,231.455996632576,128,0,Tesla T4,7.5,2.11.0+cu128,12.8,2026-08-23T19:11:33.741813+00:00
ca87722a00ebf585cd788c67949e7c0b32dca788,custom_cuda,warp-reduction custom CUDA fused scale + mask + softmax; block_size=128,768,6144,768,float32,0.125,25,100,94,229.15199398994446,128,0,Tesla T4,7.5,2.11.0+cu128,12.8,2026-08-23T19:11:33.741813+00:00
ca87722a00ebf585cd788c67949e7c0b32dca788,custom_cuda,warp-reduction custom CUDA fused scale + mask + softmax; block_size=128,768,6144,768,float32,0.125,25,100,95,223.23200106620789,128,0,Tesla T4,7.5,2.11.0+cu128,12.8,2026-08-23T19:11:33.741813+00:00
ca87722a00ebf585cd788c67949e7c0b32dca788,custom_cuda,warp-reduction custom CUDA fused scale + mask + softmax; block_size=128,768,6144,768,float32,0.125,25,100,96,223.83999824523926,128,0,Tesla T4,7.5,2.11.0+cu128,12.8,2026-08-23T19:11:33.741813+00:00
ca87722a00ebf585cd788c67949e7c0b32dca788,custom_cuda,warp-reduction custom CUDA fused scale + mask + softmax; block_size=128,768,6144,768,float32,0.125,25,100,97,229.24800217151642,128,0,Tesla T4,7.5,2.11.0+cu128,12.8,2026-08-23T19:11:33.741813+00:00
ca87722a00ebf585cd788c67949e7c0b32dca788,custom_cuda,warp-reduction custom CUDA fused scale + mask + softmax; block_size=128,768,6144,768,float32,0.125,25,100,98,226.623997092247,128,0,Tesla T4,7.5,2.11.0+cu128,12.8,2026-08-23T19:11:33.741813+00:00
ca87722a00ebf585cd788c67949e7c0b32dca788,custom_cuda,warp-reduction custom CUDA fused scale + mask + softmax; block_size=128,768,6144,768,float32,0.125,25,100,99,222.81600534915924,128,0,Tesla T4,7.5,2.11.0+cu128,12.8,2026-08-23T19:11:33.741813+00:00
ca87722a00ebf585cd788c67949e7c0b32dca788,pytorch_eager,PyTorch eager scale + causal mask + softmax,1024,8192,1024,float32,0.125,25,100,0,1312.8639459609985,,0,Tesla T4,7.5,2.11.0+cu128,12.8,2026-08-23T19:11:46.344276+00:00
ca87722a00ebf585cd788c67949e7c0b32dca788,pytorch_eager,PyTorch eager scale + causal mask + softmax,1024,8192,1024,float32,0.125,25,100,1,1288.2239818572998,,0,Tesla T4,7.5,2.11.0+cu128,12.8,2026-08-23T19:11:46.344276+00:00
ca87722a00ebf585cd788c67949e7c0b32dca788,pytorch_eager,PyTorch eager scale + causal mask + softmax,1024,8192,1024,float32,0.125,25,100,2,1279.1039943695068,,0,Tesla T4,7.5,2.11.0+cu128,12.8,2026-08-23T19:11:46.344276+00:00
ca87722a00ebf585cd788c67949e7c0b32dca788,pytorch_eager,PyTorch eager scale + causal mask + softmax,1024,8192,1024,float32,0.125,25,100,3,1283.7120294570923,,0,Tesla T4,7.5,2.11.0+cu128,12.8,2026-08-23T19:11:46.344276+00:00
ca87722a00ebf585cd788c67949e7c0b32dca788,pytorch_eager,PyTorch eager scale + causal mask + softmax,1024,8192,1024,float32,0.125,25,100,4,1277.4720191955566,,0,Tesla T4,7.5,2.11.0+cu128,12.8,2026-08-23T19:11:46.344276+00:00
ca87722a00ebf585cd788c67949e7c0b32dca788,pytorch_eager,PyTorch eager scale + causal mask + softmax,1024,8192,1024,float32,0.125,25,100,5,1277.5039672851562,,0,Tesla T4,7.5,2.11.0+cu128,12.8,2026-08-23T19:11:46.344276+00:00
ca87722a00ebf585cd788c67949e7c0b32dca788,pytorch_eager,PyTorch eager scale + causal mask + softmax,1024,8192,1024,float32,0.125,25,100,6,1294.0479516983032,,0,Tesla T4,7.5,2.11.0+cu128,12.8,2026-08-23T19:11:46.344276+00:00
ca87722a00ebf585cd788c67949e7c0b32dca788,pytorch_eager,PyTorch eager scale + causal mask + softmax,1024,8192,1024,float32,0.125,25,100,7,1273.8879919052124,,0,Tesla T4,7.5,2.11.0+cu128,12.8,2026-08-23T19:11:46.344276+00:00
ca87722a00ebf585cd788c67949e7c0b32dca788,pytorch_eager,PyTorch eager scale + causal mask + softmax,1024,8192,1024,float32,0.125,25,100,8,1275.871992111206,,0,Tesla T4,7.5,2.11.0+cu128,12.8,2026-08-23T19:11:46.344276+00:00
ca87722a00ebf585cd788c67949e7c0b32dca788,pytorch_eager,PyTorch eager scale + causal mask + softmax,1024,8192,1024,float32,0.125,25,100,9,1274.3680477142334,,0,Tesla T4,7.5,2.11.0+cu128,12.8,2026-08-23T19:11:46.344276+00:00
ca87722a00ebf585cd788c67949e7c0b32dca788,pytorch_eager,PyTorch eager scale + causal mask + softmax,1024,8192,1024,float32,0.125,25,100,10,1279.6159982681274,,0,Tesla T4,7.5,2.11.0+cu128,12.8,2026-08-23T19:11:46.344276+00:00
ca87722a00ebf585cd788c67949e7c0b32dca788,pytorch_eager,PyTorch eager scale + causal mask + softmax,1024,8192,1024,float32,0.125,25,100,11,1279.9999713897705,,0,Tesla T4,7.5,2.11.0+cu128,12.8,2026-08-23T19:11:46.344276+00:00
ca87722a00ebf585cd788c67949e7c0b32dca788,pytorch_eager,PyTorch eager scale + causal mask + softmax,1024,8192,1024,float32,0.125,25,100,12,1320.9279775619507,,0,Tesla T4,7.5,2.11.0+cu128,12.8,2026-08-23T19:11:46.344276+00:00
ca87722a00ebf585cd788c67949e7c0b32dca788,pytorch_eager,PyTorch eager scale + causal mask + softmax,1024,8192,1024,float32,0.125,25,100,13,1275.9360074996948,,0,Tesla T4,7.5,2.11.0+cu128,12.8,2026-08-23T19:11:46.344276+00:00
ca87722a00ebf585cd788c67949e7c0b32dca788,pytorch_eager,PyTorch eager scale + causal mask + softmax,1024,8192,1024,float32,0.125,25,100,14,1284.6399545669556,,0,Tesla T4,7.5,2.11.0+cu128,12.8,2026-08-23T19:11:46.344276+00:00
ca87722a00ebf585cd788c67949e7c0b32dca788,pytorch_eager,PyTorch eager scale + causal mask + softmax,1024,8192,1024,float32,0.125,25,100,15,1285.3440046310425,,0,Tesla T4,7.5,2.11.0+cu128,12.8,2026-08-23T19:11:46.344276+00:00
ca87722a00ebf585cd788c67949e7c0b32dca788,pytorch_eager,PyTorch eager scale + causal mask + softmax,1024,8192,1024,float32,0.125,25,100,16,1282.0160388946533,,0,Tesla T4,7.5,2.11.0+cu128,12.8,2026-08-23T19:11:46.344276+00:00
ca87722a00ebf585cd788c67949e7c0b32dca788,pytorch_eager,PyTorch eager scale + causal mask + softmax,1024,8192,1024,float32,0.125,25,100,17,1283.3280563354492,,0,Tesla T4,7.5,2.11.0+cu128,12.8,2026-08-23T19:11:46.344276+00:00
ca87722a00ebf585cd788c67949e7c0b32dca788,pytorch_eager,PyTorch eager scale + causal mask + softmax,1024,8192,1024,float32,0.125,25,100,18,1281.8559408187866,,0,Tesla T4,7.5,2.11.0+cu128,12.8,2026-08-23T19:11:46.344276+00:00
ca87722a00ebf585cd788c67949e7c0b32dca788,pytorch_eager,PyTorch eager scale + causal mask + softmax,1024,8192,1024,float32,0.125,25,100,19,1300.447940826416,,0,Tesla T4,7.5,2.11.0+cu128,12.8,2026-08-23T19:11:46.344276+00:00
ca87722a00ebf585cd788c67949e7c0b32dca788,pytorch_eager,PyTorch eager scale + causal mask + softmax,1024,8192,1024,float32,0.125,25,100,20,1277.951955795288,,0,Tesla T4,7.5,2.11.0+cu128,12.8,2026-08-23T19:11:46.344276+00:00
ca87722a00ebf585cd788c67949e7c0b32dca788,pytorch_eager,PyTorch eager scale + causal mask + softmax,1024,8192,1024,float32,0.125,25,100,21,1275.9040594100952,,0,Tesla T4,7.5,2.11.0+cu128,12.8,2026-08-23T19:11:46.344276+00:00
ca87722a00ebf585cd788c67949e7c0b32dca788,pytorch_eager,PyTorch eager scale + causal mask + softmax,1024,8192,1024,float32,0.125,25,100,22,1278.4960269927979,,0,Tesla T4,7.5,2.11.0+cu128,12.8,2026-08-23T19:11:46.344276+00:00
ca87722a00ebf585cd788c67949e7c0b32dca788,pytorch_eager,PyTorch eager scale + causal mask + softmax,1024,8192,1024,float32,0.125,25,100,23,1276.095986366272,,0,Tesla T4,7.5,2.11.0+cu128,12.8,2026-08-23T19:11:46.344276+00:00
ca87722a00ebf585cd788c67949e7c0b32dca788,pytorch_eager,PyTorch eager scale + causal mask + softmax,1024,8192,1024,float32,0.125,25,100,24,1276.479959487915,,0,Tesla T4,7.5,2.11.0+cu128,12.8,2026-08-23T19:11:46.344276+00:00
ca87722a00ebf585cd788c67949e7c0b32dca788,pytorch_eager,PyTorch eager scale + causal mask + softmax,1024,8192,1024,float32,0.125,25,100,25,1279.4239521026611,,0,Tesla T4,7.5,2.11.0+cu128,12.8,2026-08-23T19:11:46.344276+00:00
ca87722a00ebf585cd788c67949e7c0b32dca788,pytorch_eager,PyTorch eager scale + causal mask + softmax,1024,8192,1024,float32,0.125,25,100,26,1277.9840230941772,,0,Tesla T4,7.5,2.11.0+cu128,12.8,2026-08-23T19:11:46.344276+00:00
ca87722a00ebf585cd788c67949e7c0b32dca788,pytorch_eager,PyTorch eager scale + causal mask + softmax,1024,8192,1024,float32,0.125,25,100,27,1275.4240036010742,,0,Tesla T4,7.5,2.11.0+cu128,12.8,2026-08-23T19:11:46.344276+00:00
ca87722a00ebf585cd788c67949e7c0b32dca788,pytorch_eager,PyTorch eager scale + causal mask + softmax,1024,8192,1024,float32,0.125,25,100,28,1275.9040594100952,,0,Tesla T4,7.5,2.11.0+cu128,12.8,2026-08-23T19:11:46.344276+00:00
ca87722a00ebf585cd788c67949e7c0b32dca788,pytorch_eager,PyTorch eager scale + causal mask + softmax,1024,8192,1024,float32,0.125,25,100,29,1274.3680477142334,,0,Tesla T4,7.5,2.11.0+cu128,12.8,2026-08-23T19:11:46.344276+00:00
ca87722a00ebf585cd788c67949e7c0b32dca788,pytorch_eager,PyTorch eager scale + causal mask + softmax,1024,8192,1024,float32,0.125,25,100,30,1276.5439748764038,,0,Tesla T4,7.5,2.11.0+cu128,12.8,2026-08-23T19:11:46.344276+00:00
ca87722a00ebf585cd788c67949e7c0b32dca788,pytorch_eager,PyTorch eager scale + causal mask + softmax,1024,8192,1024,float32,0.125,25,100,31,1284.8960161209106,,0,Tesla T4,7.5,2.11.0+cu128,12.8,2026-08-23T19:11:46.344276+00:00
ca87722a00ebf585cd788c67949e7c0b32dca788,pytorch_eager,PyTorch eager scale + causal mask + softmax,1024,8192,1024,float32,0.125,25,100,32,1278.0799865722656,,0,Tesla T4,7.5,2.11.0+cu128,12.8,2026-08-23T19:11:46.344276+00:00
ca87722a00ebf585cd788c67949e7c0b32dca788,pytorch_eager,PyTorch eager scale + causal mask + softmax,1024,8192,1024,float32,0.125,25,100,33,1276.8640518188477,,0,Tesla T4,7.5,2.11.0+cu128,12.8,2026-08-23T19:11:46.344276+00:00
ca87722a00ebf585cd788c67949e7c0b32dca788,pytorch_eager,PyTorch eager scale + causal mask + softmax,1024,8192,1024,float32,0.125,25,100,34,1275.9360074996948,,0,Tesla T4,7.5,2.11.0+cu128,12.8,2026-08-23T19:11:46.344276+00:00
ca87722a00ebf585cd788c67949e7c0b32dca788,pytorch_eager,PyTorch eager scale + causal mask + softmax,1024,8192,1024,float32,0.125,25,100,35,1279.968023300171,,0,Tesla T4,7.5,2.11.0+cu128,12.8,2026-08-23T19:11:46.344276+00:00
ca87722a00ebf585cd788c67949e7c0b32dca788,pytorch_eager,PyTorch eager scale + causal mask + softmax,1024,8192,1024,float32,0.125,25,100,36,1295.7119941711426,,0,Tesla T4,7.5,2.11.0+cu128,12.8,2026-08-23T19:11:46.344276+00:00
ca87722a00ebf585cd788c67949e7c0b32dca788,pytorch_eager,PyTorch eager scale + causal mask + softmax,1024,8192,1024,float32,0.125,25,100,37,1292.2879457473755,,0,Tesla T4,7.5,2.11.0+cu128,12.8,2026-08-23T19:11:46.344276+00:00
ca87722a00ebf585cd788c67949e7c0b32dca788,pytorch_eager,PyTorch eager scale + causal mask + softmax,1024,8192,1024,float32,0.125,25,100,38,1280.5440425872803,,0,Tesla T4,7.5,2.11.0+cu128,12.8,2026-08-23T19:11:46.344276+00:00
ca87722a00ebf585cd788c67949e7c0b32dca788,pytorch_eager,PyTorch eager scale + causal mask + softmax,1024,8192,1024,float32,0.125,25,100,39,1274.4319438934326,,0,Tesla T4,7.5,2.11.0+cu128,12.8,2026-08-23T19:11:46.344276+00:00
ca87722a00ebf585cd788c67949e7c0b32dca788,pytorch_eager,PyTorch eager scale + causal mask + softmax,1024,8192,1024,float32,0.125,25,100,40,1282.655954360962,,0,Tesla T4,7.5,2.11.0+cu128,12.8,2026-08-23T19:11:46.344276+00:00
ca87722a00ebf585cd788c67949e7c0b32dca788,pytorch_eager,PyTorch eager scale + causal mask + softmax,1024,8192,1024,float32,0.125,25,100,41,1277.9840230941772,,0,Tesla T4,7.5,2.11.0+cu128,12.8,2026-08-23T19:11:46.344276+00:00
ca87722a00ebf585cd788c67949e7c0b32dca788,pytorch_eager,PyTorch eager scale + causal mask + softmax,1024,8192,1024,float32,0.125,25,100,42,1275.0400304794312,,0,Tesla T4,7.5,2.11.0+cu128,12.8,2026-08-23T19:11:46.344276+00:00
ca87722a00ebf585cd788c67949e7c0b32dca788,pytorch_eager,PyTorch eager scale + causal mask + softmax,1024,8192,1024,float32,0.125,25,100,43,1283.743977546692,,0,Tesla T4,7.5,2.11.0+cu128,12.8,2026-08-23T19:11:46.344276+00:00
ca87722a00ebf585cd788c67949e7c0b32dca788,pytorch_eager,PyTorch eager scale + causal mask + softmax,1024,8192,1024,float32,0.125,25,100,44,1288.159966468811,,0,Tesla T4,7.5,2.11.0+cu128,12.8,2026-08-23T19:11:46.344276+00:00
ca87722a00ebf585cd788c67949e7c0b32dca788,pytorch_eager,PyTorch eager scale + causal mask + softmax,1024,8192,1024,float32,0.125,25,100,45,1273.695945739746,,0,Tesla T4,7.5,2.11.0+cu128,12.8,2026-08-23T19:11:46.344276+00:00
ca87722a00ebf585cd788c67949e7c0b32dca788,pytorch_eager,PyTorch eager scale + causal mask + softmax,1024,8192,1024,float32,0.125,25,100,46,1277.8879404067993,,0,Tesla T4,7.5,2.11.0+cu128,12.8,2026-08-23T19:11:46.344276+00:00
ca87722a00ebf585cd788c67949e7c0b32dca788,pytorch_eager,PyTorch eager scale + causal mask + softmax,1024,8192,1024,float32,0.125,25,100,47,1275.6799459457397,,0,Tesla T4,7.5,2.11.0+cu128,12.8,2026-08-23T19:11:46.344276+00:00
ca87722a00ebf585cd788c67949e7c0b32dca788,pytorch_eager,PyTorch eager scale + causal mask + softmax,1024,8192,1024,float32,0.125,25,100,48,1276.0640382766724,,0,Tesla T4,7.5,2.11.0+cu128,12.8,2026-08-23T19:11:46.344276+00:00
ca87722a00ebf585cd788c67949e7c0b32dca788,pytorch_eager,PyTorch eager scale + causal mask + softmax,1024,8192,1024,float32,0.125,25,100,49,1273.6320495605469,,0,Tesla T4,7.5,2.11.0+cu128,12.8,2026-08-23T19:11:46.344276+00:00
ca87722a00ebf585cd788c67949e7c0b32dca788,pytorch_eager,PyTorch eager scale + causal mask + softmax,1024,8192,1024,float32,0.125,25,100,50,1278.1120538711548,,0,Tesla T4,7.5,2.11.0+cu128,12.8,2026-08-23T19:11:46.344276+00:00
ca87722a00ebf585cd788c67949e7c0b32dca788,pytorch_eager,PyTorch eager scale + causal mask + softmax,1024,8192,1024,float32,0.125,25,100,51,1282.0160388946533,,0,Tesla T4,7.5,2.11.0+cu128,12.8,2026-08-23T19:11:46.344276+00:00
ca87722a00ebf585cd788c67949e7c0b32dca788,pytorch_eager,PyTorch eager scale + causal mask + softmax,1024,8192,1024,float32,0.125,25,100,52,1290.112018585205,,0,Tesla T4,7.5,2.11.0+cu128,12.8,2026-08-23T19:11:46.344276+00:00
ca87722a00ebf585cd788c67949e7c0b32dca788,pytorch_eager,PyTorch eager scale + causal mask + softmax,1024,8192,1024,float32,0.125,25,100,53,1293.6639785766602,,0,Tesla T4,7.5,2.11.0+cu128,12.8,2026-08-23T19:11:46.344276+00:00
ca87722a00ebf585cd788c67949e7c0b32dca788,pytorch_eager,PyTorch eager scale + causal mask + softmax,1024,8192,1024,float32,0.125,25,100,54,1294.3040132522583,,0,Tesla T4,7.5,2.11.0+cu128,12.8,2026-08-23T19:11:46.344276+00:00
ca87722a00ebf585cd788c67949e7c0b32dca788,pytorch_eager,PyTorch eager scale + causal mask + softmax,1024,8192,1024,float32,0.125,25,100,55,1280.0320386886597,,0,Tesla T4,7.5,2.11.0+cu128,12.8,2026-08-23T19:11:46.344276+00:00
ca87722a00ebf585cd788c67949e7c0b32dca788,pytorch_eager,PyTorch eager scale + causal mask + softmax,1024,8192,1024,float32,0.125,25,100,56,1286.1759662628174,,0,Tesla T4,7.5,2.11.0+cu128,12.8,2026-08-23T19:11:46.344276+00:00
ca87722a00ebf585cd788c67949e7c0b32dca788,pytorch_eager,PyTorch eager scale + causal mask + softmax,1024,8192,1024,float32,0.125,25,100,57,1280.0320386886597,,0,Tesla T4,7.5,2.11.0+cu128,12.8,2026-08-23T19:11:46.344276+00:00
ca87722a00ebf585cd788c67949e7c0b32dca788,pytorch_eager,PyTorch eager scale + causal mask + softmax,1024,8192,1024,float32,0.125,25,100,58,1276.9279479980469,,0,Tesla T4,7.5,2.11.0+cu128,12.8,2026-08-23T19:11:46.344276+00:00
ca87722a00ebf585cd788c67949e7c0b32dca788,pytorch_eager,PyTorch eager scale + causal mask + softmax,1024,8192,1024,float32,0.125,25,100,59,1277.791976928711,,0,Tesla T4,7.5,2.11.0+cu128,12.8,2026-08-23T19:11:46.344276+00:00
ca87722a00ebf585cd788c67949e7c0b32dca788,pytorch_eager,PyTorch eager scale + causal mask + softmax,1024,8192,1024,float32,0.125,25,100,60,1275.871992111206,,0,Tesla T4,7.5,2.11.0+cu128,12.8,2026-08-23T19:11:46.344276+00:00
ca87722a00ebf585cd788c67949e7c0b32dca788,pytorch_eager,PyTorch eager scale + causal mask + softmax,1024,8192,1024,float32,0.125,25,100,61,1292.3200130462646,,0,Tesla T4,7.5,2.11.0+cu128,12.8,2026-08-23T19:11:46.344276+00:00
ca87722a00ebf585cd788c67949e7c0b32dca788,pytorch_eager,PyTorch eager scale + causal mask + softmax,1024,8192,1024,float32,0.125,25,100,62,1277.7600288391113,,0,Tesla T4,7.5,2.11.0+cu128,12.8,2026-08-23T19:11:46.344276+00:00
ca87722a00ebf585cd788c67949e7c0b32dca788,pytorch_eager,PyTorch eager scale + causal mask + softmax,1024,8192,1024,float32,0.125,25,100,63,1280.7680368423462,,0,Tesla T4,7.5,2.11.0+cu128,12.8,2026-08-23T19:11:46.344276+00:00
ca87722a00ebf585cd788c67949e7c0b32dca788,pytorch_eager,PyTorch eager scale + causal mask + softmax,1024,8192,1024,float32,0.125,25,100,64,1278.6240577697754,,0,Tesla T4,7.5,2.11.0+cu128,12.8,2026-08-23T19:11:46.344276+00:00
ca87722a00ebf585cd788c67949e7c0b32dca788,pytorch_eager,PyTorch eager scale + causal mask + softmax,1024,8192,1024,float32,0.125,25,100,65,1273.695945739746,,0,Tesla T4,7.5,2.11.0+cu128,12.8,2026-08-23T19:11:46.344276+00:00
ca87722a00ebf585cd788c67949e7c0b32dca788,pytorch_eager,PyTorch eager scale + causal mask + softmax,1024,8192,1024,float32,0.125,25,100,66,1292.3200130462646,,0,Tesla T4,7.5,2.11.0+cu128,12.8,2026-08-23T19:11:46.344276+00:00
ca87722a00ebf585cd788c67949e7c0b32dca788,pytorch_eager,PyTorch eager scale + causal mask + softmax,1024,8192,1024,float32,0.125,25,100,67,1281.9839715957642,,0,Tesla T4,7.5,2.11.0+cu128,12.8,2026-08-23T19:11:46.344276+00:00
ca87722a00ebf585cd788c67949e7c0b32dca788,pytorch_eager,PyTorch eager scale + causal mask + softmax,1024,8192,1024,float32,0.125,25,100,68,1278.8159847259521,,0,Tesla T4,7.5,2.11.0+cu128,12.8,2026-08-23T19:11:46.344276+00:00
ca87722a00ebf585cd788c67949e7c0b32dca788,pytorch_eager,PyTorch eager scale + causal mask + softmax,1024,8192,1024,float32,0.125,25,100,69,1280.0320386886597,,0,Tesla T4,7.5,2.11.0+cu128,12.8,2026-08-23T19:11:46.344276+00:00
ca87722a00ebf585cd788c67949e7c0b32dca788,pytorch_eager,PyTorch eager scale + causal mask + softmax,1024,8192,1024,float32,0.125,25,100,70,1278.175950050354,,0,Tesla T4,7.5,2.11.0+cu128,12.8,2026-08-23T19:11:46.344276+00:00
ca87722a00ebf585cd788c67949e7c0b32dca788,pytorch_eager,PyTorch eager scale + causal mask + softmax,1024,8192,1024,float32,0.125,25,100,71,1288.1920337677002,,0,Tesla T4,7.5,2.11.0+cu128,12.8,2026-08-23T19:11:46.344276+00:00
ca87722a00ebf585cd788c67949e7c0b32dca788,pytorch_eager,PyTorch eager scale + causal mask + softmax,1024,8192,1024,float32,0.125,25,100,72,1286.2720489501953,,0,Tesla T4,7.5,2.11.0+cu128,12.8,2026-08-23T19:11:46.344276+00:00
ca87722a00ebf585cd788c67949e7c0b32dca788,pytorch_eager,PyTorch eager scale + causal mask + softmax,1024,8192,1024,float32,0.125,25,100,73,1281.599998474121,,0,Tesla T4,7.5,2.11.0+cu128,12.8,2026-08-23T19:11:46.344276+00:00
ca87722a00ebf585cd788c67949e7c0b32dca788,pytorch_eager,PyTorch eager scale + causal mask + softmax,1024,8192,1024,float32,0.125,25,100,74,1295.583963394165,,0,Tesla T4,7.5,2.11.0+cu128,12.8,2026-08-23T19:11:46.344276+00:00
ca87722a00ebf585cd788c67949e7c0b32dca788,pytorch_eager,PyTorch eager scale + causal mask + softmax,1024,8192,1024,float32,0.125,25,100,75,1274.8160362243652,,0,Tesla T4,7.5,2.11.0+cu128,12.8,2026-08-23T19:11:46.344276+00:00
ca87722a00ebf585cd788c67949e7c0b32dca788,pytorch_eager,PyTorch eager scale + causal mask + softmax,1024,8192,1024,float32,0.125,25,100,76,1277.9200077056885,,0,Tesla T4,7.5,2.11.0+cu128,12.8,2026-08-23T19:11:46.344276+00:00
ca87722a00ebf585cd788c67949e7c0b32dca788,pytorch_eager,PyTorch eager scale + causal mask + softmax,1024,8192,1024,float32,0.125,25,100,77,1277.951955795288,,0,Tesla T4,7.5,2.11.0+cu128,12.8,2026-08-23T19:11:46.344276+00:00
ca87722a00ebf585cd788c67949e7c0b32dca788,pytorch_eager,PyTorch eager scale + causal mask + softmax,1024,8192,1024,float32,0.125,25,100,78,1282.047986984253,,0,Tesla T4,7.5,2.11.0+cu128,12.8,2026-08-23T19:11:46.344276+00:00
ca87722a00ebf585cd788c67949e7c0b32dca788,pytorch_eager,PyTorch eager scale + causal mask + softmax,1024,8192,1024,float32,0.125,25,100,79,1277.951955795288,,0,Tesla T4,7.5,2.11.0+cu128,12.8,2026-08-23T19:11:46.344276+00:00
ca87722a00ebf585cd788c67949e7c0b32dca788,pytorch_eager,PyTorch eager scale + causal mask + softmax,1024,8192,1024,float32,0.125,25,100,80,1282.047986984253,,0,Tesla T4,7.5,2.11.0+cu128,12.8,2026-08-23T19:11:46.344276+00:00
ca87722a00ebf585cd788c67949e7c0b32dca788,pytorch_eager,PyTorch eager scale + causal mask + softmax,1024,8192,1024,float32,0.125,25,100,81,1291.9360399246216,,0,Tesla T4,7.5,2.11.0+cu128,12.8,2026-08-23T19:11:46.344276+00:00
ca87722a00ebf585cd788c67949e7c0b32dca788,pytorch_eager,PyTorch eager scale + causal mask + softmax,1024,8192,1024,float32,0.125,25,100,82,1277.9840230941772,,0,Tesla T4,7.5,2.11.0+cu128,12.8,2026-08-23T19:11:46.344276+00:00
ca87722a00ebf585cd788c67949e7c0b32dca788,pytorch_eager,PyTorch eager scale + causal mask + softmax,1024,8192,1024,float32,0.125,25,100,83,1290.112018585205,,0,Tesla T4,7.5,2.11.0+cu128,12.8,2026-08-23T19:11:46.344276+00:00
ca87722a00ebf585cd788c67949e7c0b32dca788,pytorch_eager,PyTorch eager scale + causal mask + softmax,1024,8192,1024,float32,0.125,25,100,84,1279.9359560012817,,0,Tesla T4,7.5,2.11.0+cu128,12.8,2026-08-23T19:11:46.344276+00:00
ca87722a00ebf585cd788c67949e7c0b32dca788,pytorch_eager,PyTorch eager scale + causal mask + softmax,1024,8192,1024,float32,0.125,25,100,85,1275.6479978561401,,0,Tesla T4,7.5,2.11.0+cu128,12.8,2026-08-23T19:11:46.344276+00:00
ca87722a00ebf585cd788c67949e7c0b32dca788,pytorch_eager,PyTorch eager scale + causal mask + softmax,1024,8192,1024,float32,0.125,25,100,86,1277.9840230941772,,0,Tesla T4,7.5,2.11.0+cu128,12.8,2026-08-23T19:11:46.344276+00:00
ca87722a00ebf585cd788c67949e7c0b32dca788,pytorch_eager,PyTorch eager scale + causal mask + softmax,1024,8192,1024,float32,0.125,25,100,87,1275.871992111206,,0,Tesla T4,7.5,2.11.0+cu128,12.8,2026-08-23T19:11:46.344276+00:00
ca87722a00ebf585cd788c67949e7c0b32dca788,pytorch_eager,PyTorch eager scale + causal mask + softmax,1024,8192,1024,float32,0.125,25,100,88,1284.9600315093994,,0,Tesla T4,7.5,2.11.0+cu128,12.8,2026-08-23T19:11:46.344276+00:00
ca87722a00ebf585cd788c67949e7c0b32dca788,pytorch_eager,PyTorch eager scale + causal mask + softmax,1024,8192,1024,float32,0.125,25,100,89,1277.9200077056885,,0,Tesla T4,7.5,2.11.0+cu128,12.8,2026-08-23T19:11:46.344276+00:00
ca87722a00ebf585cd788c67949e7c0b32dca788,pytorch_eager,PyTorch eager scale + causal mask + softmax,1024,8192,1024,float32,0.125,25,100,90,1275.4240036010742,,0,Tesla T4,7.5,2.11.0+cu128,12.8,2026-08-23T19:11:46.344276+00:00
ca87722a00ebf585cd788c67949e7c0b32dca788,pytorch_eager,PyTorch eager scale + causal mask + softmax,1024,8192,1024,float32,0.125,25,100,91,1276.1919498443604,,0,Tesla T4,7.5,2.11.0+cu128,12.8,2026-08-23T19:11:46.344276+00:00
ca87722a00ebf585cd788c67949e7c0b32dca788,pytorch_eager,PyTorch eager scale + causal mask + softmax,1024,8192,1024,float32,0.125,25,100,92,1279.9040079116821,,0,Tesla T4,7.5,2.11.0+cu128,12.8,2026-08-23T19:11:46.344276+00:00
ca87722a00ebf585cd788c67949e7c0b32dca788,pytorch_eager,PyTorch eager scale + causal mask + softmax,1024,8192,1024,float32,0.125,25,100,93,1283.1679582595825,,0,Tesla T4,7.5,2.11.0+cu128,12.8,2026-08-23T19:11:46.344276+00:00
ca87722a00ebf585cd788c67949e7c0b32dca788,pytorch_eager,PyTorch eager scale + causal mask + softmax,1024,8192,1024,float32,0.125,25,100,94,1278.5600423812866,,0,Tesla T4,7.5,2.11.0+cu128,12.8,2026-08-23T19:11:46.344276+00:00
ca87722a00ebf585cd788c67949e7c0b32dca788,pytorch_eager,PyTorch eager scale + causal mask + softmax,1024,8192,1024,float32,0.125,25,100,95,1279.1359424591064,,0,Tesla T4,7.5,2.11.0+cu128,12.8,2026-08-23T19:11:46.344276+00:00
ca87722a00ebf585cd788c67949e7c0b32dca788,pytorch_eager,PyTorch eager scale + causal mask + softmax,1024,8192,1024,float32,0.125,25,100,96,1274.9760150909424,,0,Tesla T4,7.5,2.11.0+cu128,12.8,2026-08-23T19:11:46.344276+00:00
ca87722a00ebf585cd788c67949e7c0b32dca788,pytorch_eager,PyTorch eager scale + causal mask + softmax,1024,8192,1024,float32,0.125,25,100,97,1275.9360074996948,,0,Tesla T4,7.5,2.11.0+cu128,12.8,2026-08-23T19:11:46.344276+00:00
ca87722a00ebf585cd788c67949e7c0b32dca788,pytorch_eager,PyTorch eager scale + causal mask + softmax,1024,8192,1024,float32,0.125,25,100,98,1276.703953742981,,0,Tesla T4,7.5,2.11.0+cu128,12.8,2026-08-23T19:11:46.344276+00:00
ca87722a00ebf585cd788c67949e7c0b32dca788,pytorch_eager,PyTorch eager scale + causal mask + softmax,1024,8192,1024,float32,0.125,25,100,99,1273.8239765167236,,0,Tesla T4,7.5,2.11.0+cu128,12.8,2026-08-23T19:11:46.344276+00:00
ca87722a00ebf585cd788c67949e7c0b32dca788,torch_compile,torch.compile scale + causal mask + softmax,1024,8192,1024,float32,0.125,25,100,0,520.6720232963562,,1,Tesla T4,7.5,2.11.0+cu128,12.8,2026-08-23T19:11:46.344276+00:00
ca87722a00ebf585cd788c67949e7c0b32dca788,torch_compile,torch.compile scale + causal mask + softmax,1024,8192,1024,float32,0.125,25,100,1,489.1520142555237,,1,Tesla T4,7.5,2.11.0+cu128,12.8,2026-08-23T19:11:46.344276+00:00
ca87722a00ebf585cd788c67949e7c0b32dca788,torch_compile,torch.compile scale + causal mask + softmax,1024,8192,1024,float32,0.125,25,100,2,487.45599389076233,,1,Tesla T4,7.5,2.11.0+cu128,12.8,2026-08-23T19:11:46.344276+00:00
ca87722a00ebf585cd788c67949e7c0b32dca788,torch_compile,torch.compile scale + causal mask + softmax,1024,8192,1024,float32,0.125,25,100,3,499.5200037956238,,1,Tesla T4,7.5,2.11.0+cu128,12.8,2026-08-23T19:11:46.344276+00:00
ca87722a00ebf585cd788c67949e7c0b32dca788,torch_compile,torch.compile scale + causal mask + softmax,1024,8192,1024,float32,0.125,25,100,4,489.3440008163452,,1,Tesla T4,7.5,2.11.0+cu128,12.8,2026-08-23T19:11:46.344276+00:00
ca87722a00ebf585cd788c67949e7c0b32dca788,torch_compile,torch.compile scale + causal mask + softmax,1024,8192,1024,float32,0.125,25,100,5,495.10401487350464,,1,Tesla T4,7.5,2.11.0+cu128,12.8,2026-08-23T19:11:46.344276+00:00
ca87722a00ebf585cd788c67949e7c0b32dca788,torch_compile,torch.compile scale + causal mask + softmax,1024,8192,1024,float32,0.125,25,100,6,497.5360035896301,,1,Tesla T4,7.5,2.11.0+cu128,12.8,2026-08-23T19:11:46.344276+00:00
ca87722a00ebf585cd788c67949e7c0b32dca788,torch_compile,torch.compile scale + causal mask + softmax,1024,8192,1024,float32,0.125,25,100,7,507.9039931297302,,1,Tesla T4,7.5,2.11.0+cu128,12.8,2026-08-23T19:11:46.344276+00:00
ca87722a00ebf585cd788c67949e7c0b32dca788,torch_compile,torch.compile scale + causal mask + softmax,1024,8192,1024,float32,0.125,25,100,8,473.63200783729553,,1,Tesla T4,7.5,2.11.0+cu128,12.8,2026-08-23T19:11:46.344276+00:00
ca87722a00ebf585cd788c67949e7c0b32dca788,torch_compile,torch.compile scale + causal mask + softmax,1024,8192,1024,float32,0.125,25,100,9,495.84001302719116,,1,Tesla T4,7.5,2.11.0+cu128,12.8,2026-08-23T19:11:46.344276+00:00
ca87722a00ebf585cd788c67949e7c0b32dca788,torch_compile,torch.compile scale + causal mask + softmax,1024,8192,1024,float32,0.125,25,100,10,467.51999855041504,,1,Tesla T4,7.5,2.11.0+cu128,12.8,2026-08-23T19:11:46.344276+00:00
ca87722a00ebf585cd788c67949e7c0b32dca788,torch_compile,torch.compile scale + causal mask + softmax,1024,8192,1024,float32,0.125,25,100,11,477.183997631073,,1,Tesla T4,7.5,2.11.0+cu128,12.8,2026-08-23T19:11:46.344276+00:00
ca87722a00ebf585cd788c67949e7c0b32dca788,torch_compile,torch.compile scale + causal mask + softmax,1024,8192,1024,float32,0.125,25,100,12,466.1119878292084,,1,Tesla T4,7.5,2.11.0+cu128,12.8,2026-08-23T19:11:46.344276+00:00
ca87722a00ebf585cd788c67949e7c0b32dca788,torch_compile,torch.compile scale + causal mask + softmax,1024,8192,1024,float32,0.125,25,100,13,484.0959906578064,,1,Tesla T4,7.5,2.11.0+cu128,12.8,2026-08-23T19:11:46.344276+00:00
ca87722a00ebf585cd788c67949e7c0b32dca788,torch_compile,torch.compile scale + causal mask + softmax,1024,8192,1024,float32,0.125,25,100,14,505.3439736366272,,1,Tesla T4,7.5,2.11.0+cu128,12.8,2026-08-23T19:11:46.344276+00:00
ca87722a00ebf585cd788c67949e7c0b32dca788,torch_compile,torch.compile scale + causal mask + softmax,1024,8192,1024,float32,0.125,25,100,15,475.77598690986633,,1,Tesla T4,7.5,2.11.0+cu128,12.8,2026-08-23T19:11:46.344276+00:00
ca87722a00ebf585cd788c67949e7c0b32dca788,torch_compile,torch.compile scale + causal mask + softmax,1024,8192,1024,float32,0.125,25,100,16,463.6479914188385,,1,Tesla T4,7.5,2.11.0+cu128,12.8,2026-08-23T19:11:46.344276+00:00
ca87722a00ebf585cd788c67949e7c0b32dca788,torch_compile,torch.compile scale + causal mask + softmax,1024,8192,1024,float32,0.125,25,100,17,465.37598967552185,,1,Tesla T4,7.5,2.11.0+cu128,12.8,2026-08-23T19:11:46.344276+00:00
ca87722a00ebf585cd788c67949e7c0b32dca788,torch_compile,torch.compile scale + causal mask + softmax,1024,8192,1024,float32,0.125,25,100,18,447.36000895500183,,1,Tesla T4,7.5,2.11.0+cu128,12.8,2026-08-23T19:11:46.344276+00:00
ca87722a00ebf585cd788c67949e7c0b32dca788,torch_compile,torch.compile scale + causal mask + softmax,1024,8192,1024,float32,0.125,25,100,19,468.86399388313293,,1,Tesla T4,7.5,2.11.0+cu128,12.8,2026-08-23T19:11:46.344276+00:00
ca87722a00ebf585cd788c67949e7c0b32dca788,torch_compile,torch.compile scale + causal mask + softmax,1024,8192,1024,float32,0.125,25,100,20,448.4800100326538,,1,Tesla T4,7.5,2.11.0+cu128,12.8,2026-08-23T19:11:46.344276+00:00
ca87722a00ebf585cd788c67949e7c0b32dca788,torch_compile,torch.compile scale + causal mask + softmax,1024,8192,1024,float32,0.125,25,100,21,465.472012758255,,1,Tesla T4,7.5,2.11.0+cu128,12.8,2026-08-23T19:11:46.344276+00:00
ca87722a00ebf585cd788c67949e7c0b32dca788,torch_compile,torch.compile scale + causal mask + softmax,1024,8192,1024,float32,0.125,25,100,22,452.7040123939514,,1,Tesla T4,7.5,2.11.0+cu128,12.8,2026-08-23T19:11:46.344276+00:00
ca87722a00ebf585cd788c67949e7c0b32dca788,torch_compile,torch.compile scale + causal mask + softmax,1024,8192,1024,float32,0.125,25,100,23,476.22400522232056,,1,Tesla T4,7.5,2.11.0+cu128,12.8,2026-08-23T19:11:46.344276+00:00
ca87722a00ebf585cd788c67949e7c0b32dca788,torch_compile,torch.compile scale + causal mask + softmax,1024,8192,1024,float32,0.125,25,100,24,457.5999975204468,,1,Tesla T4,7.5,2.11.0+cu128,12.8,2026-08-23T19:11:46.344276+00:00
ca87722a00ebf585cd788c67949e7c0b32dca788,torch_compile,torch.compile scale + causal mask + softmax,1024,8192,1024,float32,0.125,25,100,25,465.503990650177,,1,Tesla T4,7.5,2.11.0+cu128,12.8,2026-08-23T19:11:46.344276+00:00
ca87722a00ebf585cd788c67949e7c0b32dca788,torch_compile,torch.compile scale + causal mask + softmax,1024,8192,1024,float32,0.125,25,100,26,468.32001209259033,,1,Tesla T4,7.5,2.11.0+cu128,12.8,2026-08-23T19:11:46.344276+00:00
ca87722a00ebf585cd788c67949e7c0b32dca788,torch_compile,torch.compile scale + causal mask + softmax,1024,8192,1024,float32,0.125,25,100,27,460.640013217926,,1,Tesla T4,7.5,2.11.0+cu128,12.8,2026-08-23T19:11:46.344276+00:00
ca87722a00ebf585cd788c67949e7c0b32dca788,torch_compile,torch.compile scale + causal mask + softmax,1024,8192,1024,float32,0.125,25,100,28,447.32800126075745,,1,Tesla T4,7.5,2.11.0+cu128,12.8,2026-08-23T19:11:46.344276+00:00
ca87722a00ebf585cd788c67949e7c0b32dca788,torch_compile,torch.compile scale + causal mask + softmax,1024,8192,1024,float32,0.125,25,100,29,450.5600035190582,,1,Tesla T4,7.5,2.11.0+cu128,12.8,2026-08-23T19:11:46.344276+00:00
ca87722a00ebf585cd788c67949e7c0b32dca788,torch_compile,torch.compile scale + causal mask + softmax,1024,8192,1024,float32,0.125,25,100,30,439.13599848747253,,1,Tesla T4,7.5,2.11.0+cu128,12.8,2026-08-23T19:11:46.344276+00:00
ca87722a00ebf585cd788c67949e7c0b32dca788,torch_compile,torch.compile scale + causal mask + softmax,1024,8192,1024,float32,0.125,25,100,31,487.90401220321655,,1,Tesla T4,7.5,2.11.0+cu128,12.8,2026-08-23T19:11:46.344276+00:00
ca87722a00ebf585cd788c67949e7c0b32dca788,torch_compile,torch.compile scale + causal mask + softmax,1024,8192,1024,float32,0.125,25,100,32,475.13601183891296,,1,Tesla T4,7.5,2.11.0+cu128,12.8,2026-08-23T19:11:46.344276+00:00
ca87722a00ebf585cd788c67949e7c0b32dca788,torch_compile,torch.compile scale + causal mask + softmax,1024,8192,1024,float32,0.125,25,100,33,538.0799770355225,,1,Tesla T4,7.5,2.11.0+cu128,12.8,2026-08-23T19:11:46.344276+00:00
ca87722a00ebf585cd788c67949e7c0b32dca788,torch_compile,torch.compile scale + causal mask + softmax,1024,8192,1024,float32,0.125,25,100,34,455.3920030593872,,1,Tesla T4,7.5,2.11.0+cu128,12.8,2026-08-23T19:11:46.344276+00:00
ca87722a00ebf585cd788c67949e7c0b32dca788,torch_compile,torch.compile scale + causal mask + softmax,1024,8192,1024,float32,0.125,25,100,35,452.57601141929626,,1,Tesla T4,7.5,2.11.0+cu128,12.8,2026-08-23T19:11:46.344276+00:00
ca87722a00ebf585cd788c67949e7c0b32dca788,torch_compile,torch.compile scale + causal mask + softmax,1024,8192,1024,float32,0.125,25,100,36,460.1919949054718,,1,Tesla T4,7.5,2.11.0+cu128,12.8,2026-08-23T19:11:46.344276+00:00
ca87722a00ebf585cd788c67949e7c0b32dca788,torch_compile,torch.compile scale + causal mask + softmax,1024,8192,1024,float32,0.125,25,100,37,446.75201177597046,,1,Tesla T4,7.5,2.11.0+cu128,12.8,2026-08-23T19:11:46.344276+00:00
ca87722a00ebf585cd788c67949e7c0b32dca788,torch_compile,torch.compile scale + causal mask + softmax,1024,8192,1024,float32,0.125,25,100,38,409.6960127353668,,1,Tesla T4,7.5,2.11.0+cu128,12.8,2026-08-23T19:11:46.344276+00:00
ca87722a00ebf585cd788c67949e7c0b32dca788,torch_compile,torch.compile scale + causal mask + softmax,1024,8192,1024,float32,0.125,25,100,39,448.5119879245758,,1,Tesla T4,7.5,2.11.0+cu128,12.8,2026-08-23T19:11:46.344276+00:00
ca87722a00ebf585cd788c67949e7c0b32dca788,torch_compile,torch.compile scale + causal mask + softmax,1024,8192,1024,float32,0.125,25,100,40,408.9919924736023,,1,Tesla T4,7.5,2.11.0+cu128,12.8,2026-08-23T19:11:46.344276+00:00
ca87722a00ebf585cd788c67949e7c0b32dca788,torch_compile,torch.compile scale + causal mask + softmax,1024,8192,1024,float32,0.125,25,100,41,446.8480050563812,,1,Tesla T4,7.5,2.11.0+cu128,12.8,2026-08-23T19:11:46.344276+00:00
ca87722a00ebf585cd788c67949e7c0b32dca788,torch_compile,torch.compile scale + causal mask + softmax,1024,8192,1024,float32,0.125,25,100,42,409.15200114250183,,1,Tesla T4,7.5,2.11.0+cu128,12.8,2026-08-23T19:11:46.344276+00:00
ca87722a00ebf585cd788c67949e7c0b32dca788,torch_compile,torch.compile scale + causal mask + softmax,1024,8192,1024,float32,0.125,25,100,43,493.3759868144989,,1,Tesla T4,7.5,2.11.0+cu128,12.8,2026-08-23T19:11:46.344276+00:00
ca87722a00ebf585cd788c67949e7c0b32dca788,torch_compile,torch.compile scale + causal mask + softmax,1024,8192,1024,float32,0.125,25,100,44,446.49600982666016,,1,Tesla T4,7.5,2.11.0+cu128,12.8,2026-08-23T19:11:46.344276+00:00
ca87722a00ebf585cd788c67949e7c0b32dca788,torch_compile,torch.compile scale + causal mask + softmax,1024,8192,1024,float32,0.125,25,100,45,495.5199956893921,,1,Tesla T4,7.5,2.11.0+cu128,12.8,2026-08-23T19:11:46.344276+00:00
ca87722a00ebf585cd788c67949e7c0b32dca788,torch_compile,torch.compile scale + causal mask + softmax,1024,8192,1024,float32,0.125,25,100,46,426.0160028934479,,1,Tesla T4,7.5,2.11.0+cu128,12.8,2026-08-23T19:11:46.344276+00:00
ca87722a00ebf585cd788c67949e7c0b32dca788,torch_compile,torch.compile scale + causal mask + softmax,1024,8192,1024,float32,0.125,25,100,47,478.4640073776245,,1,Tesla T4,7.5,2.11.0+cu128,12.8,2026-08-23T19:11:46.344276+00:00
ca87722a00ebf585cd788c67949e7c0b32dca788,torch_compile,torch.compile scale + causal mask + softmax,1024,8192,1024,float32,0.125,25,100,48,471.74400091171265,,1,Tesla T4,7.5,2.11.0+cu128,12.8,2026-08-23T19:11:46.344276+00:00
ca87722a00ebf585cd788c67949e7c0b32dca788,torch_compile,torch.compile scale + causal mask + softmax,1024,8192,1024,float32,0.125,25,100,49,509.95200872421265,,1,Tesla T4,7.5,2.11.0+cu128,12.8,2026-08-23T19:11:46.344276+00:00
ca87722a00ebf585cd788c67949e7c0b32dca788,torch_compile,torch.compile scale + causal mask + softmax,1024,8192,1024,float32,0.125,25,100,50,486.1760139465332,,1,Tesla T4,7.5,2.11.0+cu128,12.8,2026-08-23T19:11:46.344276+00:00
ca87722a00ebf585cd788c67949e7c0b32dca788,torch_compile,torch.compile scale + causal mask + softmax,1024,8192,1024,float32,0.125,25,100,51,473.1200039386749,,1,Tesla T4,7.5,2.11.0+cu128,12.8,2026-08-23T19:11:46.344276+00:00
ca87722a00ebf585cd788c67949e7c0b32dca788,torch_compile,torch.compile scale + causal mask + softmax,1024,8192,1024,float32,0.125,25,100,52,452.06400752067566,,1,Tesla T4,7.5,2.11.0+cu128,12.8,2026-08-23T19:11:46.344276+00:00
ca87722a00ebf585cd788c67949e7c0b32dca788,torch_compile,torch.compile scale + causal mask + softmax,1024,8192,1024,float32,0.125,25,100,53,465.08800983428955,,1,Tesla T4,7.5,2.11.0+cu128,12.8,2026-08-23T19:11:46.344276+00:00
ca87722a00ebf585cd788c67949e7c0b32dca788,torch_compile,torch.compile scale + causal mask + softmax,1024,8192,1024,float32,0.125,25,100,54,453.0879855155945,,1,Tesla T4,7.5,2.11.0+cu128,12.8,2026-08-23T19:11:46.344276+00:00
ca87722a00ebf585cd788c67949e7c0b32dca788,torch_compile,torch.compile scale + causal mask + softmax,1024,8192,1024,float32,0.125,25,100,55,479.8080027103424,,1,Tesla T4,7.5,2.11.0+cu128,12.8,2026-08-23T19:11:46.344276+00:00
ca87722a00ebf585cd788c67949e7c0b32dca788,torch_compile,torch.compile scale + causal mask + softmax,1024,8192,1024,float32,0.125,25,100,56,487.10399866104126,,1,Tesla T4,7.5,2.11.0+cu128,12.8,2026-08-23T19:11:46.344276+00:00
ca87722a00ebf585cd788c67949e7c0b32dca788,torch_compile,torch.compile scale + causal mask + softmax,1024,8192,1024,float32,0.125,25,100,57,479.20000553131104,,1,Tesla T4,7.5,2.11.0+cu128,12.8,2026-08-23T19:11:46.344276+00:00
ca87722a00ebf585cd788c67949e7c0b32dca788,torch_compile,torch.compile scale + causal mask + softmax,1024,8192,1024,float32,0.125,25,100,58,441.72799587249756,,1,Tesla T4,7.5,2.11.0+cu128,12.8,2026-08-23T19:11:46.344276+00:00
ca87722a00ebf585cd788c67949e7c0b32dca788,torch_compile,torch.compile scale + causal mask + softmax,1024,8192,1024,float32,0.125,25,100,59,475.13601183891296,,1,Tesla T4,7.5,2.11.0+cu128,12.8,2026-08-23T19:11:46.344276+00:00
ca87722a00ebf585cd788c67949e7c0b32dca788,torch_compile,torch.compile scale + causal mask + softmax,1024,8192,1024,float32,0.125,25,100,60,458.3680033683777,,1,Tesla T4,7.5,2.11.0+cu128,12.8,2026-08-23T19:11:46.344276+00:00
ca87722a00ebf585cd788c67949e7c0b32dca788,torch_compile,torch.compile scale + causal mask + softmax,1024,8192,1024,float32,0.125,25,100,61,467.3919975757599,,1,Tesla T4,7.5,2.11.0+cu128,12.8,2026-08-23T19:11:46.344276+00:00
ca87722a00ebf585cd788c67949e7c0b32dca788,torch_compile,torch.compile scale + causal mask + softmax,1024,8192,1024,float32,0.125,25,100,62,448.5119879245758,,1,Tesla T4,7.5,2.11.0+cu128,12.8,2026-08-23T19:11:46.344276+00:00
ca87722a00ebf585cd788c67949e7c0b32dca788,torch_compile,torch.compile scale + causal mask + softmax,1024,8192,1024,float32,0.125,25,100,63,446.46400213241577,,1,Tesla T4,7.5,2.11.0+cu128,12.8,2026-08-23T19:11:46.344276+00:00
ca87722a00ebf585cd788c67949e7c0b32dca788,torch_compile,torch.compile scale + causal mask + softmax,1024,8192,1024,float32,0.125,25,100,64,457.7920138835907,,1,Tesla T4,7.5,2.11.0+cu128,12.8,2026-08-23T19:11:46.344276+00:00
ca87722a00ebf585cd788c67949e7c0b32dca788,torch_compile,torch.compile scale + causal mask + softmax,1024,8192,1024,float32,0.125,25,100,65,465.7920002937317,,1,Tesla T4,7.5,2.11.0+cu128,12.8,2026-08-23T19:11:46.344276+00:00
ca87722a00ebf585cd788c67949e7c0b32dca788,torch_compile,torch.compile scale + causal mask + softmax,1024,8192,1024,float32,0.125,25,100,66,465.9839868545532,,1,Tesla T4,7.5,2.11.0+cu128,12.8,2026-08-23T19:11:46.344276+00:00
ca87722a00ebf585cd788c67949e7c0b32dca788,torch_compile,torch.compile scale + causal mask + softmax,1024,8192,1024,float32,0.125,25,100,67,429.8880100250244,,1,Tesla T4,7.5,2.11.0+cu128,12.8,2026-08-23T19:11:46.344276+00:00
ca87722a00ebf585cd788c67949e7c0b32dca788,torch_compile,torch.compile scale + causal mask + softmax,1024,8192,1024,float32,0.125,25,100,68,434.01598930358887,,1,Tesla T4,7.5,2.11.0+cu128,12.8,2026-08-23T19:11:46.344276+00:00
ca87722a00ebf585cd788c67949e7c0b32dca788,torch_compile,torch.compile scale + causal mask + softmax,1024,8192,1024,float32,0.125,25,100,69,472.6400077342987,,1,Tesla T4,7.5,2.11.0+cu128,12.8,2026-08-23T19:11:46.344276+00:00
ca87722a00ebf585cd788c67949e7c0b32dca788,torch_compile,torch.compile scale + causal mask + softmax,1024,8192,1024,float32,0.125,25,100,70,459.9039852619171,,1,Tesla T4,7.5,2.11.0+cu128,12.8,2026-08-23T19:11:46.344276+00:00
ca87722a00ebf585cd788c67949e7c0b32dca788,torch_compile,torch.compile scale + causal mask + softmax,1024,8192,1024,float32,0.125,25,100,71,471.1360037326813,,1,Tesla T4,7.5,2.11.0+cu128,12.8,2026-08-23T19:11:46.344276+00:00
ca87722a00ebf585cd788c67949e7c0b32dca788,torch_compile,torch.compile scale + causal mask + softmax,1024,8192,1024,float32,0.125,25,100,72,471.0400104522705,,1,Tesla T4,7.5,2.11.0+cu128,12.8,2026-08-23T19:11:46.344276+00:00
ca87722a00ebf585cd788c67949e7c0b32dca788,torch_compile,torch.compile scale + causal mask + softmax,1024,8192,1024,float32,0.125,25,100,73,451.51999592781067,,1,Tesla T4,7.5,2.11.0+cu128,12.8,2026-08-23T19:11:46.344276+00:00
ca87722a00ebf585cd788c67949e7c0b32dca788,torch_compile,torch.compile scale + causal mask + softmax,1024,8192,1024,float32,0.125,25,100,74,456.2239944934845,,1,Tesla T4,7.5,2.11.0+cu128,12.8,2026-08-23T19:11:46.344276+00:00
ca87722a00ebf585cd788c67949e7c0b32dca788,torch_compile,torch.compile scale + causal mask + softmax,1024,8192,1024,float32,0.125,25,100,75,454.23999428749084,,1,Tesla T4,7.5,2.11.0+cu128,12.8,2026-08-23T19:11:46.344276+00:00
ca87722a00ebf585cd788c67949e7c0b32dca788,torch_compile,torch.compile scale + causal mask + softmax,1024,8192,1024,float32,0.125,25,100,76,435.9680116176605,,1,Tesla T4,7.5,2.11.0+cu128,12.8,2026-08-23T19:11:46.344276+00:00
ca87722a00ebf585cd788c67949e7c0b32dca788,torch_compile,torch.compile scale + causal mask + softmax,1024,8192,1024,float32,0.125,25,100,77,444.41598653793335,,1,Tesla T4,7.5,2.11.0+cu128,12.8,2026-08-23T19:11:46.344276+00:00
ca87722a00ebf585cd788c67949e7c0b32dca788,torch_compile,torch.compile scale + causal mask + softmax,1024,8192,1024,float32,0.125,25,100,78,454.6560049057007,,1,Tesla T4,7.5,2.11.0+cu128,12.8,2026-08-23T19:11:46.344276+00:00
ca87722a00ebf585cd788c67949e7c0b32dca788,torch_compile,torch.compile scale + causal mask + softmax,1024,8192,1024,float32,0.125,25,100,79,467.5520062446594,,1,Tesla T4,7.5,2.11.0+cu128,12.8,2026-08-23T19:11:46.344276+00:00
ca87722a00ebf585cd788c67949e7c0b32dca788,torch_compile,torch.compile scale + causal mask + softmax,1024,8192,1024,float32,0.125,25,100,80,434.2400133609772,,1,Tesla T4,7.5,2.11.0+cu128,12.8,2026-08-23T19:11:46.344276+00:00
ca87722a00ebf585cd788c67949e7c0b32dca788,torch_compile,torch.compile scale + causal mask + softmax,1024,8192,1024,float32,0.125,25,100,81,469.4080054759979,,1,Tesla T4,7.5,2.11.0+cu128,12.8,2026-08-23T19:11:46.344276+00:00
ca87722a00ebf585cd788c67949e7c0b32dca788,torch_compile,torch.compile scale + causal mask + softmax,1024,8192,1024,float32,0.125,25,100,82,450.5920112133026,,1,Tesla T4,7.5,2.11.0+cu128,12.8,2026-08-23T19:11:46.344276+00:00
ca87722a00ebf585cd788c67949e7c0b32dca788,torch_compile,torch.compile scale + causal mask + softmax,1024,8192,1024,float32,0.125,25,100,83,468.639999628067,,1,Tesla T4,7.5,2.11.0+cu128,12.8,2026-08-23T19:11:46.344276+00:00
ca87722a00ebf585cd788c67949e7c0b32dca788,torch_compile,torch.compile scale + causal mask + softmax,1024,8192,1024,float32,0.125,25,100,84,485.4399859905243,,1,Tesla T4,7.5,2.11.0+cu128,12.8,2026-08-23T19:11:46.344276+00:00
ca87722a00ebf585cd788c67949e7c0b32dca788,torch_compile,torch.compile scale + causal mask + softmax,1024,8192,1024,float32,0.125,25,100,85,477.08800435066223,,1,Tesla T4,7.5,2.11.0+cu128,12.8,2026-08-23T19:11:46.344276+00:00
ca87722a00ebf585cd788c67949e7c0b32dca788,torch_compile,torch.compile scale + causal mask + softmax,1024,8192,1024,float32,0.125,25,100,86,439.4879937171936,,1,Tesla T4,7.5,2.11.0+cu128,12.8,2026-08-23T19:11:46.344276+00:00
ca87722a00ebf585cd788c67949e7c0b32dca788,torch_compile,torch.compile scale + causal mask + softmax,1024,8192,1024,float32,0.125,25,100,87,488.44799399375916,,1,Tesla T4,7.5,2.11.0+cu128,12.8,2026-08-23T19:11:46.344276+00:00
ca87722a00ebf585cd788c67949e7c0b32dca788,torch_compile,torch.compile scale + causal mask + softmax,1024,8192,1024,float32,0.125,25,100,88,434.7839951515198,,1,Tesla T4,7.5,2.11.0+cu128,12.8,2026-08-23T19:11:46.344276+00:00
ca87722a00ebf585cd788c67949e7c0b32dca788,torch_compile,torch.compile scale + causal mask + softmax,1024,8192,1024,float32,0.125,25,100,89,430.6879937648773,,1,Tesla T4,7.5,2.11.0+cu128,12.8,2026-08-23T19:11:46.344276+00:00
ca87722a00ebf585cd788c67949e7c0b32dca788,torch_compile,torch.compile scale + causal mask + softmax,1024,8192,1024,float32,0.125,25,100,90,419.0079867839813,,1,Tesla T4,7.5,2.11.0+cu128,12.8,2026-08-23T19:11:46.344276+00:00
ca87722a00ebf585cd788c67949e7c0b32dca788,torch_compile,torch.compile scale + causal mask + softmax,1024,8192,1024,float32,0.125,25,100,91,450.8480131626129,,1,Tesla T4,7.5,2.11.0+cu128,12.8,2026-08-23T19:11:46.344276+00:00
ca87722a00ebf585cd788c67949e7c0b32dca788,torch_compile,torch.compile scale + causal mask + softmax,1024,8192,1024,float32,0.125,25,100,92,428.0639886856079,,1,Tesla T4,7.5,2.11.0+cu128,12.8,2026-08-23T19:11:46.344276+00:00
ca87722a00ebf585cd788c67949e7c0b32dca788,torch_compile,torch.compile scale + causal mask + softmax,1024,8192,1024,float32,0.125,25,100,93,408.1920087337494,,1,Tesla T4,7.5,2.11.0+cu128,12.8,2026-08-23T19:11:46.344276+00:00
ca87722a00ebf585cd788c67949e7c0b32dca788,torch_compile,torch.compile scale + causal mask + softmax,1024,8192,1024,float32,0.125,25,100,94,429.1839897632599,,1,Tesla T4,7.5,2.11.0+cu128,12.8,2026-08-23T19:11:46.344276+00:00
ca87722a00ebf585cd788c67949e7c0b32dca788,torch_compile,torch.compile scale + causal mask + softmax,1024,8192,1024,float32,0.125,25,100,95,419.295996427536,,1,Tesla T4,7.5,2.11.0+cu128,12.8,2026-08-23T19:11:46.344276+00:00
ca87722a00ebf585cd788c67949e7c0b32dca788,torch_compile,torch.compile scale + causal mask + softmax,1024,8192,1024,float32,0.125,25,100,96,458.8800072669983,,1,Tesla T4,7.5,2.11.0+cu128,12.8,2026-08-23T19:11:46.344276+00:00
ca87722a00ebf585cd788c67949e7c0b32dca788,torch_compile,torch.compile scale + causal mask + softmax,1024,8192,1024,float32,0.125,25,100,97,489.53598737716675,,1,Tesla T4,7.5,2.11.0+cu128,12.8,2026-08-23T19:11:46.344276+00:00
ca87722a00ebf585cd788c67949e7c0b32dca788,torch_compile,torch.compile scale + causal mask + softmax,1024,8192,1024,float32,0.125,25,100,98,468.9919948577881,,1,Tesla T4,7.5,2.11.0+cu128,12.8,2026-08-23T19:11:46.344276+00:00
ca87722a00ebf585cd788c67949e7c0b32dca788,torch_compile,torch.compile scale + causal mask + softmax,1024,8192,1024,float32,0.125,25,100,99,483.3599925041199,,1,Tesla T4,7.5,2.11.0+cu128,12.8,2026-08-23T19:11:46.344276+00:00
ca87722a00ebf585cd788c67949e7c0b32dca788,custom_cuda,warp-reduction custom CUDA fused scale + mask + softmax; block_size=128,1024,8192,1024,float32,0.125,25,100,0,383.2640051841736,128,0,Tesla T4,7.5,2.11.0+cu128,12.8,2026-08-23T19:11:46.344276+00:00
ca87722a00ebf585cd788c67949e7c0b32dca788,custom_cuda,warp-reduction custom CUDA fused scale + mask + softmax; block_size=128,1024,8192,1024,float32,0.125,25,100,1,388.35200667381287,128,0,Tesla T4,7.5,2.11.0+cu128,12.8,2026-08-23T19:11:46.344276+00:00
ca87722a00ebf585cd788c67949e7c0b32dca788,custom_cuda,warp-reduction custom CUDA fused scale + mask + softmax; block_size=128,1024,8192,1024,float32,0.125,25,100,2,385.0559890270233,128,0,Tesla T4,7.5,2.11.0+cu128,12.8,2026-08-23T19:11:46.344276+00:00
ca87722a00ebf585cd788c67949e7c0b32dca788,custom_cuda,warp-reduction custom CUDA fused scale + mask + softmax; block_size=128,1024,8192,1024,float32,0.125,25,100,3,404.4800102710724,128,0,Tesla T4,7.5,2.11.0+cu128,12.8,2026-08-23T19:11:46.344276+00:00
ca87722a00ebf585cd788c67949e7c0b32dca788,custom_cuda,warp-reduction custom CUDA fused scale + mask + softmax; block_size=128,1024,8192,1024,float32,0.125,25,100,4,368.80001425743103,128,0,Tesla T4,7.5,2.11.0+cu128,12.8,2026-08-23T19:11:46.344276+00:00
ca87722a00ebf585cd788c67949e7c0b32dca788,custom_cuda,warp-reduction custom CUDA fused scale + mask + softmax; block_size=128,1024,8192,1024,float32,0.125,25,100,5,357.2480082511902,128,0,Tesla T4,7.5,2.11.0+cu128,12.8,2026-08-23T19:11:46.344276+00:00
ca87722a00ebf585cd788c67949e7c0b32dca788,custom_cuda,warp-reduction custom CUDA fused scale + mask + softmax; block_size=128,1024,8192,1024,float32,0.125,25,100,6,362.4959886074066,128,0,Tesla T4,7.5,2.11.0+cu128,12.8,2026-08-23T19:11:46.344276+00:00
ca87722a00ebf585cd788c67949e7c0b32dca788,custom_cuda,warp-reduction custom CUDA fused scale + mask + softmax; block_size=128,1024,8192,1024,float32,0.125,25,100,7,355.3920090198517,128,0,Tesla T4,7.5,2.11.0+cu128,12.8,2026-08-23T19:11:46.344276+00:00
ca87722a00ebf585cd788c67949e7c0b32dca788,custom_cuda,warp-reduction custom CUDA fused scale + mask + softmax; block_size=128,1024,8192,1024,float32,0.125,25,100,8,363.93600702285767,128,0,Tesla T4,7.5,2.11.0+cu128,12.8,2026-08-23T19:11:46.344276+00:00
ca87722a00ebf585cd788c67949e7c0b32dca788,custom_cuda,warp-reduction custom CUDA fused scale + mask + softmax; block_size=128,1024,8192,1024,float32,0.125,25,100,9,361.4400029182434,128,0,Tesla T4,7.5,2.11.0+cu128,12.8,2026-08-23T19:11:46.344276+00:00
ca87722a00ebf585cd788c67949e7c0b32dca788,custom_cuda,warp-reduction custom CUDA fused scale + mask + softmax; block_size=128,1024,8192,1024,float32,0.125,25,100,10,354.3359935283661,128,0,Tesla T4,7.5,2.11.0+cu128,12.8,2026-08-23T19:11:46.344276+00:00
ca87722a00ebf585cd788c67949e7c0b32dca788,custom_cuda,warp-reduction custom CUDA fused scale + mask + softmax; block_size=128,1024,8192,1024,float32,0.125,25,100,11,363.5520040988922,128,0,Tesla T4,7.5,2.11.0+cu128,12.8,2026-08-23T19:11:46.344276+00:00
ca87722a00ebf585cd788c67949e7c0b32dca788,custom_cuda,warp-reduction custom CUDA fused scale + mask + softmax; block_size=128,1024,8192,1024,float32,0.125,25,100,12,356.57599568367004,128,0,Tesla T4,7.5,2.11.0+cu128,12.8,2026-08-23T19:11:46.344276+00:00
ca87722a00ebf585cd788c67949e7c0b32dca788,custom_cuda,warp-reduction custom CUDA fused scale + mask + softmax; block_size=128,1024,8192,1024,float32,0.125,25,100,13,354.3039858341217,128,0,Tesla T4,7.5,2.11.0+cu128,12.8,2026-08-23T19:11:46.344276+00:00
ca87722a00ebf585cd788c67949e7c0b32dca788,custom_cuda,warp-reduction custom CUDA fused scale + mask + softmax; block_size=128,1024,8192,1024,float32,0.125,25,100,14,364.3839955329895,128,0,Tesla T4,7.5,2.11.0+cu128,12.8,2026-08-23T19:11:46.344276+00:00
ca87722a00ebf585cd788c67949e7c0b32dca788,custom_cuda,warp-reduction custom CUDA fused scale + mask + softmax; block_size=128,1024,8192,1024,float32,0.125,25,100,15,358.240008354187,128,0,Tesla T4,7.5,2.11.0+cu128,12.8,2026-08-23T19:11:46.344276+00:00
ca87722a00ebf585cd788c67949e7c0b32dca788,custom_cuda,warp-reduction custom CUDA fused scale + mask + softmax; block_size=128,1024,8192,1024,float32,0.125,25,100,16,378.6880075931549,128,0,Tesla T4,7.5,2.11.0+cu128,12.8,2026-08-23T19:11:46.344276+00:00
ca87722a00ebf585cd788c67949e7c0b32dca788,custom_cuda,warp-reduction custom CUDA fused scale + mask + softmax; block_size=128,1024,8192,1024,float32,0.125,25,100,17,372.8959858417511,128,0,Tesla T4,7.5,2.11.0+cu128,12.8,2026-08-23T19:11:46.344276+00:00
ca87722a00ebf585cd788c67949e7c0b32dca788,custom_cuda,warp-reduction custom CUDA fused scale + mask + softmax; block_size=128,1024,8192,1024,float32,0.125,25,100,18,358.43199491500854,128,0,Tesla T4,7.5,2.11.0+cu128,12.8,2026-08-23T19:11:46.344276+00:00
ca87722a00ebf585cd788c67949e7c0b32dca788,custom_cuda,warp-reduction custom CUDA fused scale + mask + softmax; block_size=128,1024,8192,1024,float32,0.125,25,100,19,359.8720133304596,128,0,Tesla T4,7.5,2.11.0+cu128,12.8,2026-08-23T19:11:46.344276+00:00
ca87722a00ebf585cd788c67949e7c0b32dca788,custom_cuda,warp-reduction custom CUDA fused scale + mask + softmax; block_size=128,1024,8192,1024,float32,0.125,25,100,20,357.60000348091125,128,0,Tesla T4,7.5,2.11.0+cu128,12.8,2026-08-23T19:11:46.344276+00:00
ca87722a00ebf585cd788c67949e7c0b32dca788,custom_cuda,warp-reduction custom CUDA fused scale + mask + softmax; block_size=128,1024,8192,1024,float32,0.125,25,100,21,358.94399881362915,128,0,Tesla T4,7.5,2.11.0+cu128,12.8,2026-08-23T19:11:46.344276+00:00
ca87722a00ebf585cd788c67949e7c0b32dca788,custom_cuda,warp-reduction custom CUDA fused scale + mask + softmax; block_size=128,1024,8192,1024,float32,0.125,25,100,22,356.3520014286041,128,0,Tesla T4,7.5,2.11.0+cu128,12.8,2026-08-23T19:11:46.344276+00:00
ca87722a00ebf585cd788c67949e7c0b32dca788,custom_cuda,warp-reduction custom CUDA fused scale + mask + softmax; block_size=128,1024,8192,1024,float32,0.125,25,100,23,355.8720052242279,128,0,Tesla T4,7.5,2.11.0+cu128,12.8,2026-08-23T19:11:46.344276+00:00
ca87722a00ebf585cd788c67949e7c0b32dca788,custom_cuda,warp-reduction custom CUDA fused scale + mask + softmax; block_size=128,1024,8192,1024,float32,0.125,25,100,24,358.43199491500854,128,0,Tesla T4,7.5,2.11.0+cu128,12.8,2026-08-23T19:11:46.344276+00:00
ca87722a00ebf585cd788c67949e7c0b32dca788,custom_cuda,warp-reduction custom CUDA fused scale + mask + softmax; block_size=128,1024,8192,1024,float32,0.125,25,100,25,356.7039966583252,128,0,Tesla T4,7.5,2.11.0+cu128,12.8,2026-08-23T19:11:46.344276+00:00
ca87722a00ebf585cd788c67949e7c0b32dca788,custom_cuda,warp-reduction custom CUDA fused scale + mask + softmax; block_size=128,1024,8192,1024,float32,0.125,25,100,26,358.43199491500854,128,0,Tesla T4,7.5,2.11.0+cu128,12.8,2026-08-23T19:11:46.344276+00:00
ca87722a00ebf585cd788c67949e7c0b32dca788,custom_cuda,warp-reduction custom CUDA fused scale + mask + softmax; block_size=128,1024,8192,1024,float32,0.125,25,100,27,358.39998722076416,128,0,Tesla T4,7.5,2.11.0+cu128,12.8,2026-08-23T19:11:46.344276+00:00
ca87722a00ebf585cd788c67949e7c0b32dca788,custom_cuda,warp-reduction custom CUDA fused scale + mask + softmax; block_size=128,1024,8192,1024,float32,0.125,25,100,28,356.00000619888306,128,0,Tesla T4,7.5,2.11.0+cu128,12.8,2026-08-23T19:11:46.344276+00:00
ca87722a00ebf585cd788c67949e7c0b32dca788,custom_cuda,warp-reduction custom CUDA fused scale + mask + softmax; block_size=128,1024,8192,1024,float32,0.125,25,100,29,361.91999912261963,128,0,Tesla T4,7.5,2.11.0+cu128,12.8,2026-08-23T19:11:46.344276+00:00
ca87722a00ebf585cd788c67949e7c0b32dca788,custom_cuda,warp-reduction custom CUDA fused scale + mask + softmax; block_size=128,1024,8192,1024,float32,0.125,25,100,30,372.22400307655334,128,0,Tesla T4,7.5,2.11.0+cu128,12.8,2026-08-23T19:11:46.344276+00:00
ca87722a00ebf585cd788c67949e7c0b32dca788,custom_cuda,warp-reduction custom CUDA fused scale + mask + softmax; block_size=128,1024,8192,1024,float32,0.125,25,100,31,359.74401235580444,128,0,Tesla T4,7.5,2.11.0+cu128,12.8,2026-08-23T19:11:46.344276+00:00
ca87722a00ebf585cd788c67949e7c0b32dca788,custom_cuda,warp-reduction custom CUDA fused scale + mask + softmax; block_size=128,1024,8192,1024,float32,0.125,25,100,32,362.4959886074066,128,0,Tesla T4,7.5,2.11.0+cu128,12.8,2026-08-23T19:11:46.344276+00:00
ca87722a00ebf585cd788c67949e7c0b32dca788,custom_cuda,warp-reduction custom CUDA fused scale + mask + softmax; block_size=128,1024,8192,1024,float32,0.125,25,100,33,356.79998993873596,128,0,Tesla T4,7.5,2.11.0+cu128,12.8,2026-08-23T19:11:46.344276+00:00
ca87722a00ebf585cd788c67949e7c0b32dca788,custom_cuda,warp-reduction custom CUDA fused scale + mask + softmax; block_size=128,1024,8192,1024,float32,0.125,25,100,34,372.76801466941833,128,0,Tesla T4,7.5,2.11.0+cu128,12.8,2026-08-23T19:11:46.344276+00:00
ca87722a00ebf585cd788c67949e7c0b32dca788,custom_cuda,warp-reduction custom CUDA fused scale + mask + softmax; block_size=128,1024,8192,1024,float32,0.125,25,100,35,356.224000453949,128,0,Tesla T4,7.5,2.11.0+cu128,12.8,2026-08-23T19:11:46.344276+00:00
ca87722a00ebf585cd788c67949e7c0b32dca788,custom_cuda,warp-reduction custom CUDA fused scale + mask + softmax; block_size=128,1024,8192,1024,float32,0.125,25,100,36,355.8720052242279,128,0,Tesla T4,7.5,2.11.0+cu128,12.8,2026-08-23T19:11:46.344276+00:00
ca87722a00ebf585cd788c67949e7c0b32dca788,custom_cuda,warp-reduction custom CUDA fused scale + mask + softmax; block_size=128,1024,8192,1024,float32,0.125,25,100,37,358.8480055332184,128,0,Tesla T4,7.5,2.11.0+cu128,12.8,2026-08-23T19:11:46.344276+00:00
ca87722a00ebf585cd788c67949e7c0b32dca788,custom_cuda,warp-reduction custom CUDA fused scale + mask + softmax; block_size=128,1024,8192,1024,float32,0.125,25,100,38,354.3039858341217,128,0,Tesla T4,7.5,2.11.0+cu128,12.8,2026-08-23T19:11:46.344276+00:00
ca87722a00ebf585cd788c67949e7c0b32dca788,custom_cuda,warp-reduction custom CUDA fused scale + mask + softmax; block_size=128,1024,8192,1024,float32,0.125,25,100,39,358.36800932884216,128,0,Tesla T4,7.5,2.11.0+cu128,12.8,2026-08-23T19:11:46.344276+00:00
ca87722a00ebf585cd788c67949e7c0b32dca788,custom_cuda,warp-reduction custom CUDA fused scale + mask + softmax; block_size=128,1024,8192,1024,float32,0.125,25,100,40,406.1119854450226,128,0,Tesla T4,7.5,2.11.0+cu128,12.8,2026-08-23T19:11:46.344276+00:00
ca87722a00ebf585cd788c67949e7c0b32dca788,custom_cuda,warp-reduction custom CUDA fused scale + mask + softmax; block_size=128,1024,8192,1024,float32,0.125,25,100,41,358.43199491500854,128,0,Tesla T4,7.5,2.11.0+cu128,12.8,2026-08-23T19:11:46.344276+00:00
ca87722a00ebf585cd788c67949e7c0b32dca788,custom_cuda,warp-reduction custom CUDA fused scale + mask + softmax; block_size=128,1024,8192,1024,float32,0.125,25,100,42,380.2559971809387,128,0,Tesla T4,7.5,2.11.0+cu128,12.8,2026-08-23T19:11:46.344276+00:00
ca87722a00ebf585cd788c67949e7c0b32dca788,custom_cuda,warp-reduction custom CUDA fused scale + mask + softmax; block_size=128,1024,8192,1024,float32,0.125,25,100,43,360.48001050949097,128,0,Tesla T4,7.5,2.11.0+cu128,12.8,2026-08-23T19:11:46.344276+00:00
ca87722a00ebf585cd788c67949e7c0b32dca788,custom_cuda,warp-reduction custom CUDA fused scale + mask + softmax; block_size=128,1024,8192,1024,float32,0.125,25,100,44,360.6719970703125,128,0,Tesla T4,7.5,2.11.0+cu128,12.8,2026-08-23T19:11:46.344276+00:00
ca87722a00ebf585cd788c67949e7c0b32dca788,custom_cuda,warp-reduction custom CUDA fused scale + mask + softmax; block_size=128,1024,8192,1024,float32,0.125,25,100,45,359.360009431839,128,0,Tesla T4,7.5,2.11.0+cu128,12.8,2026-08-23T19:11:46.344276+00:00
ca87722a00ebf585cd788c67949e7c0b32dca788,custom_cuda,warp-reduction custom CUDA fused scale + mask + softmax; block_size=128,1024,8192,1024,float32,0.125,25,100,46,355.23200035095215,128,0,Tesla T4,7.5,2.11.0+cu128,12.8,2026-08-23T19:11:46.344276+00:00
ca87722a00ebf585cd788c67949e7c0b32dca788,custom_cuda,warp-reduction custom CUDA fused scale + mask + softmax; block_size=128,1024,8192,1024,float32,0.125,25,100,47,358.39998722076416,128,0,Tesla T4,7.5,2.11.0+cu128,12.8,2026-08-23T19:11:46.344276+00:00
ca87722a00ebf585cd788c67949e7c0b32dca788,custom_cuda,warp-reduction custom CUDA fused scale + mask + softmax; block_size=128,1024,8192,1024,float32,0.125,25,100,48,361.2160086631775,128,0,Tesla T4,7.5,2.11.0+cu128,12.8,2026-08-23T19:11:46.344276+00:00
ca87722a00ebf585cd788c67949e7c0b32dca788,custom_cuda,warp-reduction custom CUDA fused scale + mask + softmax; block_size=128,1024,8192,1024,float32,0.125,25,100,49,362.527996301651,128,0,Tesla T4,7.5,2.11.0+cu128,12.8,2026-08-23T19:11:46.344276+00:00
ca87722a00ebf585cd788c67949e7c0b32dca788,custom_cuda,warp-reduction custom CUDA fused scale + mask + softmax; block_size=128,1024,8192,1024,float32,0.125,25,100,50,358.39998722076416,128,0,Tesla T4,7.5,2.11.0+cu128,12.8,2026-08-23T19:11:46.344276+00:00
ca87722a00ebf585cd788c67949e7c0b32dca788,custom_cuda,warp-reduction custom CUDA fused scale + mask + softmax; block_size=128,1024,8192,1024,float32,0.125,25,100,51,355.80798983573914,128,0,Tesla T4,7.5,2.11.0+cu128,12.8,2026-08-23T19:11:46.344276+00:00
ca87722a00ebf585cd788c67949e7c0b32dca788,custom_cuda,warp-reduction custom CUDA fused scale + mask + softmax; block_size=128,1024,8192,1024,float32,0.125,25,100,52,360.48001050949097,128,0,Tesla T4,7.5,2.11.0+cu128,12.8,2026-08-23T19:11:46.344276+00:00
ca87722a00ebf585cd788c67949e7c0b32dca788,custom_cuda,warp-reduction custom CUDA fused scale + mask + softmax; block_size=128,1024,8192,1024,float32,0.125,25,100,53,356.3520014286041,128,0,Tesla T4,7.5,2.11.0+cu128,12.8,2026-08-23T19:11:46.344276+00:00
ca87722a00ebf585cd788c67949e7c0b32dca788,custom_cuda,warp-reduction custom CUDA fused scale + mask + softmax; block_size=128,1024,8192,1024,float32,0.125,25,100,54,367.71199107170105,128,0,Tesla T4,7.5,2.11.0+cu128,12.8,2026-08-23T19:11:46.344276+00:00
ca87722a00ebf585cd788c67949e7c0b32dca788,custom_cuda,warp-reduction custom CUDA fused scale + mask + softmax; block_size=128,1024,8192,1024,float32,0.125,25,100,55,375.4560053348541,128,0,Tesla T4,7.5,2.11.0+cu128,12.8,2026-08-23T19:11:46.344276+00:00
ca87722a00ebf585cd788c67949e7c0b32dca788,custom_cuda,warp-reduction custom CUDA fused scale + mask + softmax; block_size=128,1024,8192,1024,float32,0.125,25,100,56,357.37600922584534,128,0,Tesla T4,7.5,2.11.0+cu128,12.8,2026-08-23T19:11:46.344276+00:00
ca87722a00ebf585cd788c67949e7c0b32dca788,custom_cuda,warp-reduction custom CUDA fused scale + mask + softmax; block_size=128,1024,8192,1024,float32,0.125,25,100,57,360.9279990196228,128,0,Tesla T4,7.5,2.11.0+cu128,12.8,2026-08-23T19:11:46.344276+00:00
ca87722a00ebf585cd788c67949e7c0b32dca788,custom_cuda,warp-reduction custom CUDA fused scale + mask + softmax; block_size=128,1024,8192,1024,float32,0.125,25,100,58,357.1839928627014,128,0,Tesla T4,7.5,2.11.0+cu128,12.8,2026-08-23T19:11:46.344276+00:00
ca87722a00ebf585cd788c67949e7c0b32dca788,custom_cuda,warp-reduction custom CUDA fused scale + mask + softmax; block_size=128,1024,8192,1024,float32,0.125,25,100,59,356.224000453949,128,0,Tesla T4,7.5,2.11.0+cu128,12.8,2026-08-23T19:11:46.344276+00:00
ca87722a00ebf585cd788c67949e7c0b32dca788,custom_cuda,warp-reduction custom CUDA fused scale + mask + softmax; block_size=128,1024,8192,1024,float32,0.125,25,100,60,362.3040020465851,128,0,Tesla T4,7.5,2.11.0+cu128,12.8,2026-08-23T19:11:46.344276+00:00
ca87722a00ebf585cd788c67949e7c0b32dca788,custom_cuda,warp-reduction custom CUDA fused scale + mask + softmax; block_size=128,1024,8192,1024,float32,0.125,25,100,61,357.5040102005005,128,0,Tesla T4,7.5,2.11.0+cu128,12.8,2026-08-23T19:11:46.344276+00:00
ca87722a00ebf585cd788c67949e7c0b32dca788,custom_cuda,warp-reduction custom CUDA fused scale + mask + softmax; block_size=128,1024,8192,1024,float32,0.125,25,100,62,362.4959886074066,128,0,Tesla T4,7.5,2.11.0+cu128,12.8,2026-08-23T19:11:46.344276+00:00
ca87722a00ebf585cd788c67949e7c0b32dca788,custom_cuda,warp-reduction custom CUDA fused scale + mask + softmax; block_size=128,1024,8192,1024,float32,0.125,25,100,63,356.3520014286041,128,0,Tesla T4,7.5,2.11.0+cu128,12.8,2026-08-23T19:11:46.344276+00:00
ca87722a00ebf585cd788c67949e7c0b32dca788,custom_cuda,warp-reduction custom CUDA fused scale + mask + softmax; block_size=128,1024,8192,1024,float32,0.125,25,100,64,355.103999376297,128,0,Tesla T4,7.5,2.11.0+cu128,12.8,2026-08-23T19:11:46.344276+00:00
ca87722a00ebf585cd788c67949e7c0b32dca788,custom_cuda,warp-reduction custom CUDA fused scale + mask + softmax; block_size=128,1024,8192,1024,float32,0.125,25,100,65,361.88799142837524,128,0,Tesla T4,7.5,2.11.0+cu128,12.8,2026-08-23T19:11:46.344276+00:00
ca87722a00ebf585cd788c67949e7c0b32dca788,custom_cuda,warp-reduction custom CUDA fused scale + mask + softmax; block_size=128,1024,8192,1024,float32,0.125,25,100,66,359.391987323761,128,0,Tesla T4,7.5,2.11.0+cu128,12.8,2026-08-23T19:11:46.344276+00:00
ca87722a00ebf585cd788c67949e7c0b32dca788,custom_cuda,warp-reduction custom CUDA fused scale + mask + softmax; block_size=128,1024,8192,1024,float32,0.125,25,100,67,377.79200077056885,128,0,Tesla T4,7.5,2.11.0+cu128,12.8,2026-08-23T19:11:46.344276+00:00
ca87722a00ebf585cd788c67949e7c0b32dca788,custom_cuda,warp-reduction custom CUDA fused scale + mask + softmax; block_size=128,1024,8192,1024,float32,0.125,25,100,68,358.72000455856323,128,0,Tesla T4,7.5,2.11.0+cu128,12.8,2026-08-23T19:11:46.344276+00:00
ca87722a00ebf585cd788c67949e7c0b32dca788,custom_cuda,warp-reduction custom CUDA fused scale + mask + softmax; block_size=128,1024,8192,1024,float32,0.125,25,100,69,368.6720132827759,128,0,Tesla T4,7.5,2.11.0+cu128,12.8,2026-08-23T19:11:46.344276+00:00
ca87722a00ebf585cd788c67949e7c0b32dca788,custom_cuda,warp-reduction custom CUDA fused scale + mask + softmax; block_size=128,1024,8192,1024,float32,0.125,25,100,70,359.0719997882843,128,0,Tesla T4,7.5,2.11.0+cu128,12.8,2026-08-23T19:11:46.344276+00:00
ca87722a00ebf585cd788c67949e7c0b32dca788,custom_cuda,warp-reduction custom CUDA fused scale + mask + softmax; block_size=128,1024,8192,1024,float32,0.125,25,100,71,356.3520014286041,128,0,Tesla T4,7.5,2.11.0+cu128,12.8,2026-08-23T19:11:46.344276+00:00
ca87722a00ebf585cd788c67949e7c0b32dca788,custom_cuda,warp-reduction custom CUDA fused scale + mask + softmax; block_size=128,1024,8192,1024,float32,0.125,25,100,72,364.03200030326843,128,0,Tesla T4,7.5,2.11.0+cu128,12.8,2026-08-23T19:11:46.344276+00:00
ca87722a00ebf585cd788c67949e7c0b32dca788,custom_cuda,warp-reduction custom CUDA fused scale + mask + softmax; block_size=128,1024,8192,1024,float32,0.125,25,100,73,356.54398798942566,128,0,Tesla T4,7.5,2.11.0+cu128,12.8,2026-08-23T19:11:46.344276+00:00
ca87722a00ebf585cd788c67949e7c0b32dca788,custom_cuda,warp-reduction custom CUDA fused scale + mask + softmax; block_size=128,1024,8192,1024,float32,0.125,25,100,74,360.4159951210022,128,0,Tesla T4,7.5,2.11.0+cu128,12.8,2026-08-23T19:11:46.344276+00:00
ca87722a00ebf585cd788c67949e7c0b32dca788,custom_cuda,warp-reduction custom CUDA fused scale + mask + softmax; block_size=128,1024,8192,1024,float32,0.125,25,100,75,358.97600650787354,128,0,Tesla T4,7.5,2.11.0+cu128,12.8,2026-08-23T19:11:46.344276+00:00
ca87722a00ebf585cd788c67949e7c0b32dca788,custom_cuda,warp-reduction custom CUDA fused scale + mask + softmax; block_size=128,1024,8192,1024,float32,0.125,25,100,76,359.77599024772644,128,0,Tesla T4,7.5,2.11.0+cu128,12.8,2026-08-23T19:11:46.344276+00:00
ca87722a00ebf585cd788c67949e7c0b32dca788,custom_cuda,warp-reduction custom CUDA fused scale + mask + softmax; block_size=128,1024,8192,1024,float32,0.125,25,100,77,358.14398527145386,128,0,Tesla T4,7.5,2.11.0+cu128,12.8,2026-08-23T19:11:46.344276+00:00
ca87722a00ebf585cd788c67949e7c0b32dca788,custom_cuda,warp-reduction custom CUDA fused scale + mask + softmax; block_size=128,1024,8192,1024,float32,0.125,25,100,78,360.1599931716919,128,0,Tesla T4,7.5,2.11.0+cu128,12.8,2026-08-23T19:11:46.344276+00:00
ca87722a00ebf585cd788c67949e7c0b32dca788,custom_cuda,warp-reduction custom CUDA fused scale + mask + softmax; block_size=128,1024,8192,1024,float32,0.125,25,100,79,370.65601348876953,128,0,Tesla T4,7.5,2.11.0+cu128,12.8,2026-08-23T19:11:46.344276+00:00
ca87722a00ebf585cd788c67949e7c0b32dca788,custom_cuda,warp-reduction custom CUDA fused scale + mask + softmax; block_size=128,1024,8192,1024,float32,0.125,25,100,80,369.4080114364624,128,0,Tesla T4,7.5,2.11.0+cu128,12.8,2026-08-23T19:11:46.344276+00:00
ca87722a00ebf585cd788c67949e7c0b32dca788,custom_cuda,warp-reduction custom CUDA fused scale + mask + softmax; block_size=128,1024,8192,1024,float32,0.125,25,100,81,359.360009431839,128,0,Tesla T4,7.5,2.11.0+cu128,12.8,2026-08-23T19:11:46.344276+00:00
ca87722a00ebf585cd788c67949e7c0b32dca788,custom_cuda,warp-reduction custom CUDA fused scale + mask + softmax; block_size=128,1024,8192,1024,float32,0.125,25,100,82,359.8079979419708,128,0,Tesla T4,7.5,2.11.0+cu128,12.8,2026-08-23T19:11:46.344276+00:00
ca87722a00ebf585cd788c67949e7c0b32dca788,custom_cuda,warp-reduction custom CUDA fused scale + mask + softmax; block_size=128,1024,8192,1024,float32,0.125,25,100,83,362.36798763275146,128,0,Tesla T4,7.5,2.11.0+cu128,12.8,2026-08-23T19:11:46.344276+00:00
ca87722a00ebf585cd788c67949e7c0b32dca788,custom_cuda,warp-reduction custom CUDA fused scale + mask + softmax; block_size=128,1024,8192,1024,float32,0.125,25,100,84,358.0160140991211,128,0,Tesla T4,7.5,2.11.0+cu128,12.8,2026-08-23T19:11:46.344276+00:00
ca87722a00ebf585cd788c67949e7c0b32dca788,custom_cuda,warp-reduction custom CUDA fused scale + mask + softmax; block_size=128,1024,8192,1024,float32,0.125,25,100,85,360.79999804496765,128,0,Tesla T4,7.5,2.11.0+cu128,12.8,2026-08-23T19:11:46.344276+00:00
ca87722a00ebf585cd788c67949e7c0b32dca788,custom_cuda,warp-reduction custom CUDA fused scale + mask + softmax; block_size=128,1024,8192,1024,float32,0.125,25,100,86,366.9759929180145,128,0,Tesla T4,7.5,2.11.0+cu128,12.8,2026-08-23T19:11:46.344276+00:00
ca87722a00ebf585cd788c67949e7c0b32dca788,custom_cuda,warp-reduction custom CUDA fused scale + mask + softmax; block_size=128,1024,8192,1024,float32,0.125,25,100,87,356.3840091228485,128,0,Tesla T4,7.5,2.11.0+cu128,12.8,2026-08-23T19:11:46.344276+00:00
ca87722a00ebf585cd788c67949e7c0b32dca788,custom_cuda,warp-reduction custom CUDA fused scale + mask + softmax; block_size=128,1024,8192,1024,float32,0.125,25,100,88,360.8959913253784,128,0,Tesla T4,7.5,2.11.0+cu128,12.8,2026-08-23T19:11:46.344276+00:00
ca87722a00ebf585cd788c67949e7c0b32dca788,custom_cuda,warp-reduction custom CUDA fused scale + mask + softmax; block_size=128,1024,8192,1024,float32,0.125,25,100,89,356.06399178504944,128,0,Tesla T4,7.5,2.11.0+cu128,12.8,2026-08-23T19:11:46.344276+00:00
ca87722a00ebf585cd788c67949e7c0b32dca788,custom_cuda,warp-reduction custom CUDA fused scale + mask + softmax; block_size=128,1024,8192,1024,float32,0.125,25,100,90,360.73601245880127,128,0,Tesla T4,7.5,2.11.0+cu128,12.8,2026-08-23T19:11:46.344276+00:00
ca87722a00ebf585cd788c67949e7c0b32dca788,custom_cuda,warp-reduction custom CUDA fused scale + mask + softmax; block_size=128,1024,8192,1024,float32,0.125,25,100,91,371.10400199890137,128,0,Tesla T4,7.5,2.11.0+cu128,12.8,2026-08-23T19:11:46.344276+00:00
ca87722a00ebf585cd788c67949e7c0b32dca788,custom_cuda,warp-reduction custom CUDA fused scale + mask + softmax; block_size=128,1024,8192,1024,float32,0.125,25,100,92,362.2719943523407,128,0,Tesla T4,7.5,2.11.0+cu128,12.8,2026-08-23T19:11:46.344276+00:00
ca87722a00ebf585cd788c67949e7c0b32dca788,custom_cuda,warp-reduction custom CUDA fused scale + mask + softmax; block_size=128,1024,8192,1024,float32,0.125,25,100,93,364.51199650764465,128,0,Tesla T4,7.5,2.11.0+cu128,12.8,2026-08-23T19:11:46.344276+00:00
ca87722a00ebf585cd788c67949e7c0b32dca788,custom_cuda,warp-reduction custom CUDA fused scale + mask + softmax; block_size=128,1024,8192,1024,float32,0.125,25,100,94,358.11200737953186,128,0,Tesla T4,7.5,2.11.0+cu128,12.8,2026-08-23T19:11:46.344276+00:00
ca87722a00ebf585cd788c67949e7c0b32dca788,custom_cuda,warp-reduction custom CUDA fused scale + mask + softmax; block_size=128,1024,8192,1024,float32,0.125,25,100,95,366.07998609542847,128,0,Tesla T4,7.5,2.11.0+cu128,12.8,2026-08-23T19:11:46.344276+00:00
ca87722a00ebf585cd788c67949e7c0b32dca788,custom_cuda,warp-reduction custom CUDA fused scale + mask + softmax; block_size=128,1024,8192,1024,float32,0.125,25,100,96,358.43199491500854,128,0,Tesla T4,7.5,2.11.0+cu128,12.8,2026-08-23T19:11:46.344276+00:00
ca87722a00ebf585cd788c67949e7c0b32dca788,custom_cuda,warp-reduction custom CUDA fused scale + mask + softmax; block_size=128,1024,8192,1024,float32,0.125,25,100,97,356.1600148677826,128,0,Tesla T4,7.5,2.11.0+cu128,12.8,2026-08-23T19:11:46.344276+00:00
ca87722a00ebf585cd788c67949e7c0b32dca788,custom_cuda,warp-reduction custom CUDA fused scale + mask + softmax; block_size=128,1024,8192,1024,float32,0.125,25,100,98,370.7199990749359,128,0,Tesla T4,7.5,2.11.0+cu128,12.8,2026-08-23T19:11:46.344276+00:00
ca87722a00ebf585cd788c67949e7c0b32dca788,custom_cuda,warp-reduction custom CUDA fused scale + mask + softmax; block_size=128,1024,8192,1024,float32,0.125,25,100,99,357.7600121498108,128,0,Tesla T4,7.5,2.11.0+cu128,12.8,2026-08-23T19:11:46.344276+00:00
ca87722a00ebf585cd788c67949e7c0b32dca788,pytorch_eager,PyTorch eager scale + causal mask + softmax,1536,12288,1536,float32,0.125,25,100,0,2887.968063354492,,0,Tesla T4,7.5,2.11.0+cu128,12.8,2026-08-23T19:11:58.408838+00:00
ca87722a00ebf585cd788c67949e7c0b32dca788,pytorch_eager,PyTorch eager scale + causal mask + softmax,1536,12288,1536,float32,0.125,25,100,1,2865.760087966919,,0,Tesla T4,7.5,2.11.0+cu128,12.8,2026-08-23T19:11:58.408838+00:00
ca87722a00ebf585cd788c67949e7c0b32dca788,pytorch_eager,PyTorch eager scale + causal mask + softmax,1536,12288,1536,float32,0.125,25,100,2,2848.7679958343506,,0,Tesla T4,7.5,2.11.0+cu128,12.8,2026-08-23T19:11:58.408838+00:00
ca87722a00ebf585cd788c67949e7c0b32dca788,pytorch_eager,PyTorch eager scale + causal mask + softmax,1536,12288,1536,float32,0.125,25,100,3,2842.5920009613037,,0,Tesla T4,7.5,2.11.0+cu128,12.8,2026-08-23T19:11:58.408838+00:00
ca87722a00ebf585cd788c67949e7c0b32dca788,pytorch_eager,PyTorch eager scale + causal mask + softmax,1536,12288,1536,float32,0.125,25,100,4,2840.5120372772217,,0,Tesla T4,7.5,2.11.0+cu128,12.8,2026-08-23T19:11:58.408838+00:00
ca87722a00ebf585cd788c67949e7c0b32dca788,pytorch_eager,PyTorch eager scale + causal mask + softmax,1536,12288,1536,float32,0.125,25,100,5,2845.151901245117,,0,Tesla T4,7.5,2.11.0+cu128,12.8,2026-08-23T19:11:58.408838+00:00
ca87722a00ebf585cd788c67949e7c0b32dca788,pytorch_eager,PyTorch eager scale + causal mask + softmax,1536,12288,1536,float32,0.125,25,100,6,2853.087902069092,,0,Tesla T4,7.5,2.11.0+cu128,12.8,2026-08-23T19:11:58.408838+00:00
ca87722a00ebf585cd788c67949e7c0b32dca788,pytorch_eager,PyTorch eager scale + causal mask + softmax,1536,12288,1536,float32,0.125,25,100,7,2846.719980239868,,0,Tesla T4,7.5,2.11.0+cu128,12.8,2026-08-23T19:11:58.408838+00:00
ca87722a00ebf585cd788c67949e7c0b32dca788,pytorch_eager,PyTorch eager scale + causal mask + softmax,1536,12288,1536,float32,0.125,25,100,8,2838.592052459717,,0,Tesla T4,7.5,2.11.0+cu128,12.8,2026-08-23T19:11:58.408838+00:00
ca87722a00ebf585cd788c67949e7c0b32dca788,pytorch_eager,PyTorch eager scale + causal mask + softmax,1536,12288,1536,float32,0.125,25,100,9,2848.7679958343506,,0,Tesla T4,7.5,2.11.0+cu128,12.8,2026-08-23T19:11:58.408838+00:00
ca87722a00ebf585cd788c67949e7c0b32dca788,pytorch_eager,PyTorch eager scale + causal mask + softmax,1536,12288,1536,float32,0.125,25,100,10,2842.7839279174805,,0,Tesla T4,7.5,2.11.0+cu128,12.8,2026-08-23T19:11:58.408838+00:00
ca87722a00ebf585cd788c67949e7c0b32dca788,pytorch_eager,PyTorch eager scale + causal mask + softmax,1536,12288,1536,float32,0.125,25,100,11,2836.575984954834,,0,Tesla T4,7.5,2.11.0+cu128,12.8,2026-08-23T19:11:58.408838+00:00
ca87722a00ebf585cd788c67949e7c0b32dca788,pytorch_eager,PyTorch eager scale + causal mask + softmax,1536,12288,1536,float32,0.125,25,100,12,2841.856002807617,,0,Tesla T4,7.5,2.11.0+cu128,12.8,2026-08-23T19:11:58.408838+00:00
ca87722a00ebf585cd788c67949e7c0b32dca788,pytorch_eager,PyTorch eager scale + causal mask + softmax,1536,12288,1536,float32,0.125,25,100,13,2842.6880836486816,,0,Tesla T4,7.5,2.11.0+cu128,12.8,2026-08-23T19:11:58.408838+00:00
ca87722a00ebf585cd788c67949e7c0b32dca788,pytorch_eager,PyTorch eager scale + causal mask + softmax,1536,12288,1536,float32,0.125,25,100,14,2855.839967727661,,0,Tesla T4,7.5,2.11.0+cu128,12.8,2026-08-23T19:11:58.408838+00:00
ca87722a00ebf585cd788c67949e7c0b32dca788,pytorch_eager,PyTorch eager scale + causal mask + softmax,1536,12288,1536,float32,0.125,25,100,15,2835.3919982910156,,0,Tesla T4,7.5,2.11.0+cu128,12.8,2026-08-23T19:11:58.408838+00:00
ca87722a00ebf585cd788c67949e7c0b32dca788,pytorch_eager,PyTorch eager scale + causal mask + softmax,1536,12288,1536,float32,0.125,25,100,16,2839.1358852386475,,0,Tesla T4,7.5,2.11.0+cu128,12.8,2026-08-23T19:11:58.408838+00:00
ca87722a00ebf585cd788c67949e7c0b32dca788,pytorch_eager,PyTorch eager scale + causal mask + softmax,1536,12288,1536,float32,0.125,25,100,17,2840.575933456421,,0,Tesla T4,7.5,2.11.0+cu128,12.8,2026-08-23T19:11:58.408838+00:00
ca87722a00ebf585cd788c67949e7c0b32dca788,pytorch_eager,PyTorch eager scale + causal mask + softmax,1536,12288,1536,float32,0.125,25,100,18,2842.3678874969482,,0,Tesla T4,7.5,2.11.0+cu128,12.8,2026-08-23T19:11:58.408838+00:00
ca87722a00ebf585cd788c67949e7c0b32dca788,pytorch_eager,PyTorch eager scale + causal mask + softmax,1536,12288,1536,float32,0.125,25,100,19,2838.239908218384,,0,Tesla T4,7.5,2.11.0+cu128,12.8,2026-08-23T19:11:58.408838+00:00
ca87722a00ebf585cd788c67949e7c0b32dca788,pytorch_eager,PyTorch eager scale + causal mask + softmax,1536,12288,1536,float32,0.125,25,100,20,2846.112012863159,,0,Tesla T4,7.5,2.11.0+cu128,12.8,2026-08-23T19:11:58.408838+00:00
ca87722a00ebf585cd788c67949e7c0b32dca788,pytorch_eager,PyTorch eager scale + causal mask + softmax,1536,12288,1536,float32,0.125,25,100,21,2842.9439067840576,,0,Tesla T4,7.5,2.11.0+cu128,12.8,2026-08-23T19:11:58.408838+00:00
ca87722a00ebf585cd788c67949e7c0b32dca788,pytorch_eager,PyTorch eager scale + causal mask + softmax,1536,12288,1536,float32,0.125,25,100,22,2858.367919921875,,0,Tesla T4,7.5,2.11.0+cu128,12.8,2026-08-23T19:11:58.408838+00:00
ca87722a00ebf585cd788c67949e7c0b32dca788,pytorch_eager,PyTorch eager scale + causal mask + softmax,1536,12288,1536,float32,0.125,25,100,23,2841.9840335845947,,0,Tesla T4,7.5,2.11.0+cu128,12.8,2026-08-23T19:11:58.408838+00:00
ca87722a00ebf585cd788c67949e7c0b32dca788,pytorch_eager,PyTorch eager scale + causal mask + softmax,1536,12288,1536,float32,0.125,25,100,24,2841.3760662078857,,0,Tesla T4,7.5,2.11.0+cu128,12.8,2026-08-23T19:11:58.408838+00:00
ca87722a00ebf585cd788c67949e7c0b32dca788,pytorch_eager,PyTorch eager scale + causal mask + softmax,1536,12288,1536,float32,0.125,25,100,25,2867.232084274292,,0,Tesla T4,7.5,2.11.0+cu128,12.8,2026-08-23T19:11:58.408838+00:00
ca87722a00ebf585cd788c67949e7c0b32dca788,pytorch_eager,PyTorch eager scale + causal mask + softmax,1536,12288,1536,float32,0.125,25,100,26,2901.9839763641357,,0,Tesla T4,7.5,2.11.0+cu128,12.8,2026-08-23T19:11:58.408838+00:00
ca87722a00ebf585cd788c67949e7c0b32dca788,pytorch_eager,PyTorch eager scale + causal mask + softmax,1536,12288,1536,float32,0.125,25,100,27,2866.879940032959,,0,Tesla T4,7.5,2.11.0+cu128,12.8,2026-08-23T19:11:58.408838+00:00
ca87722a00ebf585cd788c67949e7c0b32dca788,pytorch_eager,PyTorch eager scale + causal mask + softmax,1536,12288,1536,float32,0.125,25,100,28,2859.0400218963623,,0,Tesla T4,7.5,2.11.0+cu128,12.8,2026-08-23T19:11:58.408838+00:00
ca87722a00ebf585cd788c67949e7c0b32dca788,pytorch_eager,PyTorch eager scale + causal mask + softmax,1536,12288,1536,float32,0.125,25,100,29,2869.3439960479736,,0,Tesla T4,7.5,2.11.0+cu128,12.8,2026-08-23T19:11:58.408838+00:00
ca87722a00ebf585cd788c67949e7c0b32dca788,pytorch_eager,PyTorch eager scale + causal mask + softmax,1536,12288,1536,float32,0.125,25,100,30,2869.2800998687744,,0,Tesla T4,7.5,2.11.0+cu128,12.8,2026-08-23T19:11:58.408838+00:00
ca87722a00ebf585cd788c67949e7c0b32dca788,pytorch_eager,PyTorch eager scale + causal mask + softmax,1536,12288,1536,float32,0.125,25,100,31,2859.231948852539,,0,Tesla T4,7.5,2.11.0+cu128,12.8,2026-08-23T19:11:58.408838+00:00
ca87722a00ebf585cd788c67949e7c0b32dca788,pytorch_eager,PyTorch eager scale + causal mask + softmax,1536,12288,1536,float32,0.125,25,100,32,2863.039970397949,,0,Tesla T4,7.5,2.11.0+cu128,12.8,2026-08-23T19:11:58.408838+00:00
ca87722a00ebf585cd788c67949e7c0b32dca788,pytorch_eager,PyTorch eager scale + causal mask + softmax,1536,12288,1536,float32,0.125,25,100,33,2839.008092880249,,0,Tesla T4,7.5,2.11.0+cu128,12.8,2026-08-23T19:11:58.408838+00:00
ca87722a00ebf585cd788c67949e7c0b32dca788,pytorch_eager,PyTorch eager scale + causal mask + softmax,1536,12288,1536,float32,0.125,25,100,34,2848.736047744751,,0,Tesla T4,7.5,2.11.0+cu128,12.8,2026-08-23T19:11:58.408838+00:00
ca87722a00ebf585cd788c67949e7c0b32dca788,pytorch_eager,PyTorch eager scale + causal mask + softmax,1536,12288,1536,float32,0.125,25,100,35,2879.487991333008,,0,Tesla T4,7.5,2.11.0+cu128,12.8,2026-08-23T19:11:58.408838+00:00
ca87722a00ebf585cd788c67949e7c0b32dca788,pytorch_eager,PyTorch eager scale + causal mask + softmax,1536,12288,1536,float32,0.125,25,100,36,2857.856035232544,,0,Tesla T4,7.5,2.11.0+cu128,12.8,2026-08-23T19:11:58.408838+00:00
ca87722a00ebf585cd788c67949e7c0b32dca788,pytorch_eager,PyTorch eager scale + causal mask + softmax,1536,12288,1536,float32,0.125,25,100,37,2854.0799617767334,,0,Tesla T4,7.5,2.11.0+cu128,12.8,2026-08-23T19:11:58.408838+00:00
ca87722a00ebf585cd788c67949e7c0b32dca788,pytorch_eager,PyTorch eager scale + causal mask + softmax,1536,12288,1536,float32,0.125,25,100,38,2867.1998977661133,,0,Tesla T4,7.5,2.11.0+cu128,12.8,2026-08-23T19:11:58.408838+00:00
ca87722a00ebf585cd788c67949e7c0b32dca788,pytorch_eager,PyTorch eager scale + causal mask + softmax,1536,12288,1536,float32,0.125,25,100,39,2850.816011428833,,0,Tesla T4,7.5,2.11.0+cu128,12.8,2026-08-23T19:11:58.408838+00:00
ca87722a00ebf585cd788c67949e7c0b32dca788,pytorch_eager,PyTorch eager scale + causal mask + softmax,1536,12288,1536,float32,0.125,25,100,40,2871.8080520629883,,0,Tesla T4,7.5,2.11.0+cu128,12.8,2026-08-23T19:11:58.408838+00:00
ca87722a00ebf585cd788c67949e7c0b32dca788,pytorch_eager,PyTorch eager scale + causal mask + softmax,1536,12288,1536,float32,0.125,25,100,41,2850.719928741455,,0,Tesla T4,7.5,2.11.0+cu128,12.8,2026-08-23T19:11:58.408838+00:00
ca87722a00ebf585cd788c67949e7c0b32dca788,pytorch_eager,PyTorch eager scale + causal mask + softmax,1536,12288,1536,float32,0.125,25,100,42,2860.4800701141357,,0,Tesla T4,7.5,2.11.0+cu128,12.8,2026-08-23T19:11:58.408838+00:00
ca87722a00ebf585cd788c67949e7c0b32dca788,pytorch_eager,PyTorch eager scale + causal mask + softmax,1536,12288,1536,float32,0.125,25,100,43,2849.0560054779053,,0,Tesla T4,7.5,2.11.0+cu128,12.8,2026-08-23T19:11:58.408838+00:00
ca87722a00ebf585cd788c67949e7c0b32dca788,pytorch_eager,PyTorch eager scale + causal mask + softmax,1536,12288,1536,float32,0.125,25,100,44,2895.872116088867,,0,Tesla T4,7.5,2.11.0+cu128,12.8,2026-08-23T19:11:58.408838+00:00
ca87722a00ebf585cd788c67949e7c0b32dca788,pytorch_eager,PyTorch eager scale + causal mask + softmax,1536,12288,1536,float32,0.125,25,100,45,2883.5198879241943,,0,Tesla T4,7.5,2.11.0+cu128,12.8,2026-08-23T19:11:58.408838+00:00
ca87722a00ebf585cd788c67949e7c0b32dca788,pytorch_eager,PyTorch eager scale + causal mask + softmax,1536,12288,1536,float32,0.125,25,100,46,2917.7920818328857,,0,Tesla T4,7.5,2.11.0+cu128,12.8,2026-08-23T19:11:58.408838+00:00
ca87722a00ebf585cd788c67949e7c0b32dca788,pytorch_eager,PyTorch eager scale + causal mask + softmax,1536,12288,1536,float32,0.125,25,100,47,2883.71205329895,,0,Tesla T4,7.5,2.11.0+cu128,12.8,2026-08-23T19:11:58.408838+00:00
ca87722a00ebf585cd788c67949e7c0b32dca788,pytorch_eager,PyTorch eager scale + causal mask + softmax,1536,12288,1536,float32,0.125,25,100,48,2883.5840225219727,,0,Tesla T4,7.5,2.11.0+cu128,12.8,2026-08-23T19:11:58.408838+00:00
ca87722a00ebf585cd788c67949e7c0b32dca788,pytorch_eager,PyTorch eager scale + causal mask + softmax,1536,12288,1536,float32,0.125,25,100,49,2882.4639320373535,,0,Tesla T4,7.5,2.11.0+cu128,12.8,2026-08-23T19:11:58.408838+00:00
ca87722a00ebf585cd788c67949e7c0b32dca788,pytorch_eager,PyTorch eager scale + causal mask + softmax,1536,12288,1536,float32,0.125,25,100,50,2884.8319053649902,,0,Tesla T4,7.5,2.11.0+cu128,12.8,2026-08-23T19:11:58.408838+00:00
ca87722a00ebf585cd788c67949e7c0b32dca788,pytorch_eager,PyTorch eager scale + causal mask + softmax,1536,12288,1536,float32,0.125,25,100,51,2892.4479484558105,,0,Tesla T4,7.5,2.11.0+cu128,12.8,2026-08-23T19:11:58.408838+00:00
ca87722a00ebf585cd788c67949e7c0b32dca788,pytorch_eager,PyTorch eager scale + causal mask + softmax,1536,12288,1536,float32,0.125,25,100,52,2875.808000564575,,0,Tesla T4,7.5,2.11.0+cu128,12.8,2026-08-23T19:11:58.408838+00:00
ca87722a00ebf585cd788c67949e7c0b32dca788,pytorch_eager,PyTorch eager scale + causal mask + softmax,1536,12288,1536,float32,0.125,25,100,53,2881.5360069274902,,0,Tesla T4,7.5,2.11.0+cu128,12.8,2026-08-23T19:11:58.408838+00:00
ca87722a00ebf585cd788c67949e7c0b32dca788,pytorch_eager,PyTorch eager scale + causal mask + softmax,1536,12288,1536,float32,0.125,25,100,54,2878.528118133545,,0,Tesla T4,7.5,2.11.0+cu128,12.8,2026-08-23T19:11:58.408838+00:00
ca87722a00ebf585cd788c67949e7c0b32dca788,pytorch_eager,PyTorch eager scale + causal mask + softmax,1536,12288,1536,float32,0.125,25,100,55,2873.9519119262695,,0,Tesla T4,7.5,2.11.0+cu128,12.8,2026-08-23T19:11:58.408838+00:00
ca87722a00ebf585cd788c67949e7c0b32dca788,pytorch_eager,PyTorch eager scale + causal mask + softmax,1536,12288,1536,float32,0.125,25,100,56,2868.1600093841553,,0,Tesla T4,7.5,2.11.0+cu128,12.8,2026-08-23T19:11:58.408838+00:00
ca87722a00ebf585cd788c67949e7c0b32dca788,pytorch_eager,PyTorch eager scale + causal mask + softmax,1536,12288,1536,float32,0.125,25,100,57,2868.7360286712646,,0,Tesla T4,7.5,2.11.0+cu128,12.8,2026-08-23T19:11:58.408838+00:00
ca87722a00ebf585cd788c67949e7c0b32dca788,pytorch_eager,PyTorch eager scale + causal mask + softmax,1536,12288,1536,float32,0.125,25,100,58,2865.151882171631,,0,Tesla T4,7.5,2.11.0+cu128,12.8,2026-08-23T19:11:58.408838+00:00
ca87722a00ebf585cd788c67949e7c0b32dca788,pytorch_eager,PyTorch eager scale + causal mask + softmax,1536,12288,1536,float32,0.125,25,100,59,2851.2959480285645,,0,Tesla T4,7.5,2.11.0+cu128,12.8,2026-08-23T19:11:58.408838+00:00
ca87722a00ebf585cd788c67949e7c0b32dca788,pytorch_eager,PyTorch eager scale + causal mask + softmax,1536,12288,1536,float32,0.125,25,100,60,2848.7679958343506,,0,Tesla T4,7.5,2.11.0+cu128,12.8,2026-08-23T19:11:58.408838+00:00
ca87722a00ebf585cd788c67949e7c0b32dca788,pytorch_eager,PyTorch eager scale + causal mask + softmax,1536,12288,1536,float32,0.125,25,100,61,2857.664108276367,,0,Tesla T4,7.5,2.11.0+cu128,12.8,2026-08-23T19:11:58.408838+00:00
ca87722a00ebf585cd788c67949e7c0b32dca788,pytorch_eager,PyTorch eager scale + causal mask + softmax,1536,12288,1536,float32,0.125,25,100,62,2859.0080738067627,,0,Tesla T4,7.5,2.11.0+cu128,12.8,2026-08-23T19:11:58.408838+00:00
ca87722a00ebf585cd788c67949e7c0b32dca788,pytorch_eager,PyTorch eager scale + causal mask + softmax,1536,12288,1536,float32,0.125,25,100,63,2850.816011428833,,0,Tesla T4,7.5,2.11.0+cu128,12.8,2026-08-23T19:11:58.408838+00:00
ca87722a00ebf585cd788c67949e7c0b32dca788,pytorch_eager,PyTorch eager scale + causal mask + softmax,1536,12288,1536,float32,0.125,25,100,64,2855.839967727661,,0,Tesla T4,7.5,2.11.0+cu128,12.8,2026-08-23T19:11:58.408838+00:00
ca87722a00ebf585cd788c67949e7c0b32dca788,pytorch_eager,PyTorch eager scale + causal mask + softmax,1536,12288,1536,float32,0.125,25,100,65,2854.912042617798,,0,Tesla T4,7.5,2.11.0+cu128,12.8,2026-08-23T19:11:58.408838+00:00
ca87722a00ebf585cd788c67949e7c0b32dca788,pytorch_eager,PyTorch eager scale + causal mask + softmax,1536,12288,1536,float32,0.125,25,100,66,2863.1041049957275,,0,Tesla T4,7.5,2.11.0+cu128,12.8,2026-08-23T19:11:58.408838+00:00
ca87722a00ebf585cd788c67949e7c0b32dca788,pytorch_eager,PyTorch eager scale + causal mask + softmax,1536,12288,1536,float32,0.125,25,100,67,2853.760004043579,,0,Tesla T4,7.5,2.11.0+cu128,12.8,2026-08-23T19:11:58.408838+00:00
ca87722a00ebf585cd788c67949e7c0b32dca788,pytorch_eager,PyTorch eager scale + causal mask + softmax,1536,12288,1536,float32,0.125,25,100,68,2876.768112182617,,0,Tesla T4,7.5,2.11.0+cu128,12.8,2026-08-23T19:11:58.408838+00:00
ca87722a00ebf585cd788c67949e7c0b32dca788,pytorch_eager,PyTorch eager scale + causal mask + softmax,1536,12288,1536,float32,0.125,25,100,69,2869.152069091797,,0,Tesla T4,7.5,2.11.0+cu128,12.8,2026-08-23T19:11:58.408838+00:00
ca87722a00ebf585cd788c67949e7c0b32dca788,pytorch_eager,PyTorch eager scale + causal mask + softmax,1536,12288,1536,float32,0.125,25,100,70,2850.752115249634,,0,Tesla T4,7.5,2.11.0+cu128,12.8,2026-08-23T19:11:58.408838+00:00
ca87722a00ebf585cd788c67949e7c0b32dca788,pytorch_eager,PyTorch eager scale + causal mask + softmax,1536,12288,1536,float32,0.125,25,100,71,2850.7840633392334,,0,Tesla T4,7.5,2.11.0+cu128,12.8,2026-08-23T19:11:58.408838+00:00
ca87722a00ebf585cd788c67949e7c0b32dca788,pytorch_eager,PyTorch eager scale + causal mask + softmax,1536,12288,1536,float32,0.125,25,100,72,2848.736047744751,,0,Tesla T4,7.5,2.11.0+cu128,12.8,2026-08-23T19:11:58.408838+00:00
ca87722a00ebf585cd788c67949e7c0b32dca788,pytorch_eager,PyTorch eager scale + causal mask + softmax,1536,12288,1536,float32,0.125,25,100,73,2860.543966293335,,0,Tesla T4,7.5,2.11.0+cu128,12.8,2026-08-23T19:11:58.408838+00:00
ca87722a00ebf585cd788c67949e7c0b32dca788,pytorch_eager,PyTorch eager scale + causal mask + softmax,1536,12288,1536,float32,0.125,25,100,74,2851.072072982788,,0,Tesla T4,7.5,2.11.0+cu128,12.8,2026-08-23T19:11:58.408838+00:00
ca87722a00ebf585cd788c67949e7c0b32dca788,pytorch_eager,PyTorch eager scale + causal mask + softmax,1536,12288,1536,float32,0.125,25,100,75,2869.312047958374,,0,Tesla T4,7.5,2.11.0+cu128,12.8,2026-08-23T19:11:58.408838+00:00
ca87722a00ebf585cd788c67949e7c0b32dca788,pytorch_eager,PyTorch eager scale + causal mask + softmax,1536,12288,1536,float32,0.125,25,100,76,2854.912042617798,,0,Tesla T4,7.5,2.11.0+cu128,12.8,2026-08-23T19:11:58.408838+00:00
ca87722a00ebf585cd788c67949e7c0b32dca788,pytorch_eager,PyTorch eager scale + causal mask + softmax,1536,12288,1536,float32,0.125,25,100,77,2867.072105407715,,0,Tesla T4,7.5,2.11.0+cu128,12.8,2026-08-23T19:11:58.408838+00:00
ca87722a00ebf585cd788c67949e7c0b32dca788,pytorch_eager,PyTorch eager scale + causal mask + softmax,1536,12288,1536,float32,0.125,25,100,78,2860.6081008911133,,0,Tesla T4,7.5,2.11.0+cu128,12.8,2026-08-23T19:11:58.408838+00:00
ca87722a00ebf585cd788c67949e7c0b32dca788,pytorch_eager,PyTorch eager scale + causal mask + softmax,1536,12288,1536,float32,0.125,25,100,79,2851.871967315674,,0,Tesla T4,7.5,2.11.0+cu128,12.8,2026-08-23T19:11:58.408838+00:00
ca87722a00ebf585cd788c67949e7c0b32dca788,pytorch_eager,PyTorch eager scale + causal mask + softmax,1536,12288,1536,float32,0.125,25,100,80,2852.7679443359375,,0,Tesla T4,7.5,2.11.0+cu128,12.8,2026-08-23T19:11:58.408838+00:00
ca87722a00ebf585cd788c67949e7c0b32dca788,pytorch_eager,PyTorch eager scale + causal mask + softmax,1536,12288,1536,float32,0.125,25,100,81,2855.4561138153076,,0,Tesla T4,7.5,2.11.0+cu128,12.8,2026-08-23T19:11:58.408838+00:00
ca87722a00ebf585cd788c67949e7c0b32dca788,pytorch_eager,PyTorch eager scale + causal mask + softmax,1536,12288,1536,float32,0.125,25,100,82,2854.912042617798,,0,Tesla T4,7.5,2.11.0+cu128,12.8,2026-08-23T19:11:58.408838+00:00
ca87722a00ebf585cd788c67949e7c0b32dca788,pytorch_eager,PyTorch eager scale + causal mask + softmax,1536,12288,1536,float32,0.125,25,100,83,2861.8240356445312,,0,Tesla T4,7.5,2.11.0+cu128,12.8,2026-08-23T19:11:58.408838+00:00
ca87722a00ebf585cd788c67949e7c0b32dca788,pytorch_eager,PyTorch eager scale + causal mask + softmax,1536,12288,1536,float32,0.125,25,100,84,2856.8639755249023,,0,Tesla T4,7.5,2.11.0+cu128,12.8,2026-08-23T19:11:58.408838+00:00
ca87722a00ebf585cd788c67949e7c0b32dca788,pytorch_eager,PyTorch eager scale + causal mask + softmax,1536,12288,1536,float32,0.125,25,100,85,2844.6719646453857,,0,Tesla T4,7.5,2.11.0+cu128,12.8,2026-08-23T19:11:58.408838+00:00
ca87722a00ebf585cd788c67949e7c0b32dca788,pytorch_eager,PyTorch eager scale + causal mask + softmax,1536,12288,1536,float32,0.125,25,100,86,2847.8078842163086,,0,Tesla T4,7.5,2.11.0+cu128,12.8,2026-08-23T19:11:58.408838+00:00
ca87722a00ebf585cd788c67949e7c0b32dca788,pytorch_eager,PyTorch eager scale + causal mask + softmax,1536,12288,1536,float32,0.125,25,100,87,2852.3519039154053,,0,Tesla T4,7.5,2.11.0+cu128,12.8,2026-08-23T19:11:58.408838+00:00
ca87722a00ebf585cd788c67949e7c0b32dca788,pytorch_eager,PyTorch eager scale + causal mask + softmax,1536,12288,1536,float32,0.125,25,100,88,2881.02388381958,,0,Tesla T4,7.5,2.11.0+cu128,12.8,2026-08-23T19:11:58.408838+00:00
ca87722a00ebf585cd788c67949e7c0b32dca788,pytorch_eager,PyTorch eager scale + causal mask + softmax,1536,12288,1536,float32,0.125,25,100,89,2887.392044067383,,0,Tesla T4,7.5,2.11.0+cu128,12.8,2026-08-23T19:11:58.408838+00:00
ca87722a00ebf585cd788c67949e7c0b32dca788,pytorch_eager,PyTorch eager scale + causal mask + softmax,1536,12288,1536,float32,0.125,25,100,90,2871.295928955078,,0,Tesla T4,7.5,2.11.0+cu128,12.8,2026-08-23T19:11:58.408838+00:00
ca87722a00ebf585cd788c67949e7c0b32dca788,pytorch_eager,PyTorch eager scale + causal mask + softmax,1536,12288,1536,float32,0.125,25,100,91,2861.311912536621,,0,Tesla T4,7.5,2.11.0+cu128,12.8,2026-08-23T19:11:58.408838+00:00
ca87722a00ebf585cd788c67949e7c0b32dca788,pytorch_eager,PyTorch eager scale + causal mask + softmax,1536,12288,1536,float32,0.125,25,100,92,2875.391960144043,,0,Tesla T4,7.5,2.11.0+cu128,12.8,2026-08-23T19:11:58.408838+00:00
ca87722a00ebf585cd788c67949e7c0b32dca788,pytorch_eager,PyTorch eager scale + causal mask + softmax,1536,12288,1536,float32,0.125,25,100,93,2854.912042617798,,0,Tesla T4,7.5,2.11.0+cu128,12.8,2026-08-23T19:11:58.408838+00:00
ca87722a00ebf585cd788c67949e7c0b32dca788,pytorch_eager,PyTorch eager scale + causal mask + softmax,1536,12288,1536,float32,0.125,25,100,94,2856.9600582122803,,0,Tesla T4,7.5,2.11.0+cu128,12.8,2026-08-23T19:11:58.408838+00:00
ca87722a00ebf585cd788c67949e7c0b32dca788,pytorch_eager,PyTorch eager scale + causal mask + softmax,1536,12288,1536,float32,0.125,25,100,95,2865.151882171631,,0,Tesla T4,7.5,2.11.0+cu128,12.8,2026-08-23T19:11:58.408838+00:00
ca87722a00ebf585cd788c67949e7c0b32dca788,pytorch_eager,PyTorch eager scale + causal mask + softmax,1536,12288,1536,float32,0.125,25,100,96,2853.408098220825,,0,Tesla T4,7.5,2.11.0+cu128,12.8,2026-08-23T19:11:58.408838+00:00
ca87722a00ebf585cd788c67949e7c0b32dca788,pytorch_eager,PyTorch eager scale + causal mask + softmax,1536,12288,1536,float32,0.125,25,100,97,2852.6721000671387,,0,Tesla T4,7.5,2.11.0+cu128,12.8,2026-08-23T19:11:58.408838+00:00
ca87722a00ebf585cd788c67949e7c0b32dca788,pytorch_eager,PyTorch eager scale + causal mask + softmax,1536,12288,1536,float32,0.125,25,100,98,2849.3759632110596,,0,Tesla T4,7.5,2.11.0+cu128,12.8,2026-08-23T19:11:58.408838+00:00
ca87722a00ebf585cd788c67949e7c0b32dca788,pytorch_eager,PyTorch eager scale + causal mask + softmax,1536,12288,1536,float32,0.125,25,100,99,2855.8080196380615,,0,Tesla T4,7.5,2.11.0+cu128,12.8,2026-08-23T19:11:58.408838+00:00
ca87722a00ebf585cd788c67949e7c0b32dca788,torch_compile,torch.compile scale + causal mask + softmax,1536,12288,1536,float32,0.125,25,100,0,1246.6880083084106,,1,Tesla T4,7.5,2.11.0+cu128,12.8,2026-08-23T19:11:58.408838+00:00
ca87722a00ebf585cd788c67949e7c0b32dca788,torch_compile,torch.compile scale + causal mask + softmax,1536,12288,1536,float32,0.125,25,100,1,1227.8399467468262,,1,Tesla T4,7.5,2.11.0+cu128,12.8,2026-08-23T19:11:58.408838+00:00
ca87722a00ebf585cd788c67949e7c0b32dca788,torch_compile,torch.compile scale + causal mask + softmax,1536,12288,1536,float32,0.125,25,100,2,1200.4799842834473,,1,Tesla T4,7.5,2.11.0+cu128,12.8,2026-08-23T19:11:58.408838+00:00
ca87722a00ebf585cd788c67949e7c0b32dca788,torch_compile,torch.compile scale + causal mask + softmax,1536,12288,1536,float32,0.125,25,100,3,1194.3039894104004,,1,Tesla T4,7.5,2.11.0+cu128,12.8,2026-08-23T19:11:58.408838+00:00
ca87722a00ebf585cd788c67949e7c0b32dca788,torch_compile,torch.compile scale + causal mask + softmax,1536,12288,1536,float32,0.125,25,100,4,1185.7919692993164,,1,Tesla T4,7.5,2.11.0+cu128,12.8,2026-08-23T19:11:58.408838+00:00
ca87722a00ebf585cd788c67949e7c0b32dca788,torch_compile,torch.compile scale + causal mask + softmax,1536,12288,1536,float32,0.125,25,100,5,1206.272006034851,,1,Tesla T4,7.5,2.11.0+cu128,12.8,2026-08-23T19:11:58.408838+00:00
ca87722a00ebf585cd788c67949e7c0b32dca788,torch_compile,torch.compile scale + causal mask + softmax,1536,12288,1536,float32,0.125,25,100,6,1183.4880113601685,,1,Tesla T4,7.5,2.11.0+cu128,12.8,2026-08-23T19:11:58.408838+00:00
ca87722a00ebf585cd788c67949e7c0b32dca788,torch_compile,torch.compile scale + causal mask + softmax,1536,12288,1536,float32,0.125,25,100,7,1230.7840585708618,,1,Tesla T4,7.5,2.11.0+cu128,12.8,2026-08-23T19:11:58.408838+00:00
ca87722a00ebf585cd788c67949e7c0b32dca788,torch_compile,torch.compile scale + causal mask + softmax,1536,12288,1536,float32,0.125,25,100,8,1182.0800304412842,,1,Tesla T4,7.5,2.11.0+cu128,12.8,2026-08-23T19:11:58.408838+00:00
ca87722a00ebf585cd788c67949e7c0b32dca788,torch_compile,torch.compile scale + causal mask + softmax,1536,12288,1536,float32,0.125,25,100,9,1222.656011581421,,1,Tesla T4,7.5,2.11.0+cu128,12.8,2026-08-23T19:11:58.408838+00:00
ca87722a00ebf585cd788c67949e7c0b32dca788,torch_compile,torch.compile scale + causal mask + softmax,1536,12288,1536,float32,0.125,25,100,10,1180.4800033569336,,1,Tesla T4,7.5,2.11.0+cu128,12.8,2026-08-23T19:11:58.408838+00:00
ca87722a00ebf585cd788c67949e7c0b32dca788,torch_compile,torch.compile scale + causal mask + softmax,1536,12288,1536,float32,0.125,25,100,11,1178.1760454177856,,1,Tesla T4,7.5,2.11.0+cu128,12.8,2026-08-23T19:11:58.408838+00:00
ca87722a00ebf585cd788c67949e7c0b32dca788,torch_compile,torch.compile scale + causal mask + softmax,1536,12288,1536,float32,0.125,25,100,12,1247.7439641952515,,1,Tesla T4,7.5,2.11.0+cu128,12.8,2026-08-23T19:11:58.408838+00:00
ca87722a00ebf585cd788c67949e7c0b32dca788,torch_compile,torch.compile scale + causal mask + softmax,1536,12288,1536,float32,0.125,25,100,13,1181.8560361862183,,1,Tesla T4,7.5,2.11.0+cu128,12.8,2026-08-23T19:11:58.408838+00:00
ca87722a00ebf585cd788c67949e7c0b32dca788,torch_compile,torch.compile scale + causal mask + softmax,1536,12288,1536,float32,0.125,25,100,14,1180.6720495224,,1,Tesla T4,7.5,2.11.0+cu128,12.8,2026-08-23T19:11:58.408838+00:00
ca87722a00ebf585cd788c67949e7c0b32dca788,torch_compile,torch.compile scale + causal mask + softmax,1536,12288,1536,float32,0.125,25,100,15,1193.984031677246,,1,Tesla T4,7.5,2.11.0+cu128,12.8,2026-08-23T19:11:58.408838+00:00
ca87722a00ebf585cd788c67949e7c0b32dca788,torch_compile,torch.compile scale + causal mask + softmax,1536,12288,1536,float32,0.125,25,100,16,1206.272006034851,,1,Tesla T4,7.5,2.11.0+cu128,12.8,2026-08-23T19:11:58.408838+00:00
ca87722a00ebf585cd788c67949e7c0b32dca788,torch_compile,torch.compile scale + causal mask + softmax,1536,12288,1536,float32,0.125,25,100,17,1179.7759532928467,,1,Tesla T4,7.5,2.11.0+cu128,12.8,2026-08-23T19:11:58.408838+00:00
ca87722a00ebf585cd788c67949e7c0b32dca788,torch_compile,torch.compile scale + causal mask + softmax,1536,12288,1536,float32,0.125,25,100,18,1194.208025932312,,1,Tesla T4,7.5,2.11.0+cu128,12.8,2026-08-23T19:11:58.408838+00:00
ca87722a00ebf585cd788c67949e7c0b32dca788,torch_compile,torch.compile scale + causal mask + softmax,1536,12288,1536,float32,0.125,25,100,19,1175.1999855041504,,1,Tesla T4,7.5,2.11.0+cu128,12.8,2026-08-23T19:11:58.408838+00:00
ca87722a00ebf585cd788c67949e7c0b32dca788,torch_compile,torch.compile scale + causal mask + softmax,1536,12288,1536,float32,0.125,25,100,20,1206.3039541244507,,1,Tesla T4,7.5,2.11.0+cu128,12.8,2026-08-23T19:11:58.408838+00:00
ca87722a00ebf585cd788c67949e7c0b32dca788,torch_compile,torch.compile scale + causal mask + softmax,1536,12288,1536,float32,0.125,25,100,21,1181.3759803771973,,1,Tesla T4,7.5,2.11.0+cu128,12.8,2026-08-23T19:11:58.408838+00:00
ca87722a00ebf585cd788c67949e7c0b32dca788,torch_compile,torch.compile scale + causal mask + softmax,1536,12288,1536,float32,0.125,25,100,22,1181.5680265426636,,1,Tesla T4,7.5,2.11.0+cu128,12.8,2026-08-23T19:11:58.408838+00:00
ca87722a00ebf585cd788c67949e7c0b32dca788,torch_compile,torch.compile scale + causal mask + softmax,1536,12288,1536,float32,0.125,25,100,23,1195.8719491958618,,1,Tesla T4,7.5,2.11.0+cu128,12.8,2026-08-23T19:11:58.408838+00:00
ca87722a00ebf585cd788c67949e7c0b32dca788,torch_compile,torch.compile scale + causal mask + softmax,1536,12288,1536,float32,0.125,25,100,24,1219.3599939346313,,1,Tesla T4,7.5,2.11.0+cu128,12.8,2026-08-23T19:11:58.408838+00:00
ca87722a00ebf585cd788c67949e7c0b32dca788,torch_compile,torch.compile scale + causal mask + softmax,1536,12288,1536,float32,0.125,25,100,25,1224.6400117874146,,1,Tesla T4,7.5,2.11.0+cu128,12.8,2026-08-23T19:11:58.408838+00:00
ca87722a00ebf585cd788c67949e7c0b32dca788,torch_compile,torch.compile scale + causal mask + softmax,1536,12288,1536,float32,0.125,25,100,26,1191.9360160827637,,1,Tesla T4,7.5,2.11.0+cu128,12.8,2026-08-23T19:11:58.408838+00:00
ca87722a00ebf585cd788c67949e7c0b32dca788,torch_compile,torch.compile scale + causal mask + softmax,1536,12288,1536,float32,0.125,25,100,27,1190.0479793548584,,1,Tesla T4,7.5,2.11.0+cu128,12.8,2026-08-23T19:11:58.408838+00:00
ca87722a00ebf585cd788c67949e7c0b32dca788,torch_compile,torch.compile scale + causal mask + softmax,1536,12288,1536,float32,0.125,25,100,28,1173.5039949417114,,1,Tesla T4,7.5,2.11.0+cu128,12.8,2026-08-23T19:11:58.408838+00:00
ca87722a00ebf585cd788c67949e7c0b32dca788,torch_compile,torch.compile scale + causal mask + softmax,1536,12288,1536,float32,0.125,25,100,29,1161.2160205841064,,1,Tesla T4,7.5,2.11.0+cu128,12.8,2026-08-23T19:11:58.408838+00:00
ca87722a00ebf585cd788c67949e7c0b32dca788,torch_compile,torch.compile scale + causal mask + softmax,1536,12288,1536,float32,0.125,25,100,30,1162.6559495925903,,1,Tesla T4,7.5,2.11.0+cu128,12.8,2026-08-23T19:11:58.408838+00:00
ca87722a00ebf585cd788c67949e7c0b32dca788,torch_compile,torch.compile scale + causal mask + softmax,1536,12288,1536,float32,0.125,25,100,31,1190.559983253479,,1,Tesla T4,7.5,2.11.0+cu128,12.8,2026-08-23T19:11:58.408838+00:00
ca87722a00ebf585cd788c67949e7c0b32dca788,torch_compile,torch.compile scale + causal mask + softmax,1536,12288,1536,float32,0.125,25,100,32,1193.824052810669,,1,Tesla T4,7.5,2.11.0+cu128,12.8,2026-08-23T19:11:58.408838+00:00
ca87722a00ebf585cd788c67949e7c0b32dca788,torch_compile,torch.compile scale + causal mask + softmax,1536,12288,1536,float32,0.125,25,100,33,1210.0160121917725,,1,Tesla T4,7.5,2.11.0+cu128,12.8,2026-08-23T19:11:58.408838+00:00
ca87722a00ebf585cd788c67949e7c0b32dca788,torch_compile,torch.compile scale + causal mask + softmax,1536,12288,1536,float32,0.125,25,100,34,1217.2160148620605,,1,Tesla T4,7.5,2.11.0+cu128,12.8,2026-08-23T19:11:58.408838+00:00
ca87722a00ebf585cd788c67949e7c0b32dca788,torch_compile,torch.compile scale + causal mask + softmax,1536,12288,1536,float32,0.125,25,100,35,1211.2319469451904,,1,Tesla T4,7.5,2.11.0+cu128,12.8,2026-08-23T19:11:58.408838+00:00
ca87722a00ebf585cd788c67949e7c0b32dca788,torch_compile,torch.compile scale + causal mask + softmax,1536,12288,1536,float32,0.125,25,100,36,1169.0239906311035,,1,Tesla T4,7.5,2.11.0+cu128,12.8,2026-08-23T19:11:58.408838+00:00
ca87722a00ebf585cd788c67949e7c0b32dca788,torch_compile,torch.compile scale + causal mask + softmax,1536,12288,1536,float32,0.125,25,100,37,1165.3120517730713,,1,Tesla T4,7.5,2.11.0+cu128,12.8,2026-08-23T19:11:58.408838+00:00
ca87722a00ebf585cd788c67949e7c0b32dca788,torch_compile,torch.compile scale + causal mask + softmax,1536,12288,1536,float32,0.125,25,100,38,1161.4079475402832,,1,Tesla T4,7.5,2.11.0+cu128,12.8,2026-08-23T19:11:58.408838+00:00
ca87722a00ebf585cd788c67949e7c0b32dca788,torch_compile,torch.compile scale + causal mask + softmax,1536,12288,1536,float32,0.125,25,100,39,1193.951964378357,,1,Tesla T4,7.5,2.11.0+cu128,12.8,2026-08-23T19:11:58.408838+00:00
ca87722a00ebf585cd788c67949e7c0b32dca788,torch_compile,torch.compile scale + causal mask + softmax,1536,12288,1536,float32,0.125,25,100,40,1173.632025718689,,1,Tesla T4,7.5,2.11.0+cu128,12.8,2026-08-23T19:11:58.408838+00:00
ca87722a00ebf585cd788c67949e7c0b32dca788,torch_compile,torch.compile scale + causal mask + softmax,1536,12288,1536,float32,0.125,25,100,41,1174.847960472107,,1,Tesla T4,7.5,2.11.0+cu128,12.8,2026-08-23T19:11:58.408838+00:00
ca87722a00ebf585cd788c67949e7c0b32dca788,torch_compile,torch.compile scale + causal mask + softmax,1536,12288,1536,float32,0.125,25,100,42,1177.6000261306763,,1,Tesla T4,7.5,2.11.0+cu128,12.8,2026-08-23T19:11:58.408838+00:00
ca87722a00ebf585cd788c67949e7c0b32dca788,torch_compile,torch.compile scale + causal mask + softmax,1536,12288,1536,float32,0.125,25,100,43,1182.1759939193726,,1,Tesla T4,7.5,2.11.0+cu128,12.8,2026-08-23T19:11:58.408838+00:00
ca87722a00ebf585cd788c67949e7c0b32dca788,torch_compile,torch.compile scale + causal mask + softmax,1536,12288,1536,float32,0.125,25,100,44,1183.743953704834,,1,Tesla T4,7.5,2.11.0+cu128,12.8,2026-08-23T19:11:58.408838+00:00
ca87722a00ebf585cd788c67949e7c0b32dca788,torch_compile,torch.compile scale + causal mask + softmax,1536,12288,1536,float32,0.125,25,100,45,1179.4559955596924,,1,Tesla T4,7.5,2.11.0+cu128,12.8,2026-08-23T19:11:58.408838+00:00
ca87722a00ebf585cd788c67949e7c0b32dca788,torch_compile,torch.compile scale + causal mask + softmax,1536,12288,1536,float32,0.125,25,100,46,1174.1440296173096,,1,Tesla T4,7.5,2.11.0+cu128,12.8,2026-08-23T19:11:58.408838+00:00
ca87722a00ebf585cd788c67949e7c0b32dca788,torch_compile,torch.compile scale + causal mask + softmax,1536,12288,1536,float32,0.125,25,100,47,1226.591944694519,,1,Tesla T4,7.5,2.11.0+cu128,12.8,2026-08-23T19:11:58.408838+00:00
ca87722a00ebf585cd788c67949e7c0b32dca788,torch_compile,torch.compile scale + causal mask + softmax,1536,12288,1536,float32,0.125,25,100,48,1183.8079690933228,,1,Tesla T4,7.5,2.11.0+cu128,12.8,2026-08-23T19:11:58.408838+00:00
ca87722a00ebf585cd788c67949e7c0b32dca788,torch_compile,torch.compile scale + causal mask + softmax,1536,12288,1536,float32,0.125,25,100,49,1172.0319986343384,,1,Tesla T4,7.5,2.11.0+cu128,12.8,2026-08-23T19:11:58.408838+00:00
ca87722a00ebf585cd788c67949e7c0b32dca788,torch_compile,torch.compile scale + causal mask + softmax,1536,12288,1536,float32,0.125,25,100,50,1194.1440105438232,,1,Tesla T4,7.5,2.11.0+cu128,12.8,2026-08-23T19:11:58.408838+00:00
ca87722a00ebf585cd788c67949e7c0b32dca788,torch_compile,torch.compile scale + causal mask + softmax,1536,12288,1536,float32,0.125,25,100,51,1215.1360511779785,,1,Tesla T4,7.5,2.11.0+cu128,12.8,2026-08-23T19:11:58.408838+00:00
ca87722a00ebf585cd788c67949e7c0b32dca788,torch_compile,torch.compile scale + causal mask + softmax,1536,12288,1536,float32,0.125,25,100,52,1193.951964378357,,1,Tesla T4,7.5,2.11.0+cu128,12.8,2026-08-23T19:11:58.408838+00:00
ca87722a00ebf585cd788c67949e7c0b32dca788,torch_compile,torch.compile scale + causal mask + softmax,1536,12288,1536,float32,0.125,25,100,53,1183.2319498062134,,1,Tesla T4,7.5,2.11.0+cu128,12.8,2026-08-23T19:11:58.408838+00:00
ca87722a00ebf585cd788c67949e7c0b32dca788,torch_compile,torch.compile scale + causal mask + softmax,1536,12288,1536,float32,0.125,25,100,54,1179.6159744262695,,1,Tesla T4,7.5,2.11.0+cu128,12.8,2026-08-23T19:11:58.408838+00:00
ca87722a00ebf585cd788c67949e7c0b32dca788,torch_compile,torch.compile scale + causal mask + softmax,1536,12288,1536,float32,0.125,25,100,55,1216.7359590530396,,1,Tesla T4,7.5,2.11.0+cu128,12.8,2026-08-23T19:11:58.408838+00:00
ca87722a00ebf585cd788c67949e7c0b32dca788,torch_compile,torch.compile scale + causal mask + softmax,1536,12288,1536,float32,0.125,25,100,56,1183.39204788208,,1,Tesla T4,7.5,2.11.0+cu128,12.8,2026-08-23T19:11:58.408838+00:00
ca87722a00ebf585cd788c67949e7c0b32dca788,torch_compile,torch.compile scale + causal mask + softmax,1536,12288,1536,float32,0.125,25,100,57,1177.2480010986328,,1,Tesla T4,7.5,2.11.0+cu128,12.8,2026-08-23T19:11:58.408838+00:00
ca87722a00ebf585cd788c67949e7c0b32dca788,torch_compile,torch.compile scale + causal mask + softmax,1536,12288,1536,float32,0.125,25,100,58,1198.591947555542,,1,Tesla T4,7.5,2.11.0+cu128,12.8,2026-08-23T19:11:58.408838+00:00
ca87722a00ebf585cd788c67949e7c0b32dca788,torch_compile,torch.compile scale + causal mask + softmax,1536,12288,1536,float32,0.125,25,100,59,1198.0479955673218,,1,Tesla T4,7.5,2.11.0+cu128,12.8,2026-08-23T19:11:58.408838+00:00
ca87722a00ebf585cd788c67949e7c0b32dca788,torch_compile,torch.compile scale + causal mask + softmax,1536,12288,1536,float32,0.125,25,100,60,1167.3280000686646,,1,Tesla T4,7.5,2.11.0+cu128,12.8,2026-08-23T19:11:58.408838+00:00
ca87722a00ebf585cd788c67949e7c0b32dca788,torch_compile,torch.compile scale + causal mask + softmax,1536,12288,1536,float32,0.125,25,100,61,1162.816047668457,,1,Tesla T4,7.5,2.11.0+cu128,12.8,2026-08-23T19:11:58.408838+00:00
ca87722a00ebf585cd788c67949e7c0b32dca788,torch_compile,torch.compile scale + causal mask + softmax,1536,12288,1536,float32,0.125,25,100,62,1157.920002937317,,1,Tesla T4,7.5,2.11.0+cu128,12.8,2026-08-23T19:11:58.408838+00:00
ca87722a00ebf585cd788c67949e7c0b32dca788,torch_compile,torch.compile scale + causal mask + softmax,1536,12288,1536,float32,0.125,25,100,63,1177.6319742202759,,1,Tesla T4,7.5,2.11.0+cu128,12.8,2026-08-23T19:11:58.408838+00:00
ca87722a00ebf585cd788c67949e7c0b32dca788,torch_compile,torch.compile scale + causal mask + softmax,1536,12288,1536,float32,0.125,25,100,64,1181.2160015106201,,1,Tesla T4,7.5,2.11.0+cu128,12.8,2026-08-23T19:11:58.408838+00:00
ca87722a00ebf585cd788c67949e7c0b32dca788,torch_compile,torch.compile scale + causal mask + softmax,1536,12288,1536,float32,0.125,25,100,65,1160.8959436416626,,1,Tesla T4,7.5,2.11.0+cu128,12.8,2026-08-23T19:11:58.408838+00:00
ca87722a00ebf585cd788c67949e7c0b32dca788,torch_compile,torch.compile scale + causal mask + softmax,1536,12288,1536,float32,0.125,25,100,66,1181.5680265426636,,1,Tesla T4,7.5,2.11.0+cu128,12.8,2026-08-23T19:11:58.408838+00:00
ca87722a00ebf585cd788c67949e7c0b32dca788,torch_compile,torch.compile scale + causal mask + softmax,1536,12288,1536,float32,0.125,25,100,67,1165.0880575180054,,1,Tesla T4,7.5,2.11.0+cu128,12.8,2026-08-23T19:11:58.408838+00:00
ca87722a00ebf585cd788c67949e7c0b32dca788,torch_compile,torch.compile scale + causal mask + softmax,1536,12288,1536,float32,0.125,25,100,68,1170.8159446716309,,1,Tesla T4,7.5,2.11.0+cu128,12.8,2026-08-23T19:11:58.408838+00:00
ca87722a00ebf585cd788c67949e7c0b32dca788,torch_compile,torch.compile scale + causal mask + softmax,1536,12288,1536,float32,0.125,25,100,69,1157.1199893951416,,1,Tesla T4,7.5,2.11.0+cu128,12.8,2026-08-23T19:11:58.408838+00:00
ca87722a00ebf585cd788c67949e7c0b32dca788,torch_compile,torch.compile scale + causal mask + softmax,1536,12288,1536,float32,0.125,25,100,70,1173.4720468521118,,1,Tesla T4,7.5,2.11.0+cu128,12.8,2026-08-23T19:11:58.408838+00:00
ca87722a00ebf585cd788c67949e7c0b32dca788,torch_compile,torch.compile scale + causal mask + softmax,1536,12288,1536,float32,0.125,25,100,71,1174.9759912490845,,1,Tesla T4,7.5,2.11.0+cu128,12.8,2026-08-23T19:11:58.408838+00:00
ca87722a00ebf585cd788c67949e7c0b32dca788,torch_compile,torch.compile scale + causal mask + softmax,1536,12288,1536,float32,0.125,25,100,72,1154.9760103225708,,1,Tesla T4,7.5,2.11.0+cu128,12.8,2026-08-23T19:11:58.408838+00:00
ca87722a00ebf585cd788c67949e7c0b32dca788,torch_compile,torch.compile scale + causal mask + softmax,1536,12288,1536,float32,0.125,25,100,73,1187.615990638733,,1,Tesla T4,7.5,2.11.0+cu128,12.8,2026-08-23T19:11:58.408838+00:00
ca87722a00ebf585cd788c67949e7c0b32dca788,torch_compile,torch.compile scale + causal mask + softmax,1536,12288,1536,float32,0.125,25,100,74,1158.944010734558,,1,Tesla T4,7.5,2.11.0+cu128,12.8,2026-08-23T19:11:58.408838+00:00
ca87722a00ebf585cd788c67949e7c0b32dca788,torch_compile,torch.compile scale + causal mask + softmax,1536,12288,1536,float32,0.125,25,100,75,1159.2639684677124,,1,Tesla T4,7.5,2.11.0+cu128,12.8,2026-08-23T19:11:58.408838+00:00
ca87722a00ebf585cd788c67949e7c0b32dca788,torch_compile,torch.compile scale + causal mask + softmax,1536,12288,1536,float32,0.125,25,100,76,1159.2960357666016,,1,Tesla T4,7.5,2.11.0+cu128,12.8,2026-08-23T19:11:58.408838+00:00
ca87722a00ebf585cd788c67949e7c0b32dca788,torch_compile,torch.compile scale + causal mask + softmax,1536,12288,1536,float32,0.125,25,100,77,1170.9439754486084,,1,Tesla T4,7.5,2.11.0+cu128,12.8,2026-08-23T19:11:58.408838+00:00
ca87722a00ebf585cd788c67949e7c0b32dca788,torch_compile,torch.compile scale + causal mask + softmax,1536,12288,1536,float32,0.125,25,100,78,1203.8079500198364,,1,Tesla T4,7.5,2.11.0+cu128,12.8,2026-08-23T19:11:58.408838+00:00
ca87722a00ebf585cd788c67949e7c0b32dca788,torch_compile,torch.compile scale + causal mask + softmax,1536,12288,1536,float32,0.125,25,100,79,1196.2239742279053,,1,Tesla T4,7.5,2.11.0+cu128,12.8,2026-08-23T19:11:58.408838+00:00
ca87722a00ebf585cd788c67949e7c0b32dca788,torch_compile,torch.compile scale + causal mask + softmax,1536,12288,1536,float32,0.125,25,100,80,1191.3280487060547,,1,Tesla T4,7.5,2.11.0+cu128,12.8,2026-08-23T19:11:58.408838+00:00
ca87722a00ebf585cd788c67949e7c0b32dca788,torch_compile,torch.compile scale + causal mask + softmax,1536,12288,1536,float32,0.125,25,100,81,1232.7040433883667,,1,Tesla T4,7.5,2.11.0+cu128,12.8,2026-08-23T19:11:58.408838+00:00
ca87722a00ebf585cd788c67949e7c0b32dca788,torch_compile,torch.compile scale + causal mask + softmax,1536,12288,1536,float32,0.125,25,100,82,1189.8880004882812,,1,Tesla T4,7.5,2.11.0+cu128,12.8,2026-08-23T19:11:58.408838+00:00
ca87722a00ebf585cd788c67949e7c0b32dca788,torch_compile,torch.compile scale + causal mask + softmax,1536,12288,1536,float32,0.125,25,100,83,1206.272006034851,,1,Tesla T4,7.5,2.11.0+cu128,12.8,2026-08-23T19:11:58.408838+00:00
ca87722a00ebf585cd788c67949e7c0b32dca788,torch_compile,torch.compile scale + causal mask + softmax,1536,12288,1536,float32,0.125,25,100,84,1182.0800304412842,,1,Tesla T4,7.5,2.11.0+cu128,12.8,2026-08-23T19:11:58.408838+00:00
ca87722a00ebf585cd788c67949e7c0b32dca788,torch_compile,torch.compile scale + causal mask + softmax,1536,12288,1536,float32,0.125,25,100,85,1214.7200107574463,,1,Tesla T4,7.5,2.11.0+cu128,12.8,2026-08-23T19:11:58.408838+00:00
ca87722a00ebf585cd788c67949e7c0b32dca788,torch_compile,torch.compile scale + causal mask + softmax,1536,12288,1536,float32,0.125,25,100,86,1176.6719818115234,,1,Tesla T4,7.5,2.11.0+cu128,12.8,2026-08-23T19:11:58.408838+00:00
ca87722a00ebf585cd788c67949e7c0b32dca788,torch_compile,torch.compile scale + causal mask + softmax,1536,12288,1536,float32,0.125,25,100,87,1193.984031677246,,1,Tesla T4,7.5,2.11.0+cu128,12.8,2026-08-23T19:11:58.408838+00:00
ca87722a00ebf585cd788c67949e7c0b32dca788,torch_compile,torch.compile scale + causal mask + softmax,1536,12288,1536,float32,0.125,25,100,88,1187.872052192688,,1,Tesla T4,7.5,2.11.0+cu128,12.8,2026-08-23T19:11:58.408838+00:00
ca87722a00ebf585cd788c67949e7c0b32dca788,torch_compile,torch.compile scale + causal mask + softmax,1536,12288,1536,float32,0.125,25,100,89,1182.6239824295044,,1,Tesla T4,7.5,2.11.0+cu128,12.8,2026-08-23T19:11:58.408838+00:00
ca87722a00ebf585cd788c67949e7c0b32dca788,torch_compile,torch.compile scale + causal mask + softmax,1536,12288,1536,float32,0.125,25,100,90,1169.4079637527466,,1,Tesla T4,7.5,2.11.0+cu128,12.8,2026-08-23T19:11:58.408838+00:00
ca87722a00ebf585cd788c67949e7c0b32dca788,torch_compile,torch.compile scale + causal mask + softmax,1536,12288,1536,float32,0.125,25,100,91,1216.480016708374,,1,Tesla T4,7.5,2.11.0+cu128,12.8,2026-08-23T19:11:58.408838+00:00
ca87722a00ebf585cd788c67949e7c0b32dca788,torch_compile,torch.compile scale + causal mask + softmax,1536,12288,1536,float32,0.125,25,100,92,1169.2800521850586,,1,Tesla T4,7.5,2.11.0+cu128,12.8,2026-08-23T19:11:58.408838+00:00
ca87722a00ebf585cd788c67949e7c0b32dca788,torch_compile,torch.compile scale + causal mask + softmax,1536,12288,1536,float32,0.125,25,100,93,1178.2399415969849,,1,Tesla T4,7.5,2.11.0+cu128,12.8,2026-08-23T19:11:58.408838+00:00
ca87722a00ebf585cd788c67949e7c0b32dca788,torch_compile,torch.compile scale + causal mask + softmax,1536,12288,1536,float32,0.125,25,100,94,1182.2079420089722,,1,Tesla T4,7.5,2.11.0+cu128,12.8,2026-08-23T19:11:58.408838+00:00
ca87722a00ebf585cd788c67949e7c0b32dca788,torch_compile,torch.compile scale + causal mask + softmax,1536,12288,1536,float32,0.125,25,100,95,1191.9360160827637,,1,Tesla T4,7.5,2.11.0+cu128,12.8,2026-08-23T19:11:58.408838+00:00
ca87722a00ebf585cd788c67949e7c0b32dca788,torch_compile,torch.compile scale + causal mask + softmax,1536,12288,1536,float32,0.125,25,100,96,1175.6479740142822,,1,Tesla T4,7.5,2.11.0+cu128,12.8,2026-08-23T19:11:58.408838+00:00
ca87722a00ebf585cd788c67949e7c0b32dca788,torch_compile,torch.compile scale + causal mask + softmax,1536,12288,1536,float32,0.125,25,100,97,1175.328016281128,,1,Tesla T4,7.5,2.11.0+cu128,12.8,2026-08-23T19:11:58.408838+00:00
ca87722a00ebf585cd788c67949e7c0b32dca788,torch_compile,torch.compile scale + causal mask + softmax,1536,12288,1536,float32,0.125,25,100,98,1175.8079528808594,,1,Tesla T4,7.5,2.11.0+cu128,12.8,2026-08-23T19:11:58.408838+00:00
ca87722a00ebf585cd788c67949e7c0b32dca788,torch_compile,torch.compile scale + causal mask + softmax,1536,12288,1536,float32,0.125,25,100,99,1195.4560279846191,,1,Tesla T4,7.5,2.11.0+cu128,12.8,2026-08-23T19:11:58.408838+00:00
ca87722a00ebf585cd788c67949e7c0b32dca788,custom_cuda,warp-reduction custom CUDA fused scale + mask + softmax; block_size=128,1536,12288,1536,float32,0.125,25,100,0,828.4159898757935,128,0,Tesla T4,7.5,2.11.0+cu128,12.8,2026-08-23T19:11:58.408838+00:00
ca87722a00ebf585cd788c67949e7c0b32dca788,custom_cuda,warp-reduction custom CUDA fused scale + mask + softmax; block_size=128,1536,12288,1536,float32,0.125,25,100,1,824.0960240364075,128,0,Tesla T4,7.5,2.11.0+cu128,12.8,2026-08-23T19:11:58.408838+00:00
ca87722a00ebf585cd788c67949e7c0b32dca788,custom_cuda,warp-reduction custom CUDA fused scale + mask + softmax; block_size=128,1536,12288,1536,float32,0.125,25,100,2,840.4160141944885,128,0,Tesla T4,7.5,2.11.0+cu128,12.8,2026-08-23T19:11:58.408838+00:00
ca87722a00ebf585cd788c67949e7c0b32dca788,custom_cuda,warp-reduction custom CUDA fused scale + mask + softmax; block_size=128,1536,12288,1536,float32,0.125,25,100,3,819.2319869995117,128,0,Tesla T4,7.5,2.11.0+cu128,12.8,2026-08-23T19:11:58.408838+00:00
ca87722a00ebf585cd788c67949e7c0b32dca788,custom_cuda,warp-reduction custom CUDA fused scale + mask + softmax; block_size=128,1536,12288,1536,float32,0.125,25,100,4,840.7999873161316,128,0,Tesla T4,7.5,2.11.0+cu128,12.8,2026-08-23T19:11:58.408838+00:00
ca87722a00ebf585cd788c67949e7c0b32dca788,custom_cuda,warp-reduction custom CUDA fused scale + mask + softmax; block_size=128,1536,12288,1536,float32,0.125,25,100,5,824.0320086479187,128,0,Tesla T4,7.5,2.11.0+cu128,12.8,2026-08-23T19:11:58.408838+00:00
ca87722a00ebf585cd788c67949e7c0b32dca788,custom_cuda,warp-reduction custom CUDA fused scale + mask + softmax; block_size=128,1536,12288,1536,float32,0.125,25,100,6,821.5680122375488,128,0,Tesla T4,7.5,2.11.0+cu128,12.8,2026-08-23T19:11:58.408838+00:00
ca87722a00ebf585cd788c67949e7c0b32dca788,custom_cuda,warp-reduction custom CUDA fused scale + mask + softmax; block_size=128,1536,12288,1536,float32,0.125,25,100,7,815.6480193138123,128,0,Tesla T4,7.5,2.11.0+cu128,12.8,2026-08-23T19:11:58.408838+00:00
ca87722a00ebf585cd788c67949e7c0b32dca788,custom_cuda,warp-reduction custom CUDA fused scale + mask + softmax; block_size=128,1536,12288,1536,float32,0.125,25,100,8,821.2800025939941,128,0,Tesla T4,7.5,2.11.0+cu128,12.8,2026-08-23T19:11:58.408838+00:00
ca87722a00ebf585cd788c67949e7c0b32dca788,custom_cuda,warp-reduction custom CUDA fused scale + mask + softmax; block_size=128,1536,12288,1536,float32,0.125,25,100,9,819.167971611023,128,0,Tesla T4,7.5,2.11.0+cu128,12.8,2026-08-23T19:11:58.408838+00:00
ca87722a00ebf585cd788c67949e7c0b32dca788,custom_cuda,warp-reduction custom CUDA fused scale + mask + softmax; block_size=128,1536,12288,1536,float32,0.125,25,100,10,841.4080142974854,128,0,Tesla T4,7.5,2.11.0+cu128,12.8,2026-08-23T19:11:58.408838+00:00
ca87722a00ebf585cd788c67949e7c0b32dca788,custom_cuda,warp-reduction custom CUDA fused scale + mask + softmax; block_size=128,1536,12288,1536,float32,0.125,25,100,11,818.2399868965149,128,0,Tesla T4,7.5,2.11.0+cu128,12.8,2026-08-23T19:11:58.408838+00:00
ca87722a00ebf585cd788c67949e7c0b32dca788,custom_cuda,warp-reduction custom CUDA fused scale + mask + softmax; block_size=128,1536,12288,1536,float32,0.125,25,100,12,821.3440179824829,128,0,Tesla T4,7.5,2.11.0+cu128,12.8,2026-08-23T19:11:58.408838+00:00
ca87722a00ebf585cd788c67949e7c0b32dca788,custom_cuda,warp-reduction custom CUDA fused scale + mask + softmax; block_size=128,1536,12288,1536,float32,0.125,25,100,13,850.1120209693909,128,0,Tesla T4,7.5,2.11.0+cu128,12.8,2026-08-23T19:11:58.408838+00:00
ca87722a00ebf585cd788c67949e7c0b32dca788,custom_cuda,warp-reduction custom CUDA fused scale + mask + softmax; block_size=128,1536,12288,1536,float32,0.125,25,100,14,836.8319869041443,128,0,Tesla T4,7.5,2.11.0+cu128,12.8,2026-08-23T19:11:58.408838+00:00
ca87722a00ebf585cd788c67949e7c0b32dca788,custom_cuda,warp-reduction custom CUDA fused scale + mask + softmax; block_size=128,1536,12288,1536,float32,0.125,25,100,15,830.2080035209656,128,0,Tesla T4,7.5,2.11.0+cu128,12.8,2026-08-23T19:11:58.408838+00:00
ca87722a00ebf585cd788c67949e7c0b32dca788,custom_cuda,warp-reduction custom CUDA fused scale + mask + softmax; block_size=128,1536,12288,1536,float32,0.125,25,100,16,821.183979511261,128,0,Tesla T4,7.5,2.11.0+cu128,12.8,2026-08-23T19:11:58.408838+00:00
ca87722a00ebf585cd788c67949e7c0b32dca788,custom_cuda,warp-reduction custom CUDA fused scale + mask + softmax; block_size=128,1536,12288,1536,float32,0.125,25,100,17,818.7519907951355,128,0,Tesla T4,7.5,2.11.0+cu128,12.8,2026-08-23T19:11:58.408838+00:00
ca87722a00ebf585cd788c67949e7c0b32dca788,custom_cuda,warp-reduction custom CUDA fused scale + mask + softmax; block_size=128,1536,12288,1536,float32,0.125,25,100,18,821.3760256767273,128,0,Tesla T4,7.5,2.11.0+cu128,12.8,2026-08-23T19:11:58.408838+00:00
ca87722a00ebf585cd788c67949e7c0b32dca788,custom_cuda,warp-reduction custom CUDA fused scale + mask + softmax; block_size=128,1536,12288,1536,float32,0.125,25,100,19,820.8640217781067,128,0,Tesla T4,7.5,2.11.0+cu128,12.8,2026-08-23T19:11:58.408838+00:00
ca87722a00ebf585cd788c67949e7c0b32dca788,custom_cuda,warp-reduction custom CUDA fused scale + mask + softmax; block_size=128,1536,12288,1536,float32,0.125,25,100,20,824.8000144958496,128,0,Tesla T4,7.5,2.11.0+cu128,12.8,2026-08-23T19:11:58.408838+00:00
ca87722a00ebf585cd788c67949e7c0b32dca788,custom_cuda,warp-reduction custom CUDA fused scale + mask + softmax; block_size=128,1536,12288,1536,float32,0.125,25,100,21,825.1199722290039,128,0,Tesla T4,7.5,2.11.0+cu128,12.8,2026-08-23T19:11:58.408838+00:00
ca87722a00ebf585cd788c67949e7c0b32dca788,custom_cuda,warp-reduction custom CUDA fused scale + mask + softmax; block_size=128,1536,12288,1536,float32,0.125,25,100,22,819.1999793052673,128,0,Tesla T4,7.5,2.11.0+cu128,12.8,2026-08-23T19:11:58.408838+00:00
ca87722a00ebf585cd788c67949e7c0b32dca788,custom_cuda,warp-reduction custom CUDA fused scale + mask + softmax; block_size=128,1536,12288,1536,float32,0.125,25,100,23,834.1439962387085,128,0,Tesla T4,7.5,2.11.0+cu128,12.8,2026-08-23T19:11:58.408838+00:00
ca87722a00ebf585cd788c67949e7c0b32dca788,custom_cuda,warp-reduction custom CUDA fused scale + mask + softmax; block_size=128,1536,12288,1536,float32,0.125,25,100,24,816.7679905891418,128,0,Tesla T4,7.5,2.11.0+cu128,12.8,2026-08-23T19:11:58.408838+00:00
ca87722a00ebf585cd788c67949e7c0b32dca788,custom_cuda,warp-reduction custom CUDA fused scale + mask + softmax; block_size=128,1536,12288,1536,float32,0.125,25,100,25,818.0480003356934,128,0,Tesla T4,7.5,2.11.0+cu128,12.8,2026-08-23T19:11:58.408838+00:00
ca87722a00ebf585cd788c67949e7c0b32dca788,custom_cuda,warp-reduction custom CUDA fused scale + mask + softmax; block_size=128,1536,12288,1536,float32,0.125,25,100,26,821.0880160331726,128,0,Tesla T4,7.5,2.11.0+cu128,12.8,2026-08-23T19:11:58.408838+00:00
ca87722a00ebf585cd788c67949e7c0b32dca788,custom_cuda,warp-reduction custom CUDA fused scale + mask + softmax; block_size=128,1536,12288,1536,float32,0.125,25,100,27,819.167971611023,128,0,Tesla T4,7.5,2.11.0+cu128,12.8,2026-08-23T19:11:58.408838+00:00
ca87722a00ebf585cd788c67949e7c0b32dca788,custom_cuda,warp-reduction custom CUDA fused scale + mask + softmax; block_size=128,1536,12288,1536,float32,0.125,25,100,28,820.4159736633301,128,0,Tesla T4,7.5,2.11.0+cu128,12.8,2026-08-23T19:11:58.408838+00:00
ca87722a00ebf585cd788c67949e7c0b32dca788,custom_cuda,warp-reduction custom CUDA fused scale + mask + softmax; block_size=128,1536,12288,1536,float32,0.125,25,100,29,822.3680257797241,128,0,Tesla T4,7.5,2.11.0+cu128,12.8,2026-08-23T19:11:58.408838+00:00
ca87722a00ebf585cd788c67949e7c0b32dca788,custom_cuda,warp-reduction custom CUDA fused scale + mask + softmax; block_size=128,1536,12288,1536,float32,0.125,25,100,30,749.5359778404236,128,0,Tesla T4,7.5,2.11.0+cu128,12.8,2026-08-23T19:11:58.408838+00:00
ca87722a00ebf585cd788c67949e7c0b32dca788,custom_cuda,warp-reduction custom CUDA fused scale + mask + softmax; block_size=128,1536,12288,1536,float32,0.125,25,100,31,748.2879757881165,128,0,Tesla T4,7.5,2.11.0+cu128,12.8,2026-08-23T19:11:58.408838+00:00
ca87722a00ebf585cd788c67949e7c0b32dca788,custom_cuda,warp-reduction custom CUDA fused scale + mask + softmax; block_size=128,1536,12288,1536,float32,0.125,25,100,32,730.0800085067749,128,0,Tesla T4,7.5,2.11.0+cu128,12.8,2026-08-23T19:11:58.408838+00:00
ca87722a00ebf585cd788c67949e7c0b32dca788,custom_cuda,warp-reduction custom CUDA fused scale + mask + softmax; block_size=128,1536,12288,1536,float32,0.125,25,100,33,730.7199835777283,128,0,Tesla T4,7.5,2.11.0+cu128,12.8,2026-08-23T19:11:58.408838+00:00
ca87722a00ebf585cd788c67949e7c0b32dca788,custom_cuda,warp-reduction custom CUDA fused scale + mask + softmax; block_size=128,1536,12288,1536,float32,0.125,25,100,34,727.616012096405,128,0,Tesla T4,7.5,2.11.0+cu128,12.8,2026-08-23T19:11:58.408838+00:00
ca87722a00ebf585cd788c67949e7c0b32dca788,custom_cuda,warp-reduction custom CUDA fused scale + mask + softmax; block_size=128,1536,12288,1536,float32,0.125,25,100,35,728.0960083007812,128,0,Tesla T4,7.5,2.11.0+cu128,12.8,2026-08-23T19:11:58.408838+00:00
ca87722a00ebf585cd788c67949e7c0b32dca788,custom_cuda,warp-reduction custom CUDA fused scale + mask + softmax; block_size=128,1536,12288,1536,float32,0.125,25,100,36,749.6640086174011,128,0,Tesla T4,7.5,2.11.0+cu128,12.8,2026-08-23T19:11:58.408838+00:00
ca87722a00ebf585cd788c67949e7c0b32dca788,custom_cuda,warp-reduction custom CUDA fused scale + mask + softmax; block_size=128,1536,12288,1536,float32,0.125,25,100,37,723.7759828567505,128,0,Tesla T4,7.5,2.11.0+cu128,12.8,2026-08-23T19:11:58.408838+00:00
ca87722a00ebf585cd788c67949e7c0b32dca788,custom_cuda,warp-reduction custom CUDA fused scale + mask + softmax; block_size=128,1536,12288,1536,float32,0.125,25,100,38,719.0719842910767,128,0,Tesla T4,7.5,2.11.0+cu128,12.8,2026-08-23T19:11:58.408838+00:00
ca87722a00ebf585cd788c67949e7c0b32dca788,custom_cuda,warp-reduction custom CUDA fused scale + mask + softmax; block_size=128,1536,12288,1536,float32,0.125,25,100,39,727.616012096405,128,0,Tesla T4,7.5,2.11.0+cu128,12.8,2026-08-23T19:11:58.408838+00:00
ca87722a00ebf585cd788c67949e7c0b32dca788,custom_cuda,warp-reduction custom CUDA fused scale + mask + softmax; block_size=128,1536,12288,1536,float32,0.125,25,100,40,724.448025226593,128,0,Tesla T4,7.5,2.11.0+cu128,12.8,2026-08-23T19:11:58.408838+00:00
ca87722a00ebf585cd788c67949e7c0b32dca788,custom_cuda,warp-reduction custom CUDA fused scale + mask + softmax; block_size=128,1536,12288,1536,float32,0.125,25,100,41,749.4400143623352,128,0,Tesla T4,7.5,2.11.0+cu128,12.8,2026-08-23T19:11:58.408838+00:00
ca87722a00ebf585cd788c67949e7c0b32dca788,custom_cuda,warp-reduction custom CUDA fused scale + mask + softmax; block_size=128,1536,12288,1536,float32,0.125,25,100,42,727.6480197906494,128,0,Tesla T4,7.5,2.11.0+cu128,12.8,2026-08-23T19:11:58.408838+00:00
ca87722a00ebf585cd788c67949e7c0b32dca788,custom_cuda,warp-reduction custom CUDA fused scale + mask + softmax; block_size=128,1536,12288,1536,float32,0.125,25,100,43,725.4080176353455,128,0,Tesla T4,7.5,2.11.0+cu128,12.8,2026-08-23T19:11:58.408838+00:00
ca87722a00ebf585cd788c67949e7c0b32dca788,custom_cuda,warp-reduction custom CUDA fused scale + mask + softmax; block_size=128,1536,12288,1536,float32,0.125,25,100,44,727.5199890136719,128,0,Tesla T4,7.5,2.11.0+cu128,12.8,2026-08-23T19:11:58.408838+00:00
ca87722a00ebf585cd788c67949e7c0b32dca788,custom_cuda,warp-reduction custom CUDA fused scale + mask + softmax; block_size=128,1536,12288,1536,float32,0.125,25,100,45,728.8320064544678,128,0,Tesla T4,7.5,2.11.0+cu128,12.8,2026-08-23T19:11:58.408838+00:00
ca87722a00ebf585cd788c67949e7c0b32dca788,custom_cuda,warp-reduction custom CUDA fused scale + mask + softmax; block_size=128,1536,12288,1536,float32,0.125,25,100,46,722.7200269699097,128,0,Tesla T4,7.5,2.11.0+cu128,12.8,2026-08-23T19:11:58.408838+00:00
ca87722a00ebf585cd788c67949e7c0b32dca788,custom_cuda,warp-reduction custom CUDA fused scale + mask + softmax; block_size=128,1536,12288,1536,float32,0.125,25,100,47,723.1360077857971,128,0,Tesla T4,7.5,2.11.0+cu128,12.8,2026-08-23T19:11:58.408838+00:00
ca87722a00ebf585cd788c67949e7c0b32dca788,custom_cuda,warp-reduction custom CUDA fused scale + mask + softmax; block_size=128,1536,12288,1536,float32,0.125,25,100,48,718.8479900360107,128,0,Tesla T4,7.5,2.11.0+cu128,12.8,2026-08-23T19:11:58.408838+00:00
ca87722a00ebf585cd788c67949e7c0b32dca788,custom_cuda,warp-reduction custom CUDA fused scale + mask + softmax; block_size=128,1536,12288,1536,float32,0.125,25,100,49,712.4159932136536,128,0,Tesla T4,7.5,2.11.0+cu128,12.8,2026-08-23T19:11:58.408838+00:00
ca87722a00ebf585cd788c67949e7c0b32dca788,custom_cuda,warp-reduction custom CUDA fused scale + mask + softmax; block_size=128,1536,12288,1536,float32,0.125,25,100,50,715.2000069618225,128,0,Tesla T4,7.5,2.11.0+cu128,12.8,2026-08-23T19:11:58.408838+00:00
ca87722a00ebf585cd788c67949e7c0b32dca788,custom_cuda,warp-reduction custom CUDA fused scale + mask + softmax; block_size=128,1536,12288,1536,float32,0.125,25,100,51,724.9919772148132,128,0,Tesla T4,7.5,2.11.0+cu128,12.8,2026-08-23T19:11:58.408838+00:00
ca87722a00ebf585cd788c67949e7c0b32dca788,custom_cuda,warp-reduction custom CUDA fused scale + mask + softmax; block_size=128,1536,12288,1536,float32,0.125,25,100,52,718.4640169143677,128,0,Tesla T4,7.5,2.11.0+cu128,12.8,2026-08-23T19:11:58.408838+00:00
ca87722a00ebf585cd788c67949e7c0b32dca788,custom_cuda,warp-reduction custom CUDA fused scale + mask + softmax; block_size=128,1536,12288,1536,float32,0.125,25,100,53,709.05601978302,128,0,Tesla T4,7.5,2.11.0+cu128,12.8,2026-08-23T19:11:58.408838+00:00
ca87722a00ebf585cd788c67949e7c0b32dca788,custom_cuda,warp-reduction custom CUDA fused scale + mask + softmax; block_size=128,1536,12288,1536,float32,0.125,25,100,54,712.7040028572083,128,0,Tesla T4,7.5,2.11.0+cu128,12.8,2026-08-23T19:11:58.408838+00:00
ca87722a00ebf585cd788c67949e7c0b32dca788,custom_cuda,warp-reduction custom CUDA fused scale + mask + softmax; block_size=128,1536,12288,1536,float32,0.125,25,100,55,770.0480222702026,128,0,Tesla T4,7.5,2.11.0+cu128,12.8,2026-08-23T19:11:58.408838+00:00
ca87722a00ebf585cd788c67949e7c0b32dca788,custom_cuda,warp-reduction custom CUDA fused scale + mask + softmax; block_size=128,1536,12288,1536,float32,0.125,25,100,56,718.8479900360107,128,0,Tesla T4,7.5,2.11.0+cu128,12.8,2026-08-23T19:11:58.408838+00:00
ca87722a00ebf585cd788c67949e7c0b32dca788,custom_cuda,warp-reduction custom CUDA fused scale + mask + softmax; block_size=128,1536,12288,1536,float32,0.125,25,100,57,720.7040190696716,128,0,Tesla T4,7.5,2.11.0+cu128,12.8,2026-08-23T19:11:58.408838+00:00
ca87722a00ebf585cd788c67949e7c0b32dca788,custom_cuda,warp-reduction custom CUDA fused scale + mask + softmax; block_size=128,1536,12288,1536,float32,0.125,25,100,58,720.5439805984497,128,0,Tesla T4,7.5,2.11.0+cu128,12.8,2026-08-23T19:11:58.408838+00:00
ca87722a00ebf585cd788c67949e7c0b32dca788,custom_cuda,warp-reduction custom CUDA fused scale + mask + softmax; block_size=128,1536,12288,1536,float32,0.125,25,100,59,715.4240012168884,128,0,Tesla T4,7.5,2.11.0+cu128,12.8,2026-08-23T19:11:58.408838+00:00
ca87722a00ebf585cd788c67949e7c0b32dca788,custom_cuda,warp-reduction custom CUDA fused scale + mask + softmax; block_size=128,1536,12288,1536,float32,0.125,25,100,60,716.0959839820862,128,0,Tesla T4,7.5,2.11.0+cu128,12.8,2026-08-23T19:11:58.408838+00:00
ca87722a00ebf585cd788c67949e7c0b32dca788,custom_cuda,warp-reduction custom CUDA fused scale + mask + softmax; block_size=128,1536,12288,1536,float32,0.125,25,100,61,711.5520238876343,128,0,Tesla T4,7.5,2.11.0+cu128,12.8,2026-08-23T19:11:58.408838+00:00
ca87722a00ebf585cd788c67949e7c0b32dca788,custom_cuda,warp-reduction custom CUDA fused scale + mask + softmax; block_size=128,1536,12288,1536,float32,0.125,25,100,62,716.7999744415283,128,0,Tesla T4,7.5,2.11.0+cu128,12.8,2026-08-23T19:11:58.408838+00:00
ca87722a00ebf585cd788c67949e7c0b32dca788,custom_cuda,warp-reduction custom CUDA fused scale + mask + softmax; block_size=128,1536,12288,1536,float32,0.125,25,100,63,712.6719951629639,128,0,Tesla T4,7.5,2.11.0+cu128,12.8,2026-08-23T19:11:58.408838+00:00
ca87722a00ebf585cd788c67949e7c0b32dca788,custom_cuda,warp-reduction custom CUDA fused scale + mask + softmax; block_size=128,1536,12288,1536,float32,0.125,25,100,64,734.3040108680725,128,0,Tesla T4,7.5,2.11.0+cu128,12.8,2026-08-23T19:11:58.408838+00:00
ca87722a00ebf585cd788c67949e7c0b32dca788,custom_cuda,warp-reduction custom CUDA fused scale + mask + softmax; block_size=128,1536,12288,1536,float32,0.125,25,100,65,718.720018863678,128,0,Tesla T4,7.5,2.11.0+cu128,12.8,2026-08-23T19:11:58.408838+00:00
ca87722a00ebf585cd788c67949e7c0b32dca788,custom_cuda,warp-reduction custom CUDA fused scale + mask + softmax; block_size=128,1536,12288,1536,float32,0.125,25,100,66,724.128007888794,128,0,Tesla T4,7.5,2.11.0+cu128,12.8,2026-08-23T19:11:58.408838+00:00
ca87722a00ebf585cd788c67949e7c0b32dca788,custom_cuda,warp-reduction custom CUDA fused scale + mask + softmax; block_size=128,1536,12288,1536,float32,0.125,25,100,67,714.9119973182678,128,0,Tesla T4,7.5,2.11.0+cu128,12.8,2026-08-23T19:11:58.408838+00:00
ca87722a00ebf585cd788c67949e7c0b32dca788,custom_cuda,warp-reduction custom CUDA fused scale + mask + softmax; block_size=128,1536,12288,1536,float32,0.125,25,100,68,722.0799922943115,128,0,Tesla T4,7.5,2.11.0+cu128,12.8,2026-08-23T19:11:58.408838+00:00
ca87722a00ebf585cd788c67949e7c0b32dca788,custom_cuda,warp-reduction custom CUDA fused scale + mask + softmax; block_size=128,1536,12288,1536,float32,0.125,25,100,69,718.6880111694336,128,0,Tesla T4,7.5,2.11.0+cu128,12.8,2026-08-23T19:11:58.408838+00:00
ca87722a00ebf585cd788c67949e7c0b32dca788,custom_cuda,warp-reduction custom CUDA fused scale + mask + softmax; block_size=128,1536,12288,1536,float32,0.125,25,100,70,729.1200160980225,128,0,Tesla T4,7.5,2.11.0+cu128,12.8,2026-08-23T19:11:58.408838+00:00
ca87722a00ebf585cd788c67949e7c0b32dca788,custom_cuda,warp-reduction custom CUDA fused scale + mask + softmax; block_size=128,1536,12288,1536,float32,0.125,25,100,71,716.7360186576843,128,0,Tesla T4,7.5,2.11.0+cu128,12.8,2026-08-23T19:11:58.408838+00:00
ca87722a00ebf585cd788c67949e7c0b32dca788,custom_cuda,warp-reduction custom CUDA fused scale + mask + softmax; block_size=128,1536,12288,1536,float32,0.125,25,100,72,720.5759882926941,128,0,Tesla T4,7.5,2.11.0+cu128,12.8,2026-08-23T19:11:58.408838+00:00
ca87722a00ebf585cd788c67949e7c0b32dca788,custom_cuda,warp-reduction custom CUDA fused scale + mask + softmax; block_size=128,1536,12288,1536,float32,0.125,25,100,73,715.6479954719543,128,0,Tesla T4,7.5,2.11.0+cu128,12.8,2026-08-23T19:11:58.408838+00:00
ca87722a00ebf585cd788c67949e7c0b32dca788,custom_cuda,warp-reduction custom CUDA fused scale + mask + softmax; block_size=128,1536,12288,1536,float32,0.125,25,100,74,713.5040163993835,128,0,Tesla T4,7.5,2.11.0+cu128,12.8,2026-08-23T19:11:58.408838+00:00
ca87722a00ebf585cd788c67949e7c0b32dca788,custom_cuda,warp-reduction custom CUDA fused scale + mask + softmax; block_size=128,1536,12288,1536,float32,0.125,25,100,75,710.6559872627258,128,0,Tesla T4,7.5,2.11.0+cu128,12.8,2026-08-23T19:11:58.408838+00:00
ca87722a00ebf585cd788c67949e7c0b32dca788,custom_cuda,warp-reduction custom CUDA fused scale + mask + softmax; block_size=128,1536,12288,1536,float32,0.125,25,100,76,710.6559872627258,128,0,Tesla T4,7.5,2.11.0+cu128,12.8,2026-08-23T19:11:58.408838+00:00
ca87722a00ebf585cd788c67949e7c0b32dca788,custom_cuda,warp-reduction custom CUDA fused scale + mask + softmax; block_size=128,1536,12288,1536,float32,0.125,25,100,77,713.2160067558289,128,0,Tesla T4,7.5,2.11.0+cu128,12.8,2026-08-23T19:11:58.408838+00:00
ca87722a00ebf585cd788c67949e7c0b32dca788,custom_cuda,warp-reduction custom CUDA fused scale + mask + softmax; block_size=128,1536,12288,1536,float32,0.125,25,100,78,710.3999853134155,128,0,Tesla T4,7.5,2.11.0+cu128,12.8,2026-08-23T19:11:58.408838+00:00
ca87722a00ebf585cd788c67949e7c0b32dca788,custom_cuda,warp-reduction custom CUDA fused scale + mask + softmax; block_size=128,1536,12288,1536,float32,0.125,25,100,79,709.9199891090393,128,0,Tesla T4,7.5,2.11.0+cu128,12.8,2026-08-23T19:11:58.408838+00:00
ca87722a00ebf585cd788c67949e7c0b32dca788,custom_cuda,warp-reduction custom CUDA fused scale + mask + softmax; block_size=128,1536,12288,1536,float32,0.125,25,100,80,715.2320146560669,128,0,Tesla T4,7.5,2.11.0+cu128,12.8,2026-08-23T19:11:58.408838+00:00
ca87722a00ebf585cd788c67949e7c0b32dca788,custom_cuda,warp-reduction custom CUDA fused scale + mask + softmax; block_size=128,1536,12288,1536,float32,0.125,25,100,81,708.9599967002869,128,0,Tesla T4,7.5,2.11.0+cu128,12.8,2026-08-23T19:11:58.408838+00:00
ca87722a00ebf585cd788c67949e7c0b32dca788,custom_cuda,warp-reduction custom CUDA fused scale + mask + softmax; block_size=128,1536,12288,1536,float32,0.125,25,100,82,714.464008808136,128,0,Tesla T4,7.5,2.11.0+cu128,12.8,2026-08-23T19:11:58.408838+00:00
ca87722a00ebf585cd788c67949e7c0b32dca788,custom_cuda,warp-reduction custom CUDA fused scale + mask + softmax; block_size=128,1536,12288,1536,float32,0.125,25,100,83,716.7999744415283,128,0,Tesla T4,7.5,2.11.0+cu128,12.8,2026-08-23T19:11:58.408838+00:00
ca87722a00ebf585cd788c67949e7c0b32dca788,custom_cuda,warp-reduction custom CUDA fused scale + mask + softmax; block_size=128,1536,12288,1536,float32,0.125,25,100,84,709.6319794654846,128,0,Tesla T4,7.5,2.11.0+cu128,12.8,2026-08-23T19:11:58.408838+00:00
ca87722a00ebf585cd788c67949e7c0b32dca788,custom_cuda,warp-reduction custom CUDA fused scale + mask + softmax; block_size=128,1536,12288,1536,float32,0.125,25,100,85,710.1759910583496,128,0,Tesla T4,7.5,2.11.0+cu128,12.8,2026-08-23T19:11:58.408838+00:00
ca87722a00ebf585cd788c67949e7c0b32dca788,custom_cuda,warp-reduction custom CUDA fused scale + mask + softmax; block_size=128,1536,12288,1536,float32,0.125,25,100,86,708.512008190155,128,0,Tesla T4,7.5,2.11.0+cu128,12.8,2026-08-23T19:11:58.408838+00:00
ca87722a00ebf585cd788c67949e7c0b32dca788,custom_cuda,warp-reduction custom CUDA fused scale + mask + softmax; block_size=128,1536,12288,1536,float32,0.125,25,100,87,714.6880030632019,128,0,Tesla T4,7.5,2.11.0+cu128,12.8,2026-08-23T19:11:58.408838+00:00
ca87722a00ebf585cd788c67949e7c0b32dca788,custom_cuda,warp-reduction custom CUDA fused scale + mask + softmax; block_size=128,1536,12288,1536,float32,0.125,25,100,88,709.7600102424622,128,0,Tesla T4,7.5,2.11.0+cu128,12.8,2026-08-23T19:11:58.408838+00:00
ca87722a00ebf585cd788c67949e7c0b32dca788,custom_cuda,warp-reduction custom CUDA fused scale + mask + softmax; block_size=128,1536,12288,1536,float32,0.125,25,100,89,708.6079716682434,128,0,Tesla T4,7.5,2.11.0+cu128,12.8,2026-08-23T19:11:58.408838+00:00
ca87722a00ebf585cd788c67949e7c0b32dca788,custom_cuda,warp-reduction custom CUDA fused scale + mask + softmax; block_size=128,1536,12288,1536,float32,0.125,25,100,90,712.7040028572083,128,0,Tesla T4,7.5,2.11.0+cu128,12.8,2026-08-23T19:11:58.408838+00:00
ca87722a00ebf585cd788c67949e7c0b32dca788,custom_cuda,warp-reduction custom CUDA fused scale + mask + softmax; block_size=128,1536,12288,1536,float32,0.125,25,100,91,712.0000123977661,128,0,Tesla T4,7.5,2.11.0+cu128,12.8,2026-08-23T19:11:58.408838+00:00
ca87722a00ebf585cd788c67949e7c0b32dca788,custom_cuda,warp-reduction custom CUDA fused scale + mask + softmax; block_size=128,1536,12288,1536,float32,0.125,25,100,92,714.7520184516907,128,0,Tesla T4,7.5,2.11.0+cu128,12.8,2026-08-23T19:11:58.408838+00:00
ca87722a00ebf585cd788c67949e7c0b32dca788,custom_cuda,warp-reduction custom CUDA fused scale + mask + softmax; block_size=128,1536,12288,1536,float32,0.125,25,100,93,704.7039866447449,128,0,Tesla T4,7.5,2.11.0+cu128,12.8,2026-08-23T19:11:58.408838+00:00
ca87722a00ebf585cd788c67949e7c0b32dca788,custom_cuda,warp-reduction custom CUDA fused scale + mask + softmax; block_size=128,1536,12288,1536,float32,0.125,25,100,94,709.5680236816406,128,0,Tesla T4,7.5,2.11.0+cu128,12.8,2026-08-23T19:11:58.408838+00:00
ca87722a00ebf585cd788c67949e7c0b32dca788,custom_cuda,warp-reduction custom CUDA fused scale + mask + softmax; block_size=128,1536,12288,1536,float32,0.125,25,100,95,718.8479900360107,128,0,Tesla T4,7.5,2.11.0+cu128,12.8,2026-08-23T19:11:58.408838+00:00
ca87722a00ebf585cd788c67949e7c0b32dca788,custom_cuda,warp-reduction custom CUDA fused scale + mask + softmax; block_size=128,1536,12288,1536,float32,0.125,25,100,96,718.8479900360107,128,0,Tesla T4,7.5,2.11.0+cu128,12.8,2026-08-23T19:11:58.408838+00:00
ca87722a00ebf585cd788c67949e7c0b32dca788,custom_cuda,warp-reduction custom CUDA fused scale + mask + softmax; block_size=128,1536,12288,1536,float32,0.125,25,100,97,746.1119890213013,128,0,Tesla T4,7.5,2.11.0+cu128,12.8,2026-08-23T19:11:58.408838+00:00
ca87722a00ebf585cd788c67949e7c0b32dca788,custom_cuda,warp-reduction custom CUDA fused scale + mask + softmax; block_size=128,1536,12288,1536,float32,0.125,25,100,98,710.3999853134155,128,0,Tesla T4,7.5,2.11.0+cu128,12.8,2026-08-23T19:11:58.408838+00:00
ca87722a00ebf585cd788c67949e7c0b32dca788,custom_cuda,warp-reduction custom CUDA fused scale + mask + softmax; block_size=128,1536,12288,1536,float32,0.125,25,100,99,710.8799815177917,128,0,Tesla T4,7.5,2.11.0+cu128,12.8,2026-08-23T19:11:58.408838+00:00
ca87722a00ebf585cd788c67949e7c0b32dca788,pytorch_eager,PyTorch eager scale + causal mask + softmax,2048,16384,2048,float32,0.125,25,100,0,5069.952011108398,,0,Tesla T4,7.5,2.11.0+cu128,12.8,2026-08-23T19:12:10.421908+00:00
ca87722a00ebf585cd788c67949e7c0b32dca788,pytorch_eager,PyTorch eager scale + causal mask + softmax,2048,16384,2048,float32,0.125,25,100,1,5036.032199859619,,0,Tesla T4,7.5,2.11.0+cu128,12.8,2026-08-23T19:12:10.421908+00:00
ca87722a00ebf585cd788c67949e7c0b32dca788,pytorch_eager,PyTorch eager scale + causal mask + softmax,2048,16384,2048,float32,0.125,25,100,2,5015.552043914795,,0,Tesla T4,7.5,2.11.0+cu128,12.8,2026-08-23T19:12:10.421908+00:00
ca87722a00ebf585cd788c67949e7c0b32dca788,pytorch_eager,PyTorch eager scale + causal mask + softmax,2048,16384,2048,float32,0.125,25,100,3,5027.840137481689,,0,Tesla T4,7.5,2.11.0+cu128,12.8,2026-08-23T19:12:10.421908+00:00
ca87722a00ebf585cd788c67949e7c0b32dca788,pytorch_eager,PyTorch eager scale + causal mask + softmax,2048,16384,2048,float32,0.125,25,100,4,5017.632007598877,,0,Tesla T4,7.5,2.11.0+cu128,12.8,2026-08-23T19:12:10.421908+00:00
ca87722a00ebf585cd788c67949e7c0b32dca788,pytorch_eager,PyTorch eager scale + causal mask + softmax,2048,16384,2048,float32,0.125,25,100,5,4999.584197998047,,0,Tesla T4,7.5,2.11.0+cu128,12.8,2026-08-23T19:12:10.421908+00:00
ca87722a00ebf585cd788c67949e7c0b32dca788,pytorch_eager,PyTorch eager scale + causal mask + softmax,2048,16384,2048,float32,0.125,25,100,6,5007.391929626465,,0,Tesla T4,7.5,2.11.0+cu128,12.8,2026-08-23T19:12:10.421908+00:00
ca87722a00ebf585cd788c67949e7c0b32dca788,pytorch_eager,PyTorch eager scale + causal mask + softmax,2048,16384,2048,float32,0.125,25,100,7,5001.0881423950195,,0,Tesla T4,7.5,2.11.0+cu128,12.8,2026-08-23T19:12:10.421908+00:00
ca87722a00ebf585cd788c67949e7c0b32dca788,pytorch_eager,PyTorch eager scale + causal mask + softmax,2048,16384,2048,float32,0.125,25,100,8,5034.016132354736,,0,Tesla T4,7.5,2.11.0+cu128,12.8,2026-08-23T19:12:10.421908+00:00
ca87722a00ebf585cd788c67949e7c0b32dca788,pytorch_eager,PyTorch eager scale + causal mask + softmax,2048,16384,2048,float32,0.125,25,100,9,5005.311965942383,,0,Tesla T4,7.5,2.11.0+cu128,12.8,2026-08-23T19:12:10.421908+00:00
ca87722a00ebf585cd788c67949e7c0b32dca788,pytorch_eager,PyTorch eager scale + causal mask + softmax,2048,16384,2048,float32,0.125,25,100,10,5012.383937835693,,0,Tesla T4,7.5,2.11.0+cu128,12.8,2026-08-23T19:12:10.421908+00:00
ca87722a00ebf585cd788c67949e7c0b32dca788,pytorch_eager,PyTorch eager scale + causal mask + softmax,2048,16384,2048,float32,0.125,25,100,11,5001.920223236084,,0,Tesla T4,7.5,2.11.0+cu128,12.8,2026-08-23T19:12:10.421908+00:00
ca87722a00ebf585cd788c67949e7c0b32dca788,pytorch_eager,PyTorch eager scale + causal mask + softmax,2048,16384,2048,float32,0.125,25,100,12,5004.672050476074,,0,Tesla T4,7.5,2.11.0+cu128,12.8,2026-08-23T19:12:10.421908+00:00
ca87722a00ebf585cd788c67949e7c0b32dca788,pytorch_eager,PyTorch eager scale + causal mask + softmax,2048,16384,2048,float32,0.125,25,100,13,5038.784027099609,,0,Tesla T4,7.5,2.11.0+cu128,12.8,2026-08-23T19:12:10.421908+00:00
ca87722a00ebf585cd788c67949e7c0b32dca788,pytorch_eager,PyTorch eager scale + causal mask + softmax,2048,16384,2048,float32,0.125,25,100,14,5027.071952819824,,0,Tesla T4,7.5,2.11.0+cu128,12.8,2026-08-23T19:12:10.421908+00:00
ca87722a00ebf585cd788c67949e7c0b32dca788,pytorch_eager,PyTorch eager scale + causal mask + softmax,2048,16384,2048,float32,0.125,25,100,15,5012.224197387695,,0,Tesla T4,7.5,2.11.0+cu128,12.8,2026-08-23T19:12:10.421908+00:00
ca87722a00ebf585cd788c67949e7c0b32dca788,pytorch_eager,PyTorch eager scale + causal mask + softmax,2048,16384,2048,float32,0.125,25,100,16,5013.535976409912,,0,Tesla T4,7.5,2.11.0+cu128,12.8,2026-08-23T19:12:10.421908+00:00
ca87722a00ebf585cd788c67949e7c0b32dca788,pytorch_eager,PyTorch eager scale + causal mask + softmax,2048,16384,2048,float32,0.125,25,100,17,5003.007888793945,,0,Tesla T4,7.5,2.11.0+cu128,12.8,2026-08-23T19:12:10.421908+00:00
ca87722a00ebf585cd788c67949e7c0b32dca788,pytorch_eager,PyTorch eager scale + causal mask + softmax,2048,16384,2048,float32,0.125,25,100,18,5009.439945220947,,0,Tesla T4,7.5,2.11.0+cu128,12.8,2026-08-23T19:12:10.421908+00:00
ca87722a00ebf585cd788c67949e7c0b32dca788,pytorch_eager,PyTorch eager scale + causal mask + softmax,2048,16384,2048,float32,0.125,25,100,19,5010.9758377075195,,0,Tesla T4,7.5,2.11.0+cu128,12.8,2026-08-23T19:12:10.421908+00:00
ca87722a00ebf585cd788c67949e7c0b32dca788,pytorch_eager,PyTorch eager scale + causal mask + softmax,2048,16384,2048,float32,0.125,25,100,20,5005.727767944336,,0,Tesla T4,7.5,2.11.0+cu128,12.8,2026-08-23T19:12:10.421908+00:00
ca87722a00ebf585cd788c67949e7c0b32dca788,pytorch_eager,PyTorch eager scale + causal mask + softmax,2048,16384,2048,float32,0.125,25,100,21,5019.680023193359,,0,Tesla T4,7.5,2.11.0+cu128,12.8,2026-08-23T19:12:10.421908+00:00
ca87722a00ebf585cd788c67949e7c0b32dca788,pytorch_eager,PyTorch eager scale + causal mask + softmax,2048,16384,2048,float32,0.125,25,100,22,5012.095928192139,,0,Tesla T4,7.5,2.11.0+cu128,12.8,2026-08-23T19:12:10.421908+00:00
ca87722a00ebf585cd788c67949e7c0b32dca788,pytorch_eager,PyTorch eager scale + causal mask + softmax,2048,16384,2048,float32,0.125,25,100,23,5004.640102386475,,0,Tesla T4,7.5,2.11.0+cu128,12.8,2026-08-23T19:12:10.421908+00:00
ca87722a00ebf585cd788c67949e7c0b32dca788,pytorch_eager,PyTorch eager scale + causal mask + softmax,2048,16384,2048,float32,0.125,25,100,24,4999.680042266846,,0,Tesla T4,7.5,2.11.0+cu128,12.8,2026-08-23T19:12:10.421908+00:00
ca87722a00ebf585cd788c67949e7c0b32dca788,pytorch_eager,PyTorch eager scale + causal mask + softmax,2048,16384,2048,float32,0.125,25,100,25,5023.007869720459,,0,Tesla T4,7.5,2.11.0+cu128,12.8,2026-08-23T19:12:10.421908+00:00
ca87722a00ebf585cd788c67949e7c0b32dca788,pytorch_eager,PyTorch eager scale + causal mask + softmax,2048,16384,2048,float32,0.125,25,100,26,5021.728038787842,,0,Tesla T4,7.5,2.11.0+cu128,12.8,2026-08-23T19:12:10.421908+00:00
ca87722a00ebf585cd788c67949e7c0b32dca788,pytorch_eager,PyTorch eager scale + causal mask + softmax,2048,16384,2048,float32,0.125,25,100,27,5014.944076538086,,0,Tesla T4,7.5,2.11.0+cu128,12.8,2026-08-23T19:12:10.421908+00:00
ca87722a00ebf585cd788c67949e7c0b32dca788,pytorch_eager,PyTorch eager scale + causal mask + softmax,2048,16384,2048,float32,0.125,25,100,28,5011.136054992676,,0,Tesla T4,7.5,2.11.0+cu128,12.8,2026-08-23T19:12:10.421908+00:00
ca87722a00ebf585cd788c67949e7c0b32dca788,pytorch_eager,PyTorch eager scale + causal mask + softmax,2048,16384,2048,float32,0.125,25,100,29,5011.45601272583,,0,Tesla T4,7.5,2.11.0+cu128,12.8,2026-08-23T19:12:10.421908+00:00
ca87722a00ebf585cd788c67949e7c0b32dca788,pytorch_eager,PyTorch eager scale + causal mask + softmax,2048,16384,2048,float32,0.125,25,100,30,5022.560119628906,,0,Tesla T4,7.5,2.11.0+cu128,12.8,2026-08-23T19:12:10.421908+00:00
ca87722a00ebf585cd788c67949e7c0b32dca788,pytorch_eager,PyTorch eager scale + causal mask + softmax,2048,16384,2048,float32,0.125,25,100,31,5001.247882843018,,0,Tesla T4,7.5,2.11.0+cu128,12.8,2026-08-23T19:12:10.421908+00:00
ca87722a00ebf585cd788c67949e7c0b32dca788,pytorch_eager,PyTorch eager scale + causal mask + softmax,2048,16384,2048,float32,0.125,25,100,32,5012.832164764404,,0,Tesla T4,7.5,2.11.0+cu128,12.8,2026-08-23T19:12:10.421908+00:00
ca87722a00ebf585cd788c67949e7c0b32dca788,pytorch_eager,PyTorch eager scale + causal mask + softmax,2048,16384,2048,float32,0.125,25,100,33,5080.992221832275,,0,Tesla T4,7.5,2.11.0+cu128,12.8,2026-08-23T19:12:10.421908+00:00
ca87722a00ebf585cd788c67949e7c0b32dca788,pytorch_eager,PyTorch eager scale + causal mask + softmax,2048,16384,2048,float32,0.125,25,100,34,5088.895797729492,,0,Tesla T4,7.5,2.11.0+cu128,12.8,2026-08-23T19:12:10.421908+00:00
ca87722a00ebf585cd788c67949e7c0b32dca788,pytorch_eager,PyTorch eager scale + causal mask + softmax,2048,16384,2048,float32,0.125,25,100,35,5081.247806549072,,0,Tesla T4,7.5,2.11.0+cu128,12.8,2026-08-23T19:12:10.421908+00:00
ca87722a00ebf585cd788c67949e7c0b32dca788,pytorch_eager,PyTorch eager scale + causal mask + softmax,2048,16384,2048,float32,0.125,25,100,36,5094.46382522583,,0,Tesla T4,7.5,2.11.0+cu128,12.8,2026-08-23T19:12:10.421908+00:00
ca87722a00ebf585cd788c67949e7c0b32dca788,pytorch_eager,PyTorch eager scale + causal mask + softmax,2048,16384,2048,float32,0.125,25,100,37,5091.584205627441,,0,Tesla T4,7.5,2.11.0+cu128,12.8,2026-08-23T19:12:10.421908+00:00
ca87722a00ebf585cd788c67949e7c0b32dca788,pytorch_eager,PyTorch eager scale + causal mask + softmax,2048,16384,2048,float32,0.125,25,100,38,5095.52001953125,,0,Tesla T4,7.5,2.11.0+cu128,12.8,2026-08-23T19:12:10.421908+00:00
ca87722a00ebf585cd788c67949e7c0b32dca788,pytorch_eager,PyTorch eager scale + causal mask + softmax,2048,16384,2048,float32,0.125,25,100,39,5079.808235168457,,0,Tesla T4,7.5,2.11.0+cu128,12.8,2026-08-23T19:12:10.421908+00:00
ca87722a00ebf585cd788c67949e7c0b32dca788,pytorch_eager,PyTorch eager scale + causal mask + softmax,2048,16384,2048,float32,0.125,25,100,40,5117.37585067749,,0,Tesla T4,7.5,2.11.0+cu128,12.8,2026-08-23T19:12:10.421908+00:00
ca87722a00ebf585cd788c67949e7c0b32dca788,pytorch_eager,PyTorch eager scale + causal mask + softmax,2048,16384,2048,float32,0.125,25,100,41,5130.112171173096,,0,Tesla T4,7.5,2.11.0+cu128,12.8,2026-08-23T19:12:10.421908+00:00
ca87722a00ebf585cd788c67949e7c0b32dca788,pytorch_eager,PyTorch eager scale + causal mask + softmax,2048,16384,2048,float32,0.125,25,100,42,5104.479789733887,,0,Tesla T4,7.5,2.11.0+cu128,12.8,2026-08-23T19:12:10.421908+00:00
ca87722a00ebf585cd788c67949e7c0b32dca788,pytorch_eager,PyTorch eager scale + causal mask + softmax,2048,16384,2048,float32,0.125,25,100,43,5099.35998916626,,0,Tesla T4,7.5,2.11.0+cu128,12.8,2026-08-23T19:12:10.421908+00:00
ca87722a00ebf585cd788c67949e7c0b32dca788,pytorch_eager,PyTorch eager scale + causal mask + softmax,2048,16384,2048,float32,0.125,25,100,44,5121.503829956055,,0,Tesla T4,7.5,2.11.0+cu128,12.8,2026-08-23T19:12:10.421908+00:00
ca87722a00ebf585cd788c67949e7c0b32dca788,pytorch_eager,PyTorch eager scale + causal mask + softmax,2048,16384,2048,float32,0.125,25,100,45,5122.208118438721,,0,Tesla T4,7.5,2.11.0+cu128,12.8,2026-08-23T19:12:10.421908+00:00
ca87722a00ebf585cd788c67949e7c0b32dca788,pytorch_eager,PyTorch eager scale + causal mask + softmax,2048,16384,2048,float32,0.125,25,100,46,5125.472068786621,,0,Tesla T4,7.5,2.11.0+cu128,12.8,2026-08-23T19:12:10.421908+00:00
ca87722a00ebf585cd788c67949e7c0b32dca788,pytorch_eager,PyTorch eager scale + causal mask + softmax,2048,16384,2048,float32,0.125,25,100,47,5130.43212890625,,0,Tesla T4,7.5,2.11.0+cu128,12.8,2026-08-23T19:12:10.421908+00:00
ca87722a00ebf585cd788c67949e7c0b32dca788,pytorch_eager,PyTorch eager scale + causal mask + softmax,2048,16384,2048,float32,0.125,25,100,48,5122.655868530273,,0,Tesla T4,7.5,2.11.0+cu128,12.8,2026-08-23T19:12:10.421908+00:00
ca87722a00ebf585cd788c67949e7c0b32dca788,pytorch_eager,PyTorch eager scale + causal mask + softmax,2048,16384,2048,float32,0.125,25,100,49,5143.904209136963,,0,Tesla T4,7.5,2.11.0+cu128,12.8,2026-08-23T19:12:10.421908+00:00
ca87722a00ebf585cd788c67949e7c0b32dca788,pytorch_eager,PyTorch eager scale + causal mask + softmax,2048,16384,2048,float32,0.125,25,100,50,5131.872177124023,,0,Tesla T4,7.5,2.11.0+cu128,12.8,2026-08-23T19:12:10.421908+00:00
ca87722a00ebf585cd788c67949e7c0b32dca788,pytorch_eager,PyTorch eager scale + causal mask + softmax,2048,16384,2048,float32,0.125,25,100,51,5142.464160919189,,0,Tesla T4,7.5,2.11.0+cu128,12.8,2026-08-23T19:12:10.421908+00:00
ca87722a00ebf585cd788c67949e7c0b32dca788,pytorch_eager,PyTorch eager scale + causal mask + softmax,2048,16384,2048,float32,0.125,25,100,52,5128.191947937012,,0,Tesla T4,7.5,2.11.0+cu128,12.8,2026-08-23T19:12:10.421908+00:00
ca87722a00ebf585cd788c67949e7c0b32dca788,pytorch_eager,PyTorch eager scale + causal mask + softmax,2048,16384,2048,float32,0.125,25,100,53,5148.672103881836,,0,Tesla T4,7.5,2.11.0+cu128,12.8,2026-08-23T19:12:10.421908+00:00
ca87722a00ebf585cd788c67949e7c0b32dca788,pytorch_eager,PyTorch eager scale + causal mask + softmax,2048,16384,2048,float32,0.125,25,100,54,5136.384010314941,,0,Tesla T4,7.5,2.11.0+cu128,12.8,2026-08-23T19:12:10.421908+00:00
ca87722a00ebf585cd788c67949e7c0b32dca788,pytorch_eager,PyTorch eager scale + causal mask + softmax,2048,16384,2048,float32,0.125,25,100,55,5151.23176574707,,0,Tesla T4,7.5,2.11.0+cu128,12.8,2026-08-23T19:12:10.421908+00:00
ca87722a00ebf585cd788c67949e7c0b32dca788,pytorch_eager,PyTorch eager scale + causal mask + softmax,2048,16384,2048,float32,0.125,25,100,56,5138.432025909424,,0,Tesla T4,7.5,2.11.0+cu128,12.8,2026-08-23T19:12:10.421908+00:00
ca87722a00ebf585cd788c67949e7c0b32dca788,pytorch_eager,PyTorch eager scale + causal mask + softmax,2048,16384,2048,float32,0.125,25,100,57,5144.608020782471,,0,Tesla T4,7.5,2.11.0+cu128,12.8,2026-08-23T19:12:10.421908+00:00
ca87722a00ebf585cd788c67949e7c0b32dca788,pytorch_eager,PyTorch eager scale + causal mask + softmax,2048,16384,2048,float32,0.125,25,100,58,5128.479957580566,,0,Tesla T4,7.5,2.11.0+cu128,12.8,2026-08-23T19:12:10.421908+00:00
ca87722a00ebf585cd788c67949e7c0b32dca788,pytorch_eager,PyTorch eager scale + causal mask + softmax,2048,16384,2048,float32,0.125,25,100,59,5154.240131378174,,0,Tesla T4,7.5,2.11.0+cu128,12.8,2026-08-23T19:12:10.421908+00:00
ca87722a00ebf585cd788c67949e7c0b32dca788,pytorch_eager,PyTorch eager scale + causal mask + softmax,2048,16384,2048,float32,0.125,25,100,60,5130.239963531494,,0,Tesla T4,7.5,2.11.0+cu128,12.8,2026-08-23T19:12:10.421908+00:00
ca87722a00ebf585cd788c67949e7c0b32dca788,pytorch_eager,PyTorch eager scale + causal mask + softmax,2048,16384,2048,float32,0.125,25,100,61,5124.095916748047,,0,Tesla T4,7.5,2.11.0+cu128,12.8,2026-08-23T19:12:10.421908+00:00
ca87722a00ebf585cd788c67949e7c0b32dca788,pytorch_eager,PyTorch eager scale + causal mask + softmax,2048,16384,2048,float32,0.125,25,100,62,5142.528057098389,,0,Tesla T4,7.5,2.11.0+cu128,12.8,2026-08-23T19:12:10.421908+00:00
ca87722a00ebf585cd788c67949e7c0b32dca788,pytorch_eager,PyTorch eager scale + causal mask + softmax,2048,16384,2048,float32,0.125,25,100,63,5143.712043762207,,0,Tesla T4,7.5,2.11.0+cu128,12.8,2026-08-23T19:12:10.421908+00:00
ca87722a00ebf585cd788c67949e7c0b32dca788,pytorch_eager,PyTorch eager scale + causal mask + softmax,2048,16384,2048,float32,0.125,25,100,64,5130.239963531494,,0,Tesla T4,7.5,2.11.0+cu128,12.8,2026-08-23T19:12:10.421908+00:00
ca87722a00ebf585cd788c67949e7c0b32dca788,pytorch_eager,PyTorch eager scale + causal mask + softmax,2048,16384,2048,float32,0.125,25,100,65,5141.471862792969,,0,Tesla T4,7.5,2.11.0+cu128,12.8,2026-08-23T19:12:10.421908+00:00
ca87722a00ebf585cd788c67949e7c0b32dca788,pytorch_eager,PyTorch eager scale + causal mask + softmax,2048,16384,2048,float32,0.125,25,100,66,5129.471778869629,,0,Tesla T4,7.5,2.11.0+cu128,12.8,2026-08-23T19:12:10.421908+00:00
ca87722a00ebf585cd788c67949e7c0b32dca788,pytorch_eager,PyTorch eager scale + causal mask + softmax,2048,16384,2048,float32,0.125,25,100,67,5137.184143066406,,0,Tesla T4,7.5,2.11.0+cu128,12.8,2026-08-23T19:12:10.421908+00:00
ca87722a00ebf585cd788c67949e7c0b32dca788,pytorch_eager,PyTorch eager scale + causal mask + softmax,2048,16384,2048,float32,0.125,25,100,68,5158.592224121094,,0,Tesla T4,7.5,2.11.0+cu128,12.8,2026-08-23T19:12:10.421908+00:00
ca87722a00ebf585cd788c67949e7c0b32dca788,pytorch_eager,PyTorch eager scale + causal mask + softmax,2048,16384,2048,float32,0.125,25,100,69,5135.839939117432,,0,Tesla T4,7.5,2.11.0+cu128,12.8,2026-08-23T19:12:10.421908+00:00
ca87722a00ebf585cd788c67949e7c0b32dca788,pytorch_eager,PyTorch eager scale + causal mask + softmax,2048,16384,2048,float32,0.125,25,100,70,5128.928184509277,,0,Tesla T4,7.5,2.11.0+cu128,12.8,2026-08-23T19:12:10.421908+00:00
ca87722a00ebf585cd788c67949e7c0b32dca788,pytorch_eager,PyTorch eager scale + causal mask + softmax,2048,16384,2048,float32,0.125,25,100,71,5150.112152099609,,0,Tesla T4,7.5,2.11.0+cu128,12.8,2026-08-23T19:12:10.421908+00:00
ca87722a00ebf585cd788c67949e7c0b32dca788,pytorch_eager,PyTorch eager scale + causal mask + softmax,2048,16384,2048,float32,0.125,25,100,72,5139.999866485596,,0,Tesla T4,7.5,2.11.0+cu128,12.8,2026-08-23T19:12:10.421908+00:00
ca87722a00ebf585cd788c67949e7c0b32dca788,pytorch_eager,PyTorch eager scale + causal mask + softmax,2048,16384,2048,float32,0.125,25,100,73,5128.191947937012,,0,Tesla T4,7.5,2.11.0+cu128,12.8,2026-08-23T19:12:10.421908+00:00
ca87722a00ebf585cd788c67949e7c0b32dca788,pytorch_eager,PyTorch eager scale + causal mask + softmax,2048,16384,2048,float32,0.125,25,100,74,5124.447822570801,,0,Tesla T4,7.5,2.11.0+cu128,12.8,2026-08-23T19:12:10.421908+00:00
ca87722a00ebf585cd788c67949e7c0b32dca788,pytorch_eager,PyTorch eager scale + causal mask + softmax,2048,16384,2048,float32,0.125,25,100,75,5163.008213043213,,0,Tesla T4,7.5,2.11.0+cu128,12.8,2026-08-23T19:12:10.421908+00:00
ca87722a00ebf585cd788c67949e7c0b32dca788,pytorch_eager,PyTorch eager scale + causal mask + softmax,2048,16384,2048,float32,0.125,25,100,76,5147.712230682373,,0,Tesla T4,7.5,2.11.0+cu128,12.8,2026-08-23T19:12:10.421908+00:00
ca87722a00ebf585cd788c67949e7c0b32dca788,pytorch_eager,PyTorch eager scale + causal mask + softmax,2048,16384,2048,float32,0.125,25,100,77,5139.520168304443,,0,Tesla T4,7.5,2.11.0+cu128,12.8,2026-08-23T19:12:10.421908+00:00
ca87722a00ebf585cd788c67949e7c0b32dca788,pytorch_eager,PyTorch eager scale + causal mask + softmax,2048,16384,2048,float32,0.125,25,100,78,5152.768135070801,,0,Tesla T4,7.5,2.11.0+cu128,12.8,2026-08-23T19:12:10.421908+00:00
ca87722a00ebf585cd788c67949e7c0b32dca788,pytorch_eager,PyTorch eager scale + causal mask + softmax,2048,16384,2048,float32,0.125,25,100,79,5141.34407043457,,0,Tesla T4,7.5,2.11.0+cu128,12.8,2026-08-23T19:12:10.421908+00:00
ca87722a00ebf585cd788c67949e7c0b32dca788,pytorch_eager,PyTorch eager scale + causal mask + softmax,2048,16384,2048,float32,0.125,25,100,80,5145.72811126709,,0,Tesla T4,7.5,2.11.0+cu128,12.8,2026-08-23T19:12:10.421908+00:00
ca87722a00ebf585cd788c67949e7c0b32dca788,pytorch_eager,PyTorch eager scale + causal mask + softmax,2048,16384,2048,float32,0.125,25,100,81,5130.239963531494,,0,Tesla T4,7.5,2.11.0+cu128,12.8,2026-08-23T19:12:10.421908+00:00
ca87722a00ebf585cd788c67949e7c0b32dca788,pytorch_eager,PyTorch eager scale + causal mask + softmax,2048,16384,2048,float32,0.125,25,100,82,5144.576072692871,,0,Tesla T4,7.5,2.11.0+cu128,12.8,2026-08-23T19:12:10.421908+00:00
ca87722a00ebf585cd788c67949e7c0b32dca788,pytorch_eager,PyTorch eager scale + causal mask + softmax,2048,16384,2048,float32,0.125,25,100,83,5144.576072692871,,0,Tesla T4,7.5,2.11.0+cu128,12.8,2026-08-23T19:12:10.421908+00:00
ca87722a00ebf585cd788c67949e7c0b32dca788,pytorch_eager,PyTorch eager scale + causal mask + softmax,2048,16384,2048,float32,0.125,25,100,84,5135.807991027832,,0,Tesla T4,7.5,2.11.0+cu128,12.8,2026-08-23T19:12:10.421908+00:00
ca87722a00ebf585cd788c67949e7c0b32dca788,pytorch_eager,PyTorch eager scale + causal mask + softmax,2048,16384,2048,float32,0.125,25,100,85,5143.551826477051,,0,Tesla T4,7.5,2.11.0+cu128,12.8,2026-08-23T19:12:10.421908+00:00
ca87722a00ebf585cd788c67949e7c0b32dca788,pytorch_eager,PyTorch eager scale + causal mask + softmax,2048,16384,2048,float32,0.125,25,100,86,5134.208202362061,,0,Tesla T4,7.5,2.11.0+cu128,12.8,2026-08-23T19:12:10.421908+00:00
ca87722a00ebf585cd788c67949e7c0b32dca788,pytorch_eager,PyTorch eager scale + causal mask + softmax,2048,16384,2048,float32,0.125,25,100,87,5130.239963531494,,0,Tesla T4,7.5,2.11.0+cu128,12.8,2026-08-23T19:12:10.421908+00:00
ca87722a00ebf585cd788c67949e7c0b32dca788,pytorch_eager,PyTorch eager scale + causal mask + softmax,2048,16384,2048,float32,0.125,25,100,88,5121.503829956055,,0,Tesla T4,7.5,2.11.0+cu128,12.8,2026-08-23T19:12:10.421908+00:00
ca87722a00ebf585cd788c67949e7c0b32dca788,pytorch_eager,PyTorch eager scale + causal mask + softmax,2048,16384,2048,float32,0.125,25,100,89,5132.0319175720215,,0,Tesla T4,7.5,2.11.0+cu128,12.8,2026-08-23T19:12:10.421908+00:00
ca87722a00ebf585cd788c67949e7c0b32dca788,pytorch_eager,PyTorch eager scale + causal mask + softmax,2048,16384,2048,float32,0.125,25,100,90,5156.544208526611,,0,Tesla T4,7.5,2.11.0+cu128,12.8,2026-08-23T19:12:10.421908+00:00
ca87722a00ebf585cd788c67949e7c0b32dca788,pytorch_eager,PyTorch eager scale + causal mask + softmax,2048,16384,2048,float32,0.125,25,100,91,5134.335994720459,,0,Tesla T4,7.5,2.11.0+cu128,12.8,2026-08-23T19:12:10.421908+00:00
ca87722a00ebf585cd788c67949e7c0b32dca788,pytorch_eager,PyTorch eager scale + causal mask + softmax,2048,16384,2048,float32,0.125,25,100,92,5134.592056274414,,0,Tesla T4,7.5,2.11.0+cu128,12.8,2026-08-23T19:12:10.421908+00:00
ca87722a00ebf585cd788c67949e7c0b32dca788,pytorch_eager,PyTorch eager scale + causal mask + softmax,2048,16384,2048,float32,0.125,25,100,93,5143.519878387451,,0,Tesla T4,7.5,2.11.0+cu128,12.8,2026-08-23T19:12:10.421908+00:00
ca87722a00ebf585cd788c67949e7c0b32dca788,pytorch_eager,PyTorch eager scale + causal mask + softmax,2048,16384,2048,float32,0.125,25,100,94,5125.504016876221,,0,Tesla T4,7.5,2.11.0+cu128,12.8,2026-08-23T19:12:10.421908+00:00
ca87722a00ebf585cd788c67949e7c0b32dca788,pytorch_eager,PyTorch eager scale + causal mask + softmax,2048,16384,2048,float32,0.125,25,100,95,5129.183769226074,,0,Tesla T4,7.5,2.11.0+cu128,12.8,2026-08-23T19:12:10.421908+00:00
ca87722a00ebf585cd788c67949e7c0b32dca788,pytorch_eager,PyTorch eager scale + causal mask + softmax,2048,16384,2048,float32,0.125,25,100,96,5130.239963531494,,0,Tesla T4,7.5,2.11.0+cu128,12.8,2026-08-23T19:12:10.421908+00:00
ca87722a00ebf585cd788c67949e7c0b32dca788,pytorch_eager,PyTorch eager scale + causal mask + softmax,2048,16384,2048,float32,0.125,25,100,97,5146.6240882873535,,0,Tesla T4,7.5,2.11.0+cu128,12.8,2026-08-23T19:12:10.421908+00:00
ca87722a00ebf585cd788c67949e7c0b32dca788,pytorch_eager,PyTorch eager scale + causal mask + softmax,2048,16384,2048,float32,0.125,25,100,98,5134.047985076904,,0,Tesla T4,7.5,2.11.0+cu128,12.8,2026-08-23T19:12:10.421908+00:00
ca87722a00ebf585cd788c67949e7c0b32dca788,pytorch_eager,PyTorch eager scale + causal mask + softmax,2048,16384,2048,float32,0.125,25,100,99,5143.263816833496,,0,Tesla T4,7.5,2.11.0+cu128,12.8,2026-08-23T19:12:10.421908+00:00
ca87722a00ebf585cd788c67949e7c0b32dca788,torch_compile,torch.compile scale + causal mask + softmax,2048,16384,2048,float32,0.125,25,100,0,1705.9839963912964,,1,Tesla T4,7.5,2.11.0+cu128,12.8,2026-08-23T19:12:10.421908+00:00
ca87722a00ebf585cd788c67949e7c0b32dca788,torch_compile,torch.compile scale + causal mask + softmax,2048,16384,2048,float32,0.125,25,100,1,1658.400058746338,,1,Tesla T4,7.5,2.11.0+cu128,12.8,2026-08-23T19:12:10.421908+00:00
ca87722a00ebf585cd788c67949e7c0b32dca788,torch_compile,torch.compile scale + causal mask + softmax,2048,16384,2048,float32,0.125,25,100,2,1657.312035560608,,1,Tesla T4,7.5,2.11.0+cu128,12.8,2026-08-23T19:12:10.421908+00:00
ca87722a00ebf585cd788c67949e7c0b32dca788,torch_compile,torch.compile scale + causal mask + softmax,2048,16384,2048,float32,0.125,25,100,3,1640.5760049819946,,1,Tesla T4,7.5,2.11.0+cu128,12.8,2026-08-23T19:12:10.421908+00:00
ca87722a00ebf585cd788c67949e7c0b32dca788,torch_compile,torch.compile scale + causal mask + softmax,2048,16384,2048,float32,0.125,25,100,4,1676.1599779129028,,1,Tesla T4,7.5,2.11.0+cu128,12.8,2026-08-23T19:12:10.421908+00:00
ca87722a00ebf585cd788c67949e7c0b32dca788,torch_compile,torch.compile scale + causal mask + softmax,2048,16384,2048,float32,0.125,25,100,5,1636.4799737930298,,1,Tesla T4,7.5,2.11.0+cu128,12.8,2026-08-23T19:12:10.421908+00:00
ca87722a00ebf585cd788c67949e7c0b32dca788,torch_compile,torch.compile scale + causal mask + softmax,2048,16384,2048,float32,0.125,25,100,6,1631.2320232391357,,1,Tesla T4,7.5,2.11.0+cu128,12.8,2026-08-23T19:12:10.421908+00:00
ca87722a00ebf585cd788c67949e7c0b32dca788,torch_compile,torch.compile scale + causal mask + softmax,2048,16384,2048,float32,0.125,25,100,7,1636.3199949264526,,1,Tesla T4,7.5,2.11.0+cu128,12.8,2026-08-23T19:12:10.421908+00:00
ca87722a00ebf585cd788c67949e7c0b32dca788,torch_compile,torch.compile scale + causal mask + softmax,2048,16384,2048,float32,0.125,25,100,8,1632.2879791259766,,1,Tesla T4,7.5,2.11.0+cu128,12.8,2026-08-23T19:12:10.421908+00:00
ca87722a00ebf585cd788c67949e7c0b32dca788,torch_compile,torch.compile scale + causal mask + softmax,2048,16384,2048,float32,0.125,25,100,9,1633.9839696884155,,1,Tesla T4,7.5,2.11.0+cu128,12.8,2026-08-23T19:12:10.421908+00:00
ca87722a00ebf585cd788c67949e7c0b32dca788,torch_compile,torch.compile scale + causal mask + softmax,2048,16384,2048,float32,0.125,25,100,10,1667.0399904251099,,1,Tesla T4,7.5,2.11.0+cu128,12.8,2026-08-23T19:12:10.421908+00:00
ca87722a00ebf585cd788c67949e7c0b32dca788,torch_compile,torch.compile scale + causal mask + softmax,2048,16384,2048,float32,0.125,25,100,11,1667.7440404891968,,1,Tesla T4,7.5,2.11.0+cu128,12.8,2026-08-23T19:12:10.421908+00:00
ca87722a00ebf585cd788c67949e7c0b32dca788,torch_compile,torch.compile scale + causal mask + softmax,2048,16384,2048,float32,0.125,25,100,12,1718.2400226593018,,1,Tesla T4,7.5,2.11.0+cu128,12.8,2026-08-23T19:12:10.421908+00:00
ca87722a00ebf585cd788c67949e7c0b32dca788,torch_compile,torch.compile scale + causal mask + softmax,2048,16384,2048,float32,0.125,25,100,13,1671.231985092163,,1,Tesla T4,7.5,2.11.0+cu128,12.8,2026-08-23T19:12:10.421908+00:00
ca87722a00ebf585cd788c67949e7c0b32dca788,torch_compile,torch.compile scale + causal mask + softmax,2048,16384,2048,float32,0.125,25,100,14,1646.5599536895752,,1,Tesla T4,7.5,2.11.0+cu128,12.8,2026-08-23T19:12:10.421908+00:00
ca87722a00ebf585cd788c67949e7c0b32dca788,torch_compile,torch.compile scale + causal mask + softmax,2048,16384,2048,float32,0.125,25,100,15,1662.176012992859,,1,Tesla T4,7.5,2.11.0+cu128,12.8,2026-08-23T19:12:10.421908+00:00
ca87722a00ebf585cd788c67949e7c0b32dca788,torch_compile,torch.compile scale + causal mask + softmax,2048,16384,2048,float32,0.125,25,100,16,1643.0399417877197,,1,Tesla T4,7.5,2.11.0+cu128,12.8,2026-08-23T19:12:10.421908+00:00
ca87722a00ebf585cd788c67949e7c0b32dca788,torch_compile,torch.compile scale + causal mask + softmax,2048,16384,2048,float32,0.125,25,100,17,1634.0160369873047,,1,Tesla T4,7.5,2.11.0+cu128,12.8,2026-08-23T19:12:10.421908+00:00
ca87722a00ebf585cd788c67949e7c0b32dca788,torch_compile,torch.compile scale + causal mask + softmax,2048,16384,2048,float32,0.125,25,100,18,1634.4959735870361,,1,Tesla T4,7.5,2.11.0+cu128,12.8,2026-08-23T19:12:10.421908+00:00
ca87722a00ebf585cd788c67949e7c0b32dca788,torch_compile,torch.compile scale + causal mask + softmax,2048,16384,2048,float32,0.125,25,100,19,1656.3520431518555,,1,Tesla T4,7.5,2.11.0+cu128,12.8,2026-08-23T19:12:10.421908+00:00
ca87722a00ebf585cd788c67949e7c0b32dca788,torch_compile,torch.compile scale + causal mask + softmax,2048,16384,2048,float32,0.125,25,100,20,1632.256031036377,,1,Tesla T4,7.5,2.11.0+cu128,12.8,2026-08-23T19:12:10.421908+00:00
ca87722a00ebf585cd788c67949e7c0b32dca788,torch_compile,torch.compile scale + causal mask + softmax,2048,16384,2048,float32,0.125,25,100,21,1635.200023651123,,1,Tesla T4,7.5,2.11.0+cu128,12.8,2026-08-23T19:12:10.421908+00:00
ca87722a00ebf585cd788c67949e7c0b32dca788,torch_compile,torch.compile scale + causal mask + softmax,2048,16384,2048,float32,0.125,25,100,22,1661.952018737793,,1,Tesla T4,7.5,2.11.0+cu128,12.8,2026-08-23T19:12:10.421908+00:00
ca87722a00ebf585cd788c67949e7c0b32dca788,torch_compile,torch.compile scale + causal mask + softmax,2048,16384,2048,float32,0.125,25,100,23,1632.3519945144653,,1,Tesla T4,7.5,2.11.0+cu128,12.8,2026-08-23T19:12:10.421908+00:00
ca87722a00ebf585cd788c67949e7c0b32dca788,torch_compile,torch.compile scale + causal mask + softmax,2048,16384,2048,float32,0.125,25,100,24,1653.5680294036865,,1,Tesla T4,7.5,2.11.0+cu128,12.8,2026-08-23T19:12:10.421908+00:00
ca87722a00ebf585cd788c67949e7c0b32dca788,torch_compile,torch.compile scale + causal mask + softmax,2048,16384,2048,float32,0.125,25,100,25,1654.1759967803955,,1,Tesla T4,7.5,2.11.0+cu128,12.8,2026-08-23T19:12:10.421908+00:00
ca87722a00ebf585cd788c67949e7c0b32dca788,torch_compile,torch.compile scale + causal mask + softmax,2048,16384,2048,float32,0.125,25,100,26,1632.256031036377,,1,Tesla T4,7.5,2.11.0+cu128,12.8,2026-08-23T19:12:10.421908+00:00
ca87722a00ebf585cd788c67949e7c0b32dca788,torch_compile,torch.compile scale + causal mask + softmax,2048,16384,2048,float32,0.125,25,100,27,1636.4480257034302,,1,Tesla T4,7.5,2.11.0+cu128,12.8,2026-08-23T19:12:10.421908+00:00
ca87722a00ebf585cd788c67949e7c0b32dca788,torch_compile,torch.compile scale + causal mask + softmax,2048,16384,2048,float32,0.125,25,100,28,1633.72802734375,,1,Tesla T4,7.5,2.11.0+cu128,12.8,2026-08-23T19:12:10.421908+00:00
ca87722a00ebf585cd788c67949e7c0b32dca788,torch_compile,torch.compile scale + causal mask + softmax,2048,16384,2048,float32,0.125,25,100,29,1673.2159852981567,,1,Tesla T4,7.5,2.11.0+cu128,12.8,2026-08-23T19:12:10.421908+00:00
ca87722a00ebf585cd788c67949e7c0b32dca788,torch_compile,torch.compile scale + causal mask + softmax,2048,16384,2048,float32,0.125,25,100,30,1633.344054222107,,1,Tesla T4,7.5,2.11.0+cu128,12.8,2026-08-23T19:12:10.421908+00:00
ca87722a00ebf585cd788c67949e7c0b32dca788,torch_compile,torch.compile scale + causal mask + softmax,2048,16384,2048,float32,0.125,25,100,31,1670.143961906433,,1,Tesla T4,7.5,2.11.0+cu128,12.8,2026-08-23T19:12:10.421908+00:00
ca87722a00ebf585cd788c67949e7c0b32dca788,torch_compile,torch.compile scale + causal mask + softmax,2048,16384,2048,float32,0.125,25,100,32,1633.8560581207275,,1,Tesla T4,7.5,2.11.0+cu128,12.8,2026-08-23T19:12:10.421908+00:00
ca87722a00ebf585cd788c67949e7c0b32dca788,torch_compile,torch.compile scale + causal mask + softmax,2048,16384,2048,float32,0.125,25,100,33,1634.2719793319702,,1,Tesla T4,7.5,2.11.0+cu128,12.8,2026-08-23T19:12:10.421908+00:00
ca87722a00ebf585cd788c67949e7c0b32dca788,torch_compile,torch.compile scale + causal mask + softmax,2048,16384,2048,float32,0.125,25,100,34,1634.559988975525,,1,Tesla T4,7.5,2.11.0+cu128,12.8,2026-08-23T19:12:10.421908+00:00
ca87722a00ebf585cd788c67949e7c0b32dca788,torch_compile,torch.compile scale + causal mask + softmax,2048,16384,2048,float32,0.125,25,100,35,1635.6159448623657,,1,Tesla T4,7.5,2.11.0+cu128,12.8,2026-08-23T19:12:10.421908+00:00
ca87722a00ebf585cd788c67949e7c0b32dca788,torch_compile,torch.compile scale + causal mask + softmax,2048,16384,2048,float32,0.125,25,100,36,1684.5120191574097,,1,Tesla T4,7.5,2.11.0+cu128,12.8,2026-08-23T19:12:10.421908+00:00
ca87722a00ebf585cd788c67949e7c0b32dca788,torch_compile,torch.compile scale + causal mask + softmax,2048,16384,2048,float32,0.125,25,100,37,1636.8319988250732,,1,Tesla T4,7.5,2.11.0+cu128,12.8,2026-08-23T19:12:10.421908+00:00
ca87722a00ebf585cd788c67949e7c0b32dca788,torch_compile,torch.compile scale + causal mask + softmax,2048,16384,2048,float32,0.125,25,100,38,1631.4239501953125,,1,Tesla T4,7.5,2.11.0+cu128,12.8,2026-08-23T19:12:10.421908+00:00
ca87722a00ebf585cd788c67949e7c0b32dca788,torch_compile,torch.compile scale + causal mask + softmax,2048,16384,2048,float32,0.125,25,100,39,1631.872057914734,,1,Tesla T4,7.5,2.11.0+cu128,12.8,2026-08-23T19:12:10.421908+00:00
ca87722a00ebf585cd788c67949e7c0b32dca788,torch_compile,torch.compile scale + causal mask + softmax,2048,16384,2048,float32,0.125,25,100,40,1632.2879791259766,,1,Tesla T4,7.5,2.11.0+cu128,12.8,2026-08-23T19:12:10.421908+00:00
ca87722a00ebf585cd788c67949e7c0b32dca788,torch_compile,torch.compile scale + causal mask + softmax,2048,16384,2048,float32,0.125,25,100,41,1484.9920272827148,,1,Tesla T4,7.5,2.11.0+cu128,12.8,2026-08-23T19:12:10.421908+00:00
ca87722a00ebf585cd788c67949e7c0b32dca788,torch_compile,torch.compile scale + causal mask + softmax,2048,16384,2048,float32,0.125,25,100,42,1355.8080196380615,,1,Tesla T4,7.5,2.11.0+cu128,12.8,2026-08-23T19:12:10.421908+00:00
ca87722a00ebf585cd788c67949e7c0b32dca788,torch_compile,torch.compile scale + causal mask + softmax,2048,16384,2048,float32,0.125,25,100,43,1387.1040344238281,,1,Tesla T4,7.5,2.11.0+cu128,12.8,2026-08-23T19:12:10.421908+00:00
ca87722a00ebf585cd788c67949e7c0b32dca788,torch_compile,torch.compile scale + causal mask + softmax,2048,16384,2048,float32,0.125,25,100,44,1388.2880210876465,,1,Tesla T4,7.5,2.11.0+cu128,12.8,2026-08-23T19:12:10.421908+00:00
ca87722a00ebf585cd788c67949e7c0b32dca788,torch_compile,torch.compile scale + causal mask + softmax,2048,16384,2048,float32,0.125,25,100,45,1351.5839576721191,,1,Tesla T4,7.5,2.11.0+cu128,12.8,2026-08-23T19:12:10.421908+00:00
ca87722a00ebf585cd788c67949e7c0b32dca788,torch_compile,torch.compile scale + causal mask + softmax,2048,16384,2048,float32,0.125,25,100,46,1379.1999816894531,,1,Tesla T4,7.5,2.11.0+cu128,12.8,2026-08-23T19:12:10.421908+00:00
ca87722a00ebf585cd788c67949e7c0b32dca788,torch_compile,torch.compile scale + causal mask + softmax,2048,16384,2048,float32,0.125,25,100,47,1355.072021484375,,1,Tesla T4,7.5,2.11.0+cu128,12.8,2026-08-23T19:12:10.421908+00:00
ca87722a00ebf585cd788c67949e7c0b32dca788,torch_compile,torch.compile scale + causal mask + softmax,2048,16384,2048,float32,0.125,25,100,48,1351.7119884490967,,1,Tesla T4,7.5,2.11.0+cu128,12.8,2026-08-23T19:12:10.421908+00:00
ca87722a00ebf585cd788c67949e7c0b32dca788,torch_compile,torch.compile scale + causal mask + softmax,2048,16384,2048,float32,0.125,25,100,49,1375.5199909210205,,1,Tesla T4,7.5,2.11.0+cu128,12.8,2026-08-23T19:12:10.421908+00:00
ca87722a00ebf585cd788c67949e7c0b32dca788,torch_compile,torch.compile scale + causal mask + softmax,2048,16384,2048,float32,0.125,25,100,50,1361.2799644470215,,1,Tesla T4,7.5,2.11.0+cu128,12.8,2026-08-23T19:12:10.421908+00:00
ca87722a00ebf585cd788c67949e7c0b32dca788,torch_compile,torch.compile scale + causal mask + softmax,2048,16384,2048,float32,0.125,25,100,51,1355.3919792175293,,1,Tesla T4,7.5,2.11.0+cu128,12.8,2026-08-23T19:12:10.421908+00:00
ca87722a00ebf585cd788c67949e7c0b32dca788,torch_compile,torch.compile scale + causal mask + softmax,2048,16384,2048,float32,0.125,25,100,52,1355.8720350265503,,1,Tesla T4,7.5,2.11.0+cu128,12.8,2026-08-23T19:12:10.421908+00:00
ca87722a00ebf585cd788c67949e7c0b32dca788,torch_compile,torch.compile scale + causal mask + softmax,2048,16384,2048,float32,0.125,25,100,53,1392.6719427108765,,1,Tesla T4,7.5,2.11.0+cu128,12.8,2026-08-23T19:12:10.421908+00:00
ca87722a00ebf585cd788c67949e7c0b32dca788,torch_compile,torch.compile scale + causal mask + softmax,2048,16384,2048,float32,0.125,25,100,54,1358.3359718322754,,1,Tesla T4,7.5,2.11.0+cu128,12.8,2026-08-23T19:12:10.421908+00:00
ca87722a00ebf585cd788c67949e7c0b32dca788,torch_compile,torch.compile scale + causal mask + softmax,2048,16384,2048,float32,0.125,25,100,55,1350.8800268173218,,1,Tesla T4,7.5,2.11.0+cu128,12.8,2026-08-23T19:12:10.421908+00:00
ca87722a00ebf585cd788c67949e7c0b32dca788,torch_compile,torch.compile scale + causal mask + softmax,2048,16384,2048,float32,0.125,25,100,56,1377.9200315475464,,1,Tesla T4,7.5,2.11.0+cu128,12.8,2026-08-23T19:12:10.421908+00:00
ca87722a00ebf585cd788c67949e7c0b32dca788,torch_compile,torch.compile scale + causal mask + softmax,2048,16384,2048,float32,0.125,25,100,57,1363.327980041504,,1,Tesla T4,7.5,2.11.0+cu128,12.8,2026-08-23T19:12:10.421908+00:00
ca87722a00ebf585cd788c67949e7c0b32dca788,torch_compile,torch.compile scale + causal mask + softmax,2048,16384,2048,float32,0.125,25,100,58,1377.5360584259033,,1,Tesla T4,7.5,2.11.0+cu128,12.8,2026-08-23T19:12:10.421908+00:00
ca87722a00ebf585cd788c67949e7c0b32dca788,torch_compile,torch.compile scale + causal mask + softmax,2048,16384,2048,float32,0.125,25,100,59,1359.4880104064941,,1,Tesla T4,7.5,2.11.0+cu128,12.8,2026-08-23T19:12:10.421908+00:00
ca87722a00ebf585cd788c67949e7c0b32dca788,torch_compile,torch.compile scale + causal mask + softmax,2048,16384,2048,float32,0.125,25,100,60,1355.7440042495728,,1,Tesla T4,7.5,2.11.0+cu128,12.8,2026-08-23T19:12:10.421908+00:00
ca87722a00ebf585cd788c67949e7c0b32dca788,torch_compile,torch.compile scale + causal mask + softmax,2048,16384,2048,float32,0.125,25,100,61,1360.8640432357788,,1,Tesla T4,7.5,2.11.0+cu128,12.8,2026-08-23T19:12:10.421908+00:00
ca87722a00ebf585cd788c67949e7c0b32dca788,torch_compile,torch.compile scale + causal mask + softmax,2048,16384,2048,float32,0.125,25,100,62,1433.568000793457,,1,Tesla T4,7.5,2.11.0+cu128,12.8,2026-08-23T19:12:10.421908+00:00
ca87722a00ebf585cd788c67949e7c0b32dca788,torch_compile,torch.compile scale + causal mask + softmax,2048,16384,2048,float32,0.125,25,100,63,1373.8559484481812,,1,Tesla T4,7.5,2.11.0+cu128,12.8,2026-08-23T19:12:10.421908+00:00
ca87722a00ebf585cd788c67949e7c0b32dca788,torch_compile,torch.compile scale + causal mask + softmax,2048,16384,2048,float32,0.125,25,100,64,1392.6399946212769,,1,Tesla T4,7.5,2.11.0+cu128,12.8,2026-08-23T19:12:10.421908+00:00
ca87722a00ebf585cd788c67949e7c0b32dca788,torch_compile,torch.compile scale + causal mask + softmax,2048,16384,2048,float32,0.125,25,100,65,1353.279948234558,,1,Tesla T4,7.5,2.11.0+cu128,12.8,2026-08-23T19:12:10.421908+00:00
ca87722a00ebf585cd788c67949e7c0b32dca788,torch_compile,torch.compile scale + causal mask + softmax,2048,16384,2048,float32,0.125,25,100,66,1355.4240465164185,,1,Tesla T4,7.5,2.11.0+cu128,12.8,2026-08-23T19:12:10.421908+00:00
ca87722a00ebf585cd788c67949e7c0b32dca788,torch_compile,torch.compile scale + causal mask + softmax,2048,16384,2048,float32,0.125,25,100,67,1356.287956237793,,1,Tesla T4,7.5,2.11.0+cu128,12.8,2026-08-23T19:12:10.421908+00:00
ca87722a00ebf585cd788c67949e7c0b32dca788,torch_compile,torch.compile scale + causal mask + softmax,2048,16384,2048,float32,0.125,25,100,68,1347.6159572601318,,1,Tesla T4,7.5,2.11.0+cu128,12.8,2026-08-23T19:12:10.421908+00:00
ca87722a00ebf585cd788c67949e7c0b32dca788,torch_compile,torch.compile scale + causal mask + softmax,2048,16384,2048,float32,0.125,25,100,69,1353.9520502090454,,1,Tesla T4,7.5,2.11.0+cu128,12.8,2026-08-23T19:12:10.421908+00:00
ca87722a00ebf585cd788c67949e7c0b32dca788,torch_compile,torch.compile scale + causal mask + softmax,2048,16384,2048,float32,0.125,25,100,70,1375.3279447555542,,1,Tesla T4,7.5,2.11.0+cu128,12.8,2026-08-23T19:12:10.421908+00:00
ca87722a00ebf585cd788c67949e7c0b32dca788,torch_compile,torch.compile scale + causal mask + softmax,2048,16384,2048,float32,0.125,25,100,71,1384.4159841537476,,1,Tesla T4,7.5,2.11.0+cu128,12.8,2026-08-23T19:12:10.421908+00:00
ca87722a00ebf585cd788c67949e7c0b32dca788,torch_compile,torch.compile scale + causal mask + softmax,2048,16384,2048,float32,0.125,25,100,72,1351.7119884490967,,1,Tesla T4,7.5,2.11.0+cu128,12.8,2026-08-23T19:12:10.421908+00:00
ca87722a00ebf585cd788c67949e7c0b32dca788,torch_compile,torch.compile scale + causal mask + softmax,2048,16384,2048,float32,0.125,25,100,73,1347.4880456924438,,1,Tesla T4,7.5,2.11.0+cu128,12.8,2026-08-23T19:12:10.421908+00:00
ca87722a00ebf585cd788c67949e7c0b32dca788,torch_compile,torch.compile scale + causal mask + softmax,2048,16384,2048,float32,0.125,25,100,74,1394.6880102157593,,1,Tesla T4,7.5,2.11.0+cu128,12.8,2026-08-23T19:12:10.421908+00:00
ca87722a00ebf585cd788c67949e7c0b32dca788,torch_compile,torch.compile scale + causal mask + softmax,2048,16384,2048,float32,0.125,25,100,75,1353.7280559539795,,1,Tesla T4,7.5,2.11.0+cu128,12.8,2026-08-23T19:12:10.421908+00:00
ca87722a00ebf585cd788c67949e7c0b32dca788,torch_compile,torch.compile scale + causal mask + softmax,2048,16384,2048,float32,0.125,25,100,76,1370.1759576797485,,1,Tesla T4,7.5,2.11.0+cu128,12.8,2026-08-23T19:12:10.421908+00:00
ca87722a00ebf585cd788c67949e7c0b32dca788,torch_compile,torch.compile scale + causal mask + softmax,2048,16384,2048,float32,0.125,25,100,77,1372.864007949829,,1,Tesla T4,7.5,2.11.0+cu128,12.8,2026-08-23T19:12:10.421908+00:00
ca87722a00ebf585cd788c67949e7c0b32dca788,torch_compile,torch.compile scale + causal mask + softmax,2048,16384,2048,float32,0.125,25,100,78,1360.1919412612915,,1,Tesla T4,7.5,2.11.0+cu128,12.8,2026-08-23T19:12:10.421908+00:00
ca87722a00ebf585cd788c67949e7c0b32dca788,torch_compile,torch.compile scale + causal mask + softmax,2048,16384,2048,float32,0.125,25,100,79,1363.808035850525,,1,Tesla T4,7.5,2.11.0+cu128,12.8,2026-08-23T19:12:10.421908+00:00
ca87722a00ebf585cd788c67949e7c0b32dca788,torch_compile,torch.compile scale + causal mask + softmax,2048,16384,2048,float32,0.125,25,100,80,1417.02401638031,,1,Tesla T4,7.5,2.11.0+cu128,12.8,2026-08-23T19:12:10.421908+00:00
ca87722a00ebf585cd788c67949e7c0b32dca788,torch_compile,torch.compile scale + causal mask + softmax,2048,16384,2048,float32,0.125,25,100,81,1346.6880321502686,,1,Tesla T4,7.5,2.11.0+cu128,12.8,2026-08-23T19:12:10.421908+00:00
ca87722a00ebf585cd788c67949e7c0b32dca788,torch_compile,torch.compile scale + causal mask + softmax,2048,16384,2048,float32,0.125,25,100,82,1360.3839874267578,,1,Tesla T4,7.5,2.11.0+cu128,12.8,2026-08-23T19:12:10.421908+00:00
ca87722a00ebf585cd788c67949e7c0b32dca788,torch_compile,torch.compile scale + causal mask + softmax,2048,16384,2048,float32,0.125,25,100,83,1350.0800132751465,,1,Tesla T4,7.5,2.11.0+cu128,12.8,2026-08-23T19:12:10.421908+00:00
ca87722a00ebf585cd788c67949e7c0b32dca788,torch_compile,torch.compile scale + causal mask + softmax,2048,16384,2048,float32,0.125,25,100,84,1352.9599905014038,,1,Tesla T4,7.5,2.11.0+cu128,12.8,2026-08-23T19:12:10.421908+00:00
ca87722a00ebf585cd788c67949e7c0b32dca788,torch_compile,torch.compile scale + causal mask + softmax,2048,16384,2048,float32,0.125,25,100,85,1363.2960319519043,,1,Tesla T4,7.5,2.11.0+cu128,12.8,2026-08-23T19:12:10.421908+00:00
ca87722a00ebf585cd788c67949e7c0b32dca788,torch_compile,torch.compile scale + causal mask + softmax,2048,16384,2048,float32,0.125,25,100,86,1337.3440504074097,,1,Tesla T4,7.5,2.11.0+cu128,12.8,2026-08-23T19:12:10.421908+00:00
ca87722a00ebf585cd788c67949e7c0b32dca788,torch_compile,torch.compile scale + causal mask + softmax,2048,16384,2048,float32,0.125,25,100,87,1327.8720378875732,,1,Tesla T4,7.5,2.11.0+cu128,12.8,2026-08-23T19:12:10.421908+00:00
ca87722a00ebf585cd788c67949e7c0b32dca788,torch_compile,torch.compile scale + causal mask + softmax,2048,16384,2048,float32,0.125,25,100,88,1365.8560514450073,,1,Tesla T4,7.5,2.11.0+cu128,12.8,2026-08-23T19:12:10.421908+00:00
ca87722a00ebf585cd788c67949e7c0b32dca788,torch_compile,torch.compile scale + causal mask + softmax,2048,16384,2048,float32,0.125,25,100,89,1325.0559568405151,,1,Tesla T4,7.5,2.11.0+cu128,12.8,2026-08-23T19:12:10.421908+00:00
ca87722a00ebf585cd788c67949e7c0b32dca788,torch_compile,torch.compile scale + causal mask + softmax,2048,16384,2048,float32,0.125,25,100,90,1424.5120286941528,,1,Tesla T4,7.5,2.11.0+cu128,12.8,2026-08-23T19:12:10.421908+00:00
ca87722a00ebf585cd788c67949e7c0b32dca788,torch_compile,torch.compile scale + causal mask + softmax,2048,16384,2048,float32,0.125,25,100,91,1316.8959617614746,,1,Tesla T4,7.5,2.11.0+cu128,12.8,2026-08-23T19:12:10.421908+00:00
ca87722a00ebf585cd788c67949e7c0b32dca788,torch_compile,torch.compile scale + causal mask + softmax,2048,16384,2048,float32,0.125,25,100,92,1305.8559894561768,,1,Tesla T4,7.5,2.11.0+cu128,12.8,2026-08-23T19:12:10.421908+00:00
ca87722a00ebf585cd788c67949e7c0b32dca788,torch_compile,torch.compile scale + causal mask + softmax,2048,16384,2048,float32,0.125,25,100,93,1305.1520586013794,,1,Tesla T4,7.5,2.11.0+cu128,12.8,2026-08-23T19:12:10.421908+00:00
ca87722a00ebf585cd788c67949e7c0b32dca788,torch_compile,torch.compile scale + causal mask + softmax,2048,16384,2048,float32,0.125,25,100,94,1352.128028869629,,1,Tesla T4,7.5,2.11.0+cu128,12.8,2026-08-23T19:12:10.421908+00:00
ca87722a00ebf585cd788c67949e7c0b32dca788,torch_compile,torch.compile scale + causal mask + softmax,2048,16384,2048,float32,0.125,25,100,95,1355.1679849624634,,1,Tesla T4,7.5,2.11.0+cu128,12.8,2026-08-23T19:12:10.421908+00:00
ca87722a00ebf585cd788c67949e7c0b32dca788,torch_compile,torch.compile scale + causal mask + softmax,2048,16384,2048,float32,0.125,25,100,96,1333.5039615631104,,1,Tesla T4,7.5,2.11.0+cu128,12.8,2026-08-23T19:12:10.421908+00:00
ca87722a00ebf585cd788c67949e7c0b32dca788,torch_compile,torch.compile scale + causal mask + softmax,2048,16384,2048,float32,0.125,25,100,97,1334.4320058822632,,1,Tesla T4,7.5,2.11.0+cu128,12.8,2026-08-23T19:12:10.421908+00:00
ca87722a00ebf585cd788c67949e7c0b32dca788,torch_compile,torch.compile scale + causal mask + softmax,2048,16384,2048,float32,0.125,25,100,98,1337.2160196304321,,1,Tesla T4,7.5,2.11.0+cu128,12.8,2026-08-23T19:12:10.421908+00:00
ca87722a00ebf585cd788c67949e7c0b32dca788,torch_compile,torch.compile scale + causal mask + softmax,2048,16384,2048,float32,0.125,25,100,99,1351.647973060608,,1,Tesla T4,7.5,2.11.0+cu128,12.8,2026-08-23T19:12:10.421908+00:00
ca87722a00ebf585cd788c67949e7c0b32dca788,custom_cuda,warp-reduction custom CUDA fused scale + mask + softmax; block_size=128,2048,16384,2048,float32,0.125,25,100,0,1451.3920545578003,128,0,Tesla T4,7.5,2.11.0+cu128,12.8,2026-08-23T19:12:10.421908+00:00
ca87722a00ebf585cd788c67949e7c0b32dca788,custom_cuda,warp-reduction custom CUDA fused scale + mask + softmax; block_size=128,2048,16384,2048,float32,0.125,25,100,1,1439.7120475769043,128,0,Tesla T4,7.5,2.11.0+cu128,12.8,2026-08-23T19:12:10.421908+00:00
ca87722a00ebf585cd788c67949e7c0b32dca788,custom_cuda,warp-reduction custom CUDA fused scale + mask + softmax; block_size=128,2048,16384,2048,float32,0.125,25,100,2,1433.9840412139893,128,0,Tesla T4,7.5,2.11.0+cu128,12.8,2026-08-23T19:12:10.421908+00:00
ca87722a00ebf585cd788c67949e7c0b32dca788,custom_cuda,warp-reduction custom CUDA fused scale + mask + softmax; block_size=128,2048,16384,2048,float32,0.125,25,100,3,1446.1439847946167,128,0,Tesla T4,7.5,2.11.0+cu128,12.8,2026-08-23T19:12:10.421908+00:00
ca87722a00ebf585cd788c67949e7c0b32dca788,custom_cuda,warp-reduction custom CUDA fused scale + mask + softmax; block_size=128,2048,16384,2048,float32,0.125,25,100,4,1442.68798828125,128,0,Tesla T4,7.5,2.11.0+cu128,12.8,2026-08-23T19:12:10.421908+00:00
ca87722a00ebf585cd788c67949e7c0b32dca788,custom_cuda,warp-reduction custom CUDA fused scale + mask + softmax; block_size=128,2048,16384,2048,float32,0.125,25,100,5,1436.1920356750488,128,0,Tesla T4,7.5,2.11.0+cu128,12.8,2026-08-23T19:12:10.421908+00:00
ca87722a00ebf585cd788c67949e7c0b32dca788,custom_cuda,warp-reduction custom CUDA fused scale + mask + softmax; block_size=128,2048,16384,2048,float32,0.125,25,100,6,1445.7279443740845,128,0,Tesla T4,7.5,2.11.0+cu128,12.8,2026-08-23T19:12:10.421908+00:00
ca87722a00ebf585cd788c67949e7c0b32dca788,custom_cuda,warp-reduction custom CUDA fused scale + mask + softmax; block_size=128,2048,16384,2048,float32,0.125,25,100,7,1433.6320161819458,128,0,Tesla T4,7.5,2.11.0+cu128,12.8,2026-08-23T19:12:10.421908+00:00
ca87722a00ebf585cd788c67949e7c0b32dca788,custom_cuda,warp-reduction custom CUDA fused scale + mask + softmax; block_size=128,2048,16384,2048,float32,0.125,25,100,8,1436.4479780197144,128,0,Tesla T4,7.5,2.11.0+cu128,12.8,2026-08-23T19:12:10.421908+00:00
ca87722a00ebf585cd788c67949e7c0b32dca788,custom_cuda,warp-reduction custom CUDA fused scale + mask + softmax; block_size=128,2048,16384,2048,float32,0.125,25,100,9,1437.6640319824219,128,0,Tesla T4,7.5,2.11.0+cu128,12.8,2026-08-23T19:12:10.421908+00:00
ca87722a00ebf585cd788c67949e7c0b32dca788,custom_cuda,warp-reduction custom CUDA fused scale + mask + softmax; block_size=128,2048,16384,2048,float32,0.125,25,100,10,1450.495958328247,128,0,Tesla T4,7.5,2.11.0+cu128,12.8,2026-08-23T19:12:10.421908+00:00
ca87722a00ebf585cd788c67949e7c0b32dca788,custom_cuda,warp-reduction custom CUDA fused scale + mask + softmax; block_size=128,2048,16384,2048,float32,0.125,25,100,11,1433.568000793457,128,0,Tesla T4,7.5,2.11.0+cu128,12.8,2026-08-23T19:12:10.421908+00:00
ca87722a00ebf585cd788c67949e7c0b32dca788,custom_cuda,warp-reduction custom CUDA fused scale + mask + softmax; block_size=128,2048,16384,2048,float32,0.125,25,100,12,1447.9999542236328,128,0,Tesla T4,7.5,2.11.0+cu128,12.8,2026-08-23T19:12:10.421908+00:00
ca87722a00ebf585cd788c67949e7c0b32dca788,custom_cuda,warp-reduction custom CUDA fused scale + mask + softmax; block_size=128,2048,16384,2048,float32,0.125,25,100,13,1440.4480457305908,128,0,Tesla T4,7.5,2.11.0+cu128,12.8,2026-08-23T19:12:10.421908+00:00
ca87722a00ebf585cd788c67949e7c0b32dca788,custom_cuda,warp-reduction custom CUDA fused scale + mask + softmax; block_size=128,2048,16384,2048,float32,0.125,25,100,14,1433.5999488830566,128,0,Tesla T4,7.5,2.11.0+cu128,12.8,2026-08-23T19:12:10.421908+00:00
ca87722a00ebf585cd788c67949e7c0b32dca788,custom_cuda,warp-reduction custom CUDA fused scale + mask + softmax; block_size=128,2048,16384,2048,float32,0.125,25,100,15,1447.9360580444336,128,0,Tesla T4,7.5,2.11.0+cu128,12.8,2026-08-23T19:12:10.421908+00:00
ca87722a00ebf585cd788c67949e7c0b32dca788,custom_cuda,warp-reduction custom CUDA fused scale + mask + softmax; block_size=128,2048,16384,2048,float32,0.125,25,100,16,1432.2880506515503,128,0,Tesla T4,7.5,2.11.0+cu128,12.8,2026-08-23T19:12:10.421908+00:00
ca87722a00ebf585cd788c67949e7c0b32dca788,custom_cuda,warp-reduction custom CUDA fused scale + mask + softmax; block_size=128,2048,16384,2048,float32,0.125,25,100,17,1439.2319917678833,128,0,Tesla T4,7.5,2.11.0+cu128,12.8,2026-08-23T19:12:10.421908+00:00
ca87722a00ebf585cd788c67949e7c0b32dca788,custom_cuda,warp-reduction custom CUDA fused scale + mask + softmax; block_size=128,2048,16384,2048,float32,0.125,25,100,18,1441.7920112609863,128,0,Tesla T4,7.5,2.11.0+cu128,12.8,2026-08-23T19:12:10.421908+00:00
ca87722a00ebf585cd788c67949e7c0b32dca788,custom_cuda,warp-reduction custom CUDA fused scale + mask + softmax; block_size=128,2048,16384,2048,float32,0.125,25,100,19,1446.8480348587036,128,0,Tesla T4,7.5,2.11.0+cu128,12.8,2026-08-23T19:12:10.421908+00:00
ca87722a00ebf585cd788c67949e7c0b32dca788,custom_cuda,warp-reduction custom CUDA fused scale + mask + softmax; block_size=128,2048,16384,2048,float32,0.125,25,100,20,1438.9439821243286,128,0,Tesla T4,7.5,2.11.0+cu128,12.8,2026-08-23T19:12:10.421908+00:00
ca87722a00ebf585cd788c67949e7c0b32dca788,custom_cuda,warp-reduction custom CUDA fused scale + mask + softmax; block_size=128,2048,16384,2048,float32,0.125,25,100,21,1440.5759572982788,128,0,Tesla T4,7.5,2.11.0+cu128,12.8,2026-08-23T19:12:10.421908+00:00
ca87722a00ebf585cd788c67949e7c0b32dca788,custom_cuda,warp-reduction custom CUDA fused scale + mask + softmax; block_size=128,2048,16384,2048,float32,0.125,25,100,22,1447.9999542236328,128,0,Tesla T4,7.5,2.11.0+cu128,12.8,2026-08-23T19:12:10.421908+00:00
ca87722a00ebf585cd788c67949e7c0b32dca788,custom_cuda,warp-reduction custom CUDA fused scale + mask + softmax; block_size=128,2048,16384,2048,float32,0.125,25,100,23,1447.9680061340332,128,0,Tesla T4,7.5,2.11.0+cu128,12.8,2026-08-23T19:12:10.421908+00:00
ca87722a00ebf585cd788c67949e7c0b32dca788,custom_cuda,warp-reduction custom CUDA fused scale + mask + softmax; block_size=128,2048,16384,2048,float32,0.125,25,100,24,1433.2159757614136,128,0,Tesla T4,7.5,2.11.0+cu128,12.8,2026-08-23T19:12:10.421908+00:00
ca87722a00ebf585cd788c67949e7c0b32dca788,custom_cuda,warp-reduction custom CUDA fused scale + mask + softmax; block_size=128,2048,16384,2048,float32,0.125,25,100,25,1449.8560428619385,128,0,Tesla T4,7.5,2.11.0+cu128,12.8,2026-08-23T19:12:10.421908+00:00
ca87722a00ebf585cd788c67949e7c0b32dca788,custom_cuda,warp-reduction custom CUDA fused scale + mask + softmax; block_size=128,2048,16384,2048,float32,0.125,25,100,26,1445.2159404754639,128,0,Tesla T4,7.5,2.11.0+cu128,12.8,2026-08-23T19:12:10.421908+00:00
ca87722a00ebf585cd788c67949e7c0b32dca788,custom_cuda,warp-reduction custom CUDA fused scale + mask + softmax; block_size=128,2048,16384,2048,float32,0.125,25,100,27,1440.000057220459,128,0,Tesla T4,7.5,2.11.0+cu128,12.8,2026-08-23T19:12:10.421908+00:00
ca87722a00ebf585cd788c67949e7c0b32dca788,custom_cuda,warp-reduction custom CUDA fused scale + mask + softmax; block_size=128,2048,16384,2048,float32,0.125,25,100,28,1437.6319646835327,128,0,Tesla T4,7.5,2.11.0+cu128,12.8,2026-08-23T19:12:10.421908+00:00
ca87722a00ebf585cd788c67949e7c0b32dca788,custom_cuda,warp-reduction custom CUDA fused scale + mask + softmax; block_size=128,2048,16384,2048,float32,0.125,25,100,29,1435.968041419983,128,0,Tesla T4,7.5,2.11.0+cu128,12.8,2026-08-23T19:12:10.421908+00:00
ca87722a00ebf585cd788c67949e7c0b32dca788,custom_cuda,warp-reduction custom CUDA fused scale + mask + softmax; block_size=128,2048,16384,2048,float32,0.125,25,100,30,1435.647964477539,128,0,Tesla T4,7.5,2.11.0+cu128,12.8,2026-08-23T19:12:10.421908+00:00
ca87722a00ebf585cd788c67949e7c0b32dca788,custom_cuda,warp-reduction custom CUDA fused scale + mask + softmax; block_size=128,2048,16384,2048,float32,0.125,25,100,31,1445.8880424499512,128,0,Tesla T4,7.5,2.11.0+cu128,12.8,2026-08-23T19:12:10.421908+00:00
ca87722a00ebf585cd788c67949e7c0b32dca788,custom_cuda,warp-reduction custom CUDA fused scale + mask + softmax; block_size=128,2048,16384,2048,float32,0.125,25,100,32,1443.9040422439575,128,0,Tesla T4,7.5,2.11.0+cu128,12.8,2026-08-23T19:12:10.421908+00:00
ca87722a00ebf585cd788c67949e7c0b32dca788,custom_cuda,warp-reduction custom CUDA fused scale + mask + softmax; block_size=128,2048,16384,2048,float32,0.125,25,100,33,1436.3199472427368,128,0,Tesla T4,7.5,2.11.0+cu128,12.8,2026-08-23T19:12:10.421908+00:00
ca87722a00ebf585cd788c67949e7c0b32dca788,custom_cuda,warp-reduction custom CUDA fused scale + mask + softmax; block_size=128,2048,16384,2048,float32,0.125,25,100,34,1443.8400268554688,128,0,Tesla T4,7.5,2.11.0+cu128,12.8,2026-08-23T19:12:10.421908+00:00
ca87722a00ebf585cd788c67949e7c0b32dca788,custom_cuda,warp-reduction custom CUDA fused scale + mask + softmax; block_size=128,2048,16384,2048,float32,0.125,25,100,35,1441.7599439620972,128,0,Tesla T4,7.5,2.11.0+cu128,12.8,2026-08-23T19:12:10.421908+00:00
ca87722a00ebf585cd788c67949e7c0b32dca788,custom_cuda,warp-reduction custom CUDA fused scale + mask + softmax; block_size=128,2048,16384,2048,float32,0.125,25,100,36,1437.343955039978,128,0,Tesla T4,7.5,2.11.0+cu128,12.8,2026-08-23T19:12:10.421908+00:00
ca87722a00ebf585cd788c67949e7c0b32dca788,custom_cuda,warp-reduction custom CUDA fused scale + mask + softmax; block_size=128,2048,16384,2048,float32,0.125,25,100,37,1439.7759437561035,128,0,Tesla T4,7.5,2.11.0+cu128,12.8,2026-08-23T19:12:10.421908+00:00
ca87722a00ebf585cd788c67949e7c0b32dca788,custom_cuda,warp-reduction custom CUDA fused scale + mask + softmax; block_size=128,2048,16384,2048,float32,0.125,25,100,38,1410.688042640686,128,0,Tesla T4,7.5,2.11.0+cu128,12.8,2026-08-23T19:12:10.421908+00:00
ca87722a00ebf585cd788c67949e7c0b32dca788,custom_cuda,warp-reduction custom CUDA fused scale + mask + softmax; block_size=128,2048,16384,2048,float32,0.125,25,100,39,1404.9279689788818,128,0,Tesla T4,7.5,2.11.0+cu128,12.8,2026-08-23T19:12:10.421908+00:00
ca87722a00ebf585cd788c67949e7c0b32dca788,custom_cuda,warp-reduction custom CUDA fused scale + mask + softmax; block_size=128,2048,16384,2048,float32,0.125,25,100,40,1394.0160274505615,128,0,Tesla T4,7.5,2.11.0+cu128,12.8,2026-08-23T19:12:10.421908+00:00
ca87722a00ebf585cd788c67949e7c0b32dca788,custom_cuda,warp-reduction custom CUDA fused scale + mask + softmax; block_size=128,2048,16384,2048,float32,0.125,25,100,41,1398.3039855957031,128,0,Tesla T4,7.5,2.11.0+cu128,12.8,2026-08-23T19:12:10.421908+00:00
ca87722a00ebf585cd788c67949e7c0b32dca788,custom_cuda,warp-reduction custom CUDA fused scale + mask + softmax; block_size=128,2048,16384,2048,float32,0.125,25,100,42,1405.087947845459,128,0,Tesla T4,7.5,2.11.0+cu128,12.8,2026-08-23T19:12:10.421908+00:00
ca87722a00ebf585cd788c67949e7c0b32dca788,custom_cuda,warp-reduction custom CUDA fused scale + mask + softmax; block_size=128,2048,16384,2048,float32,0.125,25,100,43,1404.1279554367065,128,0,Tesla T4,7.5,2.11.0+cu128,12.8,2026-08-23T19:12:10.421908+00:00
ca87722a00ebf585cd788c67949e7c0b32dca788,custom_cuda,warp-reduction custom CUDA fused scale + mask + softmax; block_size=128,2048,16384,2048,float32,0.125,25,100,44,1406.9440364837646,128,0,Tesla T4,7.5,2.11.0+cu128,12.8,2026-08-23T19:12:10.421908+00:00
ca87722a00ebf585cd788c67949e7c0b32dca788,custom_cuda,warp-reduction custom CUDA fused scale + mask + softmax; block_size=128,2048,16384,2048,float32,0.125,25,100,45,1399.5200395584106,128,0,Tesla T4,7.5,2.11.0+cu128,12.8,2026-08-23T19:12:10.421908+00:00
ca87722a00ebf585cd788c67949e7c0b32dca788,custom_cuda,warp-reduction custom CUDA fused scale + mask + softmax; block_size=128,2048,16384,2048,float32,0.125,25,100,46,1396.7360258102417,128,0,Tesla T4,7.5,2.11.0+cu128,12.8,2026-08-23T19:12:10.421908+00:00
ca87722a00ebf585cd788c67949e7c0b32dca788,custom_cuda,warp-reduction custom CUDA fused scale + mask + softmax; block_size=128,2048,16384,2048,float32,0.125,25,100,47,1404.1600227355957,128,0,Tesla T4,7.5,2.11.0+cu128,12.8,2026-08-23T19:12:10.421908+00:00
ca87722a00ebf585cd788c67949e7c0b32dca788,custom_cuda,warp-reduction custom CUDA fused scale + mask + softmax; block_size=128,2048,16384,2048,float32,0.125,25,100,48,1396.7360258102417,128,0,Tesla T4,7.5,2.11.0+cu128,12.8,2026-08-23T19:12:10.421908+00:00
ca87722a00ebf585cd788c67949e7c0b32dca788,custom_cuda,warp-reduction custom CUDA fused scale + mask + softmax; block_size=128,2048,16384,2048,float32,0.125,25,100,49,1405.0559997558594,128,0,Tesla T4,7.5,2.11.0+cu128,12.8,2026-08-23T19:12:10.421908+00:00
ca87722a00ebf585cd788c67949e7c0b32dca788,custom_cuda,warp-reduction custom CUDA fused scale + mask + softmax; block_size=128,2048,16384,2048,float32,0.125,25,100,50,1401.1199474334717,128,0,Tesla T4,7.5,2.11.0+cu128,12.8,2026-08-23T19:12:10.421908+00:00
ca87722a00ebf585cd788c67949e7c0b32dca788,custom_cuda,warp-reduction custom CUDA fused scale + mask + softmax; block_size=128,2048,16384,2048,float32,0.125,25,100,51,1396.3840007781982,128,0,Tesla T4,7.5,2.11.0+cu128,12.8,2026-08-23T19:12:10.421908+00:00
ca87722a00ebf585cd788c67949e7c0b32dca788,custom_cuda,warp-reduction custom CUDA fused scale + mask + softmax; block_size=128,2048,16384,2048,float32,0.125,25,100,52,1390.5919790267944,128,0,Tesla T4,7.5,2.11.0+cu128,12.8,2026-08-23T19:12:10.421908+00:00
ca87722a00ebf585cd788c67949e7c0b32dca788,custom_cuda,warp-reduction custom CUDA fused scale + mask + softmax; block_size=128,2048,16384,2048,float32,0.125,25,100,53,1395.4880237579346,128,0,Tesla T4,7.5,2.11.0+cu128,12.8,2026-08-23T19:12:10.421908+00:00
ca87722a00ebf585cd788c67949e7c0b32dca788,custom_cuda,warp-reduction custom CUDA fused scale + mask + softmax; block_size=128,2048,16384,2048,float32,0.125,25,100,54,1398.7840414047241,128,0,Tesla T4,7.5,2.11.0+cu128,12.8,2026-08-23T19:12:10.421908+00:00
ca87722a00ebf585cd788c67949e7c0b32dca788,custom_cuda,warp-reduction custom CUDA fused scale + mask + softmax; block_size=128,2048,16384,2048,float32,0.125,25,100,55,1393.2160139083862,128,0,Tesla T4,7.5,2.11.0+cu128,12.8,2026-08-23T19:12:10.421908+00:00
ca87722a00ebf585cd788c67949e7c0b32dca788,custom_cuda,warp-reduction custom CUDA fused scale + mask + softmax; block_size=128,2048,16384,2048,float32,0.125,25,100,56,1394.752025604248,128,0,Tesla T4,7.5,2.11.0+cu128,12.8,2026-08-23T19:12:10.421908+00:00
ca87722a00ebf585cd788c67949e7c0b32dca788,custom_cuda,warp-reduction custom CUDA fused scale + mask + softmax; block_size=128,2048,16384,2048,float32,0.125,25,100,57,1394.0160274505615,128,0,Tesla T4,7.5,2.11.0+cu128,12.8,2026-08-23T19:12:10.421908+00:00
ca87722a00ebf585cd788c67949e7c0b32dca788,custom_cuda,warp-reduction custom CUDA fused scale + mask + softmax; block_size=128,2048,16384,2048,float32,0.125,25,100,58,1409.119963645935,128,0,Tesla T4,7.5,2.11.0+cu128,12.8,2026-08-23T19:12:10.421908+00:00
ca87722a00ebf585cd788c67949e7c0b32dca788,custom_cuda,warp-reduction custom CUDA fused scale + mask + softmax; block_size=128,2048,16384,2048,float32,0.125,25,100,59,1396.7679738998413,128,0,Tesla T4,7.5,2.11.0+cu128,12.8,2026-08-23T19:12:10.421908+00:00
ca87722a00ebf585cd788c67949e7c0b32dca788,custom_cuda,warp-reduction custom CUDA fused scale + mask + softmax; block_size=128,2048,16384,2048,float32,0.125,25,100,60,1398.7840414047241,128,0,Tesla T4,7.5,2.11.0+cu128,12.8,2026-08-23T19:12:10.421908+00:00
ca87722a00ebf585cd788c67949e7c0b32dca788,custom_cuda,warp-reduction custom CUDA fused scale + mask + softmax; block_size=128,2048,16384,2048,float32,0.125,25,100,61,1410.912036895752,128,0,Tesla T4,7.5,2.11.0+cu128,12.8,2026-08-23T19:12:10.421908+00:00
ca87722a00ebf585cd788c67949e7c0b32dca788,custom_cuda,warp-reduction custom CUDA fused scale + mask + softmax; block_size=128,2048,16384,2048,float32,0.125,25,100,62,1392.5119638442993,128,0,Tesla T4,7.5,2.11.0+cu128,12.8,2026-08-23T19:12:10.421908+00:00
ca87722a00ebf585cd788c67949e7c0b32dca788,custom_cuda,warp-reduction custom CUDA fused scale + mask + softmax; block_size=128,2048,16384,2048,float32,0.125,25,100,63,1393.8560485839844,128,0,Tesla T4,7.5,2.11.0+cu128,12.8,2026-08-23T19:12:10.421908+00:00
ca87722a00ebf585cd788c67949e7c0b32dca788,custom_cuda,warp-reduction custom CUDA fused scale + mask + softmax; block_size=128,2048,16384,2048,float32,0.125,25,100,64,1395.3280448913574,128,0,Tesla T4,7.5,2.11.0+cu128,12.8,2026-08-23T19:12:10.421908+00:00
ca87722a00ebf585cd788c67949e7c0b32dca788,custom_cuda,warp-reduction custom CUDA fused scale + mask + softmax; block_size=128,2048,16384,2048,float32,0.125,25,100,65,1393.9199447631836,128,0,Tesla T4,7.5,2.11.0+cu128,12.8,2026-08-23T19:12:10.421908+00:00
ca87722a00ebf585cd788c67949e7c0b32dca788,custom_cuda,warp-reduction custom CUDA fused scale + mask + softmax; block_size=128,2048,16384,2048,float32,0.125,25,100,66,1418.944001197815,128,0,Tesla T4,7.5,2.11.0+cu128,12.8,2026-08-23T19:12:10.421908+00:00
ca87722a00ebf585cd788c67949e7c0b32dca788,custom_cuda,warp-reduction custom CUDA fused scale + mask + softmax; block_size=128,2048,16384,2048,float32,0.125,25,100,67,1402.8799533843994,128,0,Tesla T4,7.5,2.11.0+cu128,12.8,2026-08-23T19:12:10.421908+00:00
ca87722a00ebf585cd788c67949e7c0b32dca788,custom_cuda,warp-reduction custom CUDA fused scale + mask + softmax; block_size=128,2048,16384,2048,float32,0.125,25,100,68,1410.431981086731,128,0,Tesla T4,7.5,2.11.0+cu128,12.8,2026-08-23T19:12:10.421908+00:00
ca87722a00ebf585cd788c67949e7c0b32dca788,custom_cuda,warp-reduction custom CUDA fused scale + mask + softmax; block_size=128,2048,16384,2048,float32,0.125,25,100,69,1396.2880373001099,128,0,Tesla T4,7.5,2.11.0+cu128,12.8,2026-08-23T19:12:10.421908+00:00
ca87722a00ebf585cd788c67949e7c0b32dca788,custom_cuda,warp-reduction custom CUDA fused scale + mask + softmax; block_size=128,2048,16384,2048,float32,0.125,25,100,70,1405.791997909546,128,0,Tesla T4,7.5,2.11.0+cu128,12.8,2026-08-23T19:12:10.421908+00:00
ca87722a00ebf585cd788c67949e7c0b32dca788,custom_cuda,warp-reduction custom CUDA fused scale + mask + softmax; block_size=128,2048,16384,2048,float32,0.125,25,100,71,1401.3760089874268,128,0,Tesla T4,7.5,2.11.0+cu128,12.8,2026-08-23T19:12:10.421908+00:00
ca87722a00ebf585cd788c67949e7c0b32dca788,custom_cuda,warp-reduction custom CUDA fused scale + mask + softmax; block_size=128,2048,16384,2048,float32,0.125,25,100,72,1413.4399890899658,128,0,Tesla T4,7.5,2.11.0+cu128,12.8,2026-08-23T19:12:10.421908+00:00
ca87722a00ebf585cd788c67949e7c0b32dca788,custom_cuda,warp-reduction custom CUDA fused scale + mask + softmax; block_size=128,2048,16384,2048,float32,0.125,25,100,73,1399.4560241699219,128,0,Tesla T4,7.5,2.11.0+cu128,12.8,2026-08-23T19:12:10.421908+00:00
ca87722a00ebf585cd788c67949e7c0b32dca788,custom_cuda,warp-reduction custom CUDA fused scale + mask + softmax; block_size=128,2048,16384,2048,float32,0.125,25,100,74,1408.511996269226,128,0,Tesla T4,7.5,2.11.0+cu128,12.8,2026-08-23T19:12:10.421908+00:00
ca87722a00ebf585cd788c67949e7c0b32dca788,custom_cuda,warp-reduction custom CUDA fused scale + mask + softmax; block_size=128,2048,16384,2048,float32,0.125,25,100,75,1394.6239948272705,128,0,Tesla T4,7.5,2.11.0+cu128,12.8,2026-08-23T19:12:10.421908+00:00
ca87722a00ebf585cd788c67949e7c0b32dca788,custom_cuda,warp-reduction custom CUDA fused scale + mask + softmax; block_size=128,2048,16384,2048,float32,0.125,25,100,76,1406.3040018081665,128,0,Tesla T4,7.5,2.11.0+cu128,12.8,2026-08-23T19:12:10.421908+00:00
ca87722a00ebf585cd788c67949e7c0b32dca788,custom_cuda,warp-reduction custom CUDA fused scale + mask + softmax; block_size=128,2048,16384,2048,float32,0.125,25,100,77,1405.0559997558594,128,0,Tesla T4,7.5,2.11.0+cu128,12.8,2026-08-23T19:12:10.421908+00:00
ca87722a00ebf585cd788c67949e7c0b32dca788,custom_cuda,warp-reduction custom CUDA fused scale + mask + softmax; block_size=128,2048,16384,2048,float32,0.125,25,100,78,1423.359990119934,128,0,Tesla T4,7.5,2.11.0+cu128,12.8,2026-08-23T19:12:10.421908+00:00
ca87722a00ebf585cd788c67949e7c0b32dca788,custom_cuda,warp-reduction custom CUDA fused scale + mask + softmax; block_size=128,2048,16384,2048,float32,0.125,25,100,79,1422.2400188446045,128,0,Tesla T4,7.5,2.11.0+cu128,12.8,2026-08-23T19:12:10.421908+00:00
ca87722a00ebf585cd788c67949e7c0b32dca788,custom_cuda,warp-reduction custom CUDA fused scale + mask + softmax; block_size=128,2048,16384,2048,float32,0.125,25,100,80,1397.0240354537964,128,0,Tesla T4,7.5,2.11.0+cu128,12.8,2026-08-23T19:12:10.421908+00:00
ca87722a00ebf585cd788c67949e7c0b32dca788,custom_cuda,warp-reduction custom CUDA fused scale + mask + softmax; block_size=128,2048,16384,2048,float32,0.125,25,100,81,1412.1919870376587,128,0,Tesla T4,7.5,2.11.0+cu128,12.8,2026-08-23T19:12:10.421908+00:00
ca87722a00ebf585cd788c67949e7c0b32dca788,custom_cuda,warp-reduction custom CUDA fused scale + mask + softmax; block_size=128,2048,16384,2048,float32,0.125,25,100,82,1404.5759439468384,128,0,Tesla T4,7.5,2.11.0+cu128,12.8,2026-08-23T19:12:10.421908+00:00
ca87722a00ebf585cd788c67949e7c0b32dca788,custom_cuda,warp-reduction custom CUDA fused scale + mask + softmax; block_size=128,2048,16384,2048,float32,0.125,25,100,83,1406.1119556427002,128,0,Tesla T4,7.5,2.11.0+cu128,12.8,2026-08-23T19:12:10.421908+00:00
ca87722a00ebf585cd788c67949e7c0b32dca788,custom_cuda,warp-reduction custom CUDA fused scale + mask + softmax; block_size=128,2048,16384,2048,float32,0.125,25,100,84,1413.9519929885864,128,0,Tesla T4,7.5,2.11.0+cu128,12.8,2026-08-23T19:12:10.421908+00:00
ca87722a00ebf585cd788c67949e7c0b32dca788,custom_cuda,warp-reduction custom CUDA fused scale + mask + softmax; block_size=128,2048,16384,2048,float32,0.125,25,100,85,1603.775978088379,128,0,Tesla T4,7.5,2.11.0+cu128,12.8,2026-08-23T19:12:10.421908+00:00
ca87722a00ebf585cd788c67949e7c0b32dca788,custom_cuda,warp-reduction custom CUDA fused scale + mask + softmax; block_size=128,2048,16384,2048,float32,0.125,25,100,86,1411.072015762329,128,0,Tesla T4,7.5,2.11.0+cu128,12.8,2026-08-23T19:12:10.421908+00:00
ca87722a00ebf585cd788c67949e7c0b32dca788,custom_cuda,warp-reduction custom CUDA fused scale + mask + softmax; block_size=128,2048,16384,2048,float32,0.125,25,100,87,1411.072015762329,128,0,Tesla T4,7.5,2.11.0+cu128,12.8,2026-08-23T19:12:10.421908+00:00
ca87722a00ebf585cd788c67949e7c0b32dca788,custom_cuda,warp-reduction custom CUDA fused scale + mask + softmax; block_size=128,2048,16384,2048,float32,0.125,25,100,88,1417.248010635376,128,0,Tesla T4,7.5,2.11.0+cu128,12.8,2026-08-23T19:12:10.421908+00:00
ca87722a00ebf585cd788c67949e7c0b32dca788,custom_cuda,warp-reduction custom CUDA fused scale + mask + softmax; block_size=128,2048,16384,2048,float32,0.125,25,100,89,1426.4320135116577,128,0,Tesla T4,7.5,2.11.0+cu128,12.8,2026-08-23T19:12:10.421908+00:00
ca87722a00ebf585cd788c67949e7c0b32dca788,custom_cuda,warp-reduction custom CUDA fused scale + mask + softmax; block_size=128,2048,16384,2048,float32,0.125,25,100,90,1419.7440147399902,128,0,Tesla T4,7.5,2.11.0+cu128,12.8,2026-08-23T19:12:10.421908+00:00
ca87722a00ebf585cd788c67949e7c0b32dca788,custom_cuda,warp-reduction custom CUDA fused scale + mask + softmax; block_size=128,2048,16384,2048,float32,0.125,25,100,91,1413.1840467453003,128,0,Tesla T4,7.5,2.11.0+cu128,12.8,2026-08-23T19:12:10.421908+00:00
ca87722a00ebf585cd788c67949e7c0b32dca788,custom_cuda,warp-reduction custom CUDA fused scale + mask + softmax; block_size=128,2048,16384,2048,float32,0.125,25,100,92,1420.2560186386108,128,0,Tesla T4,7.5,2.11.0+cu128,12.8,2026-08-23T19:12:10.421908+00:00
ca87722a00ebf585cd788c67949e7c0b32dca788,custom_cuda,warp-reduction custom CUDA fused scale + mask + softmax; block_size=128,2048,16384,2048,float32,0.125,25,100,93,1415.0079488754272,128,0,Tesla T4,7.5,2.11.0+cu128,12.8,2026-08-23T19:12:10.421908+00:00
ca87722a00ebf585cd788c67949e7c0b32dca788,custom_cuda,warp-reduction custom CUDA fused scale + mask + softmax; block_size=128,2048,16384,2048,float32,0.125,25,100,94,1418.496012687683,128,0,Tesla T4,7.5,2.11.0+cu128,12.8,2026-08-23T19:12:10.421908+00:00
ca87722a00ebf585cd788c67949e7c0b32dca788,custom_cuda,warp-reduction custom CUDA fused scale + mask + softmax; block_size=128,2048,16384,2048,float32,0.125,25,100,95,1425.4080057144165,128,0,Tesla T4,7.5,2.11.0+cu128,12.8,2026-08-23T19:12:10.421908+00:00
ca87722a00ebf585cd788c67949e7c0b32dca788,custom_cuda,warp-reduction custom CUDA fused scale + mask + softmax; block_size=128,2048,16384,2048,float32,0.125,25,100,96,1406.6879749298096,128,0,Tesla T4,7.5,2.11.0+cu128,12.8,2026-08-23T19:12:10.421908+00:00
ca87722a00ebf585cd788c67949e7c0b32dca788,custom_cuda,warp-reduction custom CUDA fused scale + mask + softmax; block_size=128,2048,16384,2048,float32,0.125,25,100,97,1406.0800075531006,128,0,Tesla T4,7.5,2.11.0+cu128,12.8,2026-08-23T19:12:10.421908+00:00
ca87722a00ebf585cd788c67949e7c0b32dca788,custom_cuda,warp-reduction custom CUDA fused scale + mask + softmax; block_size=128,2048,16384,2048,float32,0.125,25,100,98,1411.1039638519287,128,0,Tesla T4,7.5,2.11.0+cu128,12.8,2026-08-23T19:12:10.421908+00:00
ca87722a00ebf585cd788c67949e7c0b32dca788,custom_cuda,warp-reduction custom CUDA fused scale + mask + softmax; block_size=128,2048,16384,2048,float32,0.125,25,100,99,1417.2799587249756,128,0,Tesla T4,7.5,2.11.0+cu128,12.8,2026-08-23T19:12:10.421908+00:00
