implementation,git_commit,batch,heads,sequence_length,head_dimension,dtype,warmups,iterations,sample_index,latency_us,gpu_name,compute_capability,pytorch_version,cuda_version,timestamp
explicit_pytorch,ca87722a00ebf585cd788c67949e7c0b32dca788,1,8,128,64,float32,25,100,0,210.27199923992157,Tesla T4,7.5,2.11.0+cu128,12.8,2026-08-23T19:20:47.917722+00:00
explicit_pytorch,ca87722a00ebf585cd788c67949e7c0b32dca788,1,8,128,64,float32,25,100,1,228.5439968109131,Tesla T4,7.5,2.11.0+cu128,12.8,2026-08-23T19:20:47.917722+00:00
explicit_pytorch,ca87722a00ebf585cd788c67949e7c0b32dca788,1,8,128,64,float32,25,100,2,197.1839964389801,Tesla T4,7.5,2.11.0+cu128,12.8,2026-08-23T19:20:47.917722+00:00
explicit_pytorch,ca87722a00ebf585cd788c67949e7c0b32dca788,1,8,128,64,float32,25,100,3,192.51200556755066,Tesla T4,7.5,2.11.0+cu128,12.8,2026-08-23T19:20:47.917722+00:00
explicit_pytorch,ca87722a00ebf585cd788c67949e7c0b32dca788,1,8,128,64,float32,25,100,4,186.62400543689728,Tesla T4,7.5,2.11.0+cu128,12.8,2026-08-23T19:20:47.917722+00:00
explicit_pytorch,ca87722a00ebf585cd788c67949e7c0b32dca788,1,8,128,64,float32,25,100,5,311.8720054626465,Tesla T4,7.5,2.11.0+cu128,12.8,2026-08-23T19:20:47.917722+00:00
explicit_pytorch,ca87722a00ebf585cd788c67949e7c0b32dca788,1,8,128,64,float32,25,100,6,235.55199801921844,Tesla T4,7.5,2.11.0+cu128,12.8,2026-08-23T19:20:47.917722+00:00
explicit_pytorch,ca87722a00ebf585cd788c67949e7c0b32dca788,1,8,128,64,float32,25,100,7,260.70401072502136,Tesla T4,7.5,2.11.0+cu128,12.8,2026-08-23T19:20:47.917722+00:00
explicit_pytorch,ca87722a00ebf585cd788c67949e7c0b32dca788,1,8,128,64,float32,25,100,8,231.07199370861053,Tesla T4,7.5,2.11.0+cu128,12.8,2026-08-23T19:20:47.917722+00:00
explicit_pytorch,ca87722a00ebf585cd788c67949e7c0b32dca788,1,8,128,64,float32,25,100,9,308.6079955101013,Tesla T4,7.5,2.11.0+cu128,12.8,2026-08-23T19:20:47.917722+00:00
explicit_pytorch,ca87722a00ebf585cd788c67949e7c0b32dca788,1,8,128,64,float32,25,100,10,221.21599316596985,Tesla T4,7.5,2.11.0+cu128,12.8,2026-08-23T19:20:47.917722+00:00
explicit_pytorch,ca87722a00ebf585cd788c67949e7c0b32dca788,1,8,128,64,float32,25,100,11,211.13599836826324,Tesla T4,7.5,2.11.0+cu128,12.8,2026-08-23T19:20:47.917722+00:00
explicit_pytorch,ca87722a00ebf585cd788c67949e7c0b32dca788,1,8,128,64,float32,25,100,12,208.67200195789337,Tesla T4,7.5,2.11.0+cu128,12.8,2026-08-23T19:20:47.917722+00:00
explicit_pytorch,ca87722a00ebf585cd788c67949e7c0b32dca788,1,8,128,64,float32,25,100,13,258.08000564575195,Tesla T4,7.5,2.11.0+cu128,12.8,2026-08-23T19:20:47.917722+00:00
explicit_pytorch,ca87722a00ebf585cd788c67949e7c0b32dca788,1,8,128,64,float32,25,100,14,191.16799533367157,Tesla T4,7.5,2.11.0+cu128,12.8,2026-08-23T19:20:47.917722+00:00
explicit_pytorch,ca87722a00ebf585cd788c67949e7c0b32dca788,1,8,128,64,float32,25,100,15,186.8479996919632,Tesla T4,7.5,2.11.0+cu128,12.8,2026-08-23T19:20:47.917722+00:00
explicit_pytorch,ca87722a00ebf585cd788c67949e7c0b32dca788,1,8,128,64,float32,25,100,16,204.76800203323364,Tesla T4,7.5,2.11.0+cu128,12.8,2026-08-23T19:20:47.917722+00:00
explicit_pytorch,ca87722a00ebf585cd788c67949e7c0b32dca788,1,8,128,64,float32,25,100,17,229.37600314617157,Tesla T4,7.5,2.11.0+cu128,12.8,2026-08-23T19:20:47.917722+00:00
explicit_pytorch,ca87722a00ebf585cd788c67949e7c0b32dca788,1,8,128,64,float32,25,100,18,191.3280040025711,Tesla T4,7.5,2.11.0+cu128,12.8,2026-08-23T19:20:47.917722+00:00
explicit_pytorch,ca87722a00ebf585cd788c67949e7c0b32dca788,1,8,128,64,float32,25,100,19,188.6720061302185,Tesla T4,7.5,2.11.0+cu128,12.8,2026-08-23T19:20:47.917722+00:00
explicit_pytorch,ca87722a00ebf585cd788c67949e7c0b32dca788,1,8,128,64,float32,25,100,20,186.36800348758698,Tesla T4,7.5,2.11.0+cu128,12.8,2026-08-23T19:20:47.917722+00:00
explicit_pytorch,ca87722a00ebf585cd788c67949e7c0b32dca788,1,8,128,64,float32,25,100,21,186.36800348758698,Tesla T4,7.5,2.11.0+cu128,12.8,2026-08-23T19:20:47.917722+00:00
explicit_pytorch,ca87722a00ebf585cd788c67949e7c0b32dca788,1,8,128,64,float32,25,100,22,238.81599307060242,Tesla T4,7.5,2.11.0+cu128,12.8,2026-08-23T19:20:47.917722+00:00
explicit_pytorch,ca87722a00ebf585cd788c67949e7c0b32dca788,1,8,128,64,float32,25,100,23,197.08800315856934,Tesla T4,7.5,2.11.0+cu128,12.8,2026-08-23T19:20:47.917722+00:00
explicit_pytorch,ca87722a00ebf585cd788c67949e7c0b32dca788,1,8,128,64,float32,25,100,24,194.59199905395508,Tesla T4,7.5,2.11.0+cu128,12.8,2026-08-23T19:20:47.917722+00:00
explicit_pytorch,ca87722a00ebf585cd788c67949e7c0b32dca788,1,8,128,64,float32,25,100,25,193.82399320602417,Tesla T4,7.5,2.11.0+cu128,12.8,2026-08-23T19:20:47.917722+00:00
explicit_pytorch,ca87722a00ebf585cd788c67949e7c0b32dca788,1,8,128,64,float32,25,100,26,229.40799593925476,Tesla T4,7.5,2.11.0+cu128,12.8,2026-08-23T19:20:47.917722+00:00
explicit_pytorch,ca87722a00ebf585cd788c67949e7c0b32dca788,1,8,128,64,float32,25,100,27,204.76800203323364,Tesla T4,7.5,2.11.0+cu128,12.8,2026-08-23T19:20:47.917722+00:00
explicit_pytorch,ca87722a00ebf585cd788c67949e7c0b32dca788,1,8,128,64,float32,25,100,28,188.22400271892548,Tesla T4,7.5,2.11.0+cu128,12.8,2026-08-23T19:20:47.917722+00:00
explicit_pytorch,ca87722a00ebf585cd788c67949e7c0b32dca788,1,8,128,64,float32,25,100,29,185.37600338459015,Tesla T4,7.5,2.11.0+cu128,12.8,2026-08-23T19:20:47.917722+00:00
explicit_pytorch,ca87722a00ebf585cd788c67949e7c0b32dca788,1,8,128,64,float32,25,100,30,186.36800348758698,Tesla T4,7.5,2.11.0+cu128,12.8,2026-08-23T19:20:47.917722+00:00
explicit_pytorch,ca87722a00ebf585cd788c67949e7c0b32dca788,1,8,128,64,float32,25,100,31,207.68000185489655,Tesla T4,7.5,2.11.0+cu128,12.8,2026-08-23T19:20:47.917722+00:00
explicit_pytorch,ca87722a00ebf585cd788c67949e7c0b32dca788,1,8,128,64,float32,25,100,32,188.28800320625305,Tesla T4,7.5,2.11.0+cu128,12.8,2026-08-23T19:20:47.917722+00:00
explicit_pytorch,ca87722a00ebf585cd788c67949e7c0b32dca788,1,8,128,64,float32,25,100,33,194.5600062608719,Tesla T4,7.5,2.11.0+cu128,12.8,2026-08-23T19:20:47.917722+00:00
explicit_pytorch,ca87722a00ebf585cd788c67949e7c0b32dca788,1,8,128,64,float32,25,100,34,198.43199849128723,Tesla T4,7.5,2.11.0+cu128,12.8,2026-08-23T19:20:47.917722+00:00
explicit_pytorch,ca87722a00ebf585cd788c67949e7c0b32dca788,1,8,128,64,float32,25,100,35,213.69600296020508,Tesla T4,7.5,2.11.0+cu128,12.8,2026-08-23T19:20:47.917722+00:00
explicit_pytorch,ca87722a00ebf585cd788c67949e7c0b32dca788,1,8,128,64,float32,25,100,36,192.9599940776825,Tesla T4,7.5,2.11.0+cu128,12.8,2026-08-23T19:20:47.917722+00:00
explicit_pytorch,ca87722a00ebf585cd788c67949e7c0b32dca788,1,8,128,64,float32,25,100,37,187.96800076961517,Tesla T4,7.5,2.11.0+cu128,12.8,2026-08-23T19:20:47.917722+00:00
explicit_pytorch,ca87722a00ebf585cd788c67949e7c0b32dca788,1,8,128,64,float32,25,100,38,184.51200425624847,Tesla T4,7.5,2.11.0+cu128,12.8,2026-08-23T19:20:47.917722+00:00
explicit_pytorch,ca87722a00ebf585cd788c67949e7c0b32dca788,1,8,128,64,float32,25,100,39,186.39999628067017,Tesla T4,7.5,2.11.0+cu128,12.8,2026-08-23T19:20:47.917722+00:00
explicit_pytorch,ca87722a00ebf585cd788c67949e7c0b32dca788,1,8,128,64,float32,25,100,40,222.97599911689758,Tesla T4,7.5,2.11.0+cu128,12.8,2026-08-23T19:20:47.917722+00:00
explicit_pytorch,ca87722a00ebf585cd788c67949e7c0b32dca788,1,8,128,64,float32,25,100,41,187.51999735832214,Tesla T4,7.5,2.11.0+cu128,12.8,2026-08-23T19:20:47.917722+00:00
explicit_pytorch,ca87722a00ebf585cd788c67949e7c0b32dca788,1,8,128,64,float32,25,100,42,184.89600718021393,Tesla T4,7.5,2.11.0+cu128,12.8,2026-08-23T19:20:47.917722+00:00
explicit_pytorch,ca87722a00ebf585cd788c67949e7c0b32dca788,1,8,128,64,float32,25,100,43,185.92000007629395,Tesla T4,7.5,2.11.0+cu128,12.8,2026-08-23T19:20:47.917722+00:00
explicit_pytorch,ca87722a00ebf585cd788c67949e7c0b32dca788,1,8,128,64,float32,25,100,44,186.71999871730804,Tesla T4,7.5,2.11.0+cu128,12.8,2026-08-23T19:20:47.917722+00:00
explicit_pytorch,ca87722a00ebf585cd788c67949e7c0b32dca788,1,8,128,64,float32,25,100,45,206.88000321388245,Tesla T4,7.5,2.11.0+cu128,12.8,2026-08-23T19:20:47.917722+00:00
explicit_pytorch,ca87722a00ebf585cd788c67949e7c0b32dca788,1,8,128,64,float32,25,100,46,218.46400201320648,Tesla T4,7.5,2.11.0+cu128,12.8,2026-08-23T19:20:47.917722+00:00
explicit_pytorch,ca87722a00ebf585cd788c67949e7c0b32dca788,1,8,128,64,float32,25,100,47,205.6639939546585,Tesla T4,7.5,2.11.0+cu128,12.8,2026-08-23T19:20:47.917722+00:00
explicit_pytorch,ca87722a00ebf585cd788c67949e7c0b32dca788,1,8,128,64,float32,25,100,48,192.54399836063385,Tesla T4,7.5,2.11.0+cu128,12.8,2026-08-23T19:20:47.917722+00:00
explicit_pytorch,ca87722a00ebf585cd788c67949e7c0b32dca788,1,8,128,64,float32,25,100,49,227.4560034275055,Tesla T4,7.5,2.11.0+cu128,12.8,2026-08-23T19:20:47.917722+00:00
explicit_pytorch,ca87722a00ebf585cd788c67949e7c0b32dca788,1,8,128,64,float32,25,100,50,196.6720074415207,Tesla T4,7.5,2.11.0+cu128,12.8,2026-08-23T19:20:47.917722+00:00
explicit_pytorch,ca87722a00ebf585cd788c67949e7c0b32dca788,1,8,128,64,float32,25,100,51,206.81600272655487,Tesla T4,7.5,2.11.0+cu128,12.8,2026-08-23T19:20:47.917722+00:00
explicit_pytorch,ca87722a00ebf585cd788c67949e7c0b32dca788,1,8,128,64,float32,25,100,52,199.35999810695648,Tesla T4,7.5,2.11.0+cu128,12.8,2026-08-23T19:20:47.917722+00:00
explicit_pytorch,ca87722a00ebf585cd788c67949e7c0b32dca788,1,8,128,64,float32,25,100,53,280.67201375961304,Tesla T4,7.5,2.11.0+cu128,12.8,2026-08-23T19:20:47.917722+00:00
explicit_pytorch,ca87722a00ebf585cd788c67949e7c0b32dca788,1,8,128,64,float32,25,100,54,214.78399634361267,Tesla T4,7.5,2.11.0+cu128,12.8,2026-08-23T19:20:47.917722+00:00
explicit_pytorch,ca87722a00ebf585cd788c67949e7c0b32dca788,1,8,128,64,float32,25,100,55,207.32800662517548,Tesla T4,7.5,2.11.0+cu128,12.8,2026-08-23T19:20:47.917722+00:00
explicit_pytorch,ca87722a00ebf585cd788c67949e7c0b32dca788,1,8,128,64,float32,25,100,56,206.59199357032776,Tesla T4,7.5,2.11.0+cu128,12.8,2026-08-23T19:20:47.917722+00:00
explicit_pytorch,ca87722a00ebf585cd788c67949e7c0b32dca788,1,8,128,64,float32,25,100,57,232.44799673557281,Tesla T4,7.5,2.11.0+cu128,12.8,2026-08-23T19:20:47.917722+00:00
explicit_pytorch,ca87722a00ebf585cd788c67949e7c0b32dca788,1,8,128,64,float32,25,100,58,219.16800737380981,Tesla T4,7.5,2.11.0+cu128,12.8,2026-08-23T19:20:47.917722+00:00
explicit_pytorch,ca87722a00ebf585cd788c67949e7c0b32dca788,1,8,128,64,float32,25,100,59,194.59199905395508,Tesla T4,7.5,2.11.0+cu128,12.8,2026-08-23T19:20:47.917722+00:00
explicit_pytorch,ca87722a00ebf585cd788c67949e7c0b32dca788,1,8,128,64,float32,25,100,60,190.43199717998505,Tesla T4,7.5,2.11.0+cu128,12.8,2026-08-23T19:20:47.917722+00:00
explicit_pytorch,ca87722a00ebf585cd788c67949e7c0b32dca788,1,8,128,64,float32,25,100,61,192.7040070295334,Tesla T4,7.5,2.11.0+cu128,12.8,2026-08-23T19:20:47.917722+00:00
explicit_pytorch,ca87722a00ebf585cd788c67949e7c0b32dca788,1,8,128,64,float32,25,100,62,217.056006193161,Tesla T4,7.5,2.11.0+cu128,12.8,2026-08-23T19:20:47.917722+00:00
explicit_pytorch,ca87722a00ebf585cd788c67949e7c0b32dca788,1,8,128,64,float32,25,100,63,204.22400534152985,Tesla T4,7.5,2.11.0+cu128,12.8,2026-08-23T19:20:47.917722+00:00
explicit_pytorch,ca87722a00ebf585cd788c67949e7c0b32dca788,1,8,128,64,float32,25,100,64,184.28799510002136,Tesla T4,7.5,2.11.0+cu128,12.8,2026-08-23T19:20:47.917722+00:00
explicit_pytorch,ca87722a00ebf585cd788c67949e7c0b32dca788,1,8,128,64,float32,25,100,65,184.54399704933167,Tesla T4,7.5,2.11.0+cu128,12.8,2026-08-23T19:20:47.917722+00:00
explicit_pytorch,ca87722a00ebf585cd788c67949e7c0b32dca788,1,8,128,64,float32,25,100,66,294.3679988384247,Tesla T4,7.5,2.11.0+cu128,12.8,2026-08-23T19:20:47.917722+00:00
explicit_pytorch,ca87722a00ebf585cd788c67949e7c0b32dca788,1,8,128,64,float32,25,100,67,216.22399985790253,Tesla T4,7.5,2.11.0+cu128,12.8,2026-08-23T19:20:47.917722+00:00
explicit_pytorch,ca87722a00ebf585cd788c67949e7c0b32dca788,1,8,128,64,float32,25,100,68,190.7840073108673,Tesla T4,7.5,2.11.0+cu128,12.8,2026-08-23T19:20:47.917722+00:00
explicit_pytorch,ca87722a00ebf585cd788c67949e7c0b32dca788,1,8,128,64,float32,25,100,69,190.49599766731262,Tesla T4,7.5,2.11.0+cu128,12.8,2026-08-23T19:20:47.917722+00:00
explicit_pytorch,ca87722a00ebf585cd788c67949e7c0b32dca788,1,8,128,64,float32,25,100,70,255.61600923538208,Tesla T4,7.5,2.11.0+cu128,12.8,2026-08-23T19:20:47.917722+00:00
explicit_pytorch,ca87722a00ebf585cd788c67949e7c0b32dca788,1,8,128,64,float32,25,100,71,208.92800390720367,Tesla T4,7.5,2.11.0+cu128,12.8,2026-08-23T19:20:47.917722+00:00
explicit_pytorch,ca87722a00ebf585cd788c67949e7c0b32dca788,1,8,128,64,float32,25,100,72,221.21599316596985,Tesla T4,7.5,2.11.0+cu128,12.8,2026-08-23T19:20:47.917722+00:00
explicit_pytorch,ca87722a00ebf585cd788c67949e7c0b32dca788,1,8,128,64,float32,25,100,73,203.48800718784332,Tesla T4,7.5,2.11.0+cu128,12.8,2026-08-23T19:20:47.917722+00:00
explicit_pytorch,ca87722a00ebf585cd788c67949e7c0b32dca788,1,8,128,64,float32,25,100,74,184.4480037689209,Tesla T4,7.5,2.11.0+cu128,12.8,2026-08-23T19:20:47.917722+00:00
explicit_pytorch,ca87722a00ebf585cd788c67949e7c0b32dca788,1,8,128,64,float32,25,100,75,198.65599274635315,Tesla T4,7.5,2.11.0+cu128,12.8,2026-08-23T19:20:47.917722+00:00
explicit_pytorch,ca87722a00ebf585cd788c67949e7c0b32dca788,1,8,128,64,float32,25,100,76,204.83200252056122,Tesla T4,7.5,2.11.0+cu128,12.8,2026-08-23T19:20:47.917722+00:00
explicit_pytorch,ca87722a00ebf585cd788c67949e7c0b32dca788,1,8,128,64,float32,25,100,77,196.1279958486557,Tesla T4,7.5,2.11.0+cu128,12.8,2026-08-23T19:20:47.917722+00:00
explicit_pytorch,ca87722a00ebf585cd788c67949e7c0b32dca788,1,8,128,64,float32,25,100,78,188.38399648666382,Tesla T4,7.5,2.11.0+cu128,12.8,2026-08-23T19:20:47.917722+00:00
explicit_pytorch,ca87722a00ebf585cd788c67949e7c0b32dca788,1,8,128,64,float32,25,100,79,210.59200167655945,Tesla T4,7.5,2.11.0+cu128,12.8,2026-08-23T19:20:47.917722+00:00
explicit_pytorch,ca87722a00ebf585cd788c67949e7c0b32dca788,1,8,128,64,float32,25,100,80,198.68800044059753,Tesla T4,7.5,2.11.0+cu128,12.8,2026-08-23T19:20:47.917722+00:00
explicit_pytorch,ca87722a00ebf585cd788c67949e7c0b32dca788,1,8,128,64,float32,25,100,81,190.33600389957428,Tesla T4,7.5,2.11.0+cu128,12.8,2026-08-23T19:20:47.917722+00:00
explicit_pytorch,ca87722a00ebf585cd788c67949e7c0b32dca788,1,8,128,64,float32,25,100,82,187.58399784564972,Tesla T4,7.5,2.11.0+cu128,12.8,2026-08-23T19:20:47.917722+00:00
explicit_pytorch,ca87722a00ebf585cd788c67949e7c0b32dca788,1,8,128,64,float32,25,100,83,186.88000738620758,Tesla T4,7.5,2.11.0+cu128,12.8,2026-08-23T19:20:47.917722+00:00
explicit_pytorch,ca87722a00ebf585cd788c67949e7c0b32dca788,1,8,128,64,float32,25,100,84,198.2399970293045,Tesla T4,7.5,2.11.0+cu128,12.8,2026-08-23T19:20:47.917722+00:00
explicit_pytorch,ca87722a00ebf585cd788c67949e7c0b32dca788,1,8,128,64,float32,25,100,85,201.82399451732635,Tesla T4,7.5,2.11.0+cu128,12.8,2026-08-23T19:20:47.917722+00:00
explicit_pytorch,ca87722a00ebf585cd788c67949e7c0b32dca788,1,8,128,64,float32,25,100,86,188.4160041809082,Tesla T4,7.5,2.11.0+cu128,12.8,2026-08-23T19:20:47.917722+00:00
explicit_pytorch,ca87722a00ebf585cd788c67949e7c0b32dca788,1,8,128,64,float32,25,100,87,186.36800348758698,Tesla T4,7.5,2.11.0+cu128,12.8,2026-08-23T19:20:47.917722+00:00
explicit_pytorch,ca87722a00ebf585cd788c67949e7c0b32dca788,1,8,128,64,float32,25,100,88,206.91199600696564,Tesla T4,7.5,2.11.0+cu128,12.8,2026-08-23T19:20:47.917722+00:00
explicit_pytorch,ca87722a00ebf585cd788c67949e7c0b32dca788,1,8,128,64,float32,25,100,89,190.72000682353973,Tesla T4,7.5,2.11.0+cu128,12.8,2026-08-23T19:20:47.917722+00:00
explicit_pytorch,ca87722a00ebf585cd788c67949e7c0b32dca788,1,8,128,64,float32,25,100,90,192.54399836063385,Tesla T4,7.5,2.11.0+cu128,12.8,2026-08-23T19:20:47.917722+00:00
explicit_pytorch,ca87722a00ebf585cd788c67949e7c0b32dca788,1,8,128,64,float32,25,100,91,188.4479969739914,Tesla T4,7.5,2.11.0+cu128,12.8,2026-08-23T19:20:47.917722+00:00
explicit_pytorch,ca87722a00ebf585cd788c67949e7c0b32dca788,1,8,128,64,float32,25,100,92,184.32000279426575,Tesla T4,7.5,2.11.0+cu128,12.8,2026-08-23T19:20:47.917722+00:00
explicit_pytorch,ca87722a00ebf585cd788c67949e7c0b32dca788,1,8,128,64,float32,25,100,93,210.9760046005249,Tesla T4,7.5,2.11.0+cu128,12.8,2026-08-23T19:20:47.917722+00:00
explicit_pytorch,ca87722a00ebf585cd788c67949e7c0b32dca788,1,8,128,64,float32,25,100,94,203.80799472332,Tesla T4,7.5,2.11.0+cu128,12.8,2026-08-23T19:20:47.917722+00:00
explicit_pytorch,ca87722a00ebf585cd788c67949e7c0b32dca788,1,8,128,64,float32,25,100,95,190.5599981546402,Tesla T4,7.5,2.11.0+cu128,12.8,2026-08-23T19:20:47.917722+00:00
explicit_pytorch,ca87722a00ebf585cd788c67949e7c0b32dca788,1,8,128,64,float32,25,100,96,184.83200669288635,Tesla T4,7.5,2.11.0+cu128,12.8,2026-08-23T19:20:47.917722+00:00
explicit_pytorch,ca87722a00ebf585cd788c67949e7c0b32dca788,1,8,128,64,float32,25,100,97,259.13599133491516,Tesla T4,7.5,2.11.0+cu128,12.8,2026-08-23T19:20:47.917722+00:00
explicit_pytorch,ca87722a00ebf585cd788c67949e7c0b32dca788,1,8,128,64,float32,25,100,98,211.07199788093567,Tesla T4,7.5,2.11.0+cu128,12.8,2026-08-23T19:20:47.917722+00:00
explicit_pytorch,ca87722a00ebf585cd788c67949e7c0b32dca788,1,8,128,64,float32,25,100,99,211.29600703716278,Tesla T4,7.5,2.11.0+cu128,12.8,2026-08-23T19:20:47.917722+00:00
custom_softmax_attention,ca87722a00ebf585cd788c67949e7c0b32dca788,1,8,128,64,float32,25,100,0,151.58399939537048,Tesla T4,7.5,2.11.0+cu128,12.8,2026-08-23T19:20:47.935642+00:00
custom_softmax_attention,ca87722a00ebf585cd788c67949e7c0b32dca788,1,8,128,64,float32,25,100,1,133.12000036239624,Tesla T4,7.5,2.11.0+cu128,12.8,2026-08-23T19:20:47.935642+00:00
custom_softmax_attention,ca87722a00ebf585cd788c67949e7c0b32dca788,1,8,128,64,float32,25,100,2,124.95999783277512,Tesla T4,7.5,2.11.0+cu128,12.8,2026-08-23T19:20:47.935642+00:00
custom_softmax_attention,ca87722a00ebf585cd788c67949e7c0b32dca788,1,8,128,64,float32,25,100,3,139.5840048789978,Tesla T4,7.5,2.11.0+cu128,12.8,2026-08-23T19:20:47.935642+00:00
custom_softmax_attention,ca87722a00ebf585cd788c67949e7c0b32dca788,1,8,128,64,float32,25,100,4,128.1919926404953,Tesla T4,7.5,2.11.0+cu128,12.8,2026-08-23T19:20:47.935642+00:00
custom_softmax_attention,ca87722a00ebf585cd788c67949e7c0b32dca788,1,8,128,64,float32,25,100,5,210.1760059595108,Tesla T4,7.5,2.11.0+cu128,12.8,2026-08-23T19:20:47.935642+00:00
custom_softmax_attention,ca87722a00ebf585cd788c67949e7c0b32dca788,1,8,128,64,float32,25,100,6,141.31200313568115,Tesla T4,7.5,2.11.0+cu128,12.8,2026-08-23T19:20:47.935642+00:00
custom_softmax_attention,ca87722a00ebf585cd788c67949e7c0b32dca788,1,8,128,64,float32,25,100,7,151.07199549674988,Tesla T4,7.5,2.11.0+cu128,12.8,2026-08-23T19:20:47.935642+00:00
custom_softmax_attention,ca87722a00ebf585cd788c67949e7c0b32dca788,1,8,128,64,float32,25,100,8,135.6160044670105,Tesla T4,7.5,2.11.0+cu128,12.8,2026-08-23T19:20:47.935642+00:00
custom_softmax_attention,ca87722a00ebf585cd788c67949e7c0b32dca788,1,8,128,64,float32,25,100,9,122.8799968957901,Tesla T4,7.5,2.11.0+cu128,12.8,2026-08-23T19:20:47.935642+00:00
custom_softmax_attention,ca87722a00ebf585cd788c67949e7c0b32dca788,1,8,128,64,float32,25,100,10,122.8799968957901,Tesla T4,7.5,2.11.0+cu128,12.8,2026-08-23T19:20:47.935642+00:00
custom_softmax_attention,ca87722a00ebf585cd788c67949e7c0b32dca788,1,8,128,64,float32,25,100,11,142.04800128936768,Tesla T4,7.5,2.11.0+cu128,12.8,2026-08-23T19:20:47.935642+00:00
custom_softmax_attention,ca87722a00ebf585cd788c67949e7c0b32dca788,1,8,128,64,float32,25,100,12,125.82400441169739,Tesla T4,7.5,2.11.0+cu128,12.8,2026-08-23T19:20:47.935642+00:00
custom_softmax_attention,ca87722a00ebf585cd788c67949e7c0b32dca788,1,8,128,64,float32,25,100,13,137.2160017490387,Tesla T4,7.5,2.11.0+cu128,12.8,2026-08-23T19:20:47.935642+00:00
custom_softmax_attention,ca87722a00ebf585cd788c67949e7c0b32dca788,1,8,128,64,float32,25,100,14,124.35200065374374,Tesla T4,7.5,2.11.0+cu128,12.8,2026-08-23T19:20:47.935642+00:00
custom_softmax_attention,ca87722a00ebf585cd788c67949e7c0b32dca788,1,8,128,64,float32,25,100,15,122.75200337171555,Tesla T4,7.5,2.11.0+cu128,12.8,2026-08-23T19:20:47.935642+00:00
custom_softmax_attention,ca87722a00ebf585cd788c67949e7c0b32dca788,1,8,128,64,float32,25,100,16,122.8799968957901,Tesla T4,7.5,2.11.0+cu128,12.8,2026-08-23T19:20:47.935642+00:00
custom_softmax_attention,ca87722a00ebf585cd788c67949e7c0b32dca788,1,8,128,64,float32,25,100,17,122.23999947309494,Tesla T4,7.5,2.11.0+cu128,12.8,2026-08-23T19:20:47.935642+00:00
custom_softmax_attention,ca87722a00ebf585cd788c67949e7c0b32dca788,1,8,128,64,float32,25,100,18,134.75200533866882,Tesla T4,7.5,2.11.0+cu128,12.8,2026-08-23T19:20:47.935642+00:00
custom_softmax_attention,ca87722a00ebf585cd788c67949e7c0b32dca788,1,8,128,64,float32,25,100,19,123.9359974861145,Tesla T4,7.5,2.11.0+cu128,12.8,2026-08-23T19:20:47.935642+00:00
custom_softmax_attention,ca87722a00ebf585cd788c67949e7c0b32dca788,1,8,128,64,float32,25,100,20,128.9920061826706,Tesla T4,7.5,2.11.0+cu128,12.8,2026-08-23T19:20:47.935642+00:00
custom_softmax_attention,ca87722a00ebf585cd788c67949e7c0b32dca788,1,8,128,64,float32,25,100,21,121.72800302505493,Tesla T4,7.5,2.11.0+cu128,12.8,2026-08-23T19:20:47.935642+00:00
custom_softmax_attention,ca87722a00ebf585cd788c67949e7c0b32dca788,1,8,128,64,float32,25,100,22,121.40800058841705,Tesla T4,7.5,2.11.0+cu128,12.8,2026-08-23T19:20:47.935642+00:00
custom_softmax_attention,ca87722a00ebf585cd788c67949e7c0b32dca788,1,8,128,64,float32,25,100,23,122.78400361537933,Tesla T4,7.5,2.11.0+cu128,12.8,2026-08-23T19:20:47.935642+00:00
custom_softmax_attention,ca87722a00ebf585cd788c67949e7c0b32dca788,1,8,128,64,float32,25,100,24,121.0239976644516,Tesla T4,7.5,2.11.0+cu128,12.8,2026-08-23T19:20:47.935642+00:00
custom_softmax_attention,ca87722a00ebf585cd788c67949e7c0b32dca788,1,8,128,64,float32,25,100,25,132.32000172138214,Tesla T4,7.5,2.11.0+cu128,12.8,2026-08-23T19:20:47.935642+00:00
custom_softmax_attention,ca87722a00ebf585cd788c67949e7c0b32dca788,1,8,128,64,float32,25,100,26,124.44800138473511,Tesla T4,7.5,2.11.0+cu128,12.8,2026-08-23T19:20:47.935642+00:00
custom_softmax_attention,ca87722a00ebf585cd788c67949e7c0b32dca788,1,8,128,64,float32,25,100,27,128.63999605178833,Tesla T4,7.5,2.11.0+cu128,12.8,2026-08-23T19:20:47.935642+00:00
custom_softmax_attention,ca87722a00ebf585cd788c67949e7c0b32dca788,1,8,128,64,float32,25,100,28,122.8799968957901,Tesla T4,7.5,2.11.0+cu128,12.8,2026-08-23T19:20:47.935642+00:00
custom_softmax_attention,ca87722a00ebf585cd788c67949e7c0b32dca788,1,8,128,64,float32,25,100,29,122.94399738311768,Tesla T4,7.5,2.11.0+cu128,12.8,2026-08-23T19:20:47.935642+00:00
custom_softmax_attention,ca87722a00ebf585cd788c67949e7c0b32dca788,1,8,128,64,float32,25,100,30,122.8799968957901,Tesla T4,7.5,2.11.0+cu128,12.8,2026-08-23T19:20:47.935642+00:00
custom_softmax_attention,ca87722a00ebf585cd788c67949e7c0b32dca788,1,8,128,64,float32,25,100,31,134.91199910640717,Tesla T4,7.5,2.11.0+cu128,12.8,2026-08-23T19:20:47.935642+00:00
custom_softmax_attention,ca87722a00ebf585cd788c67949e7c0b32dca788,1,8,128,64,float32,25,100,32,130.20800054073334,Tesla T4,7.5,2.11.0+cu128,12.8,2026-08-23T19:20:47.935642+00:00
custom_softmax_attention,ca87722a00ebf585cd788c67949e7c0b32dca788,1,8,128,64,float32,25,100,33,121.8239963054657,Tesla T4,7.5,2.11.0+cu128,12.8,2026-08-23T19:20:47.935642+00:00
custom_softmax_attention,ca87722a00ebf585cd788c67949e7c0b32dca788,1,8,128,64,float32,25,100,34,126.56000256538391,Tesla T4,7.5,2.11.0+cu128,12.8,2026-08-23T19:20:47.935642+00:00
custom_softmax_attention,ca87722a00ebf585cd788c67949e7c0b32dca788,1,8,128,64,float32,25,100,35,122.75200337171555,Tesla T4,7.5,2.11.0+cu128,12.8,2026-08-23T19:20:47.935642+00:00
custom_softmax_attention,ca87722a00ebf585cd788c67949e7c0b32dca788,1,8,128,64,float32,25,100,36,120.80000340938568,Tesla T4,7.5,2.11.0+cu128,12.8,2026-08-23T19:20:47.935642+00:00
custom_softmax_attention,ca87722a00ebf585cd788c67949e7c0b32dca788,1,8,128,64,float32,25,100,37,122.40000069141388,Tesla T4,7.5,2.11.0+cu128,12.8,2026-08-23T19:20:47.935642+00:00
custom_softmax_attention,ca87722a00ebf585cd788c67949e7c0b32dca788,1,8,128,64,float32,25,100,38,145.7280069589615,Tesla T4,7.5,2.11.0+cu128,12.8,2026-08-23T19:20:47.935642+00:00
custom_softmax_attention,ca87722a00ebf585cd788c67949e7c0b32dca788,1,8,128,64,float32,25,100,39,129.02399897575378,Tesla T4,7.5,2.11.0+cu128,12.8,2026-08-23T19:20:47.935642+00:00
custom_softmax_attention,ca87722a00ebf585cd788c67949e7c0b32dca788,1,8,128,64,float32,25,100,40,138.59200477600098,Tesla T4,7.5,2.11.0+cu128,12.8,2026-08-23T19:20:47.935642+00:00
custom_softmax_attention,ca87722a00ebf585cd788c67949e7c0b32dca788,1,8,128,64,float32,25,100,41,128.38399410247803,Tesla T4,7.5,2.11.0+cu128,12.8,2026-08-23T19:20:47.935642+00:00
custom_softmax_attention,ca87722a00ebf585cd788c67949e7c0b32dca788,1,8,128,64,float32,25,100,42,122.8799968957901,Tesla T4,7.5,2.11.0+cu128,12.8,2026-08-23T19:20:47.935642+00:00
custom_softmax_attention,ca87722a00ebf585cd788c67949e7c0b32dca788,1,8,128,64,float32,25,100,43,141.6960060596466,Tesla T4,7.5,2.11.0+cu128,12.8,2026-08-23T19:20:47.935642+00:00
custom_softmax_attention,ca87722a00ebf585cd788c67949e7c0b32dca788,1,8,128,64,float32,25,100,44,151.36000514030457,Tesla T4,7.5,2.11.0+cu128,12.8,2026-08-23T19:20:47.935642+00:00
custom_softmax_attention,ca87722a00ebf585cd788c67949e7c0b32dca788,1,8,128,64,float32,25,100,45,149.1840034723282,Tesla T4,7.5,2.11.0+cu128,12.8,2026-08-23T19:20:47.935642+00:00
custom_softmax_attention,ca87722a00ebf585cd788c67949e7c0b32dca788,1,8,128,64,float32,25,100,46,145.28000354766846,Tesla T4,7.5,2.11.0+cu128,12.8,2026-08-23T19:20:47.935642+00:00
custom_softmax_attention,ca87722a00ebf585cd788c67949e7c0b32dca788,1,8,128,64,float32,25,100,47,135.26399433612823,Tesla T4,7.5,2.11.0+cu128,12.8,2026-08-23T19:20:47.935642+00:00
custom_softmax_attention,ca87722a00ebf585cd788c67949e7c0b32dca788,1,8,128,64,float32,25,100,48,135.04000008106232,Tesla T4,7.5,2.11.0+cu128,12.8,2026-08-23T19:20:47.935642+00:00
custom_softmax_attention,ca87722a00ebf585cd788c67949e7c0b32dca788,1,8,128,64,float32,25,100,49,133.12000036239624,Tesla T4,7.5,2.11.0+cu128,12.8,2026-08-23T19:20:47.935642+00:00
custom_softmax_attention,ca87722a00ebf585cd788c67949e7c0b32dca788,1,8,128,64,float32,25,100,50,133.18400084972382,Tesla T4,7.5,2.11.0+cu128,12.8,2026-08-23T19:20:47.935642+00:00
custom_softmax_attention,ca87722a00ebf585cd788c67949e7c0b32dca788,1,8,128,64,float32,25,100,51,153.6320000886917,Tesla T4,7.5,2.11.0+cu128,12.8,2026-08-23T19:20:47.935642+00:00
custom_softmax_attention,ca87722a00ebf585cd788c67949e7c0b32dca788,1,8,128,64,float32,25,100,52,124.86399710178375,Tesla T4,7.5,2.11.0+cu128,12.8,2026-08-23T19:20:47.935642+00:00
custom_softmax_attention,ca87722a00ebf585cd788c67949e7c0b32dca788,1,8,128,64,float32,25,100,53,129.50399518013,Tesla T4,7.5,2.11.0+cu128,12.8,2026-08-23T19:20:47.935642+00:00
custom_softmax_attention,ca87722a00ebf585cd788c67949e7c0b32dca788,1,8,128,64,float32,25,100,54,124.95999783277512,Tesla T4,7.5,2.11.0+cu128,12.8,2026-08-23T19:20:47.935642+00:00
custom_softmax_attention,ca87722a00ebf585cd788c67949e7c0b32dca788,1,8,128,64,float32,25,100,55,146.5280055999756,Tesla T4,7.5,2.11.0+cu128,12.8,2026-08-23T19:20:47.935642+00:00
custom_softmax_attention,ca87722a00ebf585cd788c67949e7c0b32dca788,1,8,128,64,float32,25,100,56,129.60000336170197,Tesla T4,7.5,2.11.0+cu128,12.8,2026-08-23T19:20:47.935642+00:00
custom_softmax_attention,ca87722a00ebf585cd788c67949e7c0b32dca788,1,8,128,64,float32,25,100,57,153.05599570274353,Tesla T4,7.5,2.11.0+cu128,12.8,2026-08-23T19:20:47.935642+00:00
custom_softmax_attention,ca87722a00ebf585cd788c67949e7c0b32dca788,1,8,128,64,float32,25,100,58,134.43200290203094,Tesla T4,7.5,2.11.0+cu128,12.8,2026-08-23T19:20:47.935642+00:00
custom_softmax_attention,ca87722a00ebf585cd788c67949e7c0b32dca788,1,8,128,64,float32,25,100,59,144.896000623703,Tesla T4,7.5,2.11.0+cu128,12.8,2026-08-23T19:20:47.935642+00:00
custom_softmax_attention,ca87722a00ebf585cd788c67949e7c0b32dca788,1,8,128,64,float32,25,100,60,131.16799294948578,Tesla T4,7.5,2.11.0+cu128,12.8,2026-08-23T19:20:47.935642+00:00
custom_softmax_attention,ca87722a00ebf585cd788c67949e7c0b32dca788,1,8,128,64,float32,25,100,61,129.2800009250641,Tesla T4,7.5,2.11.0+cu128,12.8,2026-08-23T19:20:47.935642+00:00
custom_softmax_attention,ca87722a00ebf585cd788c67949e7c0b32dca788,1,8,128,64,float32,25,100,62,131.1040073633194,Tesla T4,7.5,2.11.0+cu128,12.8,2026-08-23T19:20:47.935642+00:00
custom_softmax_attention,ca87722a00ebf585cd788c67949e7c0b32dca788,1,8,128,64,float32,25,100,63,139.16799426078796,Tesla T4,7.5,2.11.0+cu128,12.8,2026-08-23T19:20:47.935642+00:00
custom_softmax_attention,ca87722a00ebf585cd788c67949e7c0b32dca788,1,8,128,64,float32,25,100,64,131.8719983100891,Tesla T4,7.5,2.11.0+cu128,12.8,2026-08-23T19:20:47.935642+00:00
custom_softmax_attention,ca87722a00ebf585cd788c67949e7c0b32dca788,1,8,128,64,float32,25,100,65,164.5440012216568,Tesla T4,7.5,2.11.0+cu128,12.8,2026-08-23T19:20:47.935642+00:00
custom_softmax_attention,ca87722a00ebf585cd788c67949e7c0b32dca788,1,8,128,64,float32,25,100,66,142.81600713729858,Tesla T4,7.5,2.11.0+cu128,12.8,2026-08-23T19:20:47.935642+00:00
custom_softmax_attention,ca87722a00ebf585cd788c67949e7c0b32dca788,1,8,128,64,float32,25,100,67,127.00800597667694,Tesla T4,7.5,2.11.0+cu128,12.8,2026-08-23T19:20:47.935642+00:00
custom_softmax_attention,ca87722a00ebf585cd788c67949e7c0b32dca788,1,8,128,64,float32,25,100,68,124.92799758911133,Tesla T4,7.5,2.11.0+cu128,12.8,2026-08-23T19:20:47.935642+00:00
custom_softmax_attention,ca87722a00ebf585cd788c67949e7c0b32dca788,1,8,128,64,float32,25,100,69,124.92799758911133,Tesla T4,7.5,2.11.0+cu128,12.8,2026-08-23T19:20:47.935642+00:00
custom_softmax_attention,ca87722a00ebf585cd788c67949e7c0b32dca788,1,8,128,64,float32,25,100,70,134.65599715709686,Tesla T4,7.5,2.11.0+cu128,12.8,2026-08-23T19:20:47.935642+00:00
custom_softmax_attention,ca87722a00ebf585cd788c67949e7c0b32dca788,1,8,128,64,float32,25,100,71,126.62400305271149,Tesla T4,7.5,2.11.0+cu128,12.8,2026-08-23T19:20:47.935642+00:00
custom_softmax_attention,ca87722a00ebf585cd788c67949e7c0b32dca788,1,8,128,64,float32,25,100,72,131.3599944114685,Tesla T4,7.5,2.11.0+cu128,12.8,2026-08-23T19:20:47.935642+00:00
custom_softmax_attention,ca87722a00ebf585cd788c67949e7c0b32dca788,1,8,128,64,float32,25,100,73,125.76000392436981,Tesla T4,7.5,2.11.0+cu128,12.8,2026-08-23T19:20:47.935642+00:00
custom_softmax_attention,ca87722a00ebf585cd788c67949e7c0b32dca788,1,8,128,64,float32,25,100,74,125.21600723266602,Tesla T4,7.5,2.11.0+cu128,12.8,2026-08-23T19:20:47.935642+00:00
custom_softmax_attention,ca87722a00ebf585cd788c67949e7c0b32dca788,1,8,128,64,float32,25,100,75,124.54400211572647,Tesla T4,7.5,2.11.0+cu128,12.8,2026-08-23T19:20:47.935642+00:00
custom_softmax_attention,ca87722a00ebf585cd788c67949e7c0b32dca788,1,8,128,64,float32,25,100,76,142.68800616264343,Tesla T4,7.5,2.11.0+cu128,12.8,2026-08-23T19:20:47.935642+00:00
custom_softmax_attention,ca87722a00ebf585cd788c67949e7c0b32dca788,1,8,128,64,float32,25,100,77,130.65600395202637,Tesla T4,7.5,2.11.0+cu128,12.8,2026-08-23T19:20:47.935642+00:00
custom_softmax_attention,ca87722a00ebf585cd788c67949e7c0b32dca788,1,8,128,64,float32,25,100,78,134.88000631332397,Tesla T4,7.5,2.11.0+cu128,12.8,2026-08-23T19:20:47.935642+00:00
custom_softmax_attention,ca87722a00ebf585cd788c67949e7c0b32dca788,1,8,128,64,float32,25,100,79,128.00000607967377,Tesla T4,7.5,2.11.0+cu128,12.8,2026-08-23T19:20:47.935642+00:00
custom_softmax_attention,ca87722a00ebf585cd788c67949e7c0b32dca788,1,8,128,64,float32,25,100,80,125.82400441169739,Tesla T4,7.5,2.11.0+cu128,12.8,2026-08-23T19:20:47.935642+00:00
custom_softmax_attention,ca87722a00ebf585cd788c67949e7c0b32dca788,1,8,128,64,float32,25,100,81,126.01600587368011,Tesla T4,7.5,2.11.0+cu128,12.8,2026-08-23T19:20:47.935642+00:00
custom_softmax_attention,ca87722a00ebf585cd788c67949e7c0b32dca788,1,8,128,64,float32,25,100,82,134.68800485134125,Tesla T4,7.5,2.11.0+cu128,12.8,2026-08-23T19:20:47.935642+00:00
custom_softmax_attention,ca87722a00ebf585cd788c67949e7c0b32dca788,1,8,128,64,float32,25,100,83,144.896000623703,Tesla T4,7.5,2.11.0+cu128,12.8,2026-08-23T19:20:47.935642+00:00
custom_softmax_attention,ca87722a00ebf585cd788c67949e7c0b32dca788,1,8,128,64,float32,25,100,84,141.34399592876434,Tesla T4,7.5,2.11.0+cu128,12.8,2026-08-23T19:20:47.935642+00:00
custom_softmax_attention,ca87722a00ebf585cd788c67949e7c0b32dca788,1,8,128,64,float32,25,100,85,129.05600666999817,Tesla T4,7.5,2.11.0+cu128,12.8,2026-08-23T19:20:47.935642+00:00
custom_softmax_attention,ca87722a00ebf585cd788c67949e7c0b32dca788,1,8,128,64,float32,25,100,86,122.40000069141388,Tesla T4,7.5,2.11.0+cu128,12.8,2026-08-23T19:20:47.935642+00:00
custom_softmax_attention,ca87722a00ebf585cd788c67949e7c0b32dca788,1,8,128,64,float32,25,100,87,122.91199713945389,Tesla T4,7.5,2.11.0+cu128,12.8,2026-08-23T19:20:47.935642+00:00
custom_softmax_attention,ca87722a00ebf585cd788c67949e7c0b32dca788,1,8,128,64,float32,25,100,88,121.63200229406357,Tesla T4,7.5,2.11.0+cu128,12.8,2026-08-23T19:20:47.935642+00:00
custom_softmax_attention,ca87722a00ebf585cd788c67949e7c0b32dca788,1,8,128,64,float32,25,100,89,122.52800166606903,Tesla T4,7.5,2.11.0+cu128,12.8,2026-08-23T19:20:47.935642+00:00
custom_softmax_attention,ca87722a00ebf585cd788c67949e7c0b32dca788,1,8,128,64,float32,25,100,90,130.0799995660782,Tesla T4,7.5,2.11.0+cu128,12.8,2026-08-23T19:20:47.935642+00:00
custom_softmax_attention,ca87722a00ebf585cd788c67949e7c0b32dca788,1,8,128,64,float32,25,100,91,122.65600264072418,Tesla T4,7.5,2.11.0+cu128,12.8,2026-08-23T19:20:47.935642+00:00
custom_softmax_attention,ca87722a00ebf585cd788c67949e7c0b32dca788,1,8,128,64,float32,25,100,92,127.16799974441528,Tesla T4,7.5,2.11.0+cu128,12.8,2026-08-23T19:20:47.935642+00:00
custom_softmax_attention,ca87722a00ebf585cd788c67949e7c0b32dca788,1,8,128,64,float32,25,100,93,121.8239963054657,Tesla T4,7.5,2.11.0+cu128,12.8,2026-08-23T19:20:47.935642+00:00
custom_softmax_attention,ca87722a00ebf585cd788c67949e7c0b32dca788,1,8,128,64,float32,25,100,94,122.91199713945389,Tesla T4,7.5,2.11.0+cu128,12.8,2026-08-23T19:20:47.935642+00:00
custom_softmax_attention,ca87722a00ebf585cd788c67949e7c0b32dca788,1,8,128,64,float32,25,100,95,120.86399644613266,Tesla T4,7.5,2.11.0+cu128,12.8,2026-08-23T19:20:47.935642+00:00
custom_softmax_attention,ca87722a00ebf585cd788c67949e7c0b32dca788,1,8,128,64,float32,25,100,96,135.19999384880066,Tesla T4,7.5,2.11.0+cu128,12.8,2026-08-23T19:20:47.935642+00:00
custom_softmax_attention,ca87722a00ebf585cd788c67949e7c0b32dca788,1,8,128,64,float32,25,100,97,128.60800325870514,Tesla T4,7.5,2.11.0+cu128,12.8,2026-08-23T19:20:47.935642+00:00
custom_softmax_attention,ca87722a00ebf585cd788c67949e7c0b32dca788,1,8,128,64,float32,25,100,98,125.40799379348755,Tesla T4,7.5,2.11.0+cu128,12.8,2026-08-23T19:20:47.935642+00:00
custom_softmax_attention,ca87722a00ebf585cd788c67949e7c0b32dca788,1,8,128,64,float32,25,100,99,130.91200590133667,Tesla T4,7.5,2.11.0+cu128,12.8,2026-08-23T19:20:47.935642+00:00
pytorch_sdpa,ca87722a00ebf585cd788c67949e7c0b32dca788,1,8,128,64,float32,25,100,0,97.47199714183807,Tesla T4,7.5,2.11.0+cu128,12.8,2026-08-23T19:20:47.947876+00:00
pytorch_sdpa,ca87722a00ebf585cd788c67949e7c0b32dca788,1,8,128,64,float32,25,100,1,88.06400001049042,Tesla T4,7.5,2.11.0+cu128,12.8,2026-08-23T19:20:47.947876+00:00
pytorch_sdpa,ca87722a00ebf585cd788c67949e7c0b32dca788,1,8,128,64,float32,25,100,2,86.04799956083298,Tesla T4,7.5,2.11.0+cu128,12.8,2026-08-23T19:20:47.947876+00:00
pytorch_sdpa,ca87722a00ebf585cd788c67949e7c0b32dca788,1,8,128,64,float32,25,100,3,86.04799956083298,Tesla T4,7.5,2.11.0+cu128,12.8,2026-08-23T19:20:47.947876+00:00
pytorch_sdpa,ca87722a00ebf585cd788c67949e7c0b32dca788,1,8,128,64,float32,25,100,4,86.01599931716919,Tesla T4,7.5,2.11.0+cu128,12.8,2026-08-23T19:20:47.947876+00:00
pytorch_sdpa,ca87722a00ebf585cd788c67949e7c0b32dca788,1,8,128,64,float32,25,100,5,86.04799956083298,Tesla T4,7.5,2.11.0+cu128,12.8,2026-08-23T19:20:47.947876+00:00
pytorch_sdpa,ca87722a00ebf585cd788c67949e7c0b32dca788,1,8,128,64,float32,25,100,6,88.48000317811966,Tesla T4,7.5,2.11.0+cu128,12.8,2026-08-23T19:20:47.947876+00:00
pytorch_sdpa,ca87722a00ebf585cd788c67949e7c0b32dca788,1,8,128,64,float32,25,100,7,83.99999886751175,Tesla T4,7.5,2.11.0+cu128,12.8,2026-08-23T19:20:47.947876+00:00
pytorch_sdpa,ca87722a00ebf585cd788c67949e7c0b32dca788,1,8,128,64,float32,25,100,8,83.99999886751175,Tesla T4,7.5,2.11.0+cu128,12.8,2026-08-23T19:20:47.947876+00:00
pytorch_sdpa,ca87722a00ebf585cd788c67949e7c0b32dca788,1,8,128,64,float32,25,100,9,85.1840004324913,Tesla T4,7.5,2.11.0+cu128,12.8,2026-08-23T19:20:47.947876+00:00
pytorch_sdpa,ca87722a00ebf585cd788c67949e7c0b32dca788,1,8,128,64,float32,25,100,10,83.36000144481659,Tesla T4,7.5,2.11.0+cu128,12.8,2026-08-23T19:20:47.947876+00:00
pytorch_sdpa,ca87722a00ebf585cd788c67949e7c0b32dca788,1,8,128,64,float32,25,100,11,81.91999793052673,Tesla T4,7.5,2.11.0+cu128,12.8,2026-08-23T19:20:47.947876+00:00
pytorch_sdpa,ca87722a00ebf585cd788c67949e7c0b32dca788,1,8,128,64,float32,25,100,12,82.07999914884567,Tesla T4,7.5,2.11.0+cu128,12.8,2026-08-23T19:20:47.947876+00:00
pytorch_sdpa,ca87722a00ebf585cd788c67949e7c0b32dca788,1,8,128,64,float32,25,100,13,82.36800134181976,Tesla T4,7.5,2.11.0+cu128,12.8,2026-08-23T19:20:47.947876+00:00
pytorch_sdpa,ca87722a00ebf585cd788c67949e7c0b32dca788,1,8,128,64,float32,25,100,14,81.91999793052673,Tesla T4,7.5,2.11.0+cu128,12.8,2026-08-23T19:20:47.947876+00:00
pytorch_sdpa,ca87722a00ebf585cd788c67949e7c0b32dca788,1,8,128,64,float32,25,100,15,82.40000158548355,Tesla T4,7.5,2.11.0+cu128,12.8,2026-08-23T19:20:47.947876+00:00
pytorch_sdpa,ca87722a00ebf585cd788c67949e7c0b32dca788,1,8,128,64,float32,25,100,16,85.88799834251404,Tesla T4,7.5,2.11.0+cu128,12.8,2026-08-23T19:20:47.947876+00:00
pytorch_sdpa,ca87722a00ebf585cd788c67949e7c0b32dca788,1,8,128,64,float32,25,100,17,83.8719978928566,Tesla T4,7.5,2.11.0+cu128,12.8,2026-08-23T19:20:47.947876+00:00
pytorch_sdpa,ca87722a00ebf585cd788c67949e7c0b32dca788,1,8,128,64,float32,25,100,18,83.93599838018417,Tesla T4,7.5,2.11.0+cu128,12.8,2026-08-23T19:20:47.947876+00:00
pytorch_sdpa,ca87722a00ebf585cd788c67949e7c0b32dca788,1,8,128,64,float32,25,100,19,84.16000008583069,Tesla T4,7.5,2.11.0+cu128,12.8,2026-08-23T19:20:47.947876+00:00
pytorch_sdpa,ca87722a00ebf585cd788c67949e7c0b32dca788,1,8,128,64,float32,25,100,20,82.0159986615181,Tesla T4,7.5,2.11.0+cu128,12.8,2026-08-23T19:20:47.947876+00:00
pytorch_sdpa,ca87722a00ebf585cd788c67949e7c0b32dca788,1,8,128,64,float32,25,100,21,82.59200304746628,Tesla T4,7.5,2.11.0+cu128,12.8,2026-08-23T19:20:47.947876+00:00
pytorch_sdpa,ca87722a00ebf585cd788c67949e7c0b32dca788,1,8,128,64,float32,25,100,22,82.65600353479385,Tesla T4,7.5,2.11.0+cu128,12.8,2026-08-23T19:20:47.947876+00:00
pytorch_sdpa,ca87722a00ebf585cd788c67949e7c0b32dca788,1,8,128,64,float32,25,100,23,82.94399827718735,Tesla T4,7.5,2.11.0+cu128,12.8,2026-08-23T19:20:47.947876+00:00
pytorch_sdpa,ca87722a00ebf585cd788c67949e7c0b32dca788,1,8,128,64,float32,25,100,24,82.49600231647491,Tesla T4,7.5,2.11.0+cu128,12.8,2026-08-23T19:20:47.947876+00:00
pytorch_sdpa,ca87722a00ebf585cd788c67949e7c0b32dca788,1,8,128,64,float32,25,100,25,83.96799862384796,Tesla T4,7.5,2.11.0+cu128,12.8,2026-08-23T19:20:47.947876+00:00
pytorch_sdpa,ca87722a00ebf585cd788c67949e7c0b32dca788,1,8,128,64,float32,25,100,26,85.02399921417236,Tesla T4,7.5,2.11.0+cu128,12.8,2026-08-23T19:20:47.947876+00:00
pytorch_sdpa,ca87722a00ebf585cd788c67949e7c0b32dca788,1,8,128,64,float32,25,100,27,82.94399827718735,Tesla T4,7.5,2.11.0+cu128,12.8,2026-08-23T19:20:47.947876+00:00
pytorch_sdpa,ca87722a00ebf585cd788c67949e7c0b32dca788,1,8,128,64,float32,25,100,28,82.8159973025322,Tesla T4,7.5,2.11.0+cu128,12.8,2026-08-23T19:20:47.947876+00:00
pytorch_sdpa,ca87722a00ebf585cd788c67949e7c0b32dca788,1,8,128,64,float32,25,100,29,84.09599959850311,Tesla T4,7.5,2.11.0+cu128,12.8,2026-08-23T19:20:47.947876+00:00
pytorch_sdpa,ca87722a00ebf585cd788c67949e7c0b32dca788,1,8,128,64,float32,25,100,30,82.5280025601387,Tesla T4,7.5,2.11.0+cu128,12.8,2026-08-23T19:20:47.947876+00:00
pytorch_sdpa,ca87722a00ebf585cd788c67949e7c0b32dca788,1,8,128,64,float32,25,100,31,82.65600353479385,Tesla T4,7.5,2.11.0+cu128,12.8,2026-08-23T19:20:47.947876+00:00
pytorch_sdpa,ca87722a00ebf585cd788c67949e7c0b32dca788,1,8,128,64,float32,25,100,32,82.2720006108284,Tesla T4,7.5,2.11.0+cu128,12.8,2026-08-23T19:20:47.947876+00:00
pytorch_sdpa,ca87722a00ebf585cd788c67949e7c0b32dca788,1,8,128,64,float32,25,100,33,83.39200168848038,Tesla T4,7.5,2.11.0+cu128,12.8,2026-08-23T19:20:47.947876+00:00
pytorch_sdpa,ca87722a00ebf585cd788c67949e7c0b32dca788,1,8,128,64,float32,25,100,34,94.33600306510925,Tesla T4,7.5,2.11.0+cu128,12.8,2026-08-23T19:20:47.947876+00:00
pytorch_sdpa,ca87722a00ebf585cd788c67949e7c0b32dca788,1,8,128,64,float32,25,100,35,83.77599716186523,Tesla T4,7.5,2.11.0+cu128,12.8,2026-08-23T19:20:47.947876+00:00
pytorch_sdpa,ca87722a00ebf585cd788c67949e7c0b32dca788,1,8,128,64,float32,25,100,36,86.496002972126,Tesla T4,7.5,2.11.0+cu128,12.8,2026-08-23T19:20:47.947876+00:00
pytorch_sdpa,ca87722a00ebf585cd788c67949e7c0b32dca788,1,8,128,64,float32,25,100,37,85.66399663686752,Tesla T4,7.5,2.11.0+cu128,12.8,2026-08-23T19:20:47.947876+00:00
pytorch_sdpa,ca87722a00ebf585cd788c67949e7c0b32dca788,1,8,128,64,float32,25,100,38,92.41600334644318,Tesla T4,7.5,2.11.0+cu128,12.8,2026-08-23T19:20:47.947876+00:00
pytorch_sdpa,ca87722a00ebf585cd788c67949e7c0b32dca788,1,8,128,64,float32,25,100,39,85.24800091981888,Tesla T4,7.5,2.11.0+cu128,12.8,2026-08-23T19:20:47.947876+00:00
pytorch_sdpa,ca87722a00ebf585cd788c67949e7c0b32dca788,1,8,128,64,float32,25,100,40,83.96799862384796,Tesla T4,7.5,2.11.0+cu128,12.8,2026-08-23T19:20:47.947876+00:00
pytorch_sdpa,ca87722a00ebf585cd788c67949e7c0b32dca788,1,8,128,64,float32,25,100,41,83.96799862384796,Tesla T4,7.5,2.11.0+cu128,12.8,2026-08-23T19:20:47.947876+00:00
pytorch_sdpa,ca87722a00ebf585cd788c67949e7c0b32dca788,1,8,128,64,float32,25,100,42,83.99999886751175,Tesla T4,7.5,2.11.0+cu128,12.8,2026-08-23T19:20:47.947876+00:00
pytorch_sdpa,ca87722a00ebf585cd788c67949e7c0b32dca788,1,8,128,64,float32,25,100,43,83.42400193214417,Tesla T4,7.5,2.11.0+cu128,12.8,2026-08-23T19:20:47.947876+00:00
pytorch_sdpa,ca87722a00ebf585cd788c67949e7c0b32dca788,1,8,128,64,float32,25,100,44,83.96799862384796,Tesla T4,7.5,2.11.0+cu128,12.8,2026-08-23T19:20:47.947876+00:00
pytorch_sdpa,ca87722a00ebf585cd788c67949e7c0b32dca788,1,8,128,64,float32,25,100,45,86.04799956083298,Tesla T4,7.5,2.11.0+cu128,12.8,2026-08-23T19:20:47.947876+00:00
pytorch_sdpa,ca87722a00ebf585cd788c67949e7c0b32dca788,1,8,128,64,float32,25,100,46,83.99999886751175,Tesla T4,7.5,2.11.0+cu128,12.8,2026-08-23T19:20:47.947876+00:00
pytorch_sdpa,ca87722a00ebf585cd788c67949e7c0b32dca788,1,8,128,64,float32,25,100,47,83.80799740552902,Tesla T4,7.5,2.11.0+cu128,12.8,2026-08-23T19:20:47.947876+00:00
pytorch_sdpa,ca87722a00ebf585cd788c67949e7c0b32dca788,1,8,128,64,float32,25,100,48,84.19200032949448,Tesla T4,7.5,2.11.0+cu128,12.8,2026-08-23T19:20:47.947876+00:00
pytorch_sdpa,ca87722a00ebf585cd788c67949e7c0b32dca788,1,8,128,64,float32,25,100,49,84.09599959850311,Tesla T4,7.5,2.11.0+cu128,12.8,2026-08-23T19:20:47.947876+00:00
pytorch_sdpa,ca87722a00ebf585cd788c67949e7c0b32dca788,1,8,128,64,float32,25,100,50,87.67999708652496,Tesla T4,7.5,2.11.0+cu128,12.8,2026-08-23T19:20:47.947876+00:00
pytorch_sdpa,ca87722a00ebf585cd788c67949e7c0b32dca788,1,8,128,64,float32,25,100,51,85.9839990735054,Tesla T4,7.5,2.11.0+cu128,12.8,2026-08-23T19:20:47.947876+00:00
pytorch_sdpa,ca87722a00ebf585cd788c67949e7c0b32dca788,1,8,128,64,float32,25,100,52,87.00799942016602,Tesla T4,7.5,2.11.0+cu128,12.8,2026-08-23T19:20:47.947876+00:00
pytorch_sdpa,ca87722a00ebf585cd788c67949e7c0b32dca788,1,8,128,64,float32,25,100,53,86.36800199747086,Tesla T4,7.5,2.11.0+cu128,12.8,2026-08-23T19:20:47.947876+00:00
pytorch_sdpa,ca87722a00ebf585cd788c67949e7c0b32dca788,1,8,128,64,float32,25,100,54,86.04799956083298,Tesla T4,7.5,2.11.0+cu128,12.8,2026-08-23T19:20:47.947876+00:00
pytorch_sdpa,ca87722a00ebf585cd788c67949e7c0b32dca788,1,8,128,64,float32,25,100,55,88.41600269079208,Tesla T4,7.5,2.11.0+cu128,12.8,2026-08-23T19:20:47.947876+00:00
pytorch_sdpa,ca87722a00ebf585cd788c67949e7c0b32dca788,1,8,128,64,float32,25,100,56,86.01599931716919,Tesla T4,7.5,2.11.0+cu128,12.8,2026-08-23T19:20:47.947876+00:00
pytorch_sdpa,ca87722a00ebf585cd788c67949e7c0b32dca788,1,8,128,64,float32,25,100,57,86.04799956083298,Tesla T4,7.5,2.11.0+cu128,12.8,2026-08-23T19:20:47.947876+00:00
pytorch_sdpa,ca87722a00ebf585cd788c67949e7c0b32dca788,1,8,128,64,float32,25,100,58,87.71199733018875,Tesla T4,7.5,2.11.0+cu128,12.8,2026-08-23T19:20:47.947876+00:00
pytorch_sdpa,ca87722a00ebf585cd788c67949e7c0b32dca788,1,8,128,64,float32,25,100,59,85.9839990735054,Tesla T4,7.5,2.11.0+cu128,12.8,2026-08-23T19:20:47.947876+00:00
pytorch_sdpa,ca87722a00ebf585cd788c67949e7c0b32dca788,1,8,128,64,float32,25,100,60,85.75999736785889,Tesla T4,7.5,2.11.0+cu128,12.8,2026-08-23T19:20:47.947876+00:00
pytorch_sdpa,ca87722a00ebf585cd788c67949e7c0b32dca788,1,8,128,64,float32,25,100,61,85.4720026254654,Tesla T4,7.5,2.11.0+cu128,12.8,2026-08-23T19:20:47.947876+00:00
pytorch_sdpa,ca87722a00ebf585cd788c67949e7c0b32dca788,1,8,128,64,float32,25,100,62,99.32799637317657,Tesla T4,7.5,2.11.0+cu128,12.8,2026-08-23T19:20:47.947876+00:00
pytorch_sdpa,ca87722a00ebf585cd788c67949e7c0b32dca788,1,8,128,64,float32,25,100,63,81.91999793052673,Tesla T4,7.5,2.11.0+cu128,12.8,2026-08-23T19:20:47.947876+00:00
pytorch_sdpa,ca87722a00ebf585cd788c67949e7c0b32dca788,1,8,128,64,float32,25,100,64,85.9839990735054,Tesla T4,7.5,2.11.0+cu128,12.8,2026-08-23T19:20:47.947876+00:00
pytorch_sdpa,ca87722a00ebf585cd788c67949e7c0b32dca788,1,8,128,64,float32,25,100,65,83.99999886751175,Tesla T4,7.5,2.11.0+cu128,12.8,2026-08-23T19:20:47.947876+00:00
pytorch_sdpa,ca87722a00ebf585cd788c67949e7c0b32dca788,1,8,128,64,float32,25,100,66,84.6719965338707,Tesla T4,7.5,2.11.0+cu128,12.8,2026-08-23T19:20:47.947876+00:00
pytorch_sdpa,ca87722a00ebf585cd788c67949e7c0b32dca788,1,8,128,64,float32,25,100,67,85.21600067615509,Tesla T4,7.5,2.11.0+cu128,12.8,2026-08-23T19:20:47.947876+00:00
pytorch_sdpa,ca87722a00ebf585cd788c67949e7c0b32dca788,1,8,128,64,float32,25,100,68,82.97599852085114,Tesla T4,7.5,2.11.0+cu128,12.8,2026-08-23T19:20:47.947876+00:00
pytorch_sdpa,ca87722a00ebf585cd788c67949e7c0b32dca788,1,8,128,64,float32,25,100,69,82.40000158548355,Tesla T4,7.5,2.11.0+cu128,12.8,2026-08-23T19:20:47.947876+00:00
pytorch_sdpa,ca87722a00ebf585cd788c67949e7c0b32dca788,1,8,128,64,float32,25,100,70,82.33600109815598,Tesla T4,7.5,2.11.0+cu128,12.8,2026-08-23T19:20:47.947876+00:00
pytorch_sdpa,ca87722a00ebf585cd788c67949e7c0b32dca788,1,8,128,64,float32,25,100,71,83.20000022649765,Tesla T4,7.5,2.11.0+cu128,12.8,2026-08-23T19:20:47.947876+00:00
pytorch_sdpa,ca87722a00ebf585cd788c67949e7c0b32dca788,1,8,128,64,float32,25,100,72,82.40000158548355,Tesla T4,7.5,2.11.0+cu128,12.8,2026-08-23T19:20:47.947876+00:00
pytorch_sdpa,ca87722a00ebf585cd788c67949e7c0b32dca788,1,8,128,64,float32,25,100,73,83.10399949550629,Tesla T4,7.5,2.11.0+cu128,12.8,2026-08-23T19:20:47.947876+00:00
pytorch_sdpa,ca87722a00ebf585cd788c67949e7c0b32dca788,1,8,128,64,float32,25,100,74,84.60800349712372,Tesla T4,7.5,2.11.0+cu128,12.8,2026-08-23T19:20:47.947876+00:00
pytorch_sdpa,ca87722a00ebf585cd788c67949e7c0b32dca788,1,8,128,64,float32,25,100,75,82.36800134181976,Tesla T4,7.5,2.11.0+cu128,12.8,2026-08-23T19:20:47.947876+00:00
pytorch_sdpa,ca87722a00ebf585cd788c67949e7c0b32dca788,1,8,128,64,float32,25,100,76,82.5280025601387,Tesla T4,7.5,2.11.0+cu128,12.8,2026-08-23T19:20:47.947876+00:00
pytorch_sdpa,ca87722a00ebf585cd788c67949e7c0b32dca788,1,8,128,64,float32,25,100,77,85.4720026254654,Tesla T4,7.5,2.11.0+cu128,12.8,2026-08-23T19:20:47.947876+00:00
pytorch_sdpa,ca87722a00ebf585cd788c67949e7c0b32dca788,1,8,128,64,float32,25,100,78,83.96799862384796,Tesla T4,7.5,2.11.0+cu128,12.8,2026-08-23T19:20:47.947876+00:00
pytorch_sdpa,ca87722a00ebf585cd788c67949e7c0b32dca788,1,8,128,64,float32,25,100,79,82.75199681520462,Tesla T4,7.5,2.11.0+cu128,12.8,2026-08-23T19:20:47.947876+00:00
pytorch_sdpa,ca87722a00ebf585cd788c67949e7c0b32dca788,1,8,128,64,float32,25,100,80,82.56000280380249,Tesla T4,7.5,2.11.0+cu128,12.8,2026-08-23T19:20:47.947876+00:00
pytorch_sdpa,ca87722a00ebf585cd788c67949e7c0b32dca788,1,8,128,64,float32,25,100,81,83.13599973917007,Tesla T4,7.5,2.11.0+cu128,12.8,2026-08-23T19:20:47.947876+00:00
pytorch_sdpa,ca87722a00ebf585cd788c67949e7c0b32dca788,1,8,128,64,float32,25,100,82,82.24000036716461,Tesla T4,7.5,2.11.0+cu128,12.8,2026-08-23T19:20:47.947876+00:00
pytorch_sdpa,ca87722a00ebf585cd788c67949e7c0b32dca788,1,8,128,64,float32,25,100,83,83.42400193214417,Tesla T4,7.5,2.11.0+cu128,12.8,2026-08-23T19:20:47.947876+00:00
pytorch_sdpa,ca87722a00ebf585cd788c67949e7c0b32dca788,1,8,128,64,float32,25,100,84,84.44800227880478,Tesla T4,7.5,2.11.0+cu128,12.8,2026-08-23T19:20:47.947876+00:00
pytorch_sdpa,ca87722a00ebf585cd788c67949e7c0b32dca788,1,8,128,64,float32,25,100,85,82.71999657154083,Tesla T4,7.5,2.11.0+cu128,12.8,2026-08-23T19:20:47.947876+00:00
pytorch_sdpa,ca87722a00ebf585cd788c67949e7c0b32dca788,1,8,128,64,float32,25,100,86,82.30400085449219,Tesla T4,7.5,2.11.0+cu128,12.8,2026-08-23T19:20:47.947876+00:00
pytorch_sdpa,ca87722a00ebf585cd788c67949e7c0b32dca788,1,8,128,64,float32,25,100,87,84.89599823951721,Tesla T4,7.5,2.11.0+cu128,12.8,2026-08-23T19:20:47.947876+00:00
pytorch_sdpa,ca87722a00ebf585cd788c67949e7c0b32dca788,1,8,128,64,float32,25,100,88,83.45600217580795,Tesla T4,7.5,2.11.0+cu128,12.8,2026-08-23T19:20:47.947876+00:00
pytorch_sdpa,ca87722a00ebf585cd788c67949e7c0b32dca788,1,8,128,64,float32,25,100,89,82.97599852085114,Tesla T4,7.5,2.11.0+cu128,12.8,2026-08-23T19:20:47.947876+00:00
pytorch_sdpa,ca87722a00ebf585cd788c67949e7c0b32dca788,1,8,128,64,float32,25,100,90,82.04799890518188,Tesla T4,7.5,2.11.0+cu128,12.8,2026-08-23T19:20:47.947876+00:00
pytorch_sdpa,ca87722a00ebf585cd788c67949e7c0b32dca788,1,8,128,64,float32,25,100,91,82.68799632787704,Tesla T4,7.5,2.11.0+cu128,12.8,2026-08-23T19:20:47.947876+00:00
pytorch_sdpa,ca87722a00ebf585cd788c67949e7c0b32dca788,1,8,128,64,float32,25,100,92,104.16000336408615,Tesla T4,7.5,2.11.0+cu128,12.8,2026-08-23T19:20:47.947876+00:00
pytorch_sdpa,ca87722a00ebf585cd788c67949e7c0b32dca788,1,8,128,64,float32,25,100,93,105.76000064611435,Tesla T4,7.5,2.11.0+cu128,12.8,2026-08-23T19:20:47.947876+00:00
pytorch_sdpa,ca87722a00ebf585cd788c67949e7c0b32dca788,1,8,128,64,float32,25,100,94,89.63199704885483,Tesla T4,7.5,2.11.0+cu128,12.8,2026-08-23T19:20:47.947876+00:00
pytorch_sdpa,ca87722a00ebf585cd788c67949e7c0b32dca788,1,8,128,64,float32,25,100,95,85.9839990735054,Tesla T4,7.5,2.11.0+cu128,12.8,2026-08-23T19:20:47.947876+00:00
pytorch_sdpa,ca87722a00ebf585cd788c67949e7c0b32dca788,1,8,128,64,float32,25,100,96,88.06400001049042,Tesla T4,7.5,2.11.0+cu128,12.8,2026-08-23T19:20:47.947876+00:00
pytorch_sdpa,ca87722a00ebf585cd788c67949e7c0b32dca788,1,8,128,64,float32,25,100,97,86.17600053548813,Tesla T4,7.5,2.11.0+cu128,12.8,2026-08-23T19:20:47.947876+00:00
pytorch_sdpa,ca87722a00ebf585cd788c67949e7c0b32dca788,1,8,128,64,float32,25,100,98,85.7279971241951,Tesla T4,7.5,2.11.0+cu128,12.8,2026-08-23T19:20:47.947876+00:00
pytorch_sdpa,ca87722a00ebf585cd788c67949e7c0b32dca788,1,8,128,64,float32,25,100,99,86.01599931716919,Tesla T4,7.5,2.11.0+cu128,12.8,2026-08-23T19:20:47.947876+00:00
explicit_pytorch,ca87722a00ebf585cd788c67949e7c0b32dca788,1,8,255,64,float32,25,100,0,272.92799949645996,Tesla T4,7.5,2.11.0+cu128,12.8,2026-08-23T19:20:47.999612+00:00
explicit_pytorch,ca87722a00ebf585cd788c67949e7c0b32dca788,1,8,255,64,float32,25,100,1,335.87199449539185,Tesla T4,7.5,2.11.0+cu128,12.8,2026-08-23T19:20:47.999612+00:00
explicit_pytorch,ca87722a00ebf585cd788c67949e7c0b32dca788,1,8,255,64,float32,25,100,2,367.23199486732483,Tesla T4,7.5,2.11.0+cu128,12.8,2026-08-23T19:20:47.999612+00:00
explicit_pytorch,ca87722a00ebf585cd788c67949e7c0b32dca788,1,8,255,64,float32,25,100,3,374.91199374198914,Tesla T4,7.5,2.11.0+cu128,12.8,2026-08-23T19:20:47.999612+00:00
explicit_pytorch,ca87722a00ebf585cd788c67949e7c0b32dca788,1,8,255,64,float32,25,100,4,343.423992395401,Tesla T4,7.5,2.11.0+cu128,12.8,2026-08-23T19:20:47.999612+00:00
explicit_pytorch,ca87722a00ebf585cd788c67949e7c0b32dca788,1,8,255,64,float32,25,100,5,383.2319974899292,Tesla T4,7.5,2.11.0+cu128,12.8,2026-08-23T19:20:47.999612+00:00
explicit_pytorch,ca87722a00ebf585cd788c67949e7c0b32dca788,1,8,255,64,float32,25,100,6,350.5919873714447,Tesla T4,7.5,2.11.0+cu128,12.8,2026-08-23T19:20:47.999612+00:00
explicit_pytorch,ca87722a00ebf585cd788c67949e7c0b32dca788,1,8,255,64,float32,25,100,7,385.919988155365,Tesla T4,7.5,2.11.0+cu128,12.8,2026-08-23T19:20:47.999612+00:00
explicit_pytorch,ca87722a00ebf585cd788c67949e7c0b32dca788,1,8,255,64,float32,25,100,8,369.7600066661835,Tesla T4,7.5,2.11.0+cu128,12.8,2026-08-23T19:20:47.999612+00:00
explicit_pytorch,ca87722a00ebf585cd788c67949e7c0b32dca788,1,8,255,64,float32,25,100,9,352.57598757743835,Tesla T4,7.5,2.11.0+cu128,12.8,2026-08-23T19:20:47.999612+00:00
explicit_pytorch,ca87722a00ebf585cd788c67949e7c0b32dca788,1,8,255,64,float32,25,100,10,379.4560134410858,Tesla T4,7.5,2.11.0+cu128,12.8,2026-08-23T19:20:47.999612+00:00
explicit_pytorch,ca87722a00ebf585cd788c67949e7c0b32dca788,1,8,255,64,float32,25,100,11,342.303991317749,Tesla T4,7.5,2.11.0+cu128,12.8,2026-08-23T19:20:47.999612+00:00
explicit_pytorch,ca87722a00ebf585cd788c67949e7c0b32dca788,1,8,255,64,float32,25,100,12,421.9200015068054,Tesla T4,7.5,2.11.0+cu128,12.8,2026-08-23T19:20:47.999612+00:00
explicit_pytorch,ca87722a00ebf585cd788c67949e7c0b32dca788,1,8,255,64,float32,25,100,13,347.680002450943,Tesla T4,7.5,2.11.0+cu128,12.8,2026-08-23T19:20:47.999612+00:00
explicit_pytorch,ca87722a00ebf585cd788c67949e7c0b32dca788,1,8,255,64,float32,25,100,14,339.77600932121277,Tesla T4,7.5,2.11.0+cu128,12.8,2026-08-23T19:20:47.999612+00:00
explicit_pytorch,ca87722a00ebf585cd788c67949e7c0b32dca788,1,8,255,64,float32,25,100,15,353.2800078392029,Tesla T4,7.5,2.11.0+cu128,12.8,2026-08-23T19:20:47.999612+00:00
explicit_pytorch,ca87722a00ebf585cd788c67949e7c0b32dca788,1,8,255,64,float32,25,100,16,319.487988948822,Tesla T4,7.5,2.11.0+cu128,12.8,2026-08-23T19:20:47.999612+00:00
explicit_pytorch,ca87722a00ebf585cd788c67949e7c0b32dca788,1,8,255,64,float32,25,100,17,415.77601432800293,Tesla T4,7.5,2.11.0+cu128,12.8,2026-08-23T19:20:47.999612+00:00
explicit_pytorch,ca87722a00ebf585cd788c67949e7c0b32dca788,1,8,255,64,float32,25,100,18,384.0959966182709,Tesla T4,7.5,2.11.0+cu128,12.8,2026-08-23T19:20:47.999612+00:00
explicit_pytorch,ca87722a00ebf585cd788c67949e7c0b32dca788,1,8,255,64,float32,25,100,19,356.3840091228485,Tesla T4,7.5,2.11.0+cu128,12.8,2026-08-23T19:20:47.999612+00:00
explicit_pytorch,ca87722a00ebf585cd788c67949e7c0b32dca788,1,8,255,64,float32,25,100,20,399.00800585746765,Tesla T4,7.5,2.11.0+cu128,12.8,2026-08-23T19:20:47.999612+00:00
explicit_pytorch,ca87722a00ebf585cd788c67949e7c0b32dca788,1,8,255,64,float32,25,100,21,327.36000418663025,Tesla T4,7.5,2.11.0+cu128,12.8,2026-08-23T19:20:47.999612+00:00
explicit_pytorch,ca87722a00ebf585cd788c67949e7c0b32dca788,1,8,255,64,float32,25,100,22,370.7199990749359,Tesla T4,7.5,2.11.0+cu128,12.8,2026-08-23T19:20:47.999612+00:00
explicit_pytorch,ca87722a00ebf585cd788c67949e7c0b32dca788,1,8,255,64,float32,25,100,23,344.06399726867676,Tesla T4,7.5,2.11.0+cu128,12.8,2026-08-23T19:20:47.999612+00:00
explicit_pytorch,ca87722a00ebf585cd788c67949e7c0b32dca788,1,8,255,64,float32,25,100,24,317.05600023269653,Tesla T4,7.5,2.11.0+cu128,12.8,2026-08-23T19:20:47.999612+00:00
explicit_pytorch,ca87722a00ebf585cd788c67949e7c0b32dca788,1,8,255,64,float32,25,100,25,352.4160087108612,Tesla T4,7.5,2.11.0+cu128,12.8,2026-08-23T19:20:47.999612+00:00
explicit_pytorch,ca87722a00ebf585cd788c67949e7c0b32dca788,1,8,255,64,float32,25,100,26,325.8560001850128,Tesla T4,7.5,2.11.0+cu128,12.8,2026-08-23T19:20:47.999612+00:00
explicit_pytorch,ca87722a00ebf585cd788c67949e7c0b32dca788,1,8,255,64,float32,25,100,27,329.4079899787903,Tesla T4,7.5,2.11.0+cu128,12.8,2026-08-23T19:20:47.999612+00:00
explicit_pytorch,ca87722a00ebf585cd788c67949e7c0b32dca788,1,8,255,64,float32,25,100,28,348.25599193573,Tesla T4,7.5,2.11.0+cu128,12.8,2026-08-23T19:20:47.999612+00:00
explicit_pytorch,ca87722a00ebf585cd788c67949e7c0b32dca788,1,8,255,64,float32,25,100,29,333.8559865951538,Tesla T4,7.5,2.11.0+cu128,12.8,2026-08-23T19:20:47.999612+00:00
explicit_pytorch,ca87722a00ebf585cd788c67949e7c0b32dca788,1,8,255,64,float32,25,100,30,353.1840145587921,Tesla T4,7.5,2.11.0+cu128,12.8,2026-08-23T19:20:47.999612+00:00
explicit_pytorch,ca87722a00ebf585cd788c67949e7c0b32dca788,1,8,255,64,float32,25,100,31,346.3999927043915,Tesla T4,7.5,2.11.0+cu128,12.8,2026-08-23T19:20:47.999612+00:00
explicit_pytorch,ca87722a00ebf585cd788c67949e7c0b32dca788,1,8,255,64,float32,25,100,32,349.92000460624695,Tesla T4,7.5,2.11.0+cu128,12.8,2026-08-23T19:20:47.999612+00:00
explicit_pytorch,ca87722a00ebf585cd788c67949e7c0b32dca788,1,8,255,64,float32,25,100,33,332.8000009059906,Tesla T4,7.5,2.11.0+cu128,12.8,2026-08-23T19:20:47.999612+00:00
explicit_pytorch,ca87722a00ebf585cd788c67949e7c0b32dca788,1,8,255,64,float32,25,100,34,276.44801139831543,Tesla T4,7.5,2.11.0+cu128,12.8,2026-08-23T19:20:47.999612+00:00
explicit_pytorch,ca87722a00ebf585cd788c67949e7c0b32dca788,1,8,255,64,float32,25,100,35,249.11999702453613,Tesla T4,7.5,2.11.0+cu128,12.8,2026-08-23T19:20:47.999612+00:00
explicit_pytorch,ca87722a00ebf585cd788c67949e7c0b32dca788,1,8,255,64,float32,25,100,36,321.50399684906006,Tesla T4,7.5,2.11.0+cu128,12.8,2026-08-23T19:20:47.999612+00:00
explicit_pytorch,ca87722a00ebf585cd788c67949e7c0b32dca788,1,8,255,64,float32,25,100,37,271.4560031890869,Tesla T4,7.5,2.11.0+cu128,12.8,2026-08-23T19:20:47.999612+00:00
explicit_pytorch,ca87722a00ebf585cd788c67949e7c0b32dca788,1,8,255,64,float32,25,100,38,267.7760124206543,Tesla T4,7.5,2.11.0+cu128,12.8,2026-08-23T19:20:47.999612+00:00
explicit_pytorch,ca87722a00ebf585cd788c67949e7c0b32dca788,1,8,255,64,float32,25,100,39,231.07199370861053,Tesla T4,7.5,2.11.0+cu128,12.8,2026-08-23T19:20:47.999612+00:00
explicit_pytorch,ca87722a00ebf585cd788c67949e7c0b32dca788,1,8,255,64,float32,25,100,40,383.7119936943054,Tesla T4,7.5,2.11.0+cu128,12.8,2026-08-23T19:20:47.999612+00:00
explicit_pytorch,ca87722a00ebf585cd788c67949e7c0b32dca788,1,8,255,64,float32,25,100,41,361.63198947906494,Tesla T4,7.5,2.11.0+cu128,12.8,2026-08-23T19:20:47.999612+00:00
explicit_pytorch,ca87722a00ebf585cd788c67949e7c0b32dca788,1,8,255,64,float32,25,100,42,363.99999260902405,Tesla T4,7.5,2.11.0+cu128,12.8,2026-08-23T19:20:47.999612+00:00
explicit_pytorch,ca87722a00ebf585cd788c67949e7c0b32dca788,1,8,255,64,float32,25,100,43,331.6799998283386,Tesla T4,7.5,2.11.0+cu128,12.8,2026-08-23T19:20:47.999612+00:00
explicit_pytorch,ca87722a00ebf585cd788c67949e7c0b32dca788,1,8,255,64,float32,25,100,44,403.4560024738312,Tesla T4,7.5,2.11.0+cu128,12.8,2026-08-23T19:20:47.999612+00:00
explicit_pytorch,ca87722a00ebf585cd788c67949e7c0b32dca788,1,8,255,64,float32,25,100,45,360.76799035072327,Tesla T4,7.5,2.11.0+cu128,12.8,2026-08-23T19:20:47.999612+00:00
explicit_pytorch,ca87722a00ebf585cd788c67949e7c0b32dca788,1,8,255,64,float32,25,100,46,418.17599534988403,Tesla T4,7.5,2.11.0+cu128,12.8,2026-08-23T19:20:47.999612+00:00
explicit_pytorch,ca87722a00ebf585cd788c67949e7c0b32dca788,1,8,255,64,float32,25,100,47,343.51998567581177,Tesla T4,7.5,2.11.0+cu128,12.8,2026-08-23T19:20:47.999612+00:00
explicit_pytorch,ca87722a00ebf585cd788c67949e7c0b32dca788,1,8,255,64,float32,25,100,48,323.93598556518555,Tesla T4,7.5,2.11.0+cu128,12.8,2026-08-23T19:20:47.999612+00:00
explicit_pytorch,ca87722a00ebf585cd788c67949e7c0b32dca788,1,8,255,64,float32,25,100,49,348.4160006046295,Tesla T4,7.5,2.11.0+cu128,12.8,2026-08-23T19:20:47.999612+00:00
explicit_pytorch,ca87722a00ebf585cd788c67949e7c0b32dca788,1,8,255,64,float32,25,100,50,328.3199965953827,Tesla T4,7.5,2.11.0+cu128,12.8,2026-08-23T19:20:47.999612+00:00
explicit_pytorch,ca87722a00ebf585cd788c67949e7c0b32dca788,1,8,255,64,float32,25,100,51,354.52800989151,Tesla T4,7.5,2.11.0+cu128,12.8,2026-08-23T19:20:47.999612+00:00
explicit_pytorch,ca87722a00ebf585cd788c67949e7c0b32dca788,1,8,255,64,float32,25,100,52,351.55200958251953,Tesla T4,7.5,2.11.0+cu128,12.8,2026-08-23T19:20:47.999612+00:00
explicit_pytorch,ca87722a00ebf585cd788c67949e7c0b32dca788,1,8,255,64,float32,25,100,53,329.120010137558,Tesla T4,7.5,2.11.0+cu128,12.8,2026-08-23T19:20:47.999612+00:00
explicit_pytorch,ca87722a00ebf585cd788c67949e7c0b32dca788,1,8,255,64,float32,25,100,54,363.647997379303,Tesla T4,7.5,2.11.0+cu128,12.8,2026-08-23T19:20:47.999612+00:00
explicit_pytorch,ca87722a00ebf585cd788c67949e7c0b32dca788,1,8,255,64,float32,25,100,55,350.20801424980164,Tesla T4,7.5,2.11.0+cu128,12.8,2026-08-23T19:20:47.999612+00:00
explicit_pytorch,ca87722a00ebf585cd788c67949e7c0b32dca788,1,8,255,64,float32,25,100,56,345.0239896774292,Tesla T4,7.5,2.11.0+cu128,12.8,2026-08-23T19:20:47.999612+00:00
explicit_pytorch,ca87722a00ebf585cd788c67949e7c0b32dca788,1,8,255,64,float32,25,100,57,389.0880048274994,Tesla T4,7.5,2.11.0+cu128,12.8,2026-08-23T19:20:47.999612+00:00
explicit_pytorch,ca87722a00ebf585cd788c67949e7c0b32dca788,1,8,255,64,float32,25,100,58,351.83998942375183,Tesla T4,7.5,2.11.0+cu128,12.8,2026-08-23T19:20:47.999612+00:00
explicit_pytorch,ca87722a00ebf585cd788c67949e7c0b32dca788,1,8,255,64,float32,25,100,59,382.78400897979736,Tesla T4,7.5,2.11.0+cu128,12.8,2026-08-23T19:20:47.999612+00:00
explicit_pytorch,ca87722a00ebf585cd788c67949e7c0b32dca788,1,8,255,64,float32,25,100,60,353.40800881385803,Tesla T4,7.5,2.11.0+cu128,12.8,2026-08-23T19:20:47.999612+00:00
explicit_pytorch,ca87722a00ebf585cd788c67949e7c0b32dca788,1,8,255,64,float32,25,100,61,381.47199153900146,Tesla T4,7.5,2.11.0+cu128,12.8,2026-08-23T19:20:47.999612+00:00
explicit_pytorch,ca87722a00ebf585cd788c67949e7c0b32dca788,1,8,255,64,float32,25,100,62,409.5360040664673,Tesla T4,7.5,2.11.0+cu128,12.8,2026-08-23T19:20:47.999612+00:00
explicit_pytorch,ca87722a00ebf585cd788c67949e7c0b32dca788,1,8,255,64,float32,25,100,63,417.60000586509705,Tesla T4,7.5,2.11.0+cu128,12.8,2026-08-23T19:20:47.999612+00:00
explicit_pytorch,ca87722a00ebf585cd788c67949e7c0b32dca788,1,8,255,64,float32,25,100,64,640.9279704093933,Tesla T4,7.5,2.11.0+cu128,12.8,2026-08-23T19:20:47.999612+00:00
explicit_pytorch,ca87722a00ebf585cd788c67949e7c0b32dca788,1,8,255,64,float32,25,100,65,631.2000155448914,Tesla T4,7.5,2.11.0+cu128,12.8,2026-08-23T19:20:47.999612+00:00
explicit_pytorch,ca87722a00ebf585cd788c67949e7c0b32dca788,1,8,255,64,float32,25,100,66,649.0560173988342,Tesla T4,7.5,2.11.0+cu128,12.8,2026-08-23T19:20:47.999612+00:00
explicit_pytorch,ca87722a00ebf585cd788c67949e7c0b32dca788,1,8,255,64,float32,25,100,67,439.04000520706177,Tesla T4,7.5,2.11.0+cu128,12.8,2026-08-23T19:20:47.999612+00:00
explicit_pytorch,ca87722a00ebf585cd788c67949e7c0b32dca788,1,8,255,64,float32,25,100,68,423.3599901199341,Tesla T4,7.5,2.11.0+cu128,12.8,2026-08-23T19:20:47.999612+00:00
explicit_pytorch,ca87722a00ebf585cd788c67949e7c0b32dca788,1,8,255,64,float32,25,100,69,419.840008020401,Tesla T4,7.5,2.11.0+cu128,12.8,2026-08-23T19:20:47.999612+00:00
explicit_pytorch,ca87722a00ebf585cd788c67949e7c0b32dca788,1,8,255,64,float32,25,100,70,380.8960020542145,Tesla T4,7.5,2.11.0+cu128,12.8,2026-08-23T19:20:47.999612+00:00
explicit_pytorch,ca87722a00ebf585cd788c67949e7c0b32dca788,1,8,255,64,float32,25,100,71,422.3040044307709,Tesla T4,7.5,2.11.0+cu128,12.8,2026-08-23T19:20:47.999612+00:00
explicit_pytorch,ca87722a00ebf585cd788c67949e7c0b32dca788,1,8,255,64,float32,25,100,72,386.3680064678192,Tesla T4,7.5,2.11.0+cu128,12.8,2026-08-23T19:20:47.999612+00:00
explicit_pytorch,ca87722a00ebf585cd788c67949e7c0b32dca788,1,8,255,64,float32,25,100,73,393.887996673584,Tesla T4,7.5,2.11.0+cu128,12.8,2026-08-23T19:20:47.999612+00:00
explicit_pytorch,ca87722a00ebf585cd788c67949e7c0b32dca788,1,8,255,64,float32,25,100,74,392.8000032901764,Tesla T4,7.5,2.11.0+cu128,12.8,2026-08-23T19:20:47.999612+00:00
explicit_pytorch,ca87722a00ebf585cd788c67949e7c0b32dca788,1,8,255,64,float32,25,100,75,415.74400663375854,Tesla T4,7.5,2.11.0+cu128,12.8,2026-08-23T19:20:47.999612+00:00
explicit_pytorch,ca87722a00ebf585cd788c67949e7c0b32dca788,1,8,255,64,float32,25,100,76,391.36001467704773,Tesla T4,7.5,2.11.0+cu128,12.8,2026-08-23T19:20:47.999612+00:00
explicit_pytorch,ca87722a00ebf585cd788c67949e7c0b32dca788,1,8,255,64,float32,25,100,77,382.6240003108978,Tesla T4,7.5,2.11.0+cu128,12.8,2026-08-23T19:20:47.999612+00:00
explicit_pytorch,ca87722a00ebf585cd788c67949e7c0b32dca788,1,8,255,64,float32,25,100,78,422.2080111503601,Tesla T4,7.5,2.11.0+cu128,12.8,2026-08-23T19:20:47.999612+00:00
explicit_pytorch,ca87722a00ebf585cd788c67949e7c0b32dca788,1,8,255,64,float32,25,100,79,379.8399865627289,Tesla T4,7.5,2.11.0+cu128,12.8,2026-08-23T19:20:47.999612+00:00
explicit_pytorch,ca87722a00ebf585cd788c67949e7c0b32dca788,1,8,255,64,float32,25,100,80,407.1680009365082,Tesla T4,7.5,2.11.0+cu128,12.8,2026-08-23T19:20:47.999612+00:00
explicit_pytorch,ca87722a00ebf585cd788c67949e7c0b32dca788,1,8,255,64,float32,25,100,81,343.07199716567993,Tesla T4,7.5,2.11.0+cu128,12.8,2026-08-23T19:20:47.999612+00:00
explicit_pytorch,ca87722a00ebf585cd788c67949e7c0b32dca788,1,8,255,64,float32,25,100,82,372.0000088214874,Tesla T4,7.5,2.11.0+cu128,12.8,2026-08-23T19:20:47.999612+00:00
explicit_pytorch,ca87722a00ebf585cd788c67949e7c0b32dca788,1,8,255,64,float32,25,100,83,372.73600697517395,Tesla T4,7.5,2.11.0+cu128,12.8,2026-08-23T19:20:47.999612+00:00
explicit_pytorch,ca87722a00ebf585cd788c67949e7c0b32dca788,1,8,255,64,float32,25,100,84,346.6559946537018,Tesla T4,7.5,2.11.0+cu128,12.8,2026-08-23T19:20:47.999612+00:00
explicit_pytorch,ca87722a00ebf585cd788c67949e7c0b32dca788,1,8,255,64,float32,25,100,85,339.83999490737915,Tesla T4,7.5,2.11.0+cu128,12.8,2026-08-23T19:20:47.999612+00:00
explicit_pytorch,ca87722a00ebf585cd788c67949e7c0b32dca788,1,8,255,64,float32,25,100,86,249.53599274158478,Tesla T4,7.5,2.11.0+cu128,12.8,2026-08-23T19:20:47.999612+00:00
explicit_pytorch,ca87722a00ebf585cd788c67949e7c0b32dca788,1,8,255,64,float32,25,100,87,235.35999655723572,Tesla T4,7.5,2.11.0+cu128,12.8,2026-08-23T19:20:47.999612+00:00
explicit_pytorch,ca87722a00ebf585cd788c67949e7c0b32dca788,1,8,255,64,float32,25,100,88,308.351993560791,Tesla T4,7.5,2.11.0+cu128,12.8,2026-08-23T19:20:47.999612+00:00
explicit_pytorch,ca87722a00ebf585cd788c67949e7c0b32dca788,1,8,255,64,float32,25,100,89,267.0080065727234,Tesla T4,7.5,2.11.0+cu128,12.8,2026-08-23T19:20:47.999612+00:00
explicit_pytorch,ca87722a00ebf585cd788c67949e7c0b32dca788,1,8,255,64,float32,25,100,90,231.455996632576,Tesla T4,7.5,2.11.0+cu128,12.8,2026-08-23T19:20:47.999612+00:00
explicit_pytorch,ca87722a00ebf585cd788c67949e7c0b32dca788,1,8,255,64,float32,25,100,91,251.80798768997192,Tesla T4,7.5,2.11.0+cu128,12.8,2026-08-23T19:20:47.999612+00:00
explicit_pytorch,ca87722a00ebf585cd788c67949e7c0b32dca788,1,8,255,64,float32,25,100,92,294.3040132522583,Tesla T4,7.5,2.11.0+cu128,12.8,2026-08-23T19:20:47.999612+00:00
explicit_pytorch,ca87722a00ebf585cd788c67949e7c0b32dca788,1,8,255,64,float32,25,100,93,254.07999753952026,Tesla T4,7.5,2.11.0+cu128,12.8,2026-08-23T19:20:47.999612+00:00
explicit_pytorch,ca87722a00ebf585cd788c67949e7c0b32dca788,1,8,255,64,float32,25,100,94,243.74400079250336,Tesla T4,7.5,2.11.0+cu128,12.8,2026-08-23T19:20:47.999612+00:00
explicit_pytorch,ca87722a00ebf585cd788c67949e7c0b32dca788,1,8,255,64,float32,25,100,95,358.4960103034973,Tesla T4,7.5,2.11.0+cu128,12.8,2026-08-23T19:20:47.999612+00:00
explicit_pytorch,ca87722a00ebf585cd788c67949e7c0b32dca788,1,8,255,64,float32,25,100,96,248.06399643421173,Tesla T4,7.5,2.11.0+cu128,12.8,2026-08-23T19:20:47.999612+00:00
explicit_pytorch,ca87722a00ebf585cd788c67949e7c0b32dca788,1,8,255,64,float32,25,100,97,234.592005610466,Tesla T4,7.5,2.11.0+cu128,12.8,2026-08-23T19:20:47.999612+00:00
explicit_pytorch,ca87722a00ebf585cd788c67949e7c0b32dca788,1,8,255,64,float32,25,100,98,302.2719919681549,Tesla T4,7.5,2.11.0+cu128,12.8,2026-08-23T19:20:47.999612+00:00
explicit_pytorch,ca87722a00ebf585cd788c67949e7c0b32dca788,1,8,255,64,float32,25,100,99,280.5120050907135,Tesla T4,7.5,2.11.0+cu128,12.8,2026-08-23T19:20:47.999612+00:00
custom_softmax_attention,ca87722a00ebf585cd788c67949e7c0b32dca788,1,8,255,64,float32,25,100,0,236.03199422359467,Tesla T4,7.5,2.11.0+cu128,12.8,2026-08-23T19:20:48.026935+00:00
custom_softmax_attention,ca87722a00ebf585cd788c67949e7c0b32dca788,1,8,255,64,float32,25,100,1,206.7520022392273,Tesla T4,7.5,2.11.0+cu128,12.8,2026-08-23T19:20:48.026935+00:00
custom_softmax_attention,ca87722a00ebf585cd788c67949e7c0b32dca788,1,8,255,64,float32,25,100,2,205.08800446987152,Tesla T4,7.5,2.11.0+cu128,12.8,2026-08-23T19:20:48.026935+00:00
custom_softmax_attention,ca87722a00ebf585cd788c67949e7c0b32dca788,1,8,255,64,float32,25,100,3,202.14399695396423,Tesla T4,7.5,2.11.0+cu128,12.8,2026-08-23T19:20:48.026935+00:00
custom_softmax_attention,ca87722a00ebf585cd788c67949e7c0b32dca788,1,8,255,64,float32,25,100,4,202.07999646663666,Tesla T4,7.5,2.11.0+cu128,12.8,2026-08-23T19:20:48.026935+00:00
custom_softmax_attention,ca87722a00ebf585cd788c67949e7c0b32dca788,1,8,255,64,float32,25,100,5,225.66400468349457,Tesla T4,7.5,2.11.0+cu128,12.8,2026-08-23T19:20:48.026935+00:00
custom_softmax_attention,ca87722a00ebf585cd788c67949e7c0b32dca788,1,8,255,64,float32,25,100,6,206.11199736595154,Tesla T4,7.5,2.11.0+cu128,12.8,2026-08-23T19:20:48.026935+00:00
custom_softmax_attention,ca87722a00ebf585cd788c67949e7c0b32dca788,1,8,255,64,float32,25,100,7,202.68799364566803,Tesla T4,7.5,2.11.0+cu128,12.8,2026-08-23T19:20:48.026935+00:00
custom_softmax_attention,ca87722a00ebf585cd788c67949e7c0b32dca788,1,8,255,64,float32,25,100,8,202.72000133991241,Tesla T4,7.5,2.11.0+cu128,12.8,2026-08-23T19:20:48.026935+00:00
custom_softmax_attention,ca87722a00ebf585cd788c67949e7c0b32dca788,1,8,255,64,float32,25,100,9,209.9200040102005,Tesla T4,7.5,2.11.0+cu128,12.8,2026-08-23T19:20:48.026935+00:00
custom_softmax_attention,ca87722a00ebf585cd788c67949e7c0b32dca788,1,8,255,64,float32,25,100,10,213.53599429130554,Tesla T4,7.5,2.11.0+cu128,12.8,2026-08-23T19:20:48.026935+00:00
custom_softmax_attention,ca87722a00ebf585cd788c67949e7c0b32dca788,1,8,255,64,float32,25,100,11,200.76799392700195,Tesla T4,7.5,2.11.0+cu128,12.8,2026-08-23T19:20:48.026935+00:00
custom_softmax_attention,ca87722a00ebf585cd788c67949e7c0b32dca788,1,8,255,64,float32,25,100,12,200.41599869728088,Tesla T4,7.5,2.11.0+cu128,12.8,2026-08-23T19:20:48.026935+00:00
custom_softmax_attention,ca87722a00ebf585cd788c67949e7c0b32dca788,1,8,255,64,float32,25,100,13,219.26400065422058,Tesla T4,7.5,2.11.0+cu128,12.8,2026-08-23T19:20:48.026935+00:00
custom_softmax_attention,ca87722a00ebf585cd788c67949e7c0b32dca788,1,8,255,64,float32,25,100,14,207.35999941825867,Tesla T4,7.5,2.11.0+cu128,12.8,2026-08-23T19:20:48.026935+00:00
custom_softmax_attention,ca87722a00ebf585cd788c67949e7c0b32dca788,1,8,255,64,float32,25,100,15,208.70399475097656,Tesla T4,7.5,2.11.0+cu128,12.8,2026-08-23T19:20:48.026935+00:00
custom_softmax_attention,ca87722a00ebf585cd788c67949e7c0b32dca788,1,8,255,64,float32,25,100,16,204.76800203323364,Tesla T4,7.5,2.11.0+cu128,12.8,2026-08-23T19:20:48.026935+00:00
custom_softmax_attention,ca87722a00ebf585cd788c67949e7c0b32dca788,1,8,255,64,float32,25,100,17,205.1199972629547,Tesla T4,7.5,2.11.0+cu128,12.8,2026-08-23T19:20:48.026935+00:00
custom_softmax_attention,ca87722a00ebf585cd788c67949e7c0b32dca788,1,8,255,64,float32,25,100,18,216.60800278186798,Tesla T4,7.5,2.11.0+cu128,12.8,2026-08-23T19:20:48.026935+00:00
custom_softmax_attention,ca87722a00ebf585cd788c67949e7c0b32dca788,1,8,255,64,float32,25,100,19,219.10400688648224,Tesla T4,7.5,2.11.0+cu128,12.8,2026-08-23T19:20:48.026935+00:00
custom_softmax_attention,ca87722a00ebf585cd788c67949e7c0b32dca788,1,8,255,64,float32,25,100,20,202.7519941329956,Tesla T4,7.5,2.11.0+cu128,12.8,2026-08-23T19:20:48.026935+00:00
custom_softmax_attention,ca87722a00ebf585cd788c67949e7c0b32dca788,1,8,255,64,float32,25,100,21,201.7280012369156,Tesla T4,7.5,2.11.0+cu128,12.8,2026-08-23T19:20:48.026935+00:00
custom_softmax_attention,ca87722a00ebf585cd788c67949e7c0b32dca788,1,8,255,64,float32,25,100,22,208.8959962129593,Tesla T4,7.5,2.11.0+cu128,12.8,2026-08-23T19:20:48.026935+00:00
custom_softmax_attention,ca87722a00ebf585cd788c67949e7c0b32dca788,1,8,255,64,float32,25,100,23,202.62399315834045,Tesla T4,7.5,2.11.0+cu128,12.8,2026-08-23T19:20:48.026935+00:00
custom_softmax_attention,ca87722a00ebf585cd788c67949e7c0b32dca788,1,8,255,64,float32,25,100,24,203.96800339221954,Tesla T4,7.5,2.11.0+cu128,12.8,2026-08-23T19:20:48.026935+00:00
custom_softmax_attention,ca87722a00ebf585cd788c67949e7c0b32dca788,1,8,255,64,float32,25,100,25,202.7519941329956,Tesla T4,7.5,2.11.0+cu128,12.8,2026-08-23T19:20:48.026935+00:00
custom_softmax_attention,ca87722a00ebf585cd788c67949e7c0b32dca788,1,8,255,64,float32,25,100,26,202.04800367355347,Tesla T4,7.5,2.11.0+cu128,12.8,2026-08-23T19:20:48.026935+00:00
custom_softmax_attention,ca87722a00ebf585cd788c67949e7c0b32dca788,1,8,255,64,float32,25,100,27,203.3279985189438,Tesla T4,7.5,2.11.0+cu128,12.8,2026-08-23T19:20:48.026935+00:00
custom_softmax_attention,ca87722a00ebf585cd788c67949e7c0b32dca788,1,8,255,64,float32,25,100,28,217.02399849891663,Tesla T4,7.5,2.11.0+cu128,12.8,2026-08-23T19:20:48.026935+00:00
custom_softmax_attention,ca87722a00ebf585cd788c67949e7c0b32dca788,1,8,255,64,float32,25,100,29,202.17600464820862,Tesla T4,7.5,2.11.0+cu128,12.8,2026-08-23T19:20:48.026935+00:00
custom_softmax_attention,ca87722a00ebf585cd788c67949e7c0b32dca788,1,8,255,64,float32,25,100,30,199.96799528598785,Tesla T4,7.5,2.11.0+cu128,12.8,2026-08-23T19:20:48.026935+00:00
custom_softmax_attention,ca87722a00ebf585cd788c67949e7c0b32dca788,1,8,255,64,float32,25,100,31,206.84799551963806,Tesla T4,7.5,2.11.0+cu128,12.8,2026-08-23T19:20:48.026935+00:00
custom_softmax_attention,ca87722a00ebf585cd788c67949e7c0b32dca788,1,8,255,64,float32,25,100,32,211.13599836826324,Tesla T4,7.5,2.11.0+cu128,12.8,2026-08-23T19:20:48.026935+00:00
custom_softmax_attention,ca87722a00ebf585cd788c67949e7c0b32dca788,1,8,255,64,float32,25,100,33,200.22399723529816,Tesla T4,7.5,2.11.0+cu128,12.8,2026-08-23T19:20:48.026935+00:00
custom_softmax_attention,ca87722a00ebf585cd788c67949e7c0b32dca788,1,8,255,64,float32,25,100,34,199.5840072631836,Tesla T4,7.5,2.11.0+cu128,12.8,2026-08-23T19:20:48.026935+00:00
custom_softmax_attention,ca87722a00ebf585cd788c67949e7c0b32dca788,1,8,255,64,float32,25,100,35,215.68000316619873,Tesla T4,7.5,2.11.0+cu128,12.8,2026-08-23T19:20:48.026935+00:00
custom_softmax_attention,ca87722a00ebf585cd788c67949e7c0b32dca788,1,8,255,64,float32,25,100,36,201.9840031862259,Tesla T4,7.5,2.11.0+cu128,12.8,2026-08-23T19:20:48.026935+00:00
custom_softmax_attention,ca87722a00ebf585cd788c67949e7c0b32dca788,1,8,255,64,float32,25,100,37,202.84800231456757,Tesla T4,7.5,2.11.0+cu128,12.8,2026-08-23T19:20:48.026935+00:00
custom_softmax_attention,ca87722a00ebf585cd788c67949e7c0b32dca788,1,8,255,64,float32,25,100,38,200.47999918460846,Tesla T4,7.5,2.11.0+cu128,12.8,2026-08-23T19:20:48.026935+00:00
custom_softmax_attention,ca87722a00ebf585cd788c67949e7c0b32dca788,1,8,255,64,float32,25,100,39,200.6720006465912,Tesla T4,7.5,2.11.0+cu128,12.8,2026-08-23T19:20:48.026935+00:00
custom_softmax_attention,ca87722a00ebf585cd788c67949e7c0b32dca788,1,8,255,64,float32,25,100,40,208.67200195789337,Tesla T4,7.5,2.11.0+cu128,12.8,2026-08-23T19:20:48.026935+00:00
custom_softmax_attention,ca87722a00ebf585cd788c67949e7c0b32dca788,1,8,255,64,float32,25,100,41,225.24799406528473,Tesla T4,7.5,2.11.0+cu128,12.8,2026-08-23T19:20:48.026935+00:00
custom_softmax_attention,ca87722a00ebf585cd788c67949e7c0b32dca788,1,8,255,64,float32,25,100,42,203.8400024175644,Tesla T4,7.5,2.11.0+cu128,12.8,2026-08-23T19:20:48.026935+00:00
custom_softmax_attention,ca87722a00ebf585cd788c67949e7c0b32dca788,1,8,255,64,float32,25,100,43,204.0960043668747,Tesla T4,7.5,2.11.0+cu128,12.8,2026-08-23T19:20:48.026935+00:00
custom_softmax_attention,ca87722a00ebf585cd788c67949e7c0b32dca788,1,8,255,64,float32,25,100,44,229.37600314617157,Tesla T4,7.5,2.11.0+cu128,12.8,2026-08-23T19:20:48.026935+00:00
custom_softmax_attention,ca87722a00ebf585cd788c67949e7c0b32dca788,1,8,255,64,float32,25,100,45,210.91200411319733,Tesla T4,7.5,2.11.0+cu128,12.8,2026-08-23T19:20:48.026935+00:00
custom_softmax_attention,ca87722a00ebf585cd788c67949e7c0b32dca788,1,8,255,64,float32,25,100,46,203.2639980316162,Tesla T4,7.5,2.11.0+cu128,12.8,2026-08-23T19:20:48.026935+00:00
custom_softmax_attention,ca87722a00ebf585cd788c67949e7c0b32dca788,1,8,255,64,float32,25,100,47,214.52799439430237,Tesla T4,7.5,2.11.0+cu128,12.8,2026-08-23T19:20:48.026935+00:00
custom_softmax_attention,ca87722a00ebf585cd788c67949e7c0b32dca788,1,8,255,64,float32,25,100,48,221.18400037288666,Tesla T4,7.5,2.11.0+cu128,12.8,2026-08-23T19:20:48.026935+00:00
custom_softmax_attention,ca87722a00ebf585cd788c67949e7c0b32dca788,1,8,255,64,float32,25,100,49,206.84799551963806,Tesla T4,7.5,2.11.0+cu128,12.8,2026-08-23T19:20:48.026935+00:00
custom_softmax_attention,ca87722a00ebf585cd788c67949e7c0b32dca788,1,8,255,64,float32,25,100,50,208.064004778862,Tesla T4,7.5,2.11.0+cu128,12.8,2026-08-23T19:20:48.026935+00:00
custom_softmax_attention,ca87722a00ebf585cd788c67949e7c0b32dca788,1,8,255,64,float32,25,100,51,206.81600272655487,Tesla T4,7.5,2.11.0+cu128,12.8,2026-08-23T19:20:48.026935+00:00
custom_softmax_attention,ca87722a00ebf585cd788c67949e7c0b32dca788,1,8,255,64,float32,25,100,52,215.36000072956085,Tesla T4,7.5,2.11.0+cu128,12.8,2026-08-23T19:20:48.026935+00:00
custom_softmax_attention,ca87722a00ebf585cd788c67949e7c0b32dca788,1,8,255,64,float32,25,100,53,206.08000457286835,Tesla T4,7.5,2.11.0+cu128,12.8,2026-08-23T19:20:48.026935+00:00
custom_softmax_attention,ca87722a00ebf585cd788c67949e7c0b32dca788,1,8,255,64,float32,25,100,54,206.84799551963806,Tesla T4,7.5,2.11.0+cu128,12.8,2026-08-23T19:20:48.026935+00:00
custom_softmax_attention,ca87722a00ebf585cd788c67949e7c0b32dca788,1,8,255,64,float32,25,100,55,204.0960043668747,Tesla T4,7.5,2.11.0+cu128,12.8,2026-08-23T19:20:48.026935+00:00
custom_softmax_attention,ca87722a00ebf585cd788c67949e7c0b32dca788,1,8,255,64,float32,25,100,56,209.88799631595612,Tesla T4,7.5,2.11.0+cu128,12.8,2026-08-23T19:20:48.026935+00:00
custom_softmax_attention,ca87722a00ebf585cd788c67949e7c0b32dca788,1,8,255,64,float32,25,100,57,212.351992726326,Tesla T4,7.5,2.11.0+cu128,12.8,2026-08-23T19:20:48.026935+00:00
custom_softmax_attention,ca87722a00ebf585cd788c67949e7c0b32dca788,1,8,255,64,float32,25,100,58,217.0879989862442,Tesla T4,7.5,2.11.0+cu128,12.8,2026-08-23T19:20:48.026935+00:00
custom_softmax_attention,ca87722a00ebf585cd788c67949e7c0b32dca788,1,8,255,64,float32,25,100,59,206.81600272655487,Tesla T4,7.5,2.11.0+cu128,12.8,2026-08-23T19:20:48.026935+00:00
custom_softmax_attention,ca87722a00ebf585cd788c67949e7c0b32dca788,1,8,255,64,float32,25,100,60,204.76800203323364,Tesla T4,7.5,2.11.0+cu128,12.8,2026-08-23T19:20:48.026935+00:00
custom_softmax_attention,ca87722a00ebf585cd788c67949e7c0b32dca788,1,8,255,64,float32,25,100,61,254.30399179458618,Tesla T4,7.5,2.11.0+cu128,12.8,2026-08-23T19:20:48.026935+00:00
custom_softmax_attention,ca87722a00ebf585cd788c67949e7c0b32dca788,1,8,255,64,float32,25,100,62,201.7280012369156,Tesla T4,7.5,2.11.0+cu128,12.8,2026-08-23T19:20:48.026935+00:00
custom_softmax_attention,ca87722a00ebf585cd788c67949e7c0b32dca788,1,8,255,64,float32,25,100,63,200.73600113391876,Tesla T4,7.5,2.11.0+cu128,12.8,2026-08-23T19:20:48.026935+00:00
custom_softmax_attention,ca87722a00ebf585cd788c67949e7c0b32dca788,1,8,255,64,float32,25,100,64,200.70399343967438,Tesla T4,7.5,2.11.0+cu128,12.8,2026-08-23T19:20:48.026935+00:00
custom_softmax_attention,ca87722a00ebf585cd788c67949e7c0b32dca788,1,8,255,64,float32,25,100,65,200.70399343967438,Tesla T4,7.5,2.11.0+cu128,12.8,2026-08-23T19:20:48.026935+00:00
custom_softmax_attention,ca87722a00ebf585cd788c67949e7c0b32dca788,1,8,255,64,float32,25,100,66,202.7519941329956,Tesla T4,7.5,2.11.0+cu128,12.8,2026-08-23T19:20:48.026935+00:00
custom_softmax_attention,ca87722a00ebf585cd788c67949e7c0b32dca788,1,8,255,64,float32,25,100,67,204.96000349521637,Tesla T4,7.5,2.11.0+cu128,12.8,2026-08-23T19:20:48.026935+00:00
custom_softmax_attention,ca87722a00ebf585cd788c67949e7c0b32dca788,1,8,255,64,float32,25,100,68,201.9840031862259,Tesla T4,7.5,2.11.0+cu128,12.8,2026-08-23T19:20:48.026935+00:00
custom_softmax_attention,ca87722a00ebf585cd788c67949e7c0b32dca788,1,8,255,64,float32,25,100,69,199.93600249290466,Tesla T4,7.5,2.11.0+cu128,12.8,2026-08-23T19:20:48.026935+00:00
custom_softmax_attention,ca87722a00ebf585cd788c67949e7c0b32dca788,1,8,255,64,float32,25,100,70,205.6639939546585,Tesla T4,7.5,2.11.0+cu128,12.8,2026-08-23T19:20:48.026935+00:00
custom_softmax_attention,ca87722a00ebf585cd788c67949e7c0b32dca788,1,8,255,64,float32,25,100,71,202.7519941329956,Tesla T4,7.5,2.11.0+cu128,12.8,2026-08-23T19:20:48.026935+00:00
custom_softmax_attention,ca87722a00ebf585cd788c67949e7c0b32dca788,1,8,255,64,float32,25,100,72,200.70399343967438,Tesla T4,7.5,2.11.0+cu128,12.8,2026-08-23T19:20:48.026935+00:00
custom_softmax_attention,ca87722a00ebf585cd788c67949e7c0b32dca788,1,8,255,64,float32,25,100,73,200.06400346755981,Tesla T4,7.5,2.11.0+cu128,12.8,2026-08-23T19:20:48.026935+00:00
custom_softmax_attention,ca87722a00ebf585cd788c67949e7c0b32dca788,1,8,255,64,float32,25,100,74,235.03999412059784,Tesla T4,7.5,2.11.0+cu128,12.8,2026-08-23T19:20:48.026935+00:00
custom_softmax_attention,ca87722a00ebf585cd788c67949e7c0b32dca788,1,8,255,64,float32,25,100,75,207.42399990558624,Tesla T4,7.5,2.11.0+cu128,12.8,2026-08-23T19:20:48.026935+00:00
custom_softmax_attention,ca87722a00ebf585cd788c67949e7c0b32dca788,1,8,255,64,float32,25,100,76,208.41600000858307,Tesla T4,7.5,2.11.0+cu128,12.8,2026-08-23T19:20:48.026935+00:00
custom_softmax_attention,ca87722a00ebf585cd788c67949e7c0b32dca788,1,8,255,64,float32,25,100,77,205.08800446987152,Tesla T4,7.5,2.11.0+cu128,12.8,2026-08-23T19:20:48.026935+00:00
custom_softmax_attention,ca87722a00ebf585cd788c67949e7c0b32dca788,1,8,255,64,float32,25,100,78,204.48000729084015,Tesla T4,7.5,2.11.0+cu128,12.8,2026-08-23T19:20:48.026935+00:00
custom_softmax_attention,ca87722a00ebf585cd788c67949e7c0b32dca788,1,8,255,64,float32,25,100,79,222.78399765491486,Tesla T4,7.5,2.11.0+cu128,12.8,2026-08-23T19:20:48.026935+00:00
custom_softmax_attention,ca87722a00ebf585cd788c67949e7c0b32dca788,1,8,255,64,float32,25,100,80,204.79999482631683,Tesla T4,7.5,2.11.0+cu128,12.8,2026-08-23T19:20:48.026935+00:00
custom_softmax_attention,ca87722a00ebf585cd788c67949e7c0b32dca788,1,8,255,64,float32,25,100,81,200.6720006465912,Tesla T4,7.5,2.11.0+cu128,12.8,2026-08-23T19:20:48.026935+00:00
custom_softmax_attention,ca87722a00ebf585cd788c67949e7c0b32dca788,1,8,255,64,float32,25,100,82,200.8640021085739,Tesla T4,7.5,2.11.0+cu128,12.8,2026-08-23T19:20:48.026935+00:00
custom_softmax_attention,ca87722a00ebf585cd788c67949e7c0b32dca788,1,8,255,64,float32,25,100,83,206.84799551963806,Tesla T4,7.5,2.11.0+cu128,12.8,2026-08-23T19:20:48.026935+00:00
custom_softmax_attention,ca87722a00ebf585cd788c67949e7c0b32dca788,1,8,255,64,float32,25,100,84,201.24800503253937,Tesla T4,7.5,2.11.0+cu128,12.8,2026-08-23T19:20:48.026935+00:00
custom_softmax_attention,ca87722a00ebf585cd788c67949e7c0b32dca788,1,8,255,64,float32,25,100,85,202.36800611019135,Tesla T4,7.5,2.11.0+cu128,12.8,2026-08-23T19:20:48.026935+00:00
custom_softmax_attention,ca87722a00ebf585cd788c67949e7c0b32dca788,1,8,255,64,float32,25,100,86,200.6080001592636,Tesla T4,7.5,2.11.0+cu128,12.8,2026-08-23T19:20:48.026935+00:00
custom_softmax_attention,ca87722a00ebf585cd788c67949e7c0b32dca788,1,8,255,64,float32,25,100,87,200.70399343967438,Tesla T4,7.5,2.11.0+cu128,12.8,2026-08-23T19:20:48.026935+00:00
custom_softmax_attention,ca87722a00ebf585cd788c67949e7c0b32dca788,1,8,255,64,float32,25,100,88,204.79999482631683,Tesla T4,7.5,2.11.0+cu128,12.8,2026-08-23T19:20:48.026935+00:00
custom_softmax_attention,ca87722a00ebf585cd788c67949e7c0b32dca788,1,8,255,64,float32,25,100,89,203.64800095558167,Tesla T4,7.5,2.11.0+cu128,12.8,2026-08-23T19:20:48.026935+00:00
custom_softmax_attention,ca87722a00ebf585cd788c67949e7c0b32dca788,1,8,255,64,float32,25,100,90,201.34399831295013,Tesla T4,7.5,2.11.0+cu128,12.8,2026-08-23T19:20:48.026935+00:00
custom_softmax_attention,ca87722a00ebf585cd788c67949e7c0b32dca788,1,8,255,64,float32,25,100,91,200.99200308322906,Tesla T4,7.5,2.11.0+cu128,12.8,2026-08-23T19:20:48.026935+00:00
custom_softmax_attention,ca87722a00ebf585cd788c67949e7c0b32dca788,1,8,255,64,float32,25,100,92,205.56800067424774,Tesla T4,7.5,2.11.0+cu128,12.8,2026-08-23T19:20:48.026935+00:00
custom_softmax_attention,ca87722a00ebf585cd788c67949e7c0b32dca788,1,8,255,64,float32,25,100,93,200.95999538898468,Tesla T4,7.5,2.11.0+cu128,12.8,2026-08-23T19:20:48.026935+00:00
custom_softmax_attention,ca87722a00ebf585cd788c67949e7c0b32dca788,1,8,255,64,float32,25,100,94,201.4079988002777,Tesla T4,7.5,2.11.0+cu128,12.8,2026-08-23T19:20:48.026935+00:00
custom_softmax_attention,ca87722a00ebf585cd788c67949e7c0b32dca788,1,8,255,64,float32,25,100,95,200.76799392700195,Tesla T4,7.5,2.11.0+cu128,12.8,2026-08-23T19:20:48.026935+00:00
custom_softmax_attention,ca87722a00ebf585cd788c67949e7c0b32dca788,1,8,255,64,float32,25,100,96,202.01599597930908,Tesla T4,7.5,2.11.0+cu128,12.8,2026-08-23T19:20:48.026935+00:00
custom_softmax_attention,ca87722a00ebf585cd788c67949e7c0b32dca788,1,8,255,64,float32,25,100,97,204.92799580097198,Tesla T4,7.5,2.11.0+cu128,12.8,2026-08-23T19:20:48.026935+00:00
custom_softmax_attention,ca87722a00ebf585cd788c67949e7c0b32dca788,1,8,255,64,float32,25,100,98,203.5840004682541,Tesla T4,7.5,2.11.0+cu128,12.8,2026-08-23T19:20:48.026935+00:00
custom_softmax_attention,ca87722a00ebf585cd788c67949e7c0b32dca788,1,8,255,64,float32,25,100,99,201.6959935426712,Tesla T4,7.5,2.11.0+cu128,12.8,2026-08-23T19:20:48.026935+00:00
pytorch_sdpa,ca87722a00ebf585cd788c67949e7c0b32dca788,1,8,255,64,float32,25,100,0,171.90399765968323,Tesla T4,7.5,2.11.0+cu128,12.8,2026-08-23T19:20:48.049186+00:00
pytorch_sdpa,ca87722a00ebf585cd788c67949e7c0b32dca788,1,8,255,64,float32,25,100,1,164.12800550460815,Tesla T4,7.5,2.11.0+cu128,12.8,2026-08-23T19:20:48.049186+00:00
pytorch_sdpa,ca87722a00ebf585cd788c67949e7c0b32dca788,1,8,255,64,float32,25,100,2,165.92000424861908,Tesla T4,7.5,2.11.0+cu128,12.8,2026-08-23T19:20:48.049186+00:00
pytorch_sdpa,ca87722a00ebf585cd788c67949e7c0b32dca788,1,8,255,64,float32,25,100,3,168.83200407028198,Tesla T4,7.5,2.11.0+cu128,12.8,2026-08-23T19:20:48.049186+00:00
pytorch_sdpa,ca87722a00ebf585cd788c67949e7c0b32dca788,1,8,255,64,float32,25,100,4,161.79199516773224,Tesla T4,7.5,2.11.0+cu128,12.8,2026-08-23T19:20:48.049186+00:00
pytorch_sdpa,ca87722a00ebf585cd788c67949e7c0b32dca788,1,8,255,64,float32,25,100,5,160.76800227165222,Tesla T4,7.5,2.11.0+cu128,12.8,2026-08-23T19:20:48.049186+00:00
pytorch_sdpa,ca87722a00ebf585cd788c67949e7c0b32dca788,1,8,255,64,float32,25,100,6,161.79199516773224,Tesla T4,7.5,2.11.0+cu128,12.8,2026-08-23T19:20:48.049186+00:00
pytorch_sdpa,ca87722a00ebf585cd788c67949e7c0b32dca788,1,8,255,64,float32,25,100,7,167.13599860668182,Tesla T4,7.5,2.11.0+cu128,12.8,2026-08-23T19:20:48.049186+00:00
pytorch_sdpa,ca87722a00ebf585cd788c67949e7c0b32dca788,1,8,255,64,float32,25,100,8,161.9199961423874,Tesla T4,7.5,2.11.0+cu128,12.8,2026-08-23T19:20:48.049186+00:00
pytorch_sdpa,ca87722a00ebf585cd788c67949e7c0b32dca788,1,8,255,64,float32,25,100,9,163.87200355529785,Tesla T4,7.5,2.11.0+cu128,12.8,2026-08-23T19:20:48.049186+00:00
pytorch_sdpa,ca87722a00ebf585cd788c67949e7c0b32dca788,1,8,255,64,float32,25,100,10,179.6479970216751,Tesla T4,7.5,2.11.0+cu128,12.8,2026-08-23T19:20:48.049186+00:00
pytorch_sdpa,ca87722a00ebf585cd788c67949e7c0b32dca788,1,8,255,64,float32,25,100,11,161.79199516773224,Tesla T4,7.5,2.11.0+cu128,12.8,2026-08-23T19:20:48.049186+00:00
pytorch_sdpa,ca87722a00ebf585cd788c67949e7c0b32dca788,1,8,255,64,float32,25,100,12,161.85599565505981,Tesla T4,7.5,2.11.0+cu128,12.8,2026-08-23T19:20:48.049186+00:00
pytorch_sdpa,ca87722a00ebf585cd788c67949e7c0b32dca788,1,8,255,64,float32,25,100,13,164.86400365829468,Tesla T4,7.5,2.11.0+cu128,12.8,2026-08-23T19:20:48.049186+00:00
pytorch_sdpa,ca87722a00ebf585cd788c67949e7c0b32dca788,1,8,255,64,float32,25,100,14,163.80800306797028,Tesla T4,7.5,2.11.0+cu128,12.8,2026-08-23T19:20:48.049186+00:00
pytorch_sdpa,ca87722a00ebf585cd788c67949e7c0b32dca788,1,8,255,64,float32,25,100,15,162.27200627326965,Tesla T4,7.5,2.11.0+cu128,12.8,2026-08-23T19:20:48.049186+00:00
pytorch_sdpa,ca87722a00ebf585cd788c67949e7c0b32dca788,1,8,255,64,float32,25,100,16,161.82400286197662,Tesla T4,7.5,2.11.0+cu128,12.8,2026-08-23T19:20:48.049186+00:00
pytorch_sdpa,ca87722a00ebf585cd788c67949e7c0b32dca788,1,8,255,64,float32,25,100,17,161.9199961423874,Tesla T4,7.5,2.11.0+cu128,12.8,2026-08-23T19:20:48.049186+00:00
pytorch_sdpa,ca87722a00ebf585cd788c67949e7c0b32dca788,1,8,255,64,float32,25,100,18,163.7440025806427,Tesla T4,7.5,2.11.0+cu128,12.8,2026-08-23T19:20:48.049186+00:00
pytorch_sdpa,ca87722a00ebf585cd788c67949e7c0b32dca788,1,8,255,64,float32,25,100,19,161.69600188732147,Tesla T4,7.5,2.11.0+cu128,12.8,2026-08-23T19:20:48.049186+00:00
pytorch_sdpa,ca87722a00ebf585cd788c67949e7c0b32dca788,1,8,255,64,float32,25,100,20,163.39200735092163,Tesla T4,7.5,2.11.0+cu128,12.8,2026-08-23T19:20:48.049186+00:00
pytorch_sdpa,ca87722a00ebf585cd788c67949e7c0b32dca788,1,8,255,64,float32,25,100,21,161.3440066576004,Tesla T4,7.5,2.11.0+cu128,12.8,2026-08-23T19:20:48.049186+00:00
pytorch_sdpa,ca87722a00ebf585cd788c67949e7c0b32dca788,1,8,255,64,float32,25,100,22,161.76000237464905,Tesla T4,7.5,2.11.0+cu128,12.8,2026-08-23T19:20:48.049186+00:00
pytorch_sdpa,ca87722a00ebf585cd788c67949e7c0b32dca788,1,8,255,64,float32,25,100,23,159.7760021686554,Tesla T4,7.5,2.11.0+cu128,12.8,2026-08-23T19:20:48.049186+00:00
pytorch_sdpa,ca87722a00ebf585cd788c67949e7c0b32dca788,1,8,255,64,float32,25,100,24,163.83999586105347,Tesla T4,7.5,2.11.0+cu128,12.8,2026-08-23T19:20:48.049186+00:00
pytorch_sdpa,ca87722a00ebf585cd788c67949e7c0b32dca788,1,8,255,64,float32,25,100,25,166.6560024023056,Tesla T4,7.5,2.11.0+cu128,12.8,2026-08-23T19:20:48.049186+00:00
pytorch_sdpa,ca87722a00ebf585cd788c67949e7c0b32dca788,1,8,255,64,float32,25,100,26,161.21600568294525,Tesla T4,7.5,2.11.0+cu128,12.8,2026-08-23T19:20:48.049186+00:00
pytorch_sdpa,ca87722a00ebf585cd788c67949e7c0b32dca788,1,8,255,64,float32,25,100,27,161.6639941930771,Tesla T4,7.5,2.11.0+cu128,12.8,2026-08-23T19:20:48.049186+00:00
pytorch_sdpa,ca87722a00ebf585cd788c67949e7c0b32dca788,1,8,255,64,float32,25,100,28,160.12799739837646,Tesla T4,7.5,2.11.0+cu128,12.8,2026-08-23T19:20:48.049186+00:00
pytorch_sdpa,ca87722a00ebf585cd788c67949e7c0b32dca788,1,8,255,64,float32,25,100,29,163.7440025806427,Tesla T4,7.5,2.11.0+cu128,12.8,2026-08-23T19:20:48.049186+00:00
pytorch_sdpa,ca87722a00ebf585cd788c67949e7c0b32dca788,1,8,255,64,float32,25,100,30,161.79199516773224,Tesla T4,7.5,2.11.0+cu128,12.8,2026-08-23T19:20:48.049186+00:00
pytorch_sdpa,ca87722a00ebf585cd788c67949e7c0b32dca788,1,8,255,64,float32,25,100,31,163.87200355529785,Tesla T4,7.5,2.11.0+cu128,12.8,2026-08-23T19:20:48.049186+00:00
pytorch_sdpa,ca87722a00ebf585cd788c67949e7c0b32dca788,1,8,255,64,float32,25,100,32,161.79199516773224,Tesla T4,7.5,2.11.0+cu128,12.8,2026-08-23T19:20:48.049186+00:00
pytorch_sdpa,ca87722a00ebf585cd788c67949e7c0b32dca788,1,8,255,64,float32,25,100,33,161.5999937057495,Tesla T4,7.5,2.11.0+cu128,12.8,2026-08-23T19:20:48.049186+00:00
pytorch_sdpa,ca87722a00ebf585cd788c67949e7c0b32dca788,1,8,255,64,float32,25,100,34,165.6000018119812,Tesla T4,7.5,2.11.0+cu128,12.8,2026-08-23T19:20:48.049186+00:00
pytorch_sdpa,ca87722a00ebf585cd788c67949e7c0b32dca788,1,8,255,64,float32,25,100,35,167.93599724769592,Tesla T4,7.5,2.11.0+cu128,12.8,2026-08-23T19:20:48.049186+00:00
pytorch_sdpa,ca87722a00ebf585cd788c67949e7c0b32dca788,1,8,255,64,float32,25,100,36,165.92000424861908,Tesla T4,7.5,2.11.0+cu128,12.8,2026-08-23T19:20:48.049186+00:00
pytorch_sdpa,ca87722a00ebf585cd788c67949e7c0b32dca788,1,8,255,64,float32,25,100,37,164.22399878501892,Tesla T4,7.5,2.11.0+cu128,12.8,2026-08-23T19:20:48.049186+00:00
pytorch_sdpa,ca87722a00ebf585cd788c67949e7c0b32dca788,1,8,255,64,float32,25,100,38,164.51199352741241,Tesla T4,7.5,2.11.0+cu128,12.8,2026-08-23T19:20:48.049186+00:00
pytorch_sdpa,ca87722a00ebf585cd788c67949e7c0b32dca788,1,8,255,64,float32,25,100,39,165.15199840068817,Tesla T4,7.5,2.11.0+cu128,12.8,2026-08-23T19:20:48.049186+00:00
pytorch_sdpa,ca87722a00ebf585cd788c67949e7c0b32dca788,1,8,255,64,float32,25,100,40,166.17600619792938,Tesla T4,7.5,2.11.0+cu128,12.8,2026-08-23T19:20:48.049186+00:00
pytorch_sdpa,ca87722a00ebf585cd788c67949e7c0b32dca788,1,8,255,64,float32,25,100,41,162.11199760437012,Tesla T4,7.5,2.11.0+cu128,12.8,2026-08-23T19:20:48.049186+00:00
pytorch_sdpa,ca87722a00ebf585cd788c67949e7c0b32dca788,1,8,255,64,float32,25,100,42,162.432000041008,Tesla T4,7.5,2.11.0+cu128,12.8,2026-08-23T19:20:48.049186+00:00
pytorch_sdpa,ca87722a00ebf585cd788c67949e7c0b32dca788,1,8,255,64,float32,25,100,43,161.72799468040466,Tesla T4,7.5,2.11.0+cu128,12.8,2026-08-23T19:20:48.049186+00:00
pytorch_sdpa,ca87722a00ebf585cd788c67949e7c0b32dca788,1,8,255,64,float32,25,100,44,163.58399391174316,Tesla T4,7.5,2.11.0+cu128,12.8,2026-08-23T19:20:48.049186+00:00
pytorch_sdpa,ca87722a00ebf585cd788c67949e7c0b32dca788,1,8,255,64,float32,25,100,45,161.47199273109436,Tesla T4,7.5,2.11.0+cu128,12.8,2026-08-23T19:20:48.049186+00:00
pytorch_sdpa,ca87722a00ebf585cd788c67949e7c0b32dca788,1,8,255,64,float32,25,100,46,163.83999586105347,Tesla T4,7.5,2.11.0+cu128,12.8,2026-08-23T19:20:48.049186+00:00
pytorch_sdpa,ca87722a00ebf585cd788c67949e7c0b32dca788,1,8,255,64,float32,25,100,47,167.93599724769592,Tesla T4,7.5,2.11.0+cu128,12.8,2026-08-23T19:20:48.049186+00:00
pytorch_sdpa,ca87722a00ebf585cd788c67949e7c0b32dca788,1,8,255,64,float32,25,100,48,162.59199380874634,Tesla T4,7.5,2.11.0+cu128,12.8,2026-08-23T19:20:48.049186+00:00
pytorch_sdpa,ca87722a00ebf585cd788c67949e7c0b32dca788,1,8,255,64,float32,25,100,49,162.04799711704254,Tesla T4,7.5,2.11.0+cu128,12.8,2026-08-23T19:20:48.049186+00:00
pytorch_sdpa,ca87722a00ebf585cd788c67949e7c0b32dca788,1,8,255,64,float32,25,100,50,173.15199971199036,Tesla T4,7.5,2.11.0+cu128,12.8,2026-08-23T19:20:48.049186+00:00
pytorch_sdpa,ca87722a00ebf585cd788c67949e7c0b32dca788,1,8,255,64,float32,25,100,51,165.43999314308167,Tesla T4,7.5,2.11.0+cu128,12.8,2026-08-23T19:20:48.049186+00:00
pytorch_sdpa,ca87722a00ebf585cd788c67949e7c0b32dca788,1,8,255,64,float32,25,100,52,163.7440025806427,Tesla T4,7.5,2.11.0+cu128,12.8,2026-08-23T19:20:48.049186+00:00
pytorch_sdpa,ca87722a00ebf585cd788c67949e7c0b32dca788,1,8,255,64,float32,25,100,53,163.68000209331512,Tesla T4,7.5,2.11.0+cu128,12.8,2026-08-23T19:20:48.049186+00:00
pytorch_sdpa,ca87722a00ebf585cd788c67949e7c0b32dca788,1,8,255,64,float32,25,100,54,161.82400286197662,Tesla T4,7.5,2.11.0+cu128,12.8,2026-08-23T19:20:48.049186+00:00
pytorch_sdpa,ca87722a00ebf585cd788c67949e7c0b32dca788,1,8,255,64,float32,25,100,55,163.4880006313324,Tesla T4,7.5,2.11.0+cu128,12.8,2026-08-23T19:20:48.049186+00:00
pytorch_sdpa,ca87722a00ebf585cd788c67949e7c0b32dca788,1,8,255,64,float32,25,100,56,179.6479970216751,Tesla T4,7.5,2.11.0+cu128,12.8,2026-08-23T19:20:48.049186+00:00
pytorch_sdpa,ca87722a00ebf585cd788c67949e7c0b32dca788,1,8,255,64,float32,25,100,57,165.92000424861908,Tesla T4,7.5,2.11.0+cu128,12.8,2026-08-23T19:20:48.049186+00:00
pytorch_sdpa,ca87722a00ebf585cd788c67949e7c0b32dca788,1,8,255,64,float32,25,100,58,166.07999801635742,Tesla T4,7.5,2.11.0+cu128,12.8,2026-08-23T19:20:48.049186+00:00
pytorch_sdpa,ca87722a00ebf585cd788c67949e7c0b32dca788,1,8,255,64,float32,25,100,59,164.19200599193573,Tesla T4,7.5,2.11.0+cu128,12.8,2026-08-23T19:20:48.049186+00:00
pytorch_sdpa,ca87722a00ebf585cd788c67949e7c0b32dca788,1,8,255,64,float32,25,100,60,165.43999314308167,Tesla T4,7.5,2.11.0+cu128,12.8,2026-08-23T19:20:48.049186+00:00
pytorch_sdpa,ca87722a00ebf585cd788c67949e7c0b32dca788,1,8,255,64,float32,25,100,61,163.90399634838104,Tesla T4,7.5,2.11.0+cu128,12.8,2026-08-23T19:20:48.049186+00:00
pytorch_sdpa,ca87722a00ebf585cd788c67949e7c0b32dca788,1,8,255,64,float32,25,100,62,167.42399334907532,Tesla T4,7.5,2.11.0+cu128,12.8,2026-08-23T19:20:48.049186+00:00
pytorch_sdpa,ca87722a00ebf585cd788c67949e7c0b32dca788,1,8,255,64,float32,25,100,63,168.19199919700623,Tesla T4,7.5,2.11.0+cu128,12.8,2026-08-23T19:20:48.049186+00:00
pytorch_sdpa,ca87722a00ebf585cd788c67949e7c0b32dca788,1,8,255,64,float32,25,100,64,161.28000617027283,Tesla T4,7.5,2.11.0+cu128,12.8,2026-08-23T19:20:48.049186+00:00
pytorch_sdpa,ca87722a00ebf585cd788c67949e7c0b32dca788,1,8,255,64,float32,25,100,65,161.79199516773224,Tesla T4,7.5,2.11.0+cu128,12.8,2026-08-23T19:20:48.049186+00:00
pytorch_sdpa,ca87722a00ebf585cd788c67949e7c0b32dca788,1,8,255,64,float32,25,100,66,160.51200032234192,Tesla T4,7.5,2.11.0+cu128,12.8,2026-08-23T19:20:48.049186+00:00
pytorch_sdpa,ca87722a00ebf585cd788c67949e7c0b32dca788,1,8,255,64,float32,25,100,67,163.83999586105347,Tesla T4,7.5,2.11.0+cu128,12.8,2026-08-23T19:20:48.049186+00:00
pytorch_sdpa,ca87722a00ebf585cd788c67949e7c0b32dca788,1,8,255,64,float32,25,100,68,161.50400042533875,Tesla T4,7.5,2.11.0+cu128,12.8,2026-08-23T19:20:48.049186+00:00
pytorch_sdpa,ca87722a00ebf585cd788c67949e7c0b32dca788,1,8,255,64,float32,25,100,69,162.1440052986145,Tesla T4,7.5,2.11.0+cu128,12.8,2026-08-23T19:20:48.049186+00:00
pytorch_sdpa,ca87722a00ebf585cd788c67949e7c0b32dca788,1,8,255,64,float32,25,100,70,161.40800714492798,Tesla T4,7.5,2.11.0+cu128,12.8,2026-08-23T19:20:48.049186+00:00
pytorch_sdpa,ca87722a00ebf585cd788c67949e7c0b32dca788,1,8,255,64,float32,25,100,71,161.28000617027283,Tesla T4,7.5,2.11.0+cu128,12.8,2026-08-23T19:20:48.049186+00:00
pytorch_sdpa,ca87722a00ebf585cd788c67949e7c0b32dca788,1,8,255,64,float32,25,100,72,159.93599593639374,Tesla T4,7.5,2.11.0+cu128,12.8,2026-08-23T19:20:48.049186+00:00
pytorch_sdpa,ca87722a00ebf585cd788c67949e7c0b32dca788,1,8,255,64,float32,25,100,73,164.95999693870544,Tesla T4,7.5,2.11.0+cu128,12.8,2026-08-23T19:20:48.049186+00:00
pytorch_sdpa,ca87722a00ebf585cd788c67949e7c0b32dca788,1,8,255,64,float32,25,100,74,161.3440066576004,Tesla T4,7.5,2.11.0+cu128,12.8,2026-08-23T19:20:48.049186+00:00
pytorch_sdpa,ca87722a00ebf585cd788c67949e7c0b32dca788,1,8,255,64,float32,25,100,75,163.16799819469452,Tesla T4,7.5,2.11.0+cu128,12.8,2026-08-23T19:20:48.049186+00:00
pytorch_sdpa,ca87722a00ebf585cd788c67949e7c0b32dca788,1,8,255,64,float32,25,100,76,161.31199896335602,Tesla T4,7.5,2.11.0+cu128,12.8,2026-08-23T19:20:48.049186+00:00
pytorch_sdpa,ca87722a00ebf585cd788c67949e7c0b32dca788,1,8,255,64,float32,25,100,77,162.75200247764587,Tesla T4,7.5,2.11.0+cu128,12.8,2026-08-23T19:20:48.049186+00:00
pytorch_sdpa,ca87722a00ebf585cd788c67949e7c0b32dca788,1,8,255,64,float32,25,100,78,164.5440012216568,Tesla T4,7.5,2.11.0+cu128,12.8,2026-08-23T19:20:48.049186+00:00
pytorch_sdpa,ca87722a00ebf585cd788c67949e7c0b32dca788,1,8,255,64,float32,25,100,79,161.28000617027283,Tesla T4,7.5,2.11.0+cu128,12.8,2026-08-23T19:20:48.049186+00:00
pytorch_sdpa,ca87722a00ebf585cd788c67949e7c0b32dca788,1,8,255,64,float32,25,100,80,162.30399906635284,Tesla T4,7.5,2.11.0+cu128,12.8,2026-08-23T19:20:48.049186+00:00
pytorch_sdpa,ca87722a00ebf585cd788c67949e7c0b32dca788,1,8,255,64,float32,25,100,81,161.82400286197662,Tesla T4,7.5,2.11.0+cu128,12.8,2026-08-23T19:20:48.049186+00:00
pytorch_sdpa,ca87722a00ebf585cd788c67949e7c0b32dca788,1,8,255,64,float32,25,100,82,161.8880033493042,Tesla T4,7.5,2.11.0+cu128,12.8,2026-08-23T19:20:48.049186+00:00
pytorch_sdpa,ca87722a00ebf585cd788c67949e7c0b32dca788,1,8,255,64,float32,25,100,83,161.3759994506836,Tesla T4,7.5,2.11.0+cu128,12.8,2026-08-23T19:20:48.049186+00:00
pytorch_sdpa,ca87722a00ebf585cd788c67949e7c0b32dca788,1,8,255,64,float32,25,100,84,163.61600160598755,Tesla T4,7.5,2.11.0+cu128,12.8,2026-08-23T19:20:48.049186+00:00
pytorch_sdpa,ca87722a00ebf585cd788c67949e7c0b32dca788,1,8,255,64,float32,25,100,85,161.79199516773224,Tesla T4,7.5,2.11.0+cu128,12.8,2026-08-23T19:20:48.049186+00:00
pytorch_sdpa,ca87722a00ebf585cd788c67949e7c0b32dca788,1,8,255,64,float32,25,100,86,161.82400286197662,Tesla T4,7.5,2.11.0+cu128,12.8,2026-08-23T19:20:48.049186+00:00
pytorch_sdpa,ca87722a00ebf585cd788c67949e7c0b32dca788,1,8,255,64,float32,25,100,87,178.9119988679886,Tesla T4,7.5,2.11.0+cu128,12.8,2026-08-23T19:20:48.049186+00:00
pytorch_sdpa,ca87722a00ebf585cd788c67949e7c0b32dca788,1,8,255,64,float32,25,100,88,162.23999857902527,Tesla T4,7.5,2.11.0+cu128,12.8,2026-08-23T19:20:48.049186+00:00
pytorch_sdpa,ca87722a00ebf585cd788c67949e7c0b32dca788,1,8,255,64,float32,25,100,89,170.78399658203125,Tesla T4,7.5,2.11.0+cu128,12.8,2026-08-23T19:20:48.049186+00:00
pytorch_sdpa,ca87722a00ebf585cd788c67949e7c0b32dca788,1,8,255,64,float32,25,100,90,165.0560051202774,Tesla T4,7.5,2.11.0+cu128,12.8,2026-08-23T19:20:48.049186+00:00
pytorch_sdpa,ca87722a00ebf585cd788c67949e7c0b32dca788,1,8,255,64,float32,25,100,91,166.6879951953888,Tesla T4,7.5,2.11.0+cu128,12.8,2026-08-23T19:20:48.049186+00:00
pytorch_sdpa,ca87722a00ebf585cd788c67949e7c0b32dca788,1,8,255,64,float32,25,100,92,164.60800170898438,Tesla T4,7.5,2.11.0+cu128,12.8,2026-08-23T19:20:48.049186+00:00
pytorch_sdpa,ca87722a00ebf585cd788c67949e7c0b32dca788,1,8,255,64,float32,25,100,93,164.000004529953,Tesla T4,7.5,2.11.0+cu128,12.8,2026-08-23T19:20:48.049186+00:00
pytorch_sdpa,ca87722a00ebf585cd788c67949e7c0b32dca788,1,8,255,64,float32,25,100,94,163.87200355529785,Tesla T4,7.5,2.11.0+cu128,12.8,2026-08-23T19:20:48.049186+00:00
pytorch_sdpa,ca87722a00ebf585cd788c67949e7c0b32dca788,1,8,255,64,float32,25,100,95,165.92000424861908,Tesla T4,7.5,2.11.0+cu128,12.8,2026-08-23T19:20:48.049186+00:00
pytorch_sdpa,ca87722a00ebf585cd788c67949e7c0b32dca788,1,8,255,64,float32,25,100,96,163.87200355529785,Tesla T4,7.5,2.11.0+cu128,12.8,2026-08-23T19:20:48.049186+00:00
pytorch_sdpa,ca87722a00ebf585cd788c67949e7c0b32dca788,1,8,255,64,float32,25,100,97,166.52800142765045,Tesla T4,7.5,2.11.0+cu128,12.8,2026-08-23T19:20:48.049186+00:00
pytorch_sdpa,ca87722a00ebf585cd788c67949e7c0b32dca788,1,8,255,64,float32,25,100,98,162.91199624538422,Tesla T4,7.5,2.11.0+cu128,12.8,2026-08-23T19:20:48.049186+00:00
pytorch_sdpa,ca87722a00ebf585cd788c67949e7c0b32dca788,1,8,255,64,float32,25,100,99,164.15999829769135,Tesla T4,7.5,2.11.0+cu128,12.8,2026-08-23T19:20:48.049186+00:00
explicit_pytorch,ca87722a00ebf585cd788c67949e7c0b32dca788,1,8,512,64,float32,25,100,0,778.8800001144409,Tesla T4,7.5,2.11.0+cu128,12.8,2026-08-23T19:20:48.153729+00:00
explicit_pytorch,ca87722a00ebf585cd788c67949e7c0b32dca788,1,8,512,64,float32,25,100,1,751.6480088233948,Tesla T4,7.5,2.11.0+cu128,12.8,2026-08-23T19:20:48.153729+00:00
explicit_pytorch,ca87722a00ebf585cd788c67949e7c0b32dca788,1,8,512,64,float32,25,100,2,756.9599747657776,Tesla T4,7.5,2.11.0+cu128,12.8,2026-08-23T19:20:48.153729+00:00
explicit_pytorch,ca87722a00ebf585cd788c67949e7c0b32dca788,1,8,512,64,float32,25,100,3,773.0879783630371,Tesla T4,7.5,2.11.0+cu128,12.8,2026-08-23T19:20:48.153729+00:00
explicit_pytorch,ca87722a00ebf585cd788c67949e7c0b32dca788,1,8,512,64,float32,25,100,4,747.6480007171631,Tesla T4,7.5,2.11.0+cu128,12.8,2026-08-23T19:20:48.153729+00:00
explicit_pytorch,ca87722a00ebf585cd788c67949e7c0b32dca788,1,8,512,64,float32,25,100,5,743.4560060501099,Tesla T4,7.5,2.11.0+cu128,12.8,2026-08-23T19:20:48.153729+00:00
explicit_pytorch,ca87722a00ebf585cd788c67949e7c0b32dca788,1,8,512,64,float32,25,100,6,747.5519776344299,Tesla T4,7.5,2.11.0+cu128,12.8,2026-08-23T19:20:48.153729+00:00
explicit_pytorch,ca87722a00ebf585cd788c67949e7c0b32dca788,1,8,512,64,float32,25,100,7,747.7759718894958,Tesla T4,7.5,2.11.0+cu128,12.8,2026-08-23T19:20:48.153729+00:00
explicit_pytorch,ca87722a00ebf585cd788c67949e7c0b32dca788,1,8,512,64,float32,25,100,8,745.311975479126,Tesla T4,7.5,2.11.0+cu128,12.8,2026-08-23T19:20:48.153729+00:00
explicit_pytorch,ca87722a00ebf585cd788c67949e7c0b32dca788,1,8,512,64,float32,25,100,9,743.1359887123108,Tesla T4,7.5,2.11.0+cu128,12.8,2026-08-23T19:20:48.153729+00:00
explicit_pytorch,ca87722a00ebf585cd788c67949e7c0b32dca788,1,8,512,64,float32,25,100,10,743.4239983558655,Tesla T4,7.5,2.11.0+cu128,12.8,2026-08-23T19:20:48.153729+00:00
explicit_pytorch,ca87722a00ebf585cd788c67949e7c0b32dca788,1,8,512,64,float32,25,100,11,747.5519776344299,Tesla T4,7.5,2.11.0+cu128,12.8,2026-08-23T19:20:48.153729+00:00
explicit_pytorch,ca87722a00ebf585cd788c67949e7c0b32dca788,1,8,512,64,float32,25,100,12,744.3519830703735,Tesla T4,7.5,2.11.0+cu128,12.8,2026-08-23T19:20:48.153729+00:00
explicit_pytorch,ca87722a00ebf585cd788c67949e7c0b32dca788,1,8,512,64,float32,25,100,13,757.8240036964417,Tesla T4,7.5,2.11.0+cu128,12.8,2026-08-23T19:20:48.153729+00:00
explicit_pytorch,ca87722a00ebf585cd788c67949e7c0b32dca788,1,8,512,64,float32,25,100,14,745.4720139503479,Tesla T4,7.5,2.11.0+cu128,12.8,2026-08-23T19:20:48.153729+00:00
explicit_pytorch,ca87722a00ebf585cd788c67949e7c0b32dca788,1,8,512,64,float32,25,100,15,757.4399709701538,Tesla T4,7.5,2.11.0+cu128,12.8,2026-08-23T19:20:48.153729+00:00
explicit_pytorch,ca87722a00ebf585cd788c67949e7c0b32dca788,1,8,512,64,float32,25,100,16,754.9120187759399,Tesla T4,7.5,2.11.0+cu128,12.8,2026-08-23T19:20:48.153729+00:00
explicit_pytorch,ca87722a00ebf585cd788c67949e7c0b32dca788,1,8,512,64,float32,25,100,17,744.5759773254395,Tesla T4,7.5,2.11.0+cu128,12.8,2026-08-23T19:20:48.153729+00:00
explicit_pytorch,ca87722a00ebf585cd788c67949e7c0b32dca788,1,8,512,64,float32,25,100,18,761.8560194969177,Tesla T4,7.5,2.11.0+cu128,12.8,2026-08-23T19:20:48.153729+00:00
explicit_pytorch,ca87722a00ebf585cd788c67949e7c0b32dca788,1,8,512,64,float32,25,100,19,745.0559735298157,Tesla T4,7.5,2.11.0+cu128,12.8,2026-08-23T19:20:48.153729+00:00
explicit_pytorch,ca87722a00ebf585cd788c67949e7c0b32dca788,1,8,512,64,float32,25,100,20,749.343991279602,Tesla T4,7.5,2.11.0+cu128,12.8,2026-08-23T19:20:48.153729+00:00
explicit_pytorch,ca87722a00ebf585cd788c67949e7c0b32dca788,1,8,512,64,float32,25,100,21,772.1279859542847,Tesla T4,7.5,2.11.0+cu128,12.8,2026-08-23T19:20:48.153729+00:00
explicit_pytorch,ca87722a00ebf585cd788c67949e7c0b32dca788,1,8,512,64,float32,25,100,22,761.8560194969177,Tesla T4,7.5,2.11.0+cu128,12.8,2026-08-23T19:20:48.153729+00:00
explicit_pytorch,ca87722a00ebf585cd788c67949e7c0b32dca788,1,8,512,64,float32,25,100,23,747.5200295448303,Tesla T4,7.5,2.11.0+cu128,12.8,2026-08-23T19:20:48.153729+00:00
explicit_pytorch,ca87722a00ebf585cd788c67949e7c0b32dca788,1,8,512,64,float32,25,100,24,747.9040026664734,Tesla T4,7.5,2.11.0+cu128,12.8,2026-08-23T19:20:48.153729+00:00
explicit_pytorch,ca87722a00ebf585cd788c67949e7c0b32dca788,1,8,512,64,float32,25,100,25,749.7599720954895,Tesla T4,7.5,2.11.0+cu128,12.8,2026-08-23T19:20:48.153729+00:00
explicit_pytorch,ca87722a00ebf585cd788c67949e7c0b32dca788,1,8,512,64,float32,25,100,26,746.5280294418335,Tesla T4,7.5,2.11.0+cu128,12.8,2026-08-23T19:20:48.153729+00:00
explicit_pytorch,ca87722a00ebf585cd788c67949e7c0b32dca788,1,8,512,64,float32,25,100,27,761.8560194969177,Tesla T4,7.5,2.11.0+cu128,12.8,2026-08-23T19:20:48.153729+00:00
explicit_pytorch,ca87722a00ebf585cd788c67949e7c0b32dca788,1,8,512,64,float32,25,100,28,747.8079795837402,Tesla T4,7.5,2.11.0+cu128,12.8,2026-08-23T19:20:48.153729+00:00
explicit_pytorch,ca87722a00ebf585cd788c67949e7c0b32dca788,1,8,512,64,float32,25,100,29,746.4320063591003,Tesla T4,7.5,2.11.0+cu128,12.8,2026-08-23T19:20:48.153729+00:00
explicit_pytorch,ca87722a00ebf585cd788c67949e7c0b32dca788,1,8,512,64,float32,25,100,30,745.4720139503479,Tesla T4,7.5,2.11.0+cu128,12.8,2026-08-23T19:20:48.153729+00:00
explicit_pytorch,ca87722a00ebf585cd788c67949e7c0b32dca788,1,8,512,64,float32,25,100,31,756.0639977455139,Tesla T4,7.5,2.11.0+cu128,12.8,2026-08-23T19:20:48.153729+00:00
explicit_pytorch,ca87722a00ebf585cd788c67949e7c0b32dca788,1,8,512,64,float32,25,100,32,741.375982761383,Tesla T4,7.5,2.11.0+cu128,12.8,2026-08-23T19:20:48.153729+00:00
explicit_pytorch,ca87722a00ebf585cd788c67949e7c0b32dca788,1,8,512,64,float32,25,100,33,747.0719814300537,Tesla T4,7.5,2.11.0+cu128,12.8,2026-08-23T19:20:48.153729+00:00
explicit_pytorch,ca87722a00ebf585cd788c67949e7c0b32dca788,1,8,512,64,float32,25,100,34,776.2240171432495,Tesla T4,7.5,2.11.0+cu128,12.8,2026-08-23T19:20:48.153729+00:00
explicit_pytorch,ca87722a00ebf585cd788c67949e7c0b32dca788,1,8,512,64,float32,25,100,35,757.3440074920654,Tesla T4,7.5,2.11.0+cu128,12.8,2026-08-23T19:20:48.153729+00:00
explicit_pytorch,ca87722a00ebf585cd788c67949e7c0b32dca788,1,8,512,64,float32,25,100,36,749.567985534668,Tesla T4,7.5,2.11.0+cu128,12.8,2026-08-23T19:20:48.153729+00:00
explicit_pytorch,ca87722a00ebf585cd788c67949e7c0b32dca788,1,8,512,64,float32,25,100,37,743.3919906616211,Tesla T4,7.5,2.11.0+cu128,12.8,2026-08-23T19:20:48.153729+00:00
explicit_pytorch,ca87722a00ebf585cd788c67949e7c0b32dca788,1,8,512,64,float32,25,100,38,751.9040107727051,Tesla T4,7.5,2.11.0+cu128,12.8,2026-08-23T19:20:48.153729+00:00
explicit_pytorch,ca87722a00ebf585cd788c67949e7c0b32dca788,1,8,512,64,float32,25,100,39,745.5040216445923,Tesla T4,7.5,2.11.0+cu128,12.8,2026-08-23T19:20:48.153729+00:00
explicit_pytorch,ca87722a00ebf585cd788c67949e7c0b32dca788,1,8,512,64,float32,25,100,40,779.2320251464844,Tesla T4,7.5,2.11.0+cu128,12.8,2026-08-23T19:20:48.153729+00:00
explicit_pytorch,ca87722a00ebf585cd788c67949e7c0b32dca788,1,8,512,64,float32,25,100,41,749.5999932289124,Tesla T4,7.5,2.11.0+cu128,12.8,2026-08-23T19:20:48.153729+00:00
explicit_pytorch,ca87722a00ebf585cd788c67949e7c0b32dca788,1,8,512,64,float32,25,100,42,749.567985534668,Tesla T4,7.5,2.11.0+cu128,12.8,2026-08-23T19:20:48.153729+00:00
explicit_pytorch,ca87722a00ebf585cd788c67949e7c0b32dca788,1,8,512,64,float32,25,100,43,743.7120079994202,Tesla T4,7.5,2.11.0+cu128,12.8,2026-08-23T19:20:48.153729+00:00
explicit_pytorch,ca87722a00ebf585cd788c67949e7c0b32dca788,1,8,512,64,float32,25,100,44,766.3040161132812,Tesla T4,7.5,2.11.0+cu128,12.8,2026-08-23T19:20:48.153729+00:00
explicit_pytorch,ca87722a00ebf585cd788c67949e7c0b32dca788,1,8,512,64,float32,25,100,45,744.0639734268188,Tesla T4,7.5,2.11.0+cu128,12.8,2026-08-23T19:20:48.153729+00:00
explicit_pytorch,ca87722a00ebf585cd788c67949e7c0b32dca788,1,8,512,64,float32,25,100,46,742.5600290298462,Tesla T4,7.5,2.11.0+cu128,12.8,2026-08-23T19:20:48.153729+00:00
explicit_pytorch,ca87722a00ebf585cd788c67949e7c0b32dca788,1,8,512,64,float32,25,100,47,744.2880272865295,Tesla T4,7.5,2.11.0+cu128,12.8,2026-08-23T19:20:48.153729+00:00
explicit_pytorch,ca87722a00ebf585cd788c67949e7c0b32dca788,1,8,512,64,float32,25,100,48,744.2880272865295,Tesla T4,7.5,2.11.0+cu128,12.8,2026-08-23T19:20:48.153729+00:00
explicit_pytorch,ca87722a00ebf585cd788c67949e7c0b32dca788,1,8,512,64,float32,25,100,49,758.2079768180847,Tesla T4,7.5,2.11.0+cu128,12.8,2026-08-23T19:20:48.153729+00:00
explicit_pytorch,ca87722a00ebf585cd788c67949e7c0b32dca788,1,8,512,64,float32,25,100,50,738.5920286178589,Tesla T4,7.5,2.11.0+cu128,12.8,2026-08-23T19:20:48.153729+00:00
explicit_pytorch,ca87722a00ebf585cd788c67949e7c0b32dca788,1,8,512,64,float32,25,100,51,747.5519776344299,Tesla T4,7.5,2.11.0+cu128,12.8,2026-08-23T19:20:48.153729+00:00
explicit_pytorch,ca87722a00ebf585cd788c67949e7c0b32dca788,1,8,512,64,float32,25,100,52,753.7599802017212,Tesla T4,7.5,2.11.0+cu128,12.8,2026-08-23T19:20:48.153729+00:00
explicit_pytorch,ca87722a00ebf585cd788c67949e7c0b32dca788,1,8,512,64,float32,25,100,53,751.6480088233948,Tesla T4,7.5,2.11.0+cu128,12.8,2026-08-23T19:20:48.153729+00:00
explicit_pytorch,ca87722a00ebf585cd788c67949e7c0b32dca788,1,8,512,64,float32,25,100,54,746.3039755821228,Tesla T4,7.5,2.11.0+cu128,12.8,2026-08-23T19:20:48.153729+00:00
explicit_pytorch,ca87722a00ebf585cd788c67949e7c0b32dca788,1,8,512,64,float32,25,100,55,741.8239712715149,Tesla T4,7.5,2.11.0+cu128,12.8,2026-08-23T19:20:48.153729+00:00
explicit_pytorch,ca87722a00ebf585cd788c67949e7c0b32dca788,1,8,512,64,float32,25,100,56,770.0799703598022,Tesla T4,7.5,2.11.0+cu128,12.8,2026-08-23T19:20:48.153729+00:00
explicit_pytorch,ca87722a00ebf585cd788c67949e7c0b32dca788,1,8,512,64,float32,25,100,57,745.4079985618591,Tesla T4,7.5,2.11.0+cu128,12.8,2026-08-23T19:20:48.153729+00:00
explicit_pytorch,ca87722a00ebf585cd788c67949e7c0b32dca788,1,8,512,64,float32,25,100,58,753.6960244178772,Tesla T4,7.5,2.11.0+cu128,12.8,2026-08-23T19:20:48.153729+00:00
explicit_pytorch,ca87722a00ebf585cd788c67949e7c0b32dca788,1,8,512,64,float32,25,100,59,745.5679774284363,Tesla T4,7.5,2.11.0+cu128,12.8,2026-08-23T19:20:48.153729+00:00
explicit_pytorch,ca87722a00ebf585cd788c67949e7c0b32dca788,1,8,512,64,float32,25,100,60,745.6640005111694,Tesla T4,7.5,2.11.0+cu128,12.8,2026-08-23T19:20:48.153729+00:00
explicit_pytorch,ca87722a00ebf585cd788c67949e7c0b32dca788,1,8,512,64,float32,25,100,61,755.4879784584045,Tesla T4,7.5,2.11.0+cu128,12.8,2026-08-23T19:20:48.153729+00:00
explicit_pytorch,ca87722a00ebf585cd788c67949e7c0b32dca788,1,8,512,64,float32,25,100,62,743.2960271835327,Tesla T4,7.5,2.11.0+cu128,12.8,2026-08-23T19:20:48.153729+00:00
explicit_pytorch,ca87722a00ebf585cd788c67949e7c0b32dca788,1,8,512,64,float32,25,100,63,743.4560060501099,Tesla T4,7.5,2.11.0+cu128,12.8,2026-08-23T19:20:48.153729+00:00
explicit_pytorch,ca87722a00ebf585cd788c67949e7c0b32dca788,1,8,512,64,float32,25,100,64,763.9039754867554,Tesla T4,7.5,2.11.0+cu128,12.8,2026-08-23T19:20:48.153729+00:00
explicit_pytorch,ca87722a00ebf585cd788c67949e7c0b32dca788,1,8,512,64,float32,25,100,65,750.1760125160217,Tesla T4,7.5,2.11.0+cu128,12.8,2026-08-23T19:20:48.153729+00:00
explicit_pytorch,ca87722a00ebf585cd788c67949e7c0b32dca788,1,8,512,64,float32,25,100,66,755.7439804077148,Tesla T4,7.5,2.11.0+cu128,12.8,2026-08-23T19:20:48.153729+00:00
explicit_pytorch,ca87722a00ebf585cd788c67949e7c0b32dca788,1,8,512,64,float32,25,100,67,748.0959892272949,Tesla T4,7.5,2.11.0+cu128,12.8,2026-08-23T19:20:48.153729+00:00
explicit_pytorch,ca87722a00ebf585cd788c67949e7c0b32dca788,1,8,512,64,float32,25,100,68,744.8639869689941,Tesla T4,7.5,2.11.0+cu128,12.8,2026-08-23T19:20:48.153729+00:00
explicit_pytorch,ca87722a00ebf585cd788c67949e7c0b32dca788,1,8,512,64,float32,25,100,69,747.871994972229,Tesla T4,7.5,2.11.0+cu128,12.8,2026-08-23T19:20:48.153729+00:00
explicit_pytorch,ca87722a00ebf585cd788c67949e7c0b32dca788,1,8,512,64,float32,25,100,70,746.6880083084106,Tesla T4,7.5,2.11.0+cu128,12.8,2026-08-23T19:20:48.153729+00:00
explicit_pytorch,ca87722a00ebf585cd788c67949e7c0b32dca788,1,8,512,64,float32,25,100,71,745.5040216445923,Tesla T4,7.5,2.11.0+cu128,12.8,2026-08-23T19:20:48.153729+00:00
explicit_pytorch,ca87722a00ebf585cd788c67949e7c0b32dca788,1,8,512,64,float32,25,100,72,765.6000256538391,Tesla T4,7.5,2.11.0+cu128,12.8,2026-08-23T19:20:48.153729+00:00
explicit_pytorch,ca87722a00ebf585cd788c67949e7c0b32dca788,1,8,512,64,float32,25,100,73,772.5759744644165,Tesla T4,7.5,2.11.0+cu128,12.8,2026-08-23T19:20:48.153729+00:00
explicit_pytorch,ca87722a00ebf585cd788c67949e7c0b32dca788,1,8,512,64,float32,25,100,74,750.656008720398,Tesla T4,7.5,2.11.0+cu128,12.8,2026-08-23T19:20:48.153729+00:00
explicit_pytorch,ca87722a00ebf585cd788c67949e7c0b32dca788,1,8,512,64,float32,25,100,75,749.1520047187805,Tesla T4,7.5,2.11.0+cu128,12.8,2026-08-23T19:20:48.153729+00:00
explicit_pytorch,ca87722a00ebf585cd788c67949e7c0b32dca788,1,8,512,64,float32,25,100,76,759.3280076980591,Tesla T4,7.5,2.11.0+cu128,12.8,2026-08-23T19:20:48.153729+00:00
explicit_pytorch,ca87722a00ebf585cd788c67949e7c0b32dca788,1,8,512,64,float32,25,100,77,743.7760233879089,Tesla T4,7.5,2.11.0+cu128,12.8,2026-08-23T19:20:48.153729+00:00
explicit_pytorch,ca87722a00ebf585cd788c67949e7c0b32dca788,1,8,512,64,float32,25,100,78,749.3759989738464,Tesla T4,7.5,2.11.0+cu128,12.8,2026-08-23T19:20:48.153729+00:00
explicit_pytorch,ca87722a00ebf585cd788c67949e7c0b32dca788,1,8,512,64,float32,25,100,79,761.8560194969177,Tesla T4,7.5,2.11.0+cu128,12.8,2026-08-23T19:20:48.153729+00:00
explicit_pytorch,ca87722a00ebf585cd788c67949e7c0b32dca788,1,8,512,64,float32,25,100,80,761.7279887199402,Tesla T4,7.5,2.11.0+cu128,12.8,2026-08-23T19:20:48.153729+00:00
explicit_pytorch,ca87722a00ebf585cd788c67949e7c0b32dca788,1,8,512,64,float32,25,100,81,741.2480115890503,Tesla T4,7.5,2.11.0+cu128,12.8,2026-08-23T19:20:48.153729+00:00
explicit_pytorch,ca87722a00ebf585cd788c67949e7c0b32dca788,1,8,512,64,float32,25,100,82,744.3199753761292,Tesla T4,7.5,2.11.0+cu128,12.8,2026-08-23T19:20:48.153729+00:00
explicit_pytorch,ca87722a00ebf585cd788c67949e7c0b32dca788,1,8,512,64,float32,25,100,83,756.1280131340027,Tesla T4,7.5,2.11.0+cu128,12.8,2026-08-23T19:20:48.153729+00:00
explicit_pytorch,ca87722a00ebf585cd788c67949e7c0b32dca788,1,8,512,64,float32,25,100,84,747.5519776344299,Tesla T4,7.5,2.11.0+cu128,12.8,2026-08-23T19:20:48.153729+00:00
explicit_pytorch,ca87722a00ebf585cd788c67949e7c0b32dca788,1,8,512,64,float32,25,100,85,743.4239983558655,Tesla T4,7.5,2.11.0+cu128,12.8,2026-08-23T19:20:48.153729+00:00
explicit_pytorch,ca87722a00ebf585cd788c67949e7c0b32dca788,1,8,512,64,float32,25,100,86,768.0000066757202,Tesla T4,7.5,2.11.0+cu128,12.8,2026-08-23T19:20:48.153729+00:00
explicit_pytorch,ca87722a00ebf585cd788c67949e7c0b32dca788,1,8,512,64,float32,25,100,87,749.2799758911133,Tesla T4,7.5,2.11.0+cu128,12.8,2026-08-23T19:20:48.153729+00:00
explicit_pytorch,ca87722a00ebf585cd788c67949e7c0b32dca788,1,8,512,64,float32,25,100,88,753.9839744567871,Tesla T4,7.5,2.11.0+cu128,12.8,2026-08-23T19:20:48.153729+00:00
explicit_pytorch,ca87722a00ebf585cd788c67949e7c0b32dca788,1,8,512,64,float32,25,100,89,745.4720139503479,Tesla T4,7.5,2.11.0+cu128,12.8,2026-08-23T19:20:48.153729+00:00
explicit_pytorch,ca87722a00ebf585cd788c67949e7c0b32dca788,1,8,512,64,float32,25,100,90,743.4560060501099,Tesla T4,7.5,2.11.0+cu128,12.8,2026-08-23T19:20:48.153729+00:00
explicit_pytorch,ca87722a00ebf585cd788c67949e7c0b32dca788,1,8,512,64,float32,25,100,91,746.0799813270569,Tesla T4,7.5,2.11.0+cu128,12.8,2026-08-23T19:20:48.153729+00:00
explicit_pytorch,ca87722a00ebf585cd788c67949e7c0b32dca788,1,8,512,64,float32,25,100,92,757.535994052887,Tesla T4,7.5,2.11.0+cu128,12.8,2026-08-23T19:20:48.153729+00:00
explicit_pytorch,ca87722a00ebf585cd788c67949e7c0b32dca788,1,8,512,64,float32,25,100,93,763.7760043144226,Tesla T4,7.5,2.11.0+cu128,12.8,2026-08-23T19:20:48.153729+00:00
explicit_pytorch,ca87722a00ebf585cd788c67949e7c0b32dca788,1,8,512,64,float32,25,100,94,757.4399709701538,Tesla T4,7.5,2.11.0+cu128,12.8,2026-08-23T19:20:48.153729+00:00
explicit_pytorch,ca87722a00ebf585cd788c67949e7c0b32dca788,1,8,512,64,float32,25,100,95,742.8159713745117,Tesla T4,7.5,2.11.0+cu128,12.8,2026-08-23T19:20:48.153729+00:00
explicit_pytorch,ca87722a00ebf585cd788c67949e7c0b32dca788,1,8,512,64,float32,25,100,96,756.928026676178,Tesla T4,7.5,2.11.0+cu128,12.8,2026-08-23T19:20:48.153729+00:00
explicit_pytorch,ca87722a00ebf585cd788c67949e7c0b32dca788,1,8,512,64,float32,25,100,97,753.6640167236328,Tesla T4,7.5,2.11.0+cu128,12.8,2026-08-23T19:20:48.153729+00:00
explicit_pytorch,ca87722a00ebf585cd788c67949e7c0b32dca788,1,8,512,64,float32,25,100,98,746.0799813270569,Tesla T4,7.5,2.11.0+cu128,12.8,2026-08-23T19:20:48.153729+00:00
explicit_pytorch,ca87722a00ebf585cd788c67949e7c0b32dca788,1,8,512,64,float32,25,100,99,741.3439750671387,Tesla T4,7.5,2.11.0+cu128,12.8,2026-08-23T19:20:48.153729+00:00
custom_softmax_attention,ca87722a00ebf585cd788c67949e7c0b32dca788,1,8,512,64,float32,25,100,0,574.944019317627,Tesla T4,7.5,2.11.0+cu128,12.8,2026-08-23T19:20:48.203596+00:00
custom_softmax_attention,ca87722a00ebf585cd788c67949e7c0b32dca788,1,8,512,64,float32,25,100,1,557.0560097694397,Tesla T4,7.5,2.11.0+cu128,12.8,2026-08-23T19:20:48.203596+00:00
custom_softmax_attention,ca87722a00ebf585cd788c67949e7c0b32dca788,1,8,512,64,float32,25,100,2,550.9439706802368,Tesla T4,7.5,2.11.0+cu128,12.8,2026-08-23T19:20:48.203596+00:00
custom_softmax_attention,ca87722a00ebf585cd788c67949e7c0b32dca788,1,8,512,64,float32,25,100,3,542.7520275115967,Tesla T4,7.5,2.11.0+cu128,12.8,2026-08-23T19:20:48.203596+00:00
custom_softmax_attention,ca87722a00ebf585cd788c67949e7c0b32dca788,1,8,512,64,float32,25,100,4,538.1119847297668,Tesla T4,7.5,2.11.0+cu128,12.8,2026-08-23T19:20:48.203596+00:00
custom_softmax_attention,ca87722a00ebf585cd788c67949e7c0b32dca788,1,8,512,64,float32,25,100,5,541.3119792938232,Tesla T4,7.5,2.11.0+cu128,12.8,2026-08-23T19:20:48.203596+00:00
custom_softmax_attention,ca87722a00ebf585cd788c67949e7c0b32dca788,1,8,512,64,float32,25,100,6,534.5280170440674,Tesla T4,7.5,2.11.0+cu128,12.8,2026-08-23T19:20:48.203596+00:00
custom_softmax_attention,ca87722a00ebf585cd788c67949e7c0b32dca788,1,8,512,64,float32,25,100,7,542.7200198173523,Tesla T4,7.5,2.11.0+cu128,12.8,2026-08-23T19:20:48.203596+00:00
custom_softmax_attention,ca87722a00ebf585cd788c67949e7c0b32dca788,1,8,512,64,float32,25,100,8,565.3120279312134,Tesla T4,7.5,2.11.0+cu128,12.8,2026-08-23T19:20:48.203596+00:00
custom_softmax_attention,ca87722a00ebf585cd788c67949e7c0b32dca788,1,8,512,64,float32,25,100,9,542.464017868042,Tesla T4,7.5,2.11.0+cu128,12.8,2026-08-23T19:20:48.203596+00:00
custom_softmax_attention,ca87722a00ebf585cd788c67949e7c0b32dca788,1,8,512,64,float32,25,100,10,515.999972820282,Tesla T4,7.5,2.11.0+cu128,12.8,2026-08-23T19:20:48.203596+00:00
custom_softmax_attention,ca87722a00ebf585cd788c67949e7c0b32dca788,1,8,512,64,float32,25,100,11,337.8559947013855,Tesla T4,7.5,2.11.0+cu128,12.8,2026-08-23T19:20:48.203596+00:00
custom_softmax_attention,ca87722a00ebf585cd788c67949e7c0b32dca788,1,8,512,64,float32,25,100,12,333.8240087032318,Tesla T4,7.5,2.11.0+cu128,12.8,2026-08-23T19:20:48.203596+00:00
custom_softmax_attention,ca87722a00ebf585cd788c67949e7c0b32dca788,1,8,512,64,float32,25,100,13,328.73600721359253,Tesla T4,7.5,2.11.0+cu128,12.8,2026-08-23T19:20:48.203596+00:00
custom_softmax_attention,ca87722a00ebf585cd788c67949e7c0b32dca788,1,8,512,64,float32,25,100,14,323.71199131011963,Tesla T4,7.5,2.11.0+cu128,12.8,2026-08-23T19:20:48.203596+00:00
custom_softmax_attention,ca87722a00ebf585cd788c67949e7c0b32dca788,1,8,512,64,float32,25,100,15,331.7759931087494,Tesla T4,7.5,2.11.0+cu128,12.8,2026-08-23T19:20:48.203596+00:00
custom_softmax_attention,ca87722a00ebf585cd788c67949e7c0b32dca788,1,8,512,64,float32,25,100,16,329.53599095344543,Tesla T4,7.5,2.11.0+cu128,12.8,2026-08-23T19:20:48.203596+00:00
custom_softmax_attention,ca87722a00ebf585cd788c67949e7c0b32dca788,1,8,512,64,float32,25,100,17,337.8239870071411,Tesla T4,7.5,2.11.0+cu128,12.8,2026-08-23T19:20:48.203596+00:00
custom_softmax_attention,ca87722a00ebf585cd788c67949e7c0b32dca788,1,8,512,64,float32,25,100,18,330.3999900817871,Tesla T4,7.5,2.11.0+cu128,12.8,2026-08-23T19:20:48.203596+00:00
custom_softmax_attention,ca87722a00ebf585cd788c67949e7c0b32dca788,1,8,512,64,float32,25,100,19,346.1120128631592,Tesla T4,7.5,2.11.0+cu128,12.8,2026-08-23T19:20:48.203596+00:00
custom_softmax_attention,ca87722a00ebf585cd788c67949e7c0b32dca788,1,8,512,64,float32,25,100,20,325.1200020313263,Tesla T4,7.5,2.11.0+cu128,12.8,2026-08-23T19:20:48.203596+00:00
custom_softmax_attention,ca87722a00ebf585cd788c67949e7c0b32dca788,1,8,512,64,float32,25,100,21,327.42398977279663,Tesla T4,7.5,2.11.0+cu128,12.8,2026-08-23T19:20:48.203596+00:00
custom_softmax_attention,ca87722a00ebf585cd788c67949e7c0b32dca788,1,8,512,64,float32,25,100,22,325.28001070022583,Tesla T4,7.5,2.11.0+cu128,12.8,2026-08-23T19:20:48.203596+00:00
custom_softmax_attention,ca87722a00ebf585cd788c67949e7c0b32dca788,1,8,512,64,float32,25,100,23,331.39199018478394,Tesla T4,7.5,2.11.0+cu128,12.8,2026-08-23T19:20:48.203596+00:00
custom_softmax_attention,ca87722a00ebf585cd788c67949e7c0b32dca788,1,8,512,64,float32,25,100,24,341.37600660324097,Tesla T4,7.5,2.11.0+cu128,12.8,2026-08-23T19:20:48.203596+00:00
custom_softmax_attention,ca87722a00ebf585cd788c67949e7c0b32dca788,1,8,512,64,float32,25,100,25,329.69599962234497,Tesla T4,7.5,2.11.0+cu128,12.8,2026-08-23T19:20:48.203596+00:00
custom_softmax_attention,ca87722a00ebf585cd788c67949e7c0b32dca788,1,8,512,64,float32,25,100,26,362.43200302124023,Tesla T4,7.5,2.11.0+cu128,12.8,2026-08-23T19:20:48.203596+00:00
custom_softmax_attention,ca87722a00ebf585cd788c67949e7c0b32dca788,1,8,512,64,float32,25,100,27,327.42398977279663,Tesla T4,7.5,2.11.0+cu128,12.8,2026-08-23T19:20:48.203596+00:00
custom_softmax_attention,ca87722a00ebf585cd788c67949e7c0b32dca788,1,8,512,64,float32,25,100,28,321.53600454330444,Tesla T4,7.5,2.11.0+cu128,12.8,2026-08-23T19:20:48.203596+00:00
custom_softmax_attention,ca87722a00ebf585cd788c67949e7c0b32dca788,1,8,512,64,float32,25,100,29,328.3520042896271,Tesla T4,7.5,2.11.0+cu128,12.8,2026-08-23T19:20:48.203596+00:00
custom_softmax_attention,ca87722a00ebf585cd788c67949e7c0b32dca788,1,8,512,64,float32,25,100,30,325.6959915161133,Tesla T4,7.5,2.11.0+cu128,12.8,2026-08-23T19:20:48.203596+00:00
custom_softmax_attention,ca87722a00ebf585cd788c67949e7c0b32dca788,1,8,512,64,float32,25,100,31,323.93598556518555,Tesla T4,7.5,2.11.0+cu128,12.8,2026-08-23T19:20:48.203596+00:00
custom_softmax_attention,ca87722a00ebf585cd788c67949e7c0b32dca788,1,8,512,64,float32,25,100,32,328.8640081882477,Tesla T4,7.5,2.11.0+cu128,12.8,2026-08-23T19:20:48.203596+00:00
custom_softmax_attention,ca87722a00ebf585cd788c67949e7c0b32dca788,1,8,512,64,float32,25,100,33,328.2879889011383,Tesla T4,7.5,2.11.0+cu128,12.8,2026-08-23T19:20:48.203596+00:00
custom_softmax_attention,ca87722a00ebf585cd788c67949e7c0b32dca788,1,8,512,64,float32,25,100,34,323.0080008506775,Tesla T4,7.5,2.11.0+cu128,12.8,2026-08-23T19:20:48.203596+00:00
custom_softmax_attention,ca87722a00ebf585cd788c67949e7c0b32dca788,1,8,512,64,float32,25,100,35,327.1679878234863,Tesla T4,7.5,2.11.0+cu128,12.8,2026-08-23T19:20:48.203596+00:00
custom_softmax_attention,ca87722a00ebf585cd788c67949e7c0b32dca788,1,8,512,64,float32,25,100,36,321.53600454330444,Tesla T4,7.5,2.11.0+cu128,12.8,2026-08-23T19:20:48.203596+00:00
custom_softmax_attention,ca87722a00ebf585cd788c67949e7c0b32dca788,1,8,512,64,float32,25,100,37,317.4079954624176,Tesla T4,7.5,2.11.0+cu128,12.8,2026-08-23T19:20:48.203596+00:00
custom_softmax_attention,ca87722a00ebf585cd788c67949e7c0b32dca788,1,8,512,64,float32,25,100,38,322.7519989013672,Tesla T4,7.5,2.11.0+cu128,12.8,2026-08-23T19:20:48.203596+00:00
custom_softmax_attention,ca87722a00ebf585cd788c67949e7c0b32dca788,1,8,512,64,float32,25,100,39,317.4079954624176,Tesla T4,7.5,2.11.0+cu128,12.8,2026-08-23T19:20:48.203596+00:00
custom_softmax_attention,ca87722a00ebf585cd788c67949e7c0b32dca788,1,8,512,64,float32,25,100,40,318.36798787117004,Tesla T4,7.5,2.11.0+cu128,12.8,2026-08-23T19:20:48.203596+00:00
custom_softmax_attention,ca87722a00ebf585cd788c67949e7c0b32dca788,1,8,512,64,float32,25,100,41,323.5839903354645,Tesla T4,7.5,2.11.0+cu128,12.8,2026-08-23T19:20:48.203596+00:00
custom_softmax_attention,ca87722a00ebf585cd788c67949e7c0b32dca788,1,8,512,64,float32,25,100,42,320.19200921058655,Tesla T4,7.5,2.11.0+cu128,12.8,2026-08-23T19:20:48.203596+00:00
custom_softmax_attention,ca87722a00ebf585cd788c67949e7c0b32dca788,1,8,512,64,float32,25,100,43,318.91199946403503,Tesla T4,7.5,2.11.0+cu128,12.8,2026-08-23T19:20:48.203596+00:00
custom_softmax_attention,ca87722a00ebf585cd788c67949e7c0b32dca788,1,8,512,64,float32,25,100,44,322.7199912071228,Tesla T4,7.5,2.11.0+cu128,12.8,2026-08-23T19:20:48.203596+00:00
custom_softmax_attention,ca87722a00ebf585cd788c67949e7c0b32dca788,1,8,512,64,float32,25,100,45,319.3280100822449,Tesla T4,7.5,2.11.0+cu128,12.8,2026-08-23T19:20:48.203596+00:00
custom_softmax_attention,ca87722a00ebf585cd788c67949e7c0b32dca788,1,8,512,64,float32,25,100,46,317.440003156662,Tesla T4,7.5,2.11.0+cu128,12.8,2026-08-23T19:20:48.203596+00:00
custom_softmax_attention,ca87722a00ebf585cd788c67949e7c0b32dca788,1,8,512,64,float32,25,100,47,318.04800033569336,Tesla T4,7.5,2.11.0+cu128,12.8,2026-08-23T19:20:48.203596+00:00
custom_softmax_attention,ca87722a00ebf585cd788c67949e7c0b32dca788,1,8,512,64,float32,25,100,48,317.6960051059723,Tesla T4,7.5,2.11.0+cu128,12.8,2026-08-23T19:20:48.203596+00:00
custom_softmax_attention,ca87722a00ebf585cd788c67949e7c0b32dca788,1,8,512,64,float32,25,100,49,317.440003156662,Tesla T4,7.5,2.11.0+cu128,12.8,2026-08-23T19:20:48.203596+00:00
custom_softmax_attention,ca87722a00ebf585cd788c67949e7c0b32dca788,1,8,512,64,float32,25,100,50,319.13599371910095,Tesla T4,7.5,2.11.0+cu128,12.8,2026-08-23T19:20:48.203596+00:00
custom_softmax_attention,ca87722a00ebf585cd788c67949e7c0b32dca788,1,8,512,64,float32,25,100,51,319.16800141334534,Tesla T4,7.5,2.11.0+cu128,12.8,2026-08-23T19:20:48.203596+00:00
custom_softmax_attention,ca87722a00ebf585cd788c67949e7c0b32dca788,1,8,512,64,float32,25,100,52,323.8399922847748,Tesla T4,7.5,2.11.0+cu128,12.8,2026-08-23T19:20:48.203596+00:00
custom_softmax_attention,ca87722a00ebf585cd788c67949e7c0b32dca788,1,8,512,64,float32,25,100,53,336.70398592948914,Tesla T4,7.5,2.11.0+cu128,12.8,2026-08-23T19:20:48.203596+00:00
custom_softmax_attention,ca87722a00ebf585cd788c67949e7c0b32dca788,1,8,512,64,float32,25,100,54,322.52800464630127,Tesla T4,7.5,2.11.0+cu128,12.8,2026-08-23T19:20:48.203596+00:00
custom_softmax_attention,ca87722a00ebf585cd788c67949e7c0b32dca788,1,8,512,64,float32,25,100,55,331.7759931087494,Tesla T4,7.5,2.11.0+cu128,12.8,2026-08-23T19:20:48.203596+00:00
custom_softmax_attention,ca87722a00ebf585cd788c67949e7c0b32dca788,1,8,512,64,float32,25,100,56,322.84799218177795,Tesla T4,7.5,2.11.0+cu128,12.8,2026-08-23T19:20:48.203596+00:00
custom_softmax_attention,ca87722a00ebf585cd788c67949e7c0b32dca788,1,8,512,64,float32,25,100,57,318.9440071582794,Tesla T4,7.5,2.11.0+cu128,12.8,2026-08-23T19:20:48.203596+00:00
custom_softmax_attention,ca87722a00ebf585cd788c67949e7c0b32dca788,1,8,512,64,float32,25,100,58,322.62399792671204,Tesla T4,7.5,2.11.0+cu128,12.8,2026-08-23T19:20:48.203596+00:00
custom_softmax_attention,ca87722a00ebf585cd788c67949e7c0b32dca788,1,8,512,64,float32,25,100,59,320.2880024909973,Tesla T4,7.5,2.11.0+cu128,12.8,2026-08-23T19:20:48.203596+00:00
custom_softmax_attention,ca87722a00ebf585cd788c67949e7c0b32dca788,1,8,512,64,float32,25,100,60,317.440003156662,Tesla T4,7.5,2.11.0+cu128,12.8,2026-08-23T19:20:48.203596+00:00
custom_softmax_attention,ca87722a00ebf585cd788c67949e7c0b32dca788,1,8,512,64,float32,25,100,61,321.8879997730255,Tesla T4,7.5,2.11.0+cu128,12.8,2026-08-23T19:20:48.203596+00:00
custom_softmax_attention,ca87722a00ebf585cd788c67949e7c0b32dca788,1,8,512,64,float32,25,100,62,320.8639919757843,Tesla T4,7.5,2.11.0+cu128,12.8,2026-08-23T19:20:48.203596+00:00
custom_softmax_attention,ca87722a00ebf585cd788c67949e7c0b32dca788,1,8,512,64,float32,25,100,63,317.440003156662,Tesla T4,7.5,2.11.0+cu128,12.8,2026-08-23T19:20:48.203596+00:00
custom_softmax_attention,ca87722a00ebf585cd788c67949e7c0b32dca788,1,8,512,64,float32,25,100,64,343.9039885997772,Tesla T4,7.5,2.11.0+cu128,12.8,2026-08-23T19:20:48.203596+00:00
custom_softmax_attention,ca87722a00ebf585cd788c67949e7c0b32dca788,1,8,512,64,float32,25,100,65,323.35999608039856,Tesla T4,7.5,2.11.0+cu128,12.8,2026-08-23T19:20:48.203596+00:00
custom_softmax_attention,ca87722a00ebf585cd788c67949e7c0b32dca788,1,8,512,64,float32,25,100,66,317.6960051059723,Tesla T4,7.5,2.11.0+cu128,12.8,2026-08-23T19:20:48.203596+00:00
custom_softmax_attention,ca87722a00ebf585cd788c67949e7c0b32dca788,1,8,512,64,float32,25,100,67,324.864000082016,Tesla T4,7.5,2.11.0+cu128,12.8,2026-08-23T19:20:48.203596+00:00
custom_softmax_attention,ca87722a00ebf585cd788c67949e7c0b32dca788,1,8,512,64,float32,25,100,68,321.79200649261475,Tesla T4,7.5,2.11.0+cu128,12.8,2026-08-23T19:20:48.203596+00:00
custom_softmax_attention,ca87722a00ebf585cd788c67949e7c0b32dca788,1,8,512,64,float32,25,100,69,318.56000423431396,Tesla T4,7.5,2.11.0+cu128,12.8,2026-08-23T19:20:48.203596+00:00
custom_softmax_attention,ca87722a00ebf585cd788c67949e7c0b32dca788,1,8,512,64,float32,25,100,70,325.6320059299469,Tesla T4,7.5,2.11.0+cu128,12.8,2026-08-23T19:20:48.203596+00:00
custom_softmax_attention,ca87722a00ebf585cd788c67949e7c0b32dca788,1,8,512,64,float32,25,100,71,322.81601428985596,Tesla T4,7.5,2.11.0+cu128,12.8,2026-08-23T19:20:48.203596+00:00
custom_softmax_attention,ca87722a00ebf585cd788c67949e7c0b32dca788,1,8,512,64,float32,25,100,72,317.440003156662,Tesla T4,7.5,2.11.0+cu128,12.8,2026-08-23T19:20:48.203596+00:00
custom_softmax_attention,ca87722a00ebf585cd788c67949e7c0b32dca788,1,8,512,64,float32,25,100,73,323.93598556518555,Tesla T4,7.5,2.11.0+cu128,12.8,2026-08-23T19:20:48.203596+00:00
custom_softmax_attention,ca87722a00ebf585cd788c67949e7c0b32dca788,1,8,512,64,float32,25,100,74,321.53600454330444,Tesla T4,7.5,2.11.0+cu128,12.8,2026-08-23T19:20:48.203596+00:00
custom_softmax_attention,ca87722a00ebf585cd788c67949e7c0b32dca788,1,8,512,64,float32,25,100,75,322.56001234054565,Tesla T4,7.5,2.11.0+cu128,12.8,2026-08-23T19:20:48.203596+00:00
custom_softmax_attention,ca87722a00ebf585cd788c67949e7c0b32dca788,1,8,512,64,float32,25,100,76,323.61599802970886,Tesla T4,7.5,2.11.0+cu128,12.8,2026-08-23T19:20:48.203596+00:00
custom_softmax_attention,ca87722a00ebf585cd788c67949e7c0b32dca788,1,8,512,64,float32,25,100,77,319.4560110569,Tesla T4,7.5,2.11.0+cu128,12.8,2026-08-23T19:20:48.203596+00:00
custom_softmax_attention,ca87722a00ebf585cd788c67949e7c0b32dca788,1,8,512,64,float32,25,100,78,317.440003156662,Tesla T4,7.5,2.11.0+cu128,12.8,2026-08-23T19:20:48.203596+00:00
custom_softmax_attention,ca87722a00ebf585cd788c67949e7c0b32dca788,1,8,512,64,float32,25,100,79,318.04800033569336,Tesla T4,7.5,2.11.0+cu128,12.8,2026-08-23T19:20:48.203596+00:00
custom_softmax_attention,ca87722a00ebf585cd788c67949e7c0b32dca788,1,8,512,64,float32,25,100,80,319.5199966430664,Tesla T4,7.5,2.11.0+cu128,12.8,2026-08-23T19:20:48.203596+00:00
custom_softmax_attention,ca87722a00ebf585cd788c67949e7c0b32dca788,1,8,512,64,float32,25,100,81,324.6400058269501,Tesla T4,7.5,2.11.0+cu128,12.8,2026-08-23T19:20:48.203596+00:00
custom_softmax_attention,ca87722a00ebf585cd788c67949e7c0b32dca788,1,8,512,64,float32,25,100,82,335.87199449539185,Tesla T4,7.5,2.11.0+cu128,12.8,2026-08-23T19:20:48.203596+00:00
custom_softmax_attention,ca87722a00ebf585cd788c67949e7c0b32dca788,1,8,512,64,float32,25,100,83,323.5839903354645,Tesla T4,7.5,2.11.0+cu128,12.8,2026-08-23T19:20:48.203596+00:00
custom_softmax_attention,ca87722a00ebf585cd788c67949e7c0b32dca788,1,8,512,64,float32,25,100,84,328.73600721359253,Tesla T4,7.5,2.11.0+cu128,12.8,2026-08-23T19:20:48.203596+00:00
custom_softmax_attention,ca87722a00ebf585cd788c67949e7c0b32dca788,1,8,512,64,float32,25,100,85,323.5839903354645,Tesla T4,7.5,2.11.0+cu128,12.8,2026-08-23T19:20:48.203596+00:00
custom_softmax_attention,ca87722a00ebf585cd788c67949e7c0b32dca788,1,8,512,64,float32,25,100,86,321.02400064468384,Tesla T4,7.5,2.11.0+cu128,12.8,2026-08-23T19:20:48.203596+00:00
custom_softmax_attention,ca87722a00ebf585cd788c67949e7c0b32dca788,1,8,512,64,float32,25,100,87,323.8399922847748,Tesla T4,7.5,2.11.0+cu128,12.8,2026-08-23T19:20:48.203596+00:00
custom_softmax_attention,ca87722a00ebf585cd788c67949e7c0b32dca788,1,8,512,64,float32,25,100,88,320.92800736427307,Tesla T4,7.5,2.11.0+cu128,12.8,2026-08-23T19:20:48.203596+00:00
custom_softmax_attention,ca87722a00ebf585cd788c67949e7c0b32dca788,1,8,512,64,float32,25,100,89,318.91199946403503,Tesla T4,7.5,2.11.0+cu128,12.8,2026-08-23T19:20:48.203596+00:00
custom_softmax_attention,ca87722a00ebf585cd788c67949e7c0b32dca788,1,8,512,64,float32,25,100,90,323.42401146888733,Tesla T4,7.5,2.11.0+cu128,12.8,2026-08-23T19:20:48.203596+00:00
custom_softmax_attention,ca87722a00ebf585cd788c67949e7c0b32dca788,1,8,512,64,float32,25,100,91,323.5839903354645,Tesla T4,7.5,2.11.0+cu128,12.8,2026-08-23T19:20:48.203596+00:00
custom_softmax_attention,ca87722a00ebf585cd788c67949e7c0b32dca788,1,8,512,64,float32,25,100,92,317.440003156662,Tesla T4,7.5,2.11.0+cu128,12.8,2026-08-23T19:20:48.203596+00:00
custom_softmax_attention,ca87722a00ebf585cd788c67949e7c0b32dca788,1,8,512,64,float32,25,100,93,323.168009519577,Tesla T4,7.5,2.11.0+cu128,12.8,2026-08-23T19:20:48.203596+00:00
custom_softmax_attention,ca87722a00ebf585cd788c67949e7c0b32dca788,1,8,512,64,float32,25,100,94,319.4560110569,Tesla T4,7.5,2.11.0+cu128,12.8,2026-08-23T19:20:48.203596+00:00
custom_softmax_attention,ca87722a00ebf585cd788c67949e7c0b32dca788,1,8,512,64,float32,25,100,95,314.8159980773926,Tesla T4,7.5,2.11.0+cu128,12.8,2026-08-23T19:20:48.203596+00:00
custom_softmax_attention,ca87722a00ebf585cd788c67949e7c0b32dca788,1,8,512,64,float32,25,100,96,313.34400177001953,Tesla T4,7.5,2.11.0+cu128,12.8,2026-08-23T19:20:48.203596+00:00
custom_softmax_attention,ca87722a00ebf585cd788c67949e7c0b32dca788,1,8,512,64,float32,25,100,97,309.7279965877533,Tesla T4,7.5,2.11.0+cu128,12.8,2026-08-23T19:20:48.203596+00:00
custom_softmax_attention,ca87722a00ebf585cd788c67949e7c0b32dca788,1,8,512,64,float32,25,100,98,309.59999561309814,Tesla T4,7.5,2.11.0+cu128,12.8,2026-08-23T19:20:48.203596+00:00
custom_softmax_attention,ca87722a00ebf585cd788c67949e7c0b32dca788,1,8,512,64,float32,25,100,99,329.3119966983795,Tesla T4,7.5,2.11.0+cu128,12.8,2026-08-23T19:20:48.203596+00:00
pytorch_sdpa,ca87722a00ebf585cd788c67949e7c0b32dca788,1,8,512,64,float32,25,100,0,255.74401021003723,Tesla T4,7.5,2.11.0+cu128,12.8,2026-08-23T19:20:48.237211+00:00
pytorch_sdpa,ca87722a00ebf585cd788c67949e7c0b32dca788,1,8,512,64,float32,25,100,1,268.67198944091797,Tesla T4,7.5,2.11.0+cu128,12.8,2026-08-23T19:20:48.237211+00:00
pytorch_sdpa,ca87722a00ebf585cd788c67949e7c0b32dca788,1,8,512,64,float32,25,100,2,233.2800030708313,Tesla T4,7.5,2.11.0+cu128,12.8,2026-08-23T19:20:48.237211+00:00
pytorch_sdpa,ca87722a00ebf585cd788c67949e7c0b32dca788,1,8,512,64,float32,25,100,3,260.09601354599,Tesla T4,7.5,2.11.0+cu128,12.8,2026-08-23T19:20:48.237211+00:00
pytorch_sdpa,ca87722a00ebf585cd788c67949e7c0b32dca788,1,8,512,64,float32,25,100,4,227.32800245285034,Tesla T4,7.5,2.11.0+cu128,12.8,2026-08-23T19:20:48.237211+00:00
pytorch_sdpa,ca87722a00ebf585cd788c67949e7c0b32dca788,1,8,512,64,float32,25,100,5,244.35199797153473,Tesla T4,7.5,2.11.0+cu128,12.8,2026-08-23T19:20:48.237211+00:00
pytorch_sdpa,ca87722a00ebf585cd788c67949e7c0b32dca788,1,8,512,64,float32,25,100,6,260.09601354599,Tesla T4,7.5,2.11.0+cu128,12.8,2026-08-23T19:20:48.237211+00:00
pytorch_sdpa,ca87722a00ebf585cd788c67949e7c0b32dca788,1,8,512,64,float32,25,100,7,235.52000522613525,Tesla T4,7.5,2.11.0+cu128,12.8,2026-08-23T19:20:48.237211+00:00
pytorch_sdpa,ca87722a00ebf585cd788c67949e7c0b32dca788,1,8,512,64,float32,25,100,8,249.11999702453613,Tesla T4,7.5,2.11.0+cu128,12.8,2026-08-23T19:20:48.237211+00:00
pytorch_sdpa,ca87722a00ebf585cd788c67949e7c0b32dca788,1,8,512,64,float32,25,100,9,227.52000391483307,Tesla T4,7.5,2.11.0+cu128,12.8,2026-08-23T19:20:48.237211+00:00
pytorch_sdpa,ca87722a00ebf585cd788c67949e7c0b32dca788,1,8,512,64,float32,25,100,10,243.52000653743744,Tesla T4,7.5,2.11.0+cu128,12.8,2026-08-23T19:20:48.237211+00:00
pytorch_sdpa,ca87722a00ebf585cd788c67949e7c0b32dca788,1,8,512,64,float32,25,100,11,256.28799200057983,Tesla T4,7.5,2.11.0+cu128,12.8,2026-08-23T19:20:48.237211+00:00
pytorch_sdpa,ca87722a00ebf585cd788c67949e7c0b32dca788,1,8,512,64,float32,25,100,12,251.93598866462708,Tesla T4,7.5,2.11.0+cu128,12.8,2026-08-23T19:20:48.237211+00:00
pytorch_sdpa,ca87722a00ebf585cd788c67949e7c0b32dca788,1,8,512,64,float32,25,100,13,249.85599517822266,Tesla T4,7.5,2.11.0+cu128,12.8,2026-08-23T19:20:48.237211+00:00
pytorch_sdpa,ca87722a00ebf585cd788c67949e7c0b32dca788,1,8,512,64,float32,25,100,14,225.600004196167,Tesla T4,7.5,2.11.0+cu128,12.8,2026-08-23T19:20:48.237211+00:00
pytorch_sdpa,ca87722a00ebf585cd788c67949e7c0b32dca788,1,8,512,64,float32,25,100,15,248.03200364112854,Tesla T4,7.5,2.11.0+cu128,12.8,2026-08-23T19:20:48.237211+00:00
pytorch_sdpa,ca87722a00ebf585cd788c67949e7c0b32dca788,1,8,512,64,float32,25,100,16,248.44799935817719,Tesla T4,7.5,2.11.0+cu128,12.8,2026-08-23T19:20:48.237211+00:00
pytorch_sdpa,ca87722a00ebf585cd788c67949e7c0b32dca788,1,8,512,64,float32,25,100,17,249.7279942035675,Tesla T4,7.5,2.11.0+cu128,12.8,2026-08-23T19:20:48.237211+00:00
pytorch_sdpa,ca87722a00ebf585cd788c67949e7c0b32dca788,1,8,512,64,float32,25,100,18,226.623997092247,Tesla T4,7.5,2.11.0+cu128,12.8,2026-08-23T19:20:48.237211+00:00
pytorch_sdpa,ca87722a00ebf585cd788c67949e7c0b32dca788,1,8,512,64,float32,25,100,19,243.3599978685379,Tesla T4,7.5,2.11.0+cu128,12.8,2026-08-23T19:20:48.237211+00:00
pytorch_sdpa,ca87722a00ebf585cd788c67949e7c0b32dca788,1,8,512,64,float32,25,100,20,260.3839933872223,Tesla T4,7.5,2.11.0+cu128,12.8,2026-08-23T19:20:48.237211+00:00
pytorch_sdpa,ca87722a00ebf585cd788c67949e7c0b32dca788,1,8,512,64,float32,25,100,21,287.84000873565674,Tesla T4,7.5,2.11.0+cu128,12.8,2026-08-23T19:20:48.237211+00:00
pytorch_sdpa,ca87722a00ebf585cd788c67949e7c0b32dca788,1,8,512,64,float32,25,100,22,244.1280037164688,Tesla T4,7.5,2.11.0+cu128,12.8,2026-08-23T19:20:48.237211+00:00
pytorch_sdpa,ca87722a00ebf585cd788c67949e7c0b32dca788,1,8,512,64,float32,25,100,23,244.35199797153473,Tesla T4,7.5,2.11.0+cu128,12.8,2026-08-23T19:20:48.237211+00:00
pytorch_sdpa,ca87722a00ebf585cd788c67949e7c0b32dca788,1,8,512,64,float32,25,100,24,264.3519937992096,Tesla T4,7.5,2.11.0+cu128,12.8,2026-08-23T19:20:48.237211+00:00
pytorch_sdpa,ca87722a00ebf585cd788c67949e7c0b32dca788,1,8,512,64,float32,25,100,25,239.1040027141571,Tesla T4,7.5,2.11.0+cu128,12.8,2026-08-23T19:20:48.237211+00:00
pytorch_sdpa,ca87722a00ebf585cd788c67949e7c0b32dca788,1,8,512,64,float32,25,100,26,245.69599330425262,Tesla T4,7.5,2.11.0+cu128,12.8,2026-08-23T19:20:48.237211+00:00
pytorch_sdpa,ca87722a00ebf585cd788c67949e7c0b32dca788,1,8,512,64,float32,25,100,27,261.31200790405273,Tesla T4,7.5,2.11.0+cu128,12.8,2026-08-23T19:20:48.237211+00:00
pytorch_sdpa,ca87722a00ebf585cd788c67949e7c0b32dca788,1,8,512,64,float32,25,100,28,237.85600066184998,Tesla T4,7.5,2.11.0+cu128,12.8,2026-08-23T19:20:48.237211+00:00
pytorch_sdpa,ca87722a00ebf585cd788c67949e7c0b32dca788,1,8,512,64,float32,25,100,29,253.9519965648651,Tesla T4,7.5,2.11.0+cu128,12.8,2026-08-23T19:20:48.237211+00:00
pytorch_sdpa,ca87722a00ebf585cd788c67949e7c0b32dca788,1,8,512,64,float32,25,100,30,260.0319981575012,Tesla T4,7.5,2.11.0+cu128,12.8,2026-08-23T19:20:48.237211+00:00
pytorch_sdpa,ca87722a00ebf585cd788c67949e7c0b32dca788,1,8,512,64,float32,25,100,31,303.26399207115173,Tesla T4,7.5,2.11.0+cu128,12.8,2026-08-23T19:20:48.237211+00:00
pytorch_sdpa,ca87722a00ebf585cd788c67949e7c0b32dca788,1,8,512,64,float32,25,100,32,284.09600257873535,Tesla T4,7.5,2.11.0+cu128,12.8,2026-08-23T19:20:48.237211+00:00
pytorch_sdpa,ca87722a00ebf585cd788c67949e7c0b32dca788,1,8,512,64,float32,25,100,33,245.69599330425262,Tesla T4,7.5,2.11.0+cu128,12.8,2026-08-23T19:20:48.237211+00:00
pytorch_sdpa,ca87722a00ebf585cd788c67949e7c0b32dca788,1,8,512,64,float32,25,100,34,241.95200204849243,Tesla T4,7.5,2.11.0+cu128,12.8,2026-08-23T19:20:48.237211+00:00
pytorch_sdpa,ca87722a00ebf585cd788c67949e7c0b32dca788,1,8,512,64,float32,25,100,35,311.2959861755371,Tesla T4,7.5,2.11.0+cu128,12.8,2026-08-23T19:20:48.237211+00:00
pytorch_sdpa,ca87722a00ebf585cd788c67949e7c0b32dca788,1,8,512,64,float32,25,100,36,258.04799795150757,Tesla T4,7.5,2.11.0+cu128,12.8,2026-08-23T19:20:48.237211+00:00
pytorch_sdpa,ca87722a00ebf585cd788c67949e7c0b32dca788,1,8,512,64,float32,25,100,37,246.5279996395111,Tesla T4,7.5,2.11.0+cu128,12.8,2026-08-23T19:20:48.237211+00:00
pytorch_sdpa,ca87722a00ebf585cd788c67949e7c0b32dca788,1,8,512,64,float32,25,100,38,245.63199281692505,Tesla T4,7.5,2.11.0+cu128,12.8,2026-08-23T19:20:48.237211+00:00
pytorch_sdpa,ca87722a00ebf585cd788c67949e7c0b32dca788,1,8,512,64,float32,25,100,39,239.42400515079498,Tesla T4,7.5,2.11.0+cu128,12.8,2026-08-23T19:20:48.237211+00:00
pytorch_sdpa,ca87722a00ebf585cd788c67949e7c0b32dca788,1,8,512,64,float32,25,100,40,243.77599358558655,Tesla T4,7.5,2.11.0+cu128,12.8,2026-08-23T19:20:48.237211+00:00
pytorch_sdpa,ca87722a00ebf585cd788c67949e7c0b32dca788,1,8,512,64,float32,25,100,41,247.80799448490143,Tesla T4,7.5,2.11.0+cu128,12.8,2026-08-23T19:20:48.237211+00:00
pytorch_sdpa,ca87722a00ebf585cd788c67949e7c0b32dca788,1,8,512,64,float32,25,100,42,265.79201221466064,Tesla T4,7.5,2.11.0+cu128,12.8,2026-08-23T19:20:48.237211+00:00
pytorch_sdpa,ca87722a00ebf585cd788c67949e7c0b32dca788,1,8,512,64,float32,25,100,43,276.44801139831543,Tesla T4,7.5,2.11.0+cu128,12.8,2026-08-23T19:20:48.237211+00:00
pytorch_sdpa,ca87722a00ebf585cd788c67949e7c0b32dca788,1,8,512,64,float32,25,100,44,235.52000522613525,Tesla T4,7.5,2.11.0+cu128,12.8,2026-08-23T19:20:48.237211+00:00
pytorch_sdpa,ca87722a00ebf585cd788c67949e7c0b32dca788,1,8,512,64,float32,25,100,45,245.85600197315216,Tesla T4,7.5,2.11.0+cu128,12.8,2026-08-23T19:20:48.237211+00:00
pytorch_sdpa,ca87722a00ebf585cd788c67949e7c0b32dca788,1,8,512,64,float32,25,100,46,257.9199969768524,Tesla T4,7.5,2.11.0+cu128,12.8,2026-08-23T19:20:48.237211+00:00
pytorch_sdpa,ca87722a00ebf585cd788c67949e7c0b32dca788,1,8,512,64,float32,25,100,47,269.8560059070587,Tesla T4,7.5,2.11.0+cu128,12.8,2026-08-23T19:20:48.237211+00:00
pytorch_sdpa,ca87722a00ebf585cd788c67949e7c0b32dca788,1,8,512,64,float32,25,100,48,278.56001257896423,Tesla T4,7.5,2.11.0+cu128,12.8,2026-08-23T19:20:48.237211+00:00
pytorch_sdpa,ca87722a00ebf585cd788c67949e7c0b32dca788,1,8,512,64,float32,25,100,49,246.7840015888214,Tesla T4,7.5,2.11.0+cu128,12.8,2026-08-23T19:20:48.237211+00:00
pytorch_sdpa,ca87722a00ebf585cd788c67949e7c0b32dca788,1,8,512,64,float32,25,100,50,254.43199276924133,Tesla T4,7.5,2.11.0+cu128,12.8,2026-08-23T19:20:48.237211+00:00
pytorch_sdpa,ca87722a00ebf585cd788c67949e7c0b32dca788,1,8,512,64,float32,25,100,51,227.32800245285034,Tesla T4,7.5,2.11.0+cu128,12.8,2026-08-23T19:20:48.237211+00:00
pytorch_sdpa,ca87722a00ebf585cd788c67949e7c0b32dca788,1,8,512,64,float32,25,100,52,257.1519911289215,Tesla T4,7.5,2.11.0+cu128,12.8,2026-08-23T19:20:48.237211+00:00
pytorch_sdpa,ca87722a00ebf585cd788c67949e7c0b32dca788,1,8,512,64,float32,25,100,53,247.80799448490143,Tesla T4,7.5,2.11.0+cu128,12.8,2026-08-23T19:20:48.237211+00:00
pytorch_sdpa,ca87722a00ebf585cd788c67949e7c0b32dca788,1,8,512,64,float32,25,100,54,243.52000653743744,Tesla T4,7.5,2.11.0+cu128,12.8,2026-08-23T19:20:48.237211+00:00
pytorch_sdpa,ca87722a00ebf585cd788c67949e7c0b32dca788,1,8,512,64,float32,25,100,55,241.72799289226532,Tesla T4,7.5,2.11.0+cu128,12.8,2026-08-23T19:20:48.237211+00:00
pytorch_sdpa,ca87722a00ebf585cd788c67949e7c0b32dca788,1,8,512,64,float32,25,100,56,264.19198513031006,Tesla T4,7.5,2.11.0+cu128,12.8,2026-08-23T19:20:48.237211+00:00
pytorch_sdpa,ca87722a00ebf585cd788c67949e7c0b32dca788,1,8,512,64,float32,25,100,57,270.33600211143494,Tesla T4,7.5,2.11.0+cu128,12.8,2026-08-23T19:20:48.237211+00:00
pytorch_sdpa,ca87722a00ebf585cd788c67949e7c0b32dca788,1,8,512,64,float32,25,100,58,245.7599937915802,Tesla T4,7.5,2.11.0+cu128,12.8,2026-08-23T19:20:48.237211+00:00
pytorch_sdpa,ca87722a00ebf585cd788c67949e7c0b32dca788,1,8,512,64,float32,25,100,59,244.4480061531067,Tesla T4,7.5,2.11.0+cu128,12.8,2026-08-23T19:20:48.237211+00:00
pytorch_sdpa,ca87722a00ebf585cd788c67949e7c0b32dca788,1,8,512,64,float32,25,100,60,259.90399718284607,Tesla T4,7.5,2.11.0+cu128,12.8,2026-08-23T19:20:48.237211+00:00
pytorch_sdpa,ca87722a00ebf585cd788c67949e7c0b32dca788,1,8,512,64,float32,25,100,61,227.32800245285034,Tesla T4,7.5,2.11.0+cu128,12.8,2026-08-23T19:20:48.237211+00:00
pytorch_sdpa,ca87722a00ebf585cd788c67949e7c0b32dca788,1,8,512,64,float32,25,100,62,227.32800245285034,Tesla T4,7.5,2.11.0+cu128,12.8,2026-08-23T19:20:48.237211+00:00
pytorch_sdpa,ca87722a00ebf585cd788c67949e7c0b32dca788,1,8,512,64,float32,25,100,63,253.9519965648651,Tesla T4,7.5,2.11.0+cu128,12.8,2026-08-23T19:20:48.237211+00:00
pytorch_sdpa,ca87722a00ebf585cd788c67949e7c0b32dca788,1,8,512,64,float32,25,100,64,229.63200509548187,Tesla T4,7.5,2.11.0+cu128,12.8,2026-08-23T19:20:48.237211+00:00
pytorch_sdpa,ca87722a00ebf585cd788c67949e7c0b32dca788,1,8,512,64,float32,25,100,65,226.81599855422974,Tesla T4,7.5,2.11.0+cu128,12.8,2026-08-23T19:20:48.237211+00:00
pytorch_sdpa,ca87722a00ebf585cd788c67949e7c0b32dca788,1,8,512,64,float32,25,100,66,225.600004196167,Tesla T4,7.5,2.11.0+cu128,12.8,2026-08-23T19:20:48.237211+00:00
pytorch_sdpa,ca87722a00ebf585cd788c67949e7c0b32dca788,1,8,512,64,float32,25,100,67,239.45599794387817,Tesla T4,7.5,2.11.0+cu128,12.8,2026-08-23T19:20:48.237211+00:00
pytorch_sdpa,ca87722a00ebf585cd788c67949e7c0b32dca788,1,8,512,64,float32,25,100,68,225.95199942588806,Tesla T4,7.5,2.11.0+cu128,12.8,2026-08-23T19:20:48.237211+00:00
pytorch_sdpa,ca87722a00ebf585cd788c67949e7c0b32dca788,1,8,512,64,float32,25,100,69,223.23200106620789,Tesla T4,7.5,2.11.0+cu128,12.8,2026-08-23T19:20:48.237211+00:00
pytorch_sdpa,ca87722a00ebf585cd788c67949e7c0b32dca788,1,8,512,64,float32,25,100,70,221.40799462795258,Tesla T4,7.5,2.11.0+cu128,12.8,2026-08-23T19:20:48.237211+00:00
pytorch_sdpa,ca87722a00ebf585cd788c67949e7c0b32dca788,1,8,512,64,float32,25,100,71,237.21599578857422,Tesla T4,7.5,2.11.0+cu128,12.8,2026-08-23T19:20:48.237211+00:00
pytorch_sdpa,ca87722a00ebf585cd788c67949e7c0b32dca788,1,8,512,64,float32,25,100,72,225.69599747657776,Tesla T4,7.5,2.11.0+cu128,12.8,2026-08-23T19:20:48.237211+00:00
pytorch_sdpa,ca87722a00ebf585cd788c67949e7c0b32dca788,1,8,512,64,float32,25,100,73,222.6559966802597,Tesla T4,7.5,2.11.0+cu128,12.8,2026-08-23T19:20:48.237211+00:00
pytorch_sdpa,ca87722a00ebf585cd788c67949e7c0b32dca788,1,8,512,64,float32,25,100,74,221.0880070924759,Tesla T4,7.5,2.11.0+cu128,12.8,2026-08-23T19:20:48.237211+00:00
pytorch_sdpa,ca87722a00ebf585cd788c67949e7c0b32dca788,1,8,512,64,float32,25,100,75,241.43999814987183,Tesla T4,7.5,2.11.0+cu128,12.8,2026-08-23T19:20:48.237211+00:00
pytorch_sdpa,ca87722a00ebf585cd788c67949e7c0b32dca788,1,8,512,64,float32,25,100,76,225.50399601459503,Tesla T4,7.5,2.11.0+cu128,12.8,2026-08-23T19:20:48.237211+00:00
pytorch_sdpa,ca87722a00ebf585cd788c67949e7c0b32dca788,1,8,512,64,float32,25,100,77,221.5680032968521,Tesla T4,7.5,2.11.0+cu128,12.8,2026-08-23T19:20:48.237211+00:00
pytorch_sdpa,ca87722a00ebf585cd788c67949e7c0b32dca788,1,8,512,64,float32,25,100,78,221.18400037288666,Tesla T4,7.5,2.11.0+cu128,12.8,2026-08-23T19:20:48.237211+00:00
pytorch_sdpa,ca87722a00ebf585cd788c67949e7c0b32dca788,1,8,512,64,float32,25,100,79,249.85599517822266,Tesla T4,7.5,2.11.0+cu128,12.8,2026-08-23T19:20:48.237211+00:00
pytorch_sdpa,ca87722a00ebf585cd788c67949e7c0b32dca788,1,8,512,64,float32,25,100,80,251.90401077270508,Tesla T4,7.5,2.11.0+cu128,12.8,2026-08-23T19:20:48.237211+00:00
pytorch_sdpa,ca87722a00ebf585cd788c67949e7c0b32dca788,1,8,512,64,float32,25,100,81,249.85599517822266,Tesla T4,7.5,2.11.0+cu128,12.8,2026-08-23T19:20:48.237211+00:00
pytorch_sdpa,ca87722a00ebf585cd788c67949e7c0b32dca788,1,8,512,64,float32,25,100,82,271.263986825943,Tesla T4,7.5,2.11.0+cu128,12.8,2026-08-23T19:20:48.237211+00:00
pytorch_sdpa,ca87722a00ebf585cd788c67949e7c0b32dca788,1,8,512,64,float32,25,100,83,250.2399981021881,Tesla T4,7.5,2.11.0+cu128,12.8,2026-08-23T19:20:48.237211+00:00
pytorch_sdpa,ca87722a00ebf585cd788c67949e7c0b32dca788,1,8,512,64,float32,25,100,84,249.85599517822266,Tesla T4,7.5,2.11.0+cu128,12.8,2026-08-23T19:20:48.237211+00:00
pytorch_sdpa,ca87722a00ebf585cd788c67949e7c0b32dca788,1,8,512,64,float32,25,100,85,278.52800488471985,Tesla T4,7.5,2.11.0+cu128,12.8,2026-08-23T19:20:48.237211+00:00
pytorch_sdpa,ca87722a00ebf585cd788c67949e7c0b32dca788,1,8,512,64,float32,25,100,86,264.19198513031006,Tesla T4,7.5,2.11.0+cu128,12.8,2026-08-23T19:20:48.237211+00:00
pytorch_sdpa,ca87722a00ebf585cd788c67949e7c0b32dca788,1,8,512,64,float32,25,100,87,259.552001953125,Tesla T4,7.5,2.11.0+cu128,12.8,2026-08-23T19:20:48.237211+00:00
pytorch_sdpa,ca87722a00ebf585cd788c67949e7c0b32dca788,1,8,512,64,float32,25,100,88,258.04799795150757,Tesla T4,7.5,2.11.0+cu128,12.8,2026-08-23T19:20:48.237211+00:00
pytorch_sdpa,ca87722a00ebf585cd788c67949e7c0b32dca788,1,8,512,64,float32,25,100,89,257.60000944137573,Tesla T4,7.5,2.11.0+cu128,12.8,2026-08-23T19:20:48.237211+00:00
pytorch_sdpa,ca87722a00ebf585cd788c67949e7c0b32dca788,1,8,512,64,float32,25,100,90,253.79198789596558,Tesla T4,7.5,2.11.0+cu128,12.8,2026-08-23T19:20:48.237211+00:00
pytorch_sdpa,ca87722a00ebf585cd788c67949e7c0b32dca788,1,8,512,64,float32,25,100,91,252.44799256324768,Tesla T4,7.5,2.11.0+cu128,12.8,2026-08-23T19:20:48.237211+00:00
pytorch_sdpa,ca87722a00ebf585cd788c67949e7c0b32dca788,1,8,512,64,float32,25,100,92,245.2480047941208,Tesla T4,7.5,2.11.0+cu128,12.8,2026-08-23T19:20:48.237211+00:00
pytorch_sdpa,ca87722a00ebf585cd788c67949e7c0b32dca788,1,8,512,64,float32,25,100,93,227.64800488948822,Tesla T4,7.5,2.11.0+cu128,12.8,2026-08-23T19:20:48.237211+00:00
pytorch_sdpa,ca87722a00ebf585cd788c67949e7c0b32dca788,1,8,512,64,float32,25,100,94,222.24000096321106,Tesla T4,7.5,2.11.0+cu128,12.8,2026-08-23T19:20:48.237211+00:00
pytorch_sdpa,ca87722a00ebf585cd788c67949e7c0b32dca788,1,8,512,64,float32,25,100,95,221.18400037288666,Tesla T4,7.5,2.11.0+cu128,12.8,2026-08-23T19:20:48.237211+00:00
pytorch_sdpa,ca87722a00ebf585cd788c67949e7c0b32dca788,1,8,512,64,float32,25,100,96,240.09600281715393,Tesla T4,7.5,2.11.0+cu128,12.8,2026-08-23T19:20:48.237211+00:00
pytorch_sdpa,ca87722a00ebf585cd788c67949e7c0b32dca788,1,8,512,64,float32,25,100,97,226.84800624847412,Tesla T4,7.5,2.11.0+cu128,12.8,2026-08-23T19:20:48.237211+00:00
pytorch_sdpa,ca87722a00ebf585cd788c67949e7c0b32dca788,1,8,512,64,float32,25,100,98,222.88000583648682,Tesla T4,7.5,2.11.0+cu128,12.8,2026-08-23T19:20:48.237211+00:00
pytorch_sdpa,ca87722a00ebf585cd788c67949e7c0b32dca788,1,8,512,64,float32,25,100,99,229.24800217151642,Tesla T4,7.5,2.11.0+cu128,12.8,2026-08-23T19:20:48.237211+00:00
explicit_pytorch,ca87722a00ebf585cd788c67949e7c0b32dca788,1,8,768,64,float32,25,100,0,1113.4079694747925,Tesla T4,7.5,2.11.0+cu128,12.8,2026-08-23T19:20:48.385507+00:00
explicit_pytorch,ca87722a00ebf585cd788c67949e7c0b32dca788,1,8,768,64,float32,25,100,1,1083.3920240402222,Tesla T4,7.5,2.11.0+cu128,12.8,2026-08-23T19:20:48.385507+00:00
explicit_pytorch,ca87722a00ebf585cd788c67949e7c0b32dca788,1,8,768,64,float32,25,100,2,1081.3119411468506,Tesla T4,7.5,2.11.0+cu128,12.8,2026-08-23T19:20:48.385507+00:00
explicit_pytorch,ca87722a00ebf585cd788c67949e7c0b32dca788,1,8,768,64,float32,25,100,3,1075.32799243927,Tesla T4,7.5,2.11.0+cu128,12.8,2026-08-23T19:20:48.385507+00:00
explicit_pytorch,ca87722a00ebf585cd788c67949e7c0b32dca788,1,8,768,64,float32,25,100,4,1091.9040441513062,Tesla T4,7.5,2.11.0+cu128,12.8,2026-08-23T19:20:48.385507+00:00
explicit_pytorch,ca87722a00ebf585cd788c67949e7c0b32dca788,1,8,768,64,float32,25,100,5,1078.4000158309937,Tesla T4,7.5,2.11.0+cu128,12.8,2026-08-23T19:20:48.385507+00:00
explicit_pytorch,ca87722a00ebf585cd788c67949e7c0b32dca788,1,8,768,64,float32,25,100,6,1078.976035118103,Tesla T4,7.5,2.11.0+cu128,12.8,2026-08-23T19:20:48.385507+00:00
explicit_pytorch,ca87722a00ebf585cd788c67949e7c0b32dca788,1,8,768,64,float32,25,100,7,1071.3599920272827,Tesla T4,7.5,2.11.0+cu128,12.8,2026-08-23T19:20:48.385507+00:00
explicit_pytorch,ca87722a00ebf585cd788c67949e7c0b32dca788,1,8,768,64,float32,25,100,8,1073.2799768447876,Tesla T4,7.5,2.11.0+cu128,12.8,2026-08-23T19:20:48.385507+00:00
explicit_pytorch,ca87722a00ebf585cd788c67949e7c0b32dca788,1,8,768,64,float32,25,100,9,1067.296028137207,Tesla T4,7.5,2.11.0+cu128,12.8,2026-08-23T19:20:48.385507+00:00
explicit_pytorch,ca87722a00ebf585cd788c67949e7c0b32dca788,1,8,768,64,float32,25,100,10,1073.15194606781,Tesla T4,7.5,2.11.0+cu128,12.8,2026-08-23T19:20:48.385507+00:00
explicit_pytorch,ca87722a00ebf585cd788c67949e7c0b32dca788,1,8,768,64,float32,25,100,11,1081.984043121338,Tesla T4,7.5,2.11.0+cu128,12.8,2026-08-23T19:20:48.385507+00:00
explicit_pytorch,ca87722a00ebf585cd788c67949e7c0b32dca788,1,8,768,64,float32,25,100,12,1070.3359842300415,Tesla T4,7.5,2.11.0+cu128,12.8,2026-08-23T19:20:48.385507+00:00
explicit_pytorch,ca87722a00ebf585cd788c67949e7c0b32dca788,1,8,768,64,float32,25,100,13,1072.0000267028809,Tesla T4,7.5,2.11.0+cu128,12.8,2026-08-23T19:20:48.385507+00:00
explicit_pytorch,ca87722a00ebf585cd788c67949e7c0b32dca788,1,8,768,64,float32,25,100,14,1071.1040496826172,Tesla T4,7.5,2.11.0+cu128,12.8,2026-08-23T19:20:48.385507+00:00
explicit_pytorch,ca87722a00ebf585cd788c67949e7c0b32dca788,1,8,768,64,float32,25,100,15,1082.0480585098267,Tesla T4,7.5,2.11.0+cu128,12.8,2026-08-23T19:20:48.385507+00:00
explicit_pytorch,ca87722a00ebf585cd788c67949e7c0b32dca788,1,8,768,64,float32,25,100,16,1084.4800472259521,Tesla T4,7.5,2.11.0+cu128,12.8,2026-08-23T19:20:48.385507+00:00
explicit_pytorch,ca87722a00ebf585cd788c67949e7c0b32dca788,1,8,768,64,float32,25,100,17,1071.7439651489258,Tesla T4,7.5,2.11.0+cu128,12.8,2026-08-23T19:20:48.385507+00:00
explicit_pytorch,ca87722a00ebf585cd788c67949e7c0b32dca788,1,8,768,64,float32,25,100,18,1074.720025062561,Tesla T4,7.5,2.11.0+cu128,12.8,2026-08-23T19:20:48.385507+00:00
explicit_pytorch,ca87722a00ebf585cd788c67949e7c0b32dca788,1,8,768,64,float32,25,100,19,1089.6320343017578,Tesla T4,7.5,2.11.0+cu128,12.8,2026-08-23T19:20:48.385507+00:00
explicit_pytorch,ca87722a00ebf585cd788c67949e7c0b32dca788,1,8,768,64,float32,25,100,20,1077.1839618682861,Tesla T4,7.5,2.11.0+cu128,12.8,2026-08-23T19:20:48.385507+00:00
explicit_pytorch,ca87722a00ebf585cd788c67949e7c0b32dca788,1,8,768,64,float32,25,100,21,1070.7199573516846,Tesla T4,7.5,2.11.0+cu128,12.8,2026-08-23T19:20:48.385507+00:00
explicit_pytorch,ca87722a00ebf585cd788c67949e7c0b32dca788,1,8,768,64,float32,25,100,22,1071.1040496826172,Tesla T4,7.5,2.11.0+cu128,12.8,2026-08-23T19:20:48.385507+00:00
explicit_pytorch,ca87722a00ebf585cd788c67949e7c0b32dca788,1,8,768,64,float32,25,100,23,1073.3439922332764,Tesla T4,7.5,2.11.0+cu128,12.8,2026-08-23T19:20:48.385507+00:00
explicit_pytorch,ca87722a00ebf585cd788c67949e7c0b32dca788,1,8,768,64,float32,25,100,24,1072.5120306015015,Tesla T4,7.5,2.11.0+cu128,12.8,2026-08-23T19:20:48.385507+00:00
explicit_pytorch,ca87722a00ebf585cd788c67949e7c0b32dca788,1,8,768,64,float32,25,100,25,1097.0239639282227,Tesla T4,7.5,2.11.0+cu128,12.8,2026-08-23T19:20:48.385507+00:00
explicit_pytorch,ca87722a00ebf585cd788c67949e7c0b32dca788,1,8,768,64,float32,25,100,26,1089.951992034912,Tesla T4,7.5,2.11.0+cu128,12.8,2026-08-23T19:20:48.385507+00:00
explicit_pytorch,ca87722a00ebf585cd788c67949e7c0b32dca788,1,8,768,64,float32,25,100,27,1087.488055229187,Tesla T4,7.5,2.11.0+cu128,12.8,2026-08-23T19:20:48.385507+00:00
explicit_pytorch,ca87722a00ebf585cd788c67949e7c0b32dca788,1,8,768,64,float32,25,100,28,1083.8079452514648,Tesla T4,7.5,2.11.0+cu128,12.8,2026-08-23T19:20:48.385507+00:00
explicit_pytorch,ca87722a00ebf585cd788c67949e7c0b32dca788,1,8,768,64,float32,25,100,29,1093.727946281433,Tesla T4,7.5,2.11.0+cu128,12.8,2026-08-23T19:20:48.385507+00:00
explicit_pytorch,ca87722a00ebf585cd788c67949e7c0b32dca788,1,8,768,64,float32,25,100,30,1082.5920104980469,Tesla T4,7.5,2.11.0+cu128,12.8,2026-08-23T19:20:48.385507+00:00
explicit_pytorch,ca87722a00ebf585cd788c67949e7c0b32dca788,1,8,768,64,float32,25,100,31,1070.9760189056396,Tesla T4,7.5,2.11.0+cu128,12.8,2026-08-23T19:20:48.385507+00:00
explicit_pytorch,ca87722a00ebf585cd788c67949e7c0b32dca788,1,8,768,64,float32,25,100,32,1061.3759756088257,Tesla T4,7.5,2.11.0+cu128,12.8,2026-08-23T19:20:48.385507+00:00
explicit_pytorch,ca87722a00ebf585cd788c67949e7c0b32dca788,1,8,768,64,float32,25,100,33,1064.96000289917,Tesla T4,7.5,2.11.0+cu128,12.8,2026-08-23T19:20:48.385507+00:00
explicit_pytorch,ca87722a00ebf585cd788c67949e7c0b32dca788,1,8,768,64,float32,25,100,34,1059.2960119247437,Tesla T4,7.5,2.11.0+cu128,12.8,2026-08-23T19:20:48.385507+00:00
explicit_pytorch,ca87722a00ebf585cd788c67949e7c0b32dca788,1,8,768,64,float32,25,100,35,1066.912055015564,Tesla T4,7.5,2.11.0+cu128,12.8,2026-08-23T19:20:48.385507+00:00
explicit_pytorch,ca87722a00ebf585cd788c67949e7c0b32dca788,1,8,768,64,float32,25,100,36,1063.0719661712646,Tesla T4,7.5,2.11.0+cu128,12.8,2026-08-23T19:20:48.385507+00:00
explicit_pytorch,ca87722a00ebf585cd788c67949e7c0b32dca788,1,8,768,64,float32,25,100,37,1062.6879930496216,Tesla T4,7.5,2.11.0+cu128,12.8,2026-08-23T19:20:48.385507+00:00
explicit_pytorch,ca87722a00ebf585cd788c67949e7c0b32dca788,1,8,768,64,float32,25,100,38,1071.679949760437,Tesla T4,7.5,2.11.0+cu128,12.8,2026-08-23T19:20:48.385507+00:00
explicit_pytorch,ca87722a00ebf585cd788c67949e7c0b32dca788,1,8,768,64,float32,25,100,39,1060.863971710205,Tesla T4,7.5,2.11.0+cu128,12.8,2026-08-23T19:20:48.385507+00:00
explicit_pytorch,ca87722a00ebf585cd788c67949e7c0b32dca788,1,8,768,64,float32,25,100,40,1067.9680109024048,Tesla T4,7.5,2.11.0+cu128,12.8,2026-08-23T19:20:48.385507+00:00
explicit_pytorch,ca87722a00ebf585cd788c67949e7c0b32dca788,1,8,768,64,float32,25,100,41,1064.5439624786377,Tesla T4,7.5,2.11.0+cu128,12.8,2026-08-23T19:20:48.385507+00:00
explicit_pytorch,ca87722a00ebf585cd788c67949e7c0b32dca788,1,8,768,64,float32,25,100,42,1060.7359409332275,Tesla T4,7.5,2.11.0+cu128,12.8,2026-08-23T19:20:48.385507+00:00
explicit_pytorch,ca87722a00ebf585cd788c67949e7c0b32dca788,1,8,768,64,float32,25,100,43,1063.9679431915283,Tesla T4,7.5,2.11.0+cu128,12.8,2026-08-23T19:20:48.385507+00:00
explicit_pytorch,ca87722a00ebf585cd788c67949e7c0b32dca788,1,8,768,64,float32,25,100,44,1060.863971710205,Tesla T4,7.5,2.11.0+cu128,12.8,2026-08-23T19:20:48.385507+00:00
explicit_pytorch,ca87722a00ebf585cd788c67949e7c0b32dca788,1,8,768,64,float32,25,100,45,1062.9119873046875,Tesla T4,7.5,2.11.0+cu128,12.8,2026-08-23T19:20:48.385507+00:00
explicit_pytorch,ca87722a00ebf585cd788c67949e7c0b32dca788,1,8,768,64,float32,25,100,46,1092.0000076293945,Tesla T4,7.5,2.11.0+cu128,12.8,2026-08-23T19:20:48.385507+00:00
explicit_pytorch,ca87722a00ebf585cd788c67949e7c0b32dca788,1,8,768,64,float32,25,100,47,1080.7679891586304,Tesla T4,7.5,2.11.0+cu128,12.8,2026-08-23T19:20:48.385507+00:00
explicit_pytorch,ca87722a00ebf585cd788c67949e7c0b32dca788,1,8,768,64,float32,25,100,48,1059.3600273132324,Tesla T4,7.5,2.11.0+cu128,12.8,2026-08-23T19:20:48.385507+00:00
explicit_pytorch,ca87722a00ebf585cd788c67949e7c0b32dca788,1,8,768,64,float32,25,100,49,1085.6959819793701,Tesla T4,7.5,2.11.0+cu128,12.8,2026-08-23T19:20:48.385507+00:00
explicit_pytorch,ca87722a00ebf585cd788c67949e7c0b32dca788,1,8,768,64,float32,25,100,50,1073.15194606781,Tesla T4,7.5,2.11.0+cu128,12.8,2026-08-23T19:20:48.385507+00:00
explicit_pytorch,ca87722a00ebf585cd788c67949e7c0b32dca788,1,8,768,64,float32,25,100,51,1064.5760297775269,Tesla T4,7.5,2.11.0+cu128,12.8,2026-08-23T19:20:48.385507+00:00
explicit_pytorch,ca87722a00ebf585cd788c67949e7c0b32dca788,1,8,768,64,float32,25,100,52,1062.8479719161987,Tesla T4,7.5,2.11.0+cu128,12.8,2026-08-23T19:20:48.385507+00:00
explicit_pytorch,ca87722a00ebf585cd788c67949e7c0b32dca788,1,8,768,64,float32,25,100,53,1066.1439895629883,Tesla T4,7.5,2.11.0+cu128,12.8,2026-08-23T19:20:48.385507+00:00
explicit_pytorch,ca87722a00ebf585cd788c67949e7c0b32dca788,1,8,768,64,float32,25,100,54,1069.1200494766235,Tesla T4,7.5,2.11.0+cu128,12.8,2026-08-23T19:20:48.385507+00:00
explicit_pytorch,ca87722a00ebf585cd788c67949e7c0b32dca788,1,8,768,64,float32,25,100,55,1060.863971710205,Tesla T4,7.5,2.11.0+cu128,12.8,2026-08-23T19:20:48.385507+00:00
explicit_pytorch,ca87722a00ebf585cd788c67949e7c0b32dca788,1,8,768,64,float32,25,100,56,1075.6160020828247,Tesla T4,7.5,2.11.0+cu128,12.8,2026-08-23T19:20:48.385507+00:00
explicit_pytorch,ca87722a00ebf585cd788c67949e7c0b32dca788,1,8,768,64,float32,25,100,57,1070.4959630966187,Tesla T4,7.5,2.11.0+cu128,12.8,2026-08-23T19:20:48.385507+00:00
explicit_pytorch,ca87722a00ebf585cd788c67949e7c0b32dca788,1,8,768,64,float32,25,100,58,1067.0080184936523,Tesla T4,7.5,2.11.0+cu128,12.8,2026-08-23T19:20:48.385507+00:00
explicit_pytorch,ca87722a00ebf585cd788c67949e7c0b32dca788,1,8,768,64,float32,25,100,59,1071.1040496826172,Tesla T4,7.5,2.11.0+cu128,12.8,2026-08-23T19:20:48.385507+00:00
explicit_pytorch,ca87722a00ebf585cd788c67949e7c0b32dca788,1,8,768,64,float32,25,100,60,1064.9919509887695,Tesla T4,7.5,2.11.0+cu128,12.8,2026-08-23T19:20:48.385507+00:00
explicit_pytorch,ca87722a00ebf585cd788c67949e7c0b32dca788,1,8,768,64,float32,25,100,61,1066.5279626846313,Tesla T4,7.5,2.11.0+cu128,12.8,2026-08-23T19:20:48.385507+00:00
explicit_pytorch,ca87722a00ebf585cd788c67949e7c0b32dca788,1,8,768,64,float32,25,100,62,1067.8399801254272,Tesla T4,7.5,2.11.0+cu128,12.8,2026-08-23T19:20:48.385507+00:00
explicit_pytorch,ca87722a00ebf585cd788c67949e7c0b32dca788,1,8,768,64,float32,25,100,63,1065.8559799194336,Tesla T4,7.5,2.11.0+cu128,12.8,2026-08-23T19:20:48.385507+00:00
explicit_pytorch,ca87722a00ebf585cd788c67949e7c0b32dca788,1,8,768,64,float32,25,100,64,1070.3680515289307,Tesla T4,7.5,2.11.0+cu128,12.8,2026-08-23T19:20:48.385507+00:00
explicit_pytorch,ca87722a00ebf585cd788c67949e7c0b32dca788,1,8,768,64,float32,25,100,65,1067.9680109024048,Tesla T4,7.5,2.11.0+cu128,12.8,2026-08-23T19:20:48.385507+00:00
explicit_pytorch,ca87722a00ebf585cd788c67949e7c0b32dca788,1,8,768,64,float32,25,100,66,1075.9999752044678,Tesla T4,7.5,2.11.0+cu128,12.8,2026-08-23T19:20:48.385507+00:00
explicit_pytorch,ca87722a00ebf585cd788c67949e7c0b32dca788,1,8,768,64,float32,25,100,67,1070.5599784851074,Tesla T4,7.5,2.11.0+cu128,12.8,2026-08-23T19:20:48.385507+00:00
explicit_pytorch,ca87722a00ebf585cd788c67949e7c0b32dca788,1,8,768,64,float32,25,100,68,1063.87197971344,Tesla T4,7.5,2.11.0+cu128,12.8,2026-08-23T19:20:48.385507+00:00
explicit_pytorch,ca87722a00ebf585cd788c67949e7c0b32dca788,1,8,768,64,float32,25,100,69,1067.0080184936523,Tesla T4,7.5,2.11.0+cu128,12.8,2026-08-23T19:20:48.385507+00:00
explicit_pytorch,ca87722a00ebf585cd788c67949e7c0b32dca788,1,8,768,64,float32,25,100,70,1067.4240589141846,Tesla T4,7.5,2.11.0+cu128,12.8,2026-08-23T19:20:48.385507+00:00
explicit_pytorch,ca87722a00ebf585cd788c67949e7c0b32dca788,1,8,768,64,float32,25,100,71,1066.6879415512085,Tesla T4,7.5,2.11.0+cu128,12.8,2026-08-23T19:20:48.385507+00:00
explicit_pytorch,ca87722a00ebf585cd788c67949e7c0b32dca788,1,8,768,64,float32,25,100,72,1066.9759511947632,Tesla T4,7.5,2.11.0+cu128,12.8,2026-08-23T19:20:48.385507+00:00
explicit_pytorch,ca87722a00ebf585cd788c67949e7c0b32dca788,1,8,768,64,float32,25,100,73,1062.9119873046875,Tesla T4,7.5,2.11.0+cu128,12.8,2026-08-23T19:20:48.385507+00:00
explicit_pytorch,ca87722a00ebf585cd788c67949e7c0b32dca788,1,8,768,64,float32,25,100,74,1065.119981765747,Tesla T4,7.5,2.11.0+cu128,12.8,2026-08-23T19:20:48.385507+00:00
explicit_pytorch,ca87722a00ebf585cd788c67949e7c0b32dca788,1,8,768,64,float32,25,100,75,1066.4639472961426,Tesla T4,7.5,2.11.0+cu128,12.8,2026-08-23T19:20:48.385507+00:00
explicit_pytorch,ca87722a00ebf585cd788c67949e7c0b32dca788,1,8,768,64,float32,25,100,76,1068.5440301895142,Tesla T4,7.5,2.11.0+cu128,12.8,2026-08-23T19:20:48.385507+00:00
explicit_pytorch,ca87722a00ebf585cd788c67949e7c0b32dca788,1,8,768,64,float32,25,100,77,1082.7840566635132,Tesla T4,7.5,2.11.0+cu128,12.8,2026-08-23T19:20:48.385507+00:00
explicit_pytorch,ca87722a00ebf585cd788c67949e7c0b32dca788,1,8,768,64,float32,25,100,78,1069.375991821289,Tesla T4,7.5,2.11.0+cu128,12.8,2026-08-23T19:20:48.385507+00:00
explicit_pytorch,ca87722a00ebf585cd788c67949e7c0b32dca788,1,8,768,64,float32,25,100,79,1087.4559879302979,Tesla T4,7.5,2.11.0+cu128,12.8,2026-08-23T19:20:48.385507+00:00
explicit_pytorch,ca87722a00ebf585cd788c67949e7c0b32dca788,1,8,768,64,float32,25,100,80,1069.5680379867554,Tesla T4,7.5,2.11.0+cu128,12.8,2026-08-23T19:20:48.385507+00:00
explicit_pytorch,ca87722a00ebf585cd788c67949e7c0b32dca788,1,8,768,64,float32,25,100,81,1068.3200359344482,Tesla T4,7.5,2.11.0+cu128,12.8,2026-08-23T19:20:48.385507+00:00
explicit_pytorch,ca87722a00ebf585cd788c67949e7c0b32dca788,1,8,768,64,float32,25,100,82,1065.824031829834,Tesla T4,7.5,2.11.0+cu128,12.8,2026-08-23T19:20:48.385507+00:00
explicit_pytorch,ca87722a00ebf585cd788c67949e7c0b32dca788,1,8,768,64,float32,25,100,83,1077.247977256775,Tesla T4,7.5,2.11.0+cu128,12.8,2026-08-23T19:20:48.385507+00:00
explicit_pytorch,ca87722a00ebf585cd788c67949e7c0b32dca788,1,8,768,64,float32,25,100,84,1079.3919563293457,Tesla T4,7.5,2.11.0+cu128,12.8,2026-08-23T19:20:48.385507+00:00
explicit_pytorch,ca87722a00ebf585cd788c67949e7c0b32dca788,1,8,768,64,float32,25,100,85,1068.9599514007568,Tesla T4,7.5,2.11.0+cu128,12.8,2026-08-23T19:20:48.385507+00:00
explicit_pytorch,ca87722a00ebf585cd788c67949e7c0b32dca788,1,8,768,64,float32,25,100,86,1086.0480070114136,Tesla T4,7.5,2.11.0+cu128,12.8,2026-08-23T19:20:48.385507+00:00
explicit_pytorch,ca87722a00ebf585cd788c67949e7c0b32dca788,1,8,768,64,float32,25,100,87,1074.3680000305176,Tesla T4,7.5,2.11.0+cu128,12.8,2026-08-23T19:20:48.385507+00:00
explicit_pytorch,ca87722a00ebf585cd788c67949e7c0b32dca788,1,8,768,64,float32,25,100,88,1071.071982383728,Tesla T4,7.5,2.11.0+cu128,12.8,2026-08-23T19:20:48.385507+00:00
explicit_pytorch,ca87722a00ebf585cd788c67949e7c0b32dca788,1,8,768,64,float32,25,100,89,1064.96000289917,Tesla T4,7.5,2.11.0+cu128,12.8,2026-08-23T19:20:48.385507+00:00
explicit_pytorch,ca87722a00ebf585cd788c67949e7c0b32dca788,1,8,768,64,float32,25,100,90,1072.0319747924805,Tesla T4,7.5,2.11.0+cu128,12.8,2026-08-23T19:20:48.385507+00:00
explicit_pytorch,ca87722a00ebf585cd788c67949e7c0b32dca788,1,8,768,64,float32,25,100,91,1067.4560070037842,Tesla T4,7.5,2.11.0+cu128,12.8,2026-08-23T19:20:48.385507+00:00
explicit_pytorch,ca87722a00ebf585cd788c67949e7c0b32dca788,1,8,768,64,float32,25,100,92,1072.6720094680786,Tesla T4,7.5,2.11.0+cu128,12.8,2026-08-23T19:20:48.385507+00:00
explicit_pytorch,ca87722a00ebf585cd788c67949e7c0b32dca788,1,8,768,64,float32,25,100,93,1093.6000347137451,Tesla T4,7.5,2.11.0+cu128,12.8,2026-08-23T19:20:48.385507+00:00
explicit_pytorch,ca87722a00ebf585cd788c67949e7c0b32dca788,1,8,768,64,float32,25,100,94,1091.4239883422852,Tesla T4,7.5,2.11.0+cu128,12.8,2026-08-23T19:20:48.385507+00:00
explicit_pytorch,ca87722a00ebf585cd788c67949e7c0b32dca788,1,8,768,64,float32,25,100,95,1072.864055633545,Tesla T4,7.5,2.11.0+cu128,12.8,2026-08-23T19:20:48.385507+00:00
explicit_pytorch,ca87722a00ebf585cd788c67949e7c0b32dca788,1,8,768,64,float32,25,100,96,1080.6080102920532,Tesla T4,7.5,2.11.0+cu128,12.8,2026-08-23T19:20:48.385507+00:00
explicit_pytorch,ca87722a00ebf585cd788c67949e7c0b32dca788,1,8,768,64,float32,25,100,97,1072.1280574798584,Tesla T4,7.5,2.11.0+cu128,12.8,2026-08-23T19:20:48.385507+00:00
explicit_pytorch,ca87722a00ebf585cd788c67949e7c0b32dca788,1,8,768,64,float32,25,100,98,1067.0080184936523,Tesla T4,7.5,2.11.0+cu128,12.8,2026-08-23T19:20:48.385507+00:00
explicit_pytorch,ca87722a00ebf585cd788c67949e7c0b32dca788,1,8,768,64,float32,25,100,99,1077.247977256775,Tesla T4,7.5,2.11.0+cu128,12.8,2026-08-23T19:20:48.385507+00:00
custom_softmax_attention,ca87722a00ebf585cd788c67949e7c0b32dca788,1,8,768,64,float32,25,100,0,569.3439841270447,Tesla T4,7.5,2.11.0+cu128,12.8,2026-08-23T19:20:48.459265+00:00
custom_softmax_attention,ca87722a00ebf585cd788c67949e7c0b32dca788,1,8,768,64,float32,25,100,1,542.7200198173523,Tesla T4,7.5,2.11.0+cu128,12.8,2026-08-23T19:20:48.459265+00:00
custom_softmax_attention,ca87722a00ebf585cd788c67949e7c0b32dca788,1,8,768,64,float32,25,100,2,541.4080023765564,Tesla T4,7.5,2.11.0+cu128,12.8,2026-08-23T19:20:48.459265+00:00
custom_softmax_attention,ca87722a00ebf585cd788c67949e7c0b32dca788,1,8,768,64,float32,25,100,3,532.480001449585,Tesla T4,7.5,2.11.0+cu128,12.8,2026-08-23T19:20:48.459265+00:00
custom_softmax_attention,ca87722a00ebf585cd788c67949e7c0b32dca788,1,8,768,64,float32,25,100,4,545.9840297698975,Tesla T4,7.5,2.11.0+cu128,12.8,2026-08-23T19:20:48.459265+00:00
custom_softmax_attention,ca87722a00ebf585cd788c67949e7c0b32dca788,1,8,768,64,float32,25,100,5,542.6880121231079,Tesla T4,7.5,2.11.0+cu128,12.8,2026-08-23T19:20:48.459265+00:00
custom_softmax_attention,ca87722a00ebf585cd788c67949e7c0b32dca788,1,8,768,64,float32,25,100,6,535.2640151977539,Tesla T4,7.5,2.11.0+cu128,12.8,2026-08-23T19:20:48.459265+00:00
custom_softmax_attention,ca87722a00ebf585cd788c67949e7c0b32dca788,1,8,768,64,float32,25,100,7,542.7200198173523,Tesla T4,7.5,2.11.0+cu128,12.8,2026-08-23T19:20:48.459265+00:00
custom_softmax_attention,ca87722a00ebf585cd788c67949e7c0b32dca788,1,8,768,64,float32,25,100,8,538.752019405365,Tesla T4,7.5,2.11.0+cu128,12.8,2026-08-23T19:20:48.459265+00:00
custom_softmax_attention,ca87722a00ebf585cd788c67949e7c0b32dca788,1,8,768,64,float32,25,100,9,572.6400017738342,Tesla T4,7.5,2.11.0+cu128,12.8,2026-08-23T19:20:48.459265+00:00
custom_softmax_attention,ca87722a00ebf585cd788c67949e7c0b32dca788,1,8,768,64,float32,25,100,10,576.6080021858215,Tesla T4,7.5,2.11.0+cu128,12.8,2026-08-23T19:20:48.459265+00:00
custom_softmax_attention,ca87722a00ebf585cd788c67949e7c0b32dca788,1,8,768,64,float32,25,100,11,581.6640257835388,Tesla T4,7.5,2.11.0+cu128,12.8,2026-08-23T19:20:48.459265+00:00
custom_softmax_attention,ca87722a00ebf585cd788c67949e7c0b32dca788,1,8,768,64,float32,25,100,12,582.207977771759,Tesla T4,7.5,2.11.0+cu128,12.8,2026-08-23T19:20:48.459265+00:00
custom_softmax_attention,ca87722a00ebf585cd788c67949e7c0b32dca788,1,8,768,64,float32,25,100,13,581.6320180892944,Tesla T4,7.5,2.11.0+cu128,12.8,2026-08-23T19:20:48.459265+00:00
custom_softmax_attention,ca87722a00ebf585cd788c67949e7c0b32dca788,1,8,768,64,float32,25,100,14,591.0080075263977,Tesla T4,7.5,2.11.0+cu128,12.8,2026-08-23T19:20:48.459265+00:00
custom_softmax_attention,ca87722a00ebf585cd788c67949e7c0b32dca788,1,8,768,64,float32,25,100,15,581.6320180892944,Tesla T4,7.5,2.11.0+cu128,12.8,2026-08-23T19:20:48.459265+00:00
custom_softmax_attention,ca87722a00ebf585cd788c67949e7c0b32dca788,1,8,768,64,float32,25,100,16,585.6959819793701,Tesla T4,7.5,2.11.0+cu128,12.8,2026-08-23T19:20:48.459265+00:00
custom_softmax_attention,ca87722a00ebf585cd788c67949e7c0b32dca788,1,8,768,64,float32,25,100,17,595.1359868049622,Tesla T4,7.5,2.11.0+cu128,12.8,2026-08-23T19:20:48.459265+00:00
custom_softmax_attention,ca87722a00ebf585cd788c67949e7c0b32dca788,1,8,768,64,float32,25,100,18,581.6640257835388,Tesla T4,7.5,2.11.0+cu128,12.8,2026-08-23T19:20:48.459265+00:00
custom_softmax_attention,ca87722a00ebf585cd788c67949e7c0b32dca788,1,8,768,64,float32,25,100,19,595.9680080413818,Tesla T4,7.5,2.11.0+cu128,12.8,2026-08-23T19:20:48.459265+00:00
custom_softmax_attention,ca87722a00ebf585cd788c67949e7c0b32dca788,1,8,768,64,float32,25,100,20,592.1919941902161,Tesla T4,7.5,2.11.0+cu128,12.8,2026-08-23T19:20:48.459265+00:00
custom_softmax_attention,ca87722a00ebf585cd788c67949e7c0b32dca788,1,8,768,64,float32,25,100,21,577.9200196266174,Tesla T4,7.5,2.11.0+cu128,12.8,2026-08-23T19:20:48.459265+00:00
custom_softmax_attention,ca87722a00ebf585cd788c67949e7c0b32dca788,1,8,768,64,float32,25,100,22,577.5359869003296,Tesla T4,7.5,2.11.0+cu128,12.8,2026-08-23T19:20:48.459265+00:00
custom_softmax_attention,ca87722a00ebf585cd788c67949e7c0b32dca788,1,8,768,64,float32,25,100,23,577.8239965438843,Tesla T4,7.5,2.11.0+cu128,12.8,2026-08-23T19:20:48.459265+00:00
custom_softmax_attention,ca87722a00ebf585cd788c67949e7c0b32dca788,1,8,768,64,float32,25,100,24,587.552011013031,Tesla T4,7.5,2.11.0+cu128,12.8,2026-08-23T19:20:48.459265+00:00
custom_softmax_attention,ca87722a00ebf585cd788c67949e7c0b32dca788,1,8,768,64,float32,25,100,25,577.6640176773071,Tesla T4,7.5,2.11.0+cu128,12.8,2026-08-23T19:20:48.459265+00:00
custom_softmax_attention,ca87722a00ebf585cd788c67949e7c0b32dca788,1,8,768,64,float32,25,100,26,579.584002494812,Tesla T4,7.5,2.11.0+cu128,12.8,2026-08-23T19:20:48.459265+00:00
custom_softmax_attention,ca87722a00ebf585cd788c67949e7c0b32dca788,1,8,768,64,float32,25,100,27,614.4000291824341,Tesla T4,7.5,2.11.0+cu128,12.8,2026-08-23T19:20:48.459265+00:00
custom_softmax_attention,ca87722a00ebf585cd788c67949e7c0b32dca788,1,8,768,64,float32,25,100,28,576.9919753074646,Tesla T4,7.5,2.11.0+cu128,12.8,2026-08-23T19:20:48.459265+00:00
custom_softmax_attention,ca87722a00ebf585cd788c67949e7c0b32dca788,1,8,768,64,float32,25,100,29,599.2640256881714,Tesla T4,7.5,2.11.0+cu128,12.8,2026-08-23T19:20:48.459265+00:00
custom_softmax_attention,ca87722a00ebf585cd788c67949e7c0b32dca788,1,8,768,64,float32,25,100,30,581.6320180892944,Tesla T4,7.5,2.11.0+cu128,12.8,2026-08-23T19:20:48.459265+00:00
custom_softmax_attention,ca87722a00ebf585cd788c67949e7c0b32dca788,1,8,768,64,float32,25,100,31,576.3840079307556,Tesla T4,7.5,2.11.0+cu128,12.8,2026-08-23T19:20:48.459265+00:00
custom_softmax_attention,ca87722a00ebf585cd788c67949e7c0b32dca788,1,8,768,64,float32,25,100,32,585.7279896736145,Tesla T4,7.5,2.11.0+cu128,12.8,2026-08-23T19:20:48.459265+00:00
custom_softmax_attention,ca87722a00ebf585cd788c67949e7c0b32dca788,1,8,768,64,float32,25,100,33,581.6320180892944,Tesla T4,7.5,2.11.0+cu128,12.8,2026-08-23T19:20:48.459265+00:00
custom_softmax_attention,ca87722a00ebf585cd788c67949e7c0b32dca788,1,8,768,64,float32,25,100,34,577.3119926452637,Tesla T4,7.5,2.11.0+cu128,12.8,2026-08-23T19:20:48.459265+00:00
custom_softmax_attention,ca87722a00ebf585cd788c67949e7c0b32dca788,1,8,768,64,float32,25,100,35,579.584002494812,Tesla T4,7.5,2.11.0+cu128,12.8,2026-08-23T19:20:48.459265+00:00
custom_softmax_attention,ca87722a00ebf585cd788c67949e7c0b32dca788,1,8,768,64,float32,25,100,36,576.4480233192444,Tesla T4,7.5,2.11.0+cu128,12.8,2026-08-23T19:20:48.459265+00:00
custom_softmax_attention,ca87722a00ebf585cd788c67949e7c0b32dca788,1,8,768,64,float32,25,100,37,583.5199952125549,Tesla T4,7.5,2.11.0+cu128,12.8,2026-08-23T19:20:48.459265+00:00
custom_softmax_attention,ca87722a00ebf585cd788c67949e7c0b32dca788,1,8,768,64,float32,25,100,38,573.4400153160095,Tesla T4,7.5,2.11.0+cu128,12.8,2026-08-23T19:20:48.459265+00:00
custom_softmax_attention,ca87722a00ebf585cd788c67949e7c0b32dca788,1,8,768,64,float32,25,100,39,581.6320180892944,Tesla T4,7.5,2.11.0+cu128,12.8,2026-08-23T19:20:48.459265+00:00
custom_softmax_attention,ca87722a00ebf585cd788c67949e7c0b32dca788,1,8,768,64,float32,25,100,40,579.584002494812,Tesla T4,7.5,2.11.0+cu128,12.8,2026-08-23T19:20:48.459265+00:00
custom_softmax_attention,ca87722a00ebf585cd788c67949e7c0b32dca788,1,8,768,64,float32,25,100,41,575.4879713058472,Tesla T4,7.5,2.11.0+cu128,12.8,2026-08-23T19:20:48.459265+00:00
custom_softmax_attention,ca87722a00ebf585cd788c67949e7c0b32dca788,1,8,768,64,float32,25,100,42,614.0159964561462,Tesla T4,7.5,2.11.0+cu128,12.8,2026-08-23T19:20:48.459265+00:00
custom_softmax_attention,ca87722a00ebf585cd788c67949e7c0b32dca788,1,8,768,64,float32,25,100,43,611.7439866065979,Tesla T4,7.5,2.11.0+cu128,12.8,2026-08-23T19:20:48.459265+00:00
custom_softmax_attention,ca87722a00ebf585cd788c67949e7c0b32dca788,1,8,768,64,float32,25,100,44,587.5200033187866,Tesla T4,7.5,2.11.0+cu128,12.8,2026-08-23T19:20:48.459265+00:00
custom_softmax_attention,ca87722a00ebf585cd788c67949e7c0b32dca788,1,8,768,64,float32,25,100,45,595.9360003471375,Tesla T4,7.5,2.11.0+cu128,12.8,2026-08-23T19:20:48.459265+00:00
custom_softmax_attention,ca87722a00ebf585cd788c67949e7c0b32dca788,1,8,768,64,float32,25,100,46,584.1599702835083,Tesla T4,7.5,2.11.0+cu128,12.8,2026-08-23T19:20:48.459265+00:00
custom_softmax_attention,ca87722a00ebf585cd788c67949e7c0b32dca788,1,8,768,64,float32,25,100,47,588.0640149116516,Tesla T4,7.5,2.11.0+cu128,12.8,2026-08-23T19:20:48.459265+00:00
custom_softmax_attention,ca87722a00ebf585cd788c67949e7c0b32dca788,1,8,768,64,float32,25,100,48,605.6640148162842,Tesla T4,7.5,2.11.0+cu128,12.8,2026-08-23T19:20:48.459265+00:00
custom_softmax_attention,ca87722a00ebf585cd788c67949e7c0b32dca788,1,8,768,64,float32,25,100,49,593.1199789047241,Tesla T4,7.5,2.11.0+cu128,12.8,2026-08-23T19:20:48.459265+00:00
custom_softmax_attention,ca87722a00ebf585cd788c67949e7c0b32dca788,1,8,768,64,float32,25,100,50,593.6319828033447,Tesla T4,7.5,2.11.0+cu128,12.8,2026-08-23T19:20:48.459265+00:00
custom_softmax_attention,ca87722a00ebf585cd788c67949e7c0b32dca788,1,8,768,64,float32,25,100,51,599.6159911155701,Tesla T4,7.5,2.11.0+cu128,12.8,2026-08-23T19:20:48.459265+00:00
custom_softmax_attention,ca87722a00ebf585cd788c67949e7c0b32dca788,1,8,768,64,float32,25,100,52,584.5760107040405,Tesla T4,7.5,2.11.0+cu128,12.8,2026-08-23T19:20:48.459265+00:00
custom_softmax_attention,ca87722a00ebf585cd788c67949e7c0b32dca788,1,8,768,64,float32,25,100,53,614.4000291824341,Tesla T4,7.5,2.11.0+cu128,12.8,2026-08-23T19:20:48.459265+00:00
custom_softmax_attention,ca87722a00ebf585cd788c67949e7c0b32dca788,1,8,768,64,float32,25,100,54,587.4559879302979,Tesla T4,7.5,2.11.0+cu128,12.8,2026-08-23T19:20:48.459265+00:00
custom_softmax_attention,ca87722a00ebf585cd788c67949e7c0b32dca788,1,8,768,64,float32,25,100,55,591.9679999351501,Tesla T4,7.5,2.11.0+cu128,12.8,2026-08-23T19:20:48.459265+00:00
custom_softmax_attention,ca87722a00ebf585cd788c67949e7c0b32dca788,1,8,768,64,float32,25,100,56,591.871976852417,Tesla T4,7.5,2.11.0+cu128,12.8,2026-08-23T19:20:48.459265+00:00
custom_softmax_attention,ca87722a00ebf585cd788c67949e7c0b32dca788,1,8,768,64,float32,25,100,57,584.2880010604858,Tesla T4,7.5,2.11.0+cu128,12.8,2026-08-23T19:20:48.459265+00:00
custom_softmax_attention,ca87722a00ebf585cd788c67949e7c0b32dca788,1,8,768,64,float32,25,100,58,594.0160155296326,Tesla T4,7.5,2.11.0+cu128,12.8,2026-08-23T19:20:48.459265+00:00
custom_softmax_attention,ca87722a00ebf585cd788c67949e7c0b32dca788,1,8,768,64,float32,25,100,59,583.7439894676208,Tesla T4,7.5,2.11.0+cu128,12.8,2026-08-23T19:20:48.459265+00:00
custom_softmax_attention,ca87722a00ebf585cd788c67949e7c0b32dca788,1,8,768,64,float32,25,100,60,587.4559879302979,Tesla T4,7.5,2.11.0+cu128,12.8,2026-08-23T19:20:48.459265+00:00
custom_softmax_attention,ca87722a00ebf585cd788c67949e7c0b32dca788,1,8,768,64,float32,25,100,61,591.4239883422852,Tesla T4,7.5,2.11.0+cu128,12.8,2026-08-23T19:20:48.459265+00:00
custom_softmax_attention,ca87722a00ebf585cd788c67949e7c0b32dca788,1,8,768,64,float32,25,100,62,585.3440165519714,Tesla T4,7.5,2.11.0+cu128,12.8,2026-08-23T19:20:48.459265+00:00
custom_softmax_attention,ca87722a00ebf585cd788c67949e7c0b32dca788,1,8,768,64,float32,25,100,63,591.4239883422852,Tesla T4,7.5,2.11.0+cu128,12.8,2026-08-23T19:20:48.459265+00:00
custom_softmax_attention,ca87722a00ebf585cd788c67949e7c0b32dca788,1,8,768,64,float32,25,100,64,604.7040224075317,Tesla T4,7.5,2.11.0+cu128,12.8,2026-08-23T19:20:48.459265+00:00
custom_softmax_attention,ca87722a00ebf585cd788c67949e7c0b32dca788,1,8,768,64,float32,25,100,65,590.8480286598206,Tesla T4,7.5,2.11.0+cu128,12.8,2026-08-23T19:20:48.459265+00:00
custom_softmax_attention,ca87722a00ebf585cd788c67949e7c0b32dca788,1,8,768,64,float32,25,100,66,588.9919996261597,Tesla T4,7.5,2.11.0+cu128,12.8,2026-08-23T19:20:48.459265+00:00
custom_softmax_attention,ca87722a00ebf585cd788c67949e7c0b32dca788,1,8,768,64,float32,25,100,67,582.5920104980469,Tesla T4,7.5,2.11.0+cu128,12.8,2026-08-23T19:20:48.459265+00:00
custom_softmax_attention,ca87722a00ebf585cd788c67949e7c0b32dca788,1,8,768,64,float32,25,100,68,591.9039845466614,Tesla T4,7.5,2.11.0+cu128,12.8,2026-08-23T19:20:48.459265+00:00
custom_softmax_attention,ca87722a00ebf585cd788c67949e7c0b32dca788,1,8,768,64,float32,25,100,69,599.295973777771,Tesla T4,7.5,2.11.0+cu128,12.8,2026-08-23T19:20:48.459265+00:00
custom_softmax_attention,ca87722a00ebf585cd788c67949e7c0b32dca788,1,8,768,64,float32,25,100,70,583.296000957489,Tesla T4,7.5,2.11.0+cu128,12.8,2026-08-23T19:20:48.459265+00:00
custom_softmax_attention,ca87722a00ebf585cd788c67949e7c0b32dca788,1,8,768,64,float32,25,100,71,591.871976852417,Tesla T4,7.5,2.11.0+cu128,12.8,2026-08-23T19:20:48.459265+00:00
custom_softmax_attention,ca87722a00ebf585cd788c67949e7c0b32dca788,1,8,768,64,float32,25,100,72,579.6800255775452,Tesla T4,7.5,2.11.0+cu128,12.8,2026-08-23T19:20:48.459265+00:00
custom_softmax_attention,ca87722a00ebf585cd788c67949e7c0b32dca788,1,8,768,64,float32,25,100,73,591.8400287628174,Tesla T4,7.5,2.11.0+cu128,12.8,2026-08-23T19:20:48.459265+00:00
custom_softmax_attention,ca87722a00ebf585cd788c67949e7c0b32dca788,1,8,768,64,float32,25,100,74,589.8240208625793,Tesla T4,7.5,2.11.0+cu128,12.8,2026-08-23T19:20:48.459265+00:00
custom_softmax_attention,ca87722a00ebf585cd788c67949e7c0b32dca788,1,8,768,64,float32,25,100,75,583.7759971618652,Tesla T4,7.5,2.11.0+cu128,12.8,2026-08-23T19:20:48.459265+00:00
custom_softmax_attention,ca87722a00ebf585cd788c67949e7c0b32dca788,1,8,768,64,float32,25,100,76,595.6479907035828,Tesla T4,7.5,2.11.0+cu128,12.8,2026-08-23T19:20:48.459265+00:00
custom_softmax_attention,ca87722a00ebf585cd788c67949e7c0b32dca788,1,8,768,64,float32,25,100,77,587.5200033187866,Tesla T4,7.5,2.11.0+cu128,12.8,2026-08-23T19:20:48.459265+00:00
custom_softmax_attention,ca87722a00ebf585cd788c67949e7c0b32dca788,1,8,768,64,float32,25,100,78,587.7760052680969,Tesla T4,7.5,2.11.0+cu128,12.8,2026-08-23T19:20:48.459265+00:00
custom_softmax_attention,ca87722a00ebf585cd788c67949e7c0b32dca788,1,8,768,64,float32,25,100,79,614.4000291824341,Tesla T4,7.5,2.11.0+cu128,12.8,2026-08-23T19:20:48.459265+00:00
custom_softmax_attention,ca87722a00ebf585cd788c67949e7c0b32dca788,1,8,768,64,float32,25,100,80,591.871976852417,Tesla T4,7.5,2.11.0+cu128,12.8,2026-08-23T19:20:48.459265+00:00
custom_softmax_attention,ca87722a00ebf585cd788c67949e7c0b32dca788,1,8,768,64,float32,25,100,81,602.1119952201843,Tesla T4,7.5,2.11.0+cu128,12.8,2026-08-23T19:20:48.459265+00:00
custom_softmax_attention,ca87722a00ebf585cd788c67949e7c0b32dca788,1,8,768,64,float32,25,100,82,602.4640202522278,Tesla T4,7.5,2.11.0+cu128,12.8,2026-08-23T19:20:48.459265+00:00
custom_softmax_attention,ca87722a00ebf585cd788c67949e7c0b32dca788,1,8,768,64,float32,25,100,83,586.6559743881226,Tesla T4,7.5,2.11.0+cu128,12.8,2026-08-23T19:20:48.459265+00:00
custom_softmax_attention,ca87722a00ebf585cd788c67949e7c0b32dca788,1,8,768,64,float32,25,100,84,596.0000157356262,Tesla T4,7.5,2.11.0+cu128,12.8,2026-08-23T19:20:48.459265+00:00
custom_softmax_attention,ca87722a00ebf585cd788c67949e7c0b32dca788,1,8,768,64,float32,25,100,85,586.1759781837463,Tesla T4,7.5,2.11.0+cu128,12.8,2026-08-23T19:20:48.459265+00:00
custom_softmax_attention,ca87722a00ebf585cd788c67949e7c0b32dca788,1,8,768,64,float32,25,100,86,589.8560285568237,Tesla T4,7.5,2.11.0+cu128,12.8,2026-08-23T19:20:48.459265+00:00
custom_softmax_attention,ca87722a00ebf585cd788c67949e7c0b32dca788,1,8,768,64,float32,25,100,87,591.3919806480408,Tesla T4,7.5,2.11.0+cu128,12.8,2026-08-23T19:20:48.459265+00:00
custom_softmax_attention,ca87722a00ebf585cd788c67949e7c0b32dca788,1,8,768,64,float32,25,100,88,585.7279896736145,Tesla T4,7.5,2.11.0+cu128,12.8,2026-08-23T19:20:48.459265+00:00
custom_softmax_attention,ca87722a00ebf585cd788c67949e7c0b32dca788,1,8,768,64,float32,25,100,89,591.9039845466614,Tesla T4,7.5,2.11.0+cu128,12.8,2026-08-23T19:20:48.459265+00:00
custom_softmax_attention,ca87722a00ebf585cd788c67949e7c0b32dca788,1,8,768,64,float32,25,100,90,585.6639742851257,Tesla T4,7.5,2.11.0+cu128,12.8,2026-08-23T19:20:48.459265+00:00
custom_softmax_attention,ca87722a00ebf585cd788c67949e7c0b32dca788,1,8,768,64,float32,25,100,91,587.1679782867432,Tesla T4,7.5,2.11.0+cu128,12.8,2026-08-23T19:20:48.459265+00:00
custom_softmax_attention,ca87722a00ebf585cd788c67949e7c0b32dca788,1,8,768,64,float32,25,100,92,595.9680080413818,Tesla T4,7.5,2.11.0+cu128,12.8,2026-08-23T19:20:48.459265+00:00
custom_softmax_attention,ca87722a00ebf585cd788c67949e7c0b32dca788,1,8,768,64,float32,25,100,93,585.919976234436,Tesla T4,7.5,2.11.0+cu128,12.8,2026-08-23T19:20:48.459265+00:00
custom_softmax_attention,ca87722a00ebf585cd788c67949e7c0b32dca788,1,8,768,64,float32,25,100,94,590.8160209655762,Tesla T4,7.5,2.11.0+cu128,12.8,2026-08-23T19:20:48.459265+00:00
custom_softmax_attention,ca87722a00ebf585cd788c67949e7c0b32dca788,1,8,768,64,float32,25,100,95,657.2160124778748,Tesla T4,7.5,2.11.0+cu128,12.8,2026-08-23T19:20:48.459265+00:00
custom_softmax_attention,ca87722a00ebf585cd788c67949e7c0b32dca788,1,8,768,64,float32,25,100,96,587.7760052680969,Tesla T4,7.5,2.11.0+cu128,12.8,2026-08-23T19:20:48.459265+00:00
custom_softmax_attention,ca87722a00ebf585cd788c67949e7c0b32dca788,1,8,768,64,float32,25,100,97,599.7440218925476,Tesla T4,7.5,2.11.0+cu128,12.8,2026-08-23T19:20:48.459265+00:00
custom_softmax_attention,ca87722a00ebf585cd788c67949e7c0b32dca788,1,8,768,64,float32,25,100,98,589.8879766464233,Tesla T4,7.5,2.11.0+cu128,12.8,2026-08-23T19:20:48.459265+00:00
custom_softmax_attention,ca87722a00ebf585cd788c67949e7c0b32dca788,1,8,768,64,float32,25,100,99,588.9919996261597,Tesla T4,7.5,2.11.0+cu128,12.8,2026-08-23T19:20:48.459265+00:00
pytorch_sdpa,ca87722a00ebf585cd788c67949e7c0b32dca788,1,8,768,64,float32,25,100,0,468.8960015773773,Tesla T4,7.5,2.11.0+cu128,12.8,2026-08-23T19:20:48.510368+00:00
pytorch_sdpa,ca87722a00ebf585cd788c67949e7c0b32dca788,1,8,768,64,float32,25,100,1,443.3920085430145,Tesla T4,7.5,2.11.0+cu128,12.8,2026-08-23T19:20:48.510368+00:00
pytorch_sdpa,ca87722a00ebf585cd788c67949e7c0b32dca788,1,8,768,64,float32,25,100,2,382.9759955406189,Tesla T4,7.5,2.11.0+cu128,12.8,2026-08-23T19:20:48.510368+00:00
pytorch_sdpa,ca87722a00ebf585cd788c67949e7c0b32dca788,1,8,768,64,float32,25,100,3,417.7919924259186,Tesla T4,7.5,2.11.0+cu128,12.8,2026-08-23T19:20:48.510368+00:00
pytorch_sdpa,ca87722a00ebf585cd788c67949e7c0b32dca788,1,8,768,64,float32,25,100,4,438.0800127983093,Tesla T4,7.5,2.11.0+cu128,12.8,2026-08-23T19:20:48.510368+00:00
pytorch_sdpa,ca87722a00ebf585cd788c67949e7c0b32dca788,1,8,768,64,float32,25,100,5,440.3199851512909,Tesla T4,7.5,2.11.0+cu128,12.8,2026-08-23T19:20:48.510368+00:00
pytorch_sdpa,ca87722a00ebf585cd788c67949e7c0b32dca788,1,8,768,64,float32,25,100,6,446.6559886932373,Tesla T4,7.5,2.11.0+cu128,12.8,2026-08-23T19:20:48.510368+00:00
pytorch_sdpa,ca87722a00ebf585cd788c67949e7c0b32dca788,1,8,768,64,float32,25,100,7,391.64799451828003,Tesla T4,7.5,2.11.0+cu128,12.8,2026-08-23T19:20:48.510368+00:00
pytorch_sdpa,ca87722a00ebf585cd788c67949e7c0b32dca788,1,8,768,64,float32,25,100,8,450.5600035190582,Tesla T4,7.5,2.11.0+cu128,12.8,2026-08-23T19:20:48.510368+00:00
pytorch_sdpa,ca87722a00ebf585cd788c67949e7c0b32dca788,1,8,768,64,float32,25,100,9,394.9120044708252,Tesla T4,7.5,2.11.0+cu128,12.8,2026-08-23T19:20:48.510368+00:00
pytorch_sdpa,ca87722a00ebf585cd788c67949e7c0b32dca788,1,8,768,64,float32,25,100,10,414.0160083770752,Tesla T4,7.5,2.11.0+cu128,12.8,2026-08-23T19:20:48.510368+00:00
pytorch_sdpa,ca87722a00ebf585cd788c67949e7c0b32dca788,1,8,768,64,float32,25,100,11,442.4000084400177,Tesla T4,7.5,2.11.0+cu128,12.8,2026-08-23T19:20:48.510368+00:00
pytorch_sdpa,ca87722a00ebf585cd788c67949e7c0b32dca788,1,8,768,64,float32,25,100,12,418.0479943752289,Tesla T4,7.5,2.11.0+cu128,12.8,2026-08-23T19:20:48.510368+00:00
pytorch_sdpa,ca87722a00ebf585cd788c67949e7c0b32dca788,1,8,768,64,float32,25,100,13,441.8559968471527,Tesla T4,7.5,2.11.0+cu128,12.8,2026-08-23T19:20:48.510368+00:00
pytorch_sdpa,ca87722a00ebf585cd788c67949e7c0b32dca788,1,8,768,64,float32,25,100,14,436.99198961257935,Tesla T4,7.5,2.11.0+cu128,12.8,2026-08-23T19:20:48.510368+00:00
pytorch_sdpa,ca87722a00ebf585cd788c67949e7c0b32dca788,1,8,768,64,float32,25,100,15,446.46400213241577,Tesla T4,7.5,2.11.0+cu128,12.8,2026-08-23T19:20:48.510368+00:00
pytorch_sdpa,ca87722a00ebf585cd788c67949e7c0b32dca788,1,8,768,64,float32,25,100,16,393.0560052394867,Tesla T4,7.5,2.11.0+cu128,12.8,2026-08-23T19:20:48.510368+00:00
pytorch_sdpa,ca87722a00ebf585cd788c67949e7c0b32dca788,1,8,768,64,float32,25,100,17,441.536009311676,Tesla T4,7.5,2.11.0+cu128,12.8,2026-08-23T19:20:48.510368+00:00
pytorch_sdpa,ca87722a00ebf585cd788c67949e7c0b32dca788,1,8,768,64,float32,25,100,18,443.1360065937042,Tesla T4,7.5,2.11.0+cu128,12.8,2026-08-23T19:20:48.510368+00:00
pytorch_sdpa,ca87722a00ebf585cd788c67949e7c0b32dca788,1,8,768,64,float32,25,100,19,396.2559998035431,Tesla T4,7.5,2.11.0+cu128,12.8,2026-08-23T19:20:48.510368+00:00
pytorch_sdpa,ca87722a00ebf585cd788c67949e7c0b32dca788,1,8,768,64,float32,25,100,20,409.59998965263367,Tesla T4,7.5,2.11.0+cu128,12.8,2026-08-23T19:20:48.510368+00:00
pytorch_sdpa,ca87722a00ebf585cd788c67949e7c0b32dca788,1,8,768,64,float32,25,100,21,440.95999002456665,Tesla T4,7.5,2.11.0+cu128,12.8,2026-08-23T19:20:48.510368+00:00
pytorch_sdpa,ca87722a00ebf585cd788c67949e7c0b32dca788,1,8,768,64,float32,25,100,22,444.35200095176697,Tesla T4,7.5,2.11.0+cu128,12.8,2026-08-23T19:20:48.510368+00:00
pytorch_sdpa,ca87722a00ebf585cd788c67949e7c0b32dca788,1,8,768,64,float32,25,100,23,439.4240081310272,Tesla T4,7.5,2.11.0+cu128,12.8,2026-08-23T19:20:48.510368+00:00
pytorch_sdpa,ca87722a00ebf585cd788c67949e7c0b32dca788,1,8,768,64,float32,25,100,24,442.4000084400177,Tesla T4,7.5,2.11.0+cu128,12.8,2026-08-23T19:20:48.510368+00:00
pytorch_sdpa,ca87722a00ebf585cd788c67949e7c0b32dca788,1,8,768,64,float32,25,100,25,438.4639859199524,Tesla T4,7.5,2.11.0+cu128,12.8,2026-08-23T19:20:48.510368+00:00
pytorch_sdpa,ca87722a00ebf585cd788c67949e7c0b32dca788,1,8,768,64,float32,25,100,26,442.3680007457733,Tesla T4,7.5,2.11.0+cu128,12.8,2026-08-23T19:20:48.510368+00:00
pytorch_sdpa,ca87722a00ebf585cd788c67949e7c0b32dca788,1,8,768,64,float32,25,100,27,441.7920112609863,Tesla T4,7.5,2.11.0+cu128,12.8,2026-08-23T19:20:48.510368+00:00
pytorch_sdpa,ca87722a00ebf585cd788c67949e7c0b32dca788,1,8,768,64,float32,25,100,28,442.6240026950836,Tesla T4,7.5,2.11.0+cu128,12.8,2026-08-23T19:20:48.510368+00:00
pytorch_sdpa,ca87722a00ebf585cd788c67949e7c0b32dca788,1,8,768,64,float32,25,100,29,393.21601390838623,Tesla T4,7.5,2.11.0+cu128,12.8,2026-08-23T19:20:48.510368+00:00
pytorch_sdpa,ca87722a00ebf585cd788c67949e7c0b32dca788,1,8,768,64,float32,25,100,30,416.4479970932007,Tesla T4,7.5,2.11.0+cu128,12.8,2026-08-23T19:20:48.510368+00:00
pytorch_sdpa,ca87722a00ebf585cd788c67949e7c0b32dca788,1,8,768,64,float32,25,100,31,393.8559889793396,Tesla T4,7.5,2.11.0+cu128,12.8,2026-08-23T19:20:48.510368+00:00
pytorch_sdpa,ca87722a00ebf585cd788c67949e7c0b32dca788,1,8,768,64,float32,25,100,32,437.5999867916107,Tesla T4,7.5,2.11.0+cu128,12.8,2026-08-23T19:20:48.510368+00:00
pytorch_sdpa,ca87722a00ebf585cd788c67949e7c0b32dca788,1,8,768,64,float32,25,100,33,383.0080032348633,Tesla T4,7.5,2.11.0+cu128,12.8,2026-08-23T19:20:48.510368+00:00
pytorch_sdpa,ca87722a00ebf585cd788c67949e7c0b32dca788,1,8,768,64,float32,25,100,34,440.3519928455353,Tesla T4,7.5,2.11.0+cu128,12.8,2026-08-23T19:20:48.510368+00:00
pytorch_sdpa,ca87722a00ebf585cd788c67949e7c0b32dca788,1,8,768,64,float32,25,100,35,360.4159951210022,Tesla T4,7.5,2.11.0+cu128,12.8,2026-08-23T19:20:48.510368+00:00
pytorch_sdpa,ca87722a00ebf585cd788c67949e7c0b32dca788,1,8,768,64,float32,25,100,36,383.13600420951843,Tesla T4,7.5,2.11.0+cu128,12.8,2026-08-23T19:20:48.510368+00:00
pytorch_sdpa,ca87722a00ebf585cd788c67949e7c0b32dca788,1,8,768,64,float32,25,100,37,380.95998764038086,Tesla T4,7.5,2.11.0+cu128,12.8,2026-08-23T19:20:48.510368+00:00
pytorch_sdpa,ca87722a00ebf585cd788c67949e7c0b32dca788,1,8,768,64,float32,25,100,38,352.25600004196167,Tesla T4,7.5,2.11.0+cu128,12.8,2026-08-23T19:20:48.510368+00:00
pytorch_sdpa,ca87722a00ebf585cd788c67949e7c0b32dca788,1,8,768,64,float32,25,100,39,385.0559890270233,Tesla T4,7.5,2.11.0+cu128,12.8,2026-08-23T19:20:48.510368+00:00
pytorch_sdpa,ca87722a00ebf585cd788c67949e7c0b32dca788,1,8,768,64,float32,25,100,40,412.00000047683716,Tesla T4,7.5,2.11.0+cu128,12.8,2026-08-23T19:20:48.510368+00:00
pytorch_sdpa,ca87722a00ebf585cd788c67949e7c0b32dca788,1,8,768,64,float32,25,100,41,393.21601390838623,Tesla T4,7.5,2.11.0+cu128,12.8,2026-08-23T19:20:48.510368+00:00
pytorch_sdpa,ca87722a00ebf585cd788c67949e7c0b32dca788,1,8,768,64,float32,25,100,42,387.07199692726135,Tesla T4,7.5,2.11.0+cu128,12.8,2026-08-23T19:20:48.510368+00:00
pytorch_sdpa,ca87722a00ebf585cd788c67949e7c0b32dca788,1,8,768,64,float32,25,100,43,392.9919898509979,Tesla T4,7.5,2.11.0+cu128,12.8,2026-08-23T19:20:48.510368+00:00
pytorch_sdpa,ca87722a00ebf585cd788c67949e7c0b32dca788,1,8,768,64,float32,25,100,44,397.3119854927063,Tesla T4,7.5,2.11.0+cu128,12.8,2026-08-23T19:20:48.510368+00:00
pytorch_sdpa,ca87722a00ebf585cd788c67949e7c0b32dca788,1,8,768,64,float32,25,100,45,387.87201046943665,Tesla T4,7.5,2.11.0+cu128,12.8,2026-08-23T19:20:48.510368+00:00
pytorch_sdpa,ca87722a00ebf585cd788c67949e7c0b32dca788,1,8,768,64,float32,25,100,46,387.32799887657166,Tesla T4,7.5,2.11.0+cu128,12.8,2026-08-23T19:20:48.510368+00:00
pytorch_sdpa,ca87722a00ebf585cd788c67949e7c0b32dca788,1,8,768,64,float32,25,100,47,379.1680037975311,Tesla T4,7.5,2.11.0+cu128,12.8,2026-08-23T19:20:48.510368+00:00
pytorch_sdpa,ca87722a00ebf585cd788c67949e7c0b32dca788,1,8,768,64,float32,25,100,48,384.70399379730225,Tesla T4,7.5,2.11.0+cu128,12.8,2026-08-23T19:20:48.510368+00:00
pytorch_sdpa,ca87722a00ebf585cd788c67949e7c0b32dca788,1,8,768,64,float32,25,100,49,380.92800974845886,Tesla T4,7.5,2.11.0+cu128,12.8,2026-08-23T19:20:48.510368+00:00
pytorch_sdpa,ca87722a00ebf585cd788c67949e7c0b32dca788,1,8,768,64,float32,25,100,50,374.65599179267883,Tesla T4,7.5,2.11.0+cu128,12.8,2026-08-23T19:20:48.510368+00:00
pytorch_sdpa,ca87722a00ebf585cd788c67949e7c0b32dca788,1,8,768,64,float32,25,100,51,382.9759955406189,Tesla T4,7.5,2.11.0+cu128,12.8,2026-08-23T19:20:48.510368+00:00
pytorch_sdpa,ca87722a00ebf585cd788c67949e7c0b32dca788,1,8,768,64,float32,25,100,52,387.4880075454712,Tesla T4,7.5,2.11.0+cu128,12.8,2026-08-23T19:20:48.510368+00:00
pytorch_sdpa,ca87722a00ebf585cd788c67949e7c0b32dca788,1,8,768,64,float32,25,100,53,387.1360123157501,Tesla T4,7.5,2.11.0+cu128,12.8,2026-08-23T19:20:48.510368+00:00
pytorch_sdpa,ca87722a00ebf585cd788c67949e7c0b32dca788,1,8,768,64,float32,25,100,54,373.9199936389923,Tesla T4,7.5,2.11.0+cu128,12.8,2026-08-23T19:20:48.510368+00:00
pytorch_sdpa,ca87722a00ebf585cd788c67949e7c0b32dca788,1,8,768,64,float32,25,100,55,383.10399651527405,Tesla T4,7.5,2.11.0+cu128,12.8,2026-08-23T19:20:48.510368+00:00
pytorch_sdpa,ca87722a00ebf585cd788c67949e7c0b32dca788,1,8,768,64,float32,25,100,56,380.92800974845886,Tesla T4,7.5,2.11.0+cu128,12.8,2026-08-23T19:20:48.510368+00:00
pytorch_sdpa,ca87722a00ebf585cd788c67949e7c0b32dca788,1,8,768,64,float32,25,100,57,382.4639916419983,Tesla T4,7.5,2.11.0+cu128,12.8,2026-08-23T19:20:48.510368+00:00
pytorch_sdpa,ca87722a00ebf585cd788c67949e7c0b32dca788,1,8,768,64,float32,25,100,58,382.9759955406189,Tesla T4,7.5,2.11.0+cu128,12.8,2026-08-23T19:20:48.510368+00:00
pytorch_sdpa,ca87722a00ebf585cd788c67949e7c0b32dca788,1,8,768,64,float32,25,100,59,380.92800974845886,Tesla T4,7.5,2.11.0+cu128,12.8,2026-08-23T19:20:48.510368+00:00
pytorch_sdpa,ca87722a00ebf585cd788c67949e7c0b32dca788,1,8,768,64,float32,25,100,60,387.07199692726135,Tesla T4,7.5,2.11.0+cu128,12.8,2026-08-23T19:20:48.510368+00:00
pytorch_sdpa,ca87722a00ebf585cd788c67949e7c0b32dca788,1,8,768,64,float32,25,100,61,380.8000087738037,Tesla T4,7.5,2.11.0+cu128,12.8,2026-08-23T19:20:48.510368+00:00
pytorch_sdpa,ca87722a00ebf585cd788c67949e7c0b32dca788,1,8,768,64,float32,25,100,62,380.99199533462524,Tesla T4,7.5,2.11.0+cu128,12.8,2026-08-23T19:20:48.510368+00:00
pytorch_sdpa,ca87722a00ebf585cd788c67949e7c0b32dca788,1,8,768,64,float32,25,100,63,390.6880021095276,Tesla T4,7.5,2.11.0+cu128,12.8,2026-08-23T19:20:48.510368+00:00
pytorch_sdpa,ca87722a00ebf585cd788c67949e7c0b32dca788,1,8,768,64,float32,25,100,64,382.9759955406189,Tesla T4,7.5,2.11.0+cu128,12.8,2026-08-23T19:20:48.510368+00:00
pytorch_sdpa,ca87722a00ebf585cd788c67949e7c0b32dca788,1,8,768,64,float32,25,100,65,393.887996673584,Tesla T4,7.5,2.11.0+cu128,12.8,2026-08-23T19:20:48.510368+00:00
pytorch_sdpa,ca87722a00ebf585cd788c67949e7c0b32dca788,1,8,768,64,float32,25,100,66,382.9759955406189,Tesla T4,7.5,2.11.0+cu128,12.8,2026-08-23T19:20:48.510368+00:00
pytorch_sdpa,ca87722a00ebf585cd788c67949e7c0b32dca788,1,8,768,64,float32,25,100,67,387.9680037498474,Tesla T4,7.5,2.11.0+cu128,12.8,2026-08-23T19:20:48.510368+00:00
pytorch_sdpa,ca87722a00ebf585cd788c67949e7c0b32dca788,1,8,768,64,float32,25,100,68,384.0639889240265,Tesla T4,7.5,2.11.0+cu128,12.8,2026-08-23T19:20:48.510368+00:00
pytorch_sdpa,ca87722a00ebf585cd788c67949e7c0b32dca788,1,8,768,64,float32,25,100,69,378.87999415397644,Tesla T4,7.5,2.11.0+cu128,12.8,2026-08-23T19:20:48.510368+00:00
pytorch_sdpa,ca87722a00ebf585cd788c67949e7c0b32dca788,1,8,768,64,float32,25,100,70,384.3519985675812,Tesla T4,7.5,2.11.0+cu128,12.8,2026-08-23T19:20:48.510368+00:00
pytorch_sdpa,ca87722a00ebf585cd788c67949e7c0b32dca788,1,8,768,64,float32,25,100,71,379.5199990272522,Tesla T4,7.5,2.11.0+cu128,12.8,2026-08-23T19:20:48.510368+00:00
pytorch_sdpa,ca87722a00ebf585cd788c67949e7c0b32dca788,1,8,768,64,float32,25,100,72,337.92001008987427,Tesla T4,7.5,2.11.0+cu128,12.8,2026-08-23T19:20:48.510368+00:00
pytorch_sdpa,ca87722a00ebf585cd788c67949e7c0b32dca788,1,8,768,64,float32,25,100,73,385.0240111351013,Tesla T4,7.5,2.11.0+cu128,12.8,2026-08-23T19:20:48.510368+00:00
pytorch_sdpa,ca87722a00ebf585cd788c67949e7c0b32dca788,1,8,768,64,float32,25,100,74,380.3200125694275,Tesla T4,7.5,2.11.0+cu128,12.8,2026-08-23T19:20:48.510368+00:00
pytorch_sdpa,ca87722a00ebf585cd788c67949e7c0b32dca788,1,8,768,64,float32,25,100,75,382.30401277542114,Tesla T4,7.5,2.11.0+cu128,12.8,2026-08-23T19:20:48.510368+00:00
pytorch_sdpa,ca87722a00ebf585cd788c67949e7c0b32dca788,1,8,768,64,float32,25,100,76,379.39199805259705,Tesla T4,7.5,2.11.0+cu128,12.8,2026-08-23T19:20:48.510368+00:00
pytorch_sdpa,ca87722a00ebf585cd788c67949e7c0b32dca788,1,8,768,64,float32,25,100,77,350.5600094795227,Tesla T4,7.5,2.11.0+cu128,12.8,2026-08-23T19:20:48.510368+00:00
pytorch_sdpa,ca87722a00ebf585cd788c67949e7c0b32dca788,1,8,768,64,float32,25,100,78,399.29598569869995,Tesla T4,7.5,2.11.0+cu128,12.8,2026-08-23T19:20:48.510368+00:00
pytorch_sdpa,ca87722a00ebf585cd788c67949e7c0b32dca788,1,8,768,64,float32,25,100,79,385.0240111351013,Tesla T4,7.5,2.11.0+cu128,12.8,2026-08-23T19:20:48.510368+00:00
pytorch_sdpa,ca87722a00ebf585cd788c67949e7c0b32dca788,1,8,768,64,float32,25,100,80,383.90401005744934,Tesla T4,7.5,2.11.0+cu128,12.8,2026-08-23T19:20:48.510368+00:00
pytorch_sdpa,ca87722a00ebf585cd788c67949e7c0b32dca788,1,8,768,64,float32,25,100,81,380.92800974845886,Tesla T4,7.5,2.11.0+cu128,12.8,2026-08-23T19:20:48.510368+00:00
pytorch_sdpa,ca87722a00ebf585cd788c67949e7c0b32dca788,1,8,768,64,float32,25,100,82,377.85598635673523,Tesla T4,7.5,2.11.0+cu128,12.8,2026-08-23T19:20:48.510368+00:00
pytorch_sdpa,ca87722a00ebf585cd788c67949e7c0b32dca788,1,8,768,64,float32,25,100,83,331.9999873638153,Tesla T4,7.5,2.11.0+cu128,12.8,2026-08-23T19:20:48.510368+00:00
pytorch_sdpa,ca87722a00ebf585cd788c67949e7c0b32dca788,1,8,768,64,float32,25,100,84,325.6320059299469,Tesla T4,7.5,2.11.0+cu128,12.8,2026-08-23T19:20:48.510368+00:00
pytorch_sdpa,ca87722a00ebf585cd788c67949e7c0b32dca788,1,8,768,64,float32,25,100,85,345.5680012702942,Tesla T4,7.5,2.11.0+cu128,12.8,2026-08-23T19:20:48.510368+00:00
pytorch_sdpa,ca87722a00ebf585cd788c67949e7c0b32dca788,1,8,768,64,float32,25,100,86,341.43999218940735,Tesla T4,7.5,2.11.0+cu128,12.8,2026-08-23T19:20:48.510368+00:00
pytorch_sdpa,ca87722a00ebf585cd788c67949e7c0b32dca788,1,8,768,64,float32,25,100,87,344.06399726867676,Tesla T4,7.5,2.11.0+cu128,12.8,2026-08-23T19:20:48.510368+00:00
pytorch_sdpa,ca87722a00ebf585cd788c67949e7c0b32dca788,1,8,768,64,float32,25,100,88,306.46398663520813,Tesla T4,7.5,2.11.0+cu128,12.8,2026-08-23T19:20:48.510368+00:00
pytorch_sdpa,ca87722a00ebf585cd788c67949e7c0b32dca788,1,8,768,64,float32,25,100,89,340.67198634147644,Tesla T4,7.5,2.11.0+cu128,12.8,2026-08-23T19:20:48.510368+00:00
pytorch_sdpa,ca87722a00ebf585cd788c67949e7c0b32dca788,1,8,768,64,float32,25,100,90,304.1920065879822,Tesla T4,7.5,2.11.0+cu128,12.8,2026-08-23T19:20:48.510368+00:00
pytorch_sdpa,ca87722a00ebf585cd788c67949e7c0b32dca788,1,8,768,64,float32,25,100,91,337.92001008987427,Tesla T4,7.5,2.11.0+cu128,12.8,2026-08-23T19:20:48.510368+00:00
pytorch_sdpa,ca87722a00ebf585cd788c67949e7c0b32dca788,1,8,768,64,float32,25,100,92,345.91999650001526,Tesla T4,7.5,2.11.0+cu128,12.8,2026-08-23T19:20:48.510368+00:00
pytorch_sdpa,ca87722a00ebf585cd788c67949e7c0b32dca788,1,8,768,64,float32,25,100,93,344.0319895744324,Tesla T4,7.5,2.11.0+cu128,12.8,2026-08-23T19:20:48.510368+00:00
pytorch_sdpa,ca87722a00ebf585cd788c67949e7c0b32dca788,1,8,768,64,float32,25,100,94,321.53600454330444,Tesla T4,7.5,2.11.0+cu128,12.8,2026-08-23T19:20:48.510368+00:00
pytorch_sdpa,ca87722a00ebf585cd788c67949e7c0b32dca788,1,8,768,64,float32,25,100,95,329.50401306152344,Tesla T4,7.5,2.11.0+cu128,12.8,2026-08-23T19:20:48.510368+00:00
pytorch_sdpa,ca87722a00ebf585cd788c67949e7c0b32dca788,1,8,768,64,float32,25,100,96,305.1519989967346,Tesla T4,7.5,2.11.0+cu128,12.8,2026-08-23T19:20:48.510368+00:00
pytorch_sdpa,ca87722a00ebf585cd788c67949e7c0b32dca788,1,8,768,64,float32,25,100,97,344.1599905490875,Tesla T4,7.5,2.11.0+cu128,12.8,2026-08-23T19:20:48.510368+00:00
pytorch_sdpa,ca87722a00ebf585cd788c67949e7c0b32dca788,1,8,768,64,float32,25,100,98,303.5840094089508,Tesla T4,7.5,2.11.0+cu128,12.8,2026-08-23T19:20:48.510368+00:00
pytorch_sdpa,ca87722a00ebf585cd788c67949e7c0b32dca788,1,8,768,64,float32,25,100,99,341.2480056285858,Tesla T4,7.5,2.11.0+cu128,12.8,2026-08-23T19:20:48.510368+00:00
explicit_pytorch,ca87722a00ebf585cd788c67949e7c0b32dca788,1,8,1024,64,float32,25,100,0,1840.60800075531,Tesla T4,7.5,2.11.0+cu128,12.8,2026-08-23T19:20:48.755388+00:00
explicit_pytorch,ca87722a00ebf585cd788c67949e7c0b32dca788,1,8,1024,64,float32,25,100,1,1797.8559732437134,Tesla T4,7.5,2.11.0+cu128,12.8,2026-08-23T19:20:48.755388+00:00
explicit_pytorch,ca87722a00ebf585cd788c67949e7c0b32dca788,1,8,1024,64,float32,25,100,2,1806.3360452651978,Tesla T4,7.5,2.11.0+cu128,12.8,2026-08-23T19:20:48.755388+00:00
explicit_pytorch,ca87722a00ebf585cd788c67949e7c0b32dca788,1,8,1024,64,float32,25,100,3,1808.127999305725,Tesla T4,7.5,2.11.0+cu128,12.8,2026-08-23T19:20:48.755388+00:00
explicit_pytorch,ca87722a00ebf585cd788c67949e7c0b32dca788,1,8,1024,64,float32,25,100,4,1807.0080280303955,Tesla T4,7.5,2.11.0+cu128,12.8,2026-08-23T19:20:48.755388+00:00
explicit_pytorch,ca87722a00ebf585cd788c67949e7c0b32dca788,1,8,1024,64,float32,25,100,5,1799.9999523162842,Tesla T4,7.5,2.11.0+cu128,12.8,2026-08-23T19:20:48.755388+00:00
explicit_pytorch,ca87722a00ebf585cd788c67949e7c0b32dca788,1,8,1024,64,float32,25,100,6,1803.5520315170288,Tesla T4,7.5,2.11.0+cu128,12.8,2026-08-23T19:20:48.755388+00:00
explicit_pytorch,ca87722a00ebf585cd788c67949e7c0b32dca788,1,8,1024,64,float32,25,100,7,1818.6240196228027,Tesla T4,7.5,2.11.0+cu128,12.8,2026-08-23T19:20:48.755388+00:00
explicit_pytorch,ca87722a00ebf585cd788c67949e7c0b32dca788,1,8,1024,64,float32,25,100,8,1802.2079467773438,Tesla T4,7.5,2.11.0+cu128,12.8,2026-08-23T19:20:48.755388+00:00
explicit_pytorch,ca87722a00ebf585cd788c67949e7c0b32dca788,1,8,1024,64,float32,25,100,9,1826.0480165481567,Tesla T4,7.5,2.11.0+cu128,12.8,2026-08-23T19:20:48.755388+00:00
explicit_pytorch,ca87722a00ebf585cd788c67949e7c0b32dca788,1,8,1024,64,float32,25,100,10,1841.6320085525513,Tesla T4,7.5,2.11.0+cu128,12.8,2026-08-23T19:20:48.755388+00:00
explicit_pytorch,ca87722a00ebf585cd788c67949e7c0b32dca788,1,8,1024,64,float32,25,100,11,1826.2720108032227,Tesla T4,7.5,2.11.0+cu128,12.8,2026-08-23T19:20:48.755388+00:00
explicit_pytorch,ca87722a00ebf585cd788c67949e7c0b32dca788,1,8,1024,64,float32,25,100,12,1823.8719701766968,Tesla T4,7.5,2.11.0+cu128,12.8,2026-08-23T19:20:48.755388+00:00
explicit_pytorch,ca87722a00ebf585cd788c67949e7c0b32dca788,1,8,1024,64,float32,25,100,13,1839.51997756958,Tesla T4,7.5,2.11.0+cu128,12.8,2026-08-23T19:20:48.755388+00:00
explicit_pytorch,ca87722a00ebf585cd788c67949e7c0b32dca788,1,8,1024,64,float32,25,100,14,1845.0239896774292,Tesla T4,7.5,2.11.0+cu128,12.8,2026-08-23T19:20:48.755388+00:00
explicit_pytorch,ca87722a00ebf585cd788c67949e7c0b32dca788,1,8,1024,64,float32,25,100,15,1819.2960023880005,Tesla T4,7.5,2.11.0+cu128,12.8,2026-08-23T19:20:48.755388+00:00
explicit_pytorch,ca87722a00ebf585cd788c67949e7c0b32dca788,1,8,1024,64,float32,25,100,16,1819.167971611023,Tesla T4,7.5,2.11.0+cu128,12.8,2026-08-23T19:20:48.755388+00:00
explicit_pytorch,ca87722a00ebf585cd788c67949e7c0b32dca788,1,8,1024,64,float32,25,100,17,1814.527988433838,Tesla T4,7.5,2.11.0+cu128,12.8,2026-08-23T19:20:48.755388+00:00
explicit_pytorch,ca87722a00ebf585cd788c67949e7c0b32dca788,1,8,1024,64,float32,25,100,18,1819.2319869995117,Tesla T4,7.5,2.11.0+cu128,12.8,2026-08-23T19:20:48.755388+00:00
explicit_pytorch,ca87722a00ebf585cd788c67949e7c0b32dca788,1,8,1024,64,float32,25,100,19,1810.431957244873,Tesla T4,7.5,2.11.0+cu128,12.8,2026-08-23T19:20:48.755388+00:00
explicit_pytorch,ca87722a00ebf585cd788c67949e7c0b32dca788,1,8,1024,64,float32,25,100,20,1851.3920307159424,Tesla T4,7.5,2.11.0+cu128,12.8,2026-08-23T19:20:48.755388+00:00
explicit_pytorch,ca87722a00ebf585cd788c67949e7c0b32dca788,1,8,1024,64,float32,25,100,21,1816.5760040283203,Tesla T4,7.5,2.11.0+cu128,12.8,2026-08-23T19:20:48.755388+00:00
explicit_pytorch,ca87722a00ebf585cd788c67949e7c0b32dca788,1,8,1024,64,float32,25,100,22,1821.6320276260376,Tesla T4,7.5,2.11.0+cu128,12.8,2026-08-23T19:20:48.755388+00:00
explicit_pytorch,ca87722a00ebf585cd788c67949e7c0b32dca788,1,8,1024,64,float32,25,100,23,1814.527988433838,Tesla T4,7.5,2.11.0+cu128,12.8,2026-08-23T19:20:48.755388+00:00
explicit_pytorch,ca87722a00ebf585cd788c67949e7c0b32dca788,1,8,1024,64,float32,25,100,24,1868.1600093841553,Tesla T4,7.5,2.11.0+cu128,12.8,2026-08-23T19:20:48.755388+00:00
explicit_pytorch,ca87722a00ebf585cd788c67949e7c0b32dca788,1,8,1024,64,float32,25,100,25,1814.7200345993042,Tesla T4,7.5,2.11.0+cu128,12.8,2026-08-23T19:20:48.755388+00:00
explicit_pytorch,ca87722a00ebf585cd788c67949e7c0b32dca788,1,8,1024,64,float32,25,100,26,1825.3120183944702,Tesla T4,7.5,2.11.0+cu128,12.8,2026-08-23T19:20:48.755388+00:00
explicit_pytorch,ca87722a00ebf585cd788c67949e7c0b32dca788,1,8,1024,64,float32,25,100,27,1840.9600257873535,Tesla T4,7.5,2.11.0+cu128,12.8,2026-08-23T19:20:48.755388+00:00
explicit_pytorch,ca87722a00ebf585cd788c67949e7c0b32dca788,1,8,1024,64,float32,25,100,28,1826.6880512237549,Tesla T4,7.5,2.11.0+cu128,12.8,2026-08-23T19:20:48.755388+00:00
explicit_pytorch,ca87722a00ebf585cd788c67949e7c0b32dca788,1,8,1024,64,float32,25,100,29,1837.056040763855,Tesla T4,7.5,2.11.0+cu128,12.8,2026-08-23T19:20:48.755388+00:00
explicit_pytorch,ca87722a00ebf585cd788c67949e7c0b32dca788,1,8,1024,64,float32,25,100,30,1819.2319869995117,Tesla T4,7.5,2.11.0+cu128,12.8,2026-08-23T19:20:48.755388+00:00
explicit_pytorch,ca87722a00ebf585cd788c67949e7c0b32dca788,1,8,1024,64,float32,25,100,31,1826.8159627914429,Tesla T4,7.5,2.11.0+cu128,12.8,2026-08-23T19:20:48.755388+00:00
explicit_pytorch,ca87722a00ebf585cd788c67949e7c0b32dca788,1,8,1024,64,float32,25,100,32,1816.3520097732544,Tesla T4,7.5,2.11.0+cu128,12.8,2026-08-23T19:20:48.755388+00:00
explicit_pytorch,ca87722a00ebf585cd788c67949e7c0b32dca788,1,8,1024,64,float32,25,100,33,1816.383957862854,Tesla T4,7.5,2.11.0+cu128,12.8,2026-08-23T19:20:48.755388+00:00
explicit_pytorch,ca87722a00ebf585cd788c67949e7c0b32dca788,1,8,1024,64,float32,25,100,34,1820.255994796753,Tesla T4,7.5,2.11.0+cu128,12.8,2026-08-23T19:20:48.755388+00:00
explicit_pytorch,ca87722a00ebf585cd788c67949e7c0b32dca788,1,8,1024,64,float32,25,100,35,1828.544020652771,Tesla T4,7.5,2.11.0+cu128,12.8,2026-08-23T19:20:48.755388+00:00
explicit_pytorch,ca87722a00ebf585cd788c67949e7c0b32dca788,1,8,1024,64,float32,25,100,36,1811.8400573730469,Tesla T4,7.5,2.11.0+cu128,12.8,2026-08-23T19:20:48.755388+00:00
explicit_pytorch,ca87722a00ebf585cd788c67949e7c0b32dca788,1,8,1024,64,float32,25,100,37,1828.8639783859253,Tesla T4,7.5,2.11.0+cu128,12.8,2026-08-23T19:20:48.755388+00:00
explicit_pytorch,ca87722a00ebf585cd788c67949e7c0b32dca788,1,8,1024,64,float32,25,100,38,1812.2880458831787,Tesla T4,7.5,2.11.0+cu128,12.8,2026-08-23T19:20:48.755388+00:00
explicit_pytorch,ca87722a00ebf585cd788c67949e7c0b32dca788,1,8,1024,64,float32,25,100,39,1818.6240196228027,Tesla T4,7.5,2.11.0+cu128,12.8,2026-08-23T19:20:48.755388+00:00
explicit_pytorch,ca87722a00ebf585cd788c67949e7c0b32dca788,1,8,1024,64,float32,25,100,40,1819.0720081329346,Tesla T4,7.5,2.11.0+cu128,12.8,2026-08-23T19:20:48.755388+00:00
explicit_pytorch,ca87722a00ebf585cd788c67949e7c0b32dca788,1,8,1024,64,float32,25,100,41,1820.6720352172852,Tesla T4,7.5,2.11.0+cu128,12.8,2026-08-23T19:20:48.755388+00:00
explicit_pytorch,ca87722a00ebf585cd788c67949e7c0b32dca788,1,8,1024,64,float32,25,100,42,1822.975993156433,Tesla T4,7.5,2.11.0+cu128,12.8,2026-08-23T19:20:48.755388+00:00
explicit_pytorch,ca87722a00ebf585cd788c67949e7c0b32dca788,1,8,1024,64,float32,25,100,43,1820.6720352172852,Tesla T4,7.5,2.11.0+cu128,12.8,2026-08-23T19:20:48.755388+00:00
explicit_pytorch,ca87722a00ebf585cd788c67949e7c0b32dca788,1,8,1024,64,float32,25,100,44,1818.6240196228027,Tesla T4,7.5,2.11.0+cu128,12.8,2026-08-23T19:20:48.755388+00:00
explicit_pytorch,ca87722a00ebf585cd788c67949e7c0b32dca788,1,8,1024,64,float32,25,100,45,1848.0960130691528,Tesla T4,7.5,2.11.0+cu128,12.8,2026-08-23T19:20:48.755388+00:00
explicit_pytorch,ca87722a00ebf585cd788c67949e7c0b32dca788,1,8,1024,64,float32,25,100,46,1818.7520503997803,Tesla T4,7.5,2.11.0+cu128,12.8,2026-08-23T19:20:48.755388+00:00
explicit_pytorch,ca87722a00ebf585cd788c67949e7c0b32dca788,1,8,1024,64,float32,25,100,47,1845.311999320984,Tesla T4,7.5,2.11.0+cu128,12.8,2026-08-23T19:20:48.755388+00:00
explicit_pytorch,ca87722a00ebf585cd788c67949e7c0b32dca788,1,8,1024,64,float32,25,100,48,1828.8639783859253,Tesla T4,7.5,2.11.0+cu128,12.8,2026-08-23T19:20:48.755388+00:00
explicit_pytorch,ca87722a00ebf585cd788c67949e7c0b32dca788,1,8,1024,64,float32,25,100,49,1814.527988433838,Tesla T4,7.5,2.11.0+cu128,12.8,2026-08-23T19:20:48.755388+00:00
explicit_pytorch,ca87722a00ebf585cd788c67949e7c0b32dca788,1,8,1024,64,float32,25,100,50,1818.5280561447144,Tesla T4,7.5,2.11.0+cu128,12.8,2026-08-23T19:20:48.755388+00:00
explicit_pytorch,ca87722a00ebf585cd788c67949e7c0b32dca788,1,8,1024,64,float32,25,100,51,1820.512056350708,Tesla T4,7.5,2.11.0+cu128,12.8,2026-08-23T19:20:48.755388+00:00
explicit_pytorch,ca87722a00ebf585cd788c67949e7c0b32dca788,1,8,1024,64,float32,25,100,52,1838.528037071228,Tesla T4,7.5,2.11.0+cu128,12.8,2026-08-23T19:20:48.755388+00:00
explicit_pytorch,ca87722a00ebf585cd788c67949e7c0b32dca788,1,8,1024,64,float32,25,100,53,1824.9599933624268,Tesla T4,7.5,2.11.0+cu128,12.8,2026-08-23T19:20:48.755388+00:00
explicit_pytorch,ca87722a00ebf585cd788c67949e7c0b32dca788,1,8,1024,64,float32,25,100,54,1824.7679471969604,Tesla T4,7.5,2.11.0+cu128,12.8,2026-08-23T19:20:48.755388+00:00
explicit_pytorch,ca87722a00ebf585cd788c67949e7c0b32dca788,1,8,1024,64,float32,25,100,55,1828.6720514297485,Tesla T4,7.5,2.11.0+cu128,12.8,2026-08-23T19:20:48.755388+00:00
explicit_pytorch,ca87722a00ebf585cd788c67949e7c0b32dca788,1,8,1024,64,float32,25,100,56,1822.335958480835,Tesla T4,7.5,2.11.0+cu128,12.8,2026-08-23T19:20:48.755388+00:00
explicit_pytorch,ca87722a00ebf585cd788c67949e7c0b32dca788,1,8,1024,64,float32,25,100,57,1814.6560192108154,Tesla T4,7.5,2.11.0+cu128,12.8,2026-08-23T19:20:48.755388+00:00
explicit_pytorch,ca87722a00ebf585cd788c67949e7c0b32dca788,1,8,1024,64,float32,25,100,58,1824.7679471969604,Tesla T4,7.5,2.11.0+cu128,12.8,2026-08-23T19:20:48.755388+00:00
explicit_pytorch,ca87722a00ebf585cd788c67949e7c0b32dca788,1,8,1024,64,float32,25,100,59,1837.056040763855,Tesla T4,7.5,2.11.0+cu128,12.8,2026-08-23T19:20:48.755388+00:00
explicit_pytorch,ca87722a00ebf585cd788c67949e7c0b32dca788,1,8,1024,64,float32,25,100,60,1821.344017982483,Tesla T4,7.5,2.11.0+cu128,12.8,2026-08-23T19:20:48.755388+00:00
explicit_pytorch,ca87722a00ebf585cd788c67949e7c0b32dca788,1,8,1024,64,float32,25,100,61,1812.4480247497559,Tesla T4,7.5,2.11.0+cu128,12.8,2026-08-23T19:20:48.755388+00:00
explicit_pytorch,ca87722a00ebf585cd788c67949e7c0b32dca788,1,8,1024,64,float32,25,100,62,1819.7439908981323,Tesla T4,7.5,2.11.0+cu128,12.8,2026-08-23T19:20:48.755388+00:00
explicit_pytorch,ca87722a00ebf585cd788c67949e7c0b32dca788,1,8,1024,64,float32,25,100,63,1823.3599662780762,Tesla T4,7.5,2.11.0+cu128,12.8,2026-08-23T19:20:48.755388+00:00
explicit_pytorch,ca87722a00ebf585cd788c67949e7c0b32dca788,1,8,1024,64,float32,25,100,64,1849.6639728546143,Tesla T4,7.5,2.11.0+cu128,12.8,2026-08-23T19:20:48.755388+00:00
explicit_pytorch,ca87722a00ebf585cd788c67949e7c0b32dca788,1,8,1024,64,float32,25,100,65,1837.0239734649658,Tesla T4,7.5,2.11.0+cu128,12.8,2026-08-23T19:20:48.755388+00:00
explicit_pytorch,ca87722a00ebf585cd788c67949e7c0b32dca788,1,8,1024,64,float32,25,100,66,1829.535961151123,Tesla T4,7.5,2.11.0+cu128,12.8,2026-08-23T19:20:48.755388+00:00
explicit_pytorch,ca87722a00ebf585cd788c67949e7c0b32dca788,1,8,1024,64,float32,25,100,67,1820.6720352172852,Tesla T4,7.5,2.11.0+cu128,12.8,2026-08-23T19:20:48.755388+00:00
explicit_pytorch,ca87722a00ebf585cd788c67949e7c0b32dca788,1,8,1024,64,float32,25,100,68,1820.7679986953735,Tesla T4,7.5,2.11.0+cu128,12.8,2026-08-23T19:20:48.755388+00:00
explicit_pytorch,ca87722a00ebf585cd788c67949e7c0b32dca788,1,8,1024,64,float32,25,100,69,1820.6720352172852,Tesla T4,7.5,2.11.0+cu128,12.8,2026-08-23T19:20:48.755388+00:00
explicit_pytorch,ca87722a00ebf585cd788c67949e7c0b32dca788,1,8,1024,64,float32,25,100,70,1801.408052444458,Tesla T4,7.5,2.11.0+cu128,12.8,2026-08-23T19:20:48.755388+00:00
explicit_pytorch,ca87722a00ebf585cd788c67949e7c0b32dca788,1,8,1024,64,float32,25,100,71,1802.3359775543213,Tesla T4,7.5,2.11.0+cu128,12.8,2026-08-23T19:20:48.755388+00:00
explicit_pytorch,ca87722a00ebf585cd788c67949e7c0b32dca788,1,8,1024,64,float32,25,100,72,1801.8239736557007,Tesla T4,7.5,2.11.0+cu128,12.8,2026-08-23T19:20:48.755388+00:00
explicit_pytorch,ca87722a00ebf585cd788c67949e7c0b32dca788,1,8,1024,64,float32,25,100,73,1808.9280128479004,Tesla T4,7.5,2.11.0+cu128,12.8,2026-08-23T19:20:48.755388+00:00
explicit_pytorch,ca87722a00ebf585cd788c67949e7c0b32dca788,1,8,1024,64,float32,25,100,74,1807.2960376739502,Tesla T4,7.5,2.11.0+cu128,12.8,2026-08-23T19:20:48.755388+00:00
explicit_pytorch,ca87722a00ebf585cd788c67949e7c0b32dca788,1,8,1024,64,float32,25,100,75,1822.9440450668335,Tesla T4,7.5,2.11.0+cu128,12.8,2026-08-23T19:20:48.755388+00:00
explicit_pytorch,ca87722a00ebf585cd788c67949e7c0b32dca788,1,8,1024,64,float32,25,100,76,1802.1759986877441,Tesla T4,7.5,2.11.0+cu128,12.8,2026-08-23T19:20:48.755388+00:00
explicit_pytorch,ca87722a00ebf585cd788c67949e7c0b32dca788,1,8,1024,64,float32,25,100,77,1808.3839416503906,Tesla T4,7.5,2.11.0+cu128,12.8,2026-08-23T19:20:48.755388+00:00
explicit_pytorch,ca87722a00ebf585cd788c67949e7c0b32dca788,1,8,1024,64,float32,25,100,78,1799.0080118179321,Tesla T4,7.5,2.11.0+cu128,12.8,2026-08-23T19:20:48.755388+00:00
explicit_pytorch,ca87722a00ebf585cd788c67949e7c0b32dca788,1,8,1024,64,float32,25,100,79,1801.0560274124146,Tesla T4,7.5,2.11.0+cu128,12.8,2026-08-23T19:20:48.755388+00:00
explicit_pytorch,ca87722a00ebf585cd788c67949e7c0b32dca788,1,8,1024,64,float32,25,100,80,1802.240014076233,Tesla T4,7.5,2.11.0+cu128,12.8,2026-08-23T19:20:48.755388+00:00
explicit_pytorch,ca87722a00ebf585cd788c67949e7c0b32dca788,1,8,1024,64,float32,25,100,81,1824.7679471969604,Tesla T4,7.5,2.11.0+cu128,12.8,2026-08-23T19:20:48.755388+00:00
explicit_pytorch,ca87722a00ebf585cd788c67949e7c0b32dca788,1,8,1024,64,float32,25,100,82,1822.7200508117676,Tesla T4,7.5,2.11.0+cu128,12.8,2026-08-23T19:20:48.755388+00:00
explicit_pytorch,ca87722a00ebf585cd788c67949e7c0b32dca788,1,8,1024,64,float32,25,100,83,1800.4800081253052,Tesla T4,7.5,2.11.0+cu128,12.8,2026-08-23T19:20:48.755388+00:00
explicit_pytorch,ca87722a00ebf585cd788c67949e7c0b32dca788,1,8,1024,64,float32,25,100,84,1807.8720569610596,Tesla T4,7.5,2.11.0+cu128,12.8,2026-08-23T19:20:48.755388+00:00
explicit_pytorch,ca87722a00ebf585cd788c67949e7c0b32dca788,1,8,1024,64,float32,25,100,85,1849.3119478225708,Tesla T4,7.5,2.11.0+cu128,12.8,2026-08-23T19:20:48.755388+00:00
explicit_pytorch,ca87722a00ebf585cd788c67949e7c0b32dca788,1,8,1024,64,float32,25,100,86,1820.9919929504395,Tesla T4,7.5,2.11.0+cu128,12.8,2026-08-23T19:20:48.755388+00:00
explicit_pytorch,ca87722a00ebf585cd788c67949e7c0b32dca788,1,8,1024,64,float32,25,100,87,1822.7200508117676,Tesla T4,7.5,2.11.0+cu128,12.8,2026-08-23T19:20:48.755388+00:00
explicit_pytorch,ca87722a00ebf585cd788c67949e7c0b32dca788,1,8,1024,64,float32,25,100,88,1828.5119533538818,Tesla T4,7.5,2.11.0+cu128,12.8,2026-08-23T19:20:48.755388+00:00
explicit_pytorch,ca87722a00ebf585cd788c67949e7c0b32dca788,1,8,1024,64,float32,25,100,89,1820.2240467071533,Tesla T4,7.5,2.11.0+cu128,12.8,2026-08-23T19:20:48.755388+00:00
explicit_pytorch,ca87722a00ebf585cd788c67949e7c0b32dca788,1,8,1024,64,float32,25,100,90,1819.9360370635986,Tesla T4,7.5,2.11.0+cu128,12.8,2026-08-23T19:20:48.755388+00:00
explicit_pytorch,ca87722a00ebf585cd788c67949e7c0b32dca788,1,8,1024,64,float32,25,100,91,1817.2160387039185,Tesla T4,7.5,2.11.0+cu128,12.8,2026-08-23T19:20:48.755388+00:00
explicit_pytorch,ca87722a00ebf585cd788c67949e7c0b32dca788,1,8,1024,64,float32,25,100,92,1818.2079792022705,Tesla T4,7.5,2.11.0+cu128,12.8,2026-08-23T19:20:48.755388+00:00
explicit_pytorch,ca87722a00ebf585cd788c67949e7c0b32dca788,1,8,1024,64,float32,25,100,93,1844.831943511963,Tesla T4,7.5,2.11.0+cu128,12.8,2026-08-23T19:20:48.755388+00:00
explicit_pytorch,ca87722a00ebf585cd788c67949e7c0b32dca788,1,8,1024,64,float32,25,100,94,1821.2480545043945,Tesla T4,7.5,2.11.0+cu128,12.8,2026-08-23T19:20:48.755388+00:00
explicit_pytorch,ca87722a00ebf585cd788c67949e7c0b32dca788,1,8,1024,64,float32,25,100,95,1823.583960533142,Tesla T4,7.5,2.11.0+cu128,12.8,2026-08-23T19:20:48.755388+00:00
explicit_pytorch,ca87722a00ebf585cd788c67949e7c0b32dca788,1,8,1024,64,float32,25,100,96,1824.3520259857178,Tesla T4,7.5,2.11.0+cu128,12.8,2026-08-23T19:20:48.755388+00:00
explicit_pytorch,ca87722a00ebf585cd788c67949e7c0b32dca788,1,8,1024,64,float32,25,100,97,1848.3200073242188,Tesla T4,7.5,2.11.0+cu128,12.8,2026-08-23T19:20:48.755388+00:00
explicit_pytorch,ca87722a00ebf585cd788c67949e7c0b32dca788,1,8,1024,64,float32,25,100,98,1844.9920415878296,Tesla T4,7.5,2.11.0+cu128,12.8,2026-08-23T19:20:48.755388+00:00
explicit_pytorch,ca87722a00ebf585cd788c67949e7c0b32dca788,1,8,1024,64,float32,25,100,99,1820.6720352172852,Tesla T4,7.5,2.11.0+cu128,12.8,2026-08-23T19:20:48.755388+00:00
custom_softmax_attention,ca87722a00ebf585cd788c67949e7c0b32dca788,1,8,1024,64,float32,25,100,0,929.7919869422913,Tesla T4,7.5,2.11.0+cu128,12.8,2026-08-23T19:20:48.879707+00:00
custom_softmax_attention,ca87722a00ebf585cd788c67949e7c0b32dca788,1,8,1024,64,float32,25,100,1,913.4079813957214,Tesla T4,7.5,2.11.0+cu128,12.8,2026-08-23T19:20:48.879707+00:00
custom_softmax_attention,ca87722a00ebf585cd788c67949e7c0b32dca788,1,8,1024,64,float32,25,100,2,903.1040072441101,Tesla T4,7.5,2.11.0+cu128,12.8,2026-08-23T19:20:48.879707+00:00
custom_softmax_attention,ca87722a00ebf585cd788c67949e7c0b32dca788,1,8,1024,64,float32,25,100,3,900.160014629364,Tesla T4,7.5,2.11.0+cu128,12.8,2026-08-23T19:20:48.879707+00:00
custom_softmax_attention,ca87722a00ebf585cd788c67949e7c0b32dca788,1,8,1024,64,float32,25,100,4,906.2079787254333,Tesla T4,7.5,2.11.0+cu128,12.8,2026-08-23T19:20:48.879707+00:00
custom_softmax_attention,ca87722a00ebf585cd788c67949e7c0b32dca788,1,8,1024,64,float32,25,100,5,896.1920142173767,Tesla T4,7.5,2.11.0+cu128,12.8,2026-08-23T19:20:48.879707+00:00
custom_softmax_attention,ca87722a00ebf585cd788c67949e7c0b32dca788,1,8,1024,64,float32,25,100,6,900.767982006073,Tesla T4,7.5,2.11.0+cu128,12.8,2026-08-23T19:20:48.879707+00:00
custom_softmax_attention,ca87722a00ebf585cd788c67949e7c0b32dca788,1,8,1024,64,float32,25,100,7,925.7280230522156,Tesla T4,7.5,2.11.0+cu128,12.8,2026-08-23T19:20:48.879707+00:00
custom_softmax_attention,ca87722a00ebf585cd788c67949e7c0b32dca788,1,8,1024,64,float32,25,100,8,914.5280122756958,Tesla T4,7.5,2.11.0+cu128,12.8,2026-08-23T19:20:48.879707+00:00
custom_softmax_attention,ca87722a00ebf585cd788c67949e7c0b32dca788,1,8,1024,64,float32,25,100,9,894.976019859314,Tesla T4,7.5,2.11.0+cu128,12.8,2026-08-23T19:20:48.879707+00:00
custom_softmax_attention,ca87722a00ebf585cd788c67949e7c0b32dca788,1,8,1024,64,float32,25,100,10,909.3120098114014,Tesla T4,7.5,2.11.0+cu128,12.8,2026-08-23T19:20:48.879707+00:00
custom_softmax_attention,ca87722a00ebf585cd788c67949e7c0b32dca788,1,8,1024,64,float32,25,100,11,926.2719750404358,Tesla T4,7.5,2.11.0+cu128,12.8,2026-08-23T19:20:48.879707+00:00
custom_softmax_attention,ca87722a00ebf585cd788c67949e7c0b32dca788,1,8,1024,64,float32,25,100,12,964.6080136299133,Tesla T4,7.5,2.11.0+cu128,12.8,2026-08-23T19:20:48.879707+00:00
custom_softmax_attention,ca87722a00ebf585cd788c67949e7c0b32dca788,1,8,1024,64,float32,25,100,13,1004.3840408325195,Tesla T4,7.5,2.11.0+cu128,12.8,2026-08-23T19:20:48.879707+00:00
custom_softmax_attention,ca87722a00ebf585cd788c67949e7c0b32dca788,1,8,1024,64,float32,25,100,14,1003.1039714813232,Tesla T4,7.5,2.11.0+cu128,12.8,2026-08-23T19:20:48.879707+00:00
custom_softmax_attention,ca87722a00ebf585cd788c67949e7c0b32dca788,1,8,1024,64,float32,25,100,15,1022.2400426864624,Tesla T4,7.5,2.11.0+cu128,12.8,2026-08-23T19:20:48.879707+00:00
custom_softmax_attention,ca87722a00ebf585cd788c67949e7c0b32dca788,1,8,1024,64,float32,25,100,16,1004.4480562210083,Tesla T4,7.5,2.11.0+cu128,12.8,2026-08-23T19:20:48.879707+00:00
custom_softmax_attention,ca87722a00ebf585cd788c67949e7c0b32dca788,1,8,1024,64,float32,25,100,17,1007.5839757919312,Tesla T4,7.5,2.11.0+cu128,12.8,2026-08-23T19:20:48.879707+00:00
custom_softmax_attention,ca87722a00ebf585cd788c67949e7c0b32dca788,1,8,1024,64,float32,25,100,18,1007.6160430908203,Tesla T4,7.5,2.11.0+cu128,12.8,2026-08-23T19:20:48.879707+00:00
custom_softmax_attention,ca87722a00ebf585cd788c67949e7c0b32dca788,1,8,1024,64,float32,25,100,19,997.3440170288086,Tesla T4,7.5,2.11.0+cu128,12.8,2026-08-23T19:20:48.879707+00:00
custom_softmax_attention,ca87722a00ebf585cd788c67949e7c0b32dca788,1,8,1024,64,float32,25,100,20,999.5200037956238,Tesla T4,7.5,2.11.0+cu128,12.8,2026-08-23T19:20:48.879707+00:00
custom_softmax_attention,ca87722a00ebf585cd788c67949e7c0b32dca788,1,8,1024,64,float32,25,100,21,1021.3119983673096,Tesla T4,7.5,2.11.0+cu128,12.8,2026-08-23T19:20:48.879707+00:00
custom_softmax_attention,ca87722a00ebf585cd788c67949e7c0b32dca788,1,8,1024,64,float32,25,100,22,1018.9759731292725,Tesla T4,7.5,2.11.0+cu128,12.8,2026-08-23T19:20:48.879707+00:00
custom_softmax_attention,ca87722a00ebf585cd788c67949e7c0b32dca788,1,8,1024,64,float32,25,100,23,1007.0400238037109,Tesla T4,7.5,2.11.0+cu128,12.8,2026-08-23T19:20:48.879707+00:00
custom_softmax_attention,ca87722a00ebf585cd788c67949e7c0b32dca788,1,8,1024,64,float32,25,100,24,1004.0960311889648,Tesla T4,7.5,2.11.0+cu128,12.8,2026-08-23T19:20:48.879707+00:00
custom_softmax_attention,ca87722a00ebf585cd788c67949e7c0b32dca788,1,8,1024,64,float32,25,100,25,1001.471996307373,Tesla T4,7.5,2.11.0+cu128,12.8,2026-08-23T19:20:48.879707+00:00
custom_softmax_attention,ca87722a00ebf585cd788c67949e7c0b32dca788,1,8,1024,64,float32,25,100,26,1003.5200119018555,Tesla T4,7.5,2.11.0+cu128,12.8,2026-08-23T19:20:48.879707+00:00
custom_softmax_attention,ca87722a00ebf585cd788c67949e7c0b32dca788,1,8,1024,64,float32,25,100,27,1007.3920488357544,Tesla T4,7.5,2.11.0+cu128,12.8,2026-08-23T19:20:48.879707+00:00
custom_softmax_attention,ca87722a00ebf585cd788c67949e7c0b32dca788,1,8,1024,64,float32,25,100,28,1004.4480562210083,Tesla T4,7.5,2.11.0+cu128,12.8,2026-08-23T19:20:48.879707+00:00
custom_softmax_attention,ca87722a00ebf585cd788c67949e7c0b32dca788,1,8,1024,64,float32,25,100,29,1003.5200119018555,Tesla T4,7.5,2.11.0+cu128,12.8,2026-08-23T19:20:48.879707+00:00
custom_softmax_attention,ca87722a00ebf585cd788c67949e7c0b32dca788,1,8,1024,64,float32,25,100,30,1002.4640560150146,Tesla T4,7.5,2.11.0+cu128,12.8,2026-08-23T19:20:48.879707+00:00
custom_softmax_attention,ca87722a00ebf585cd788c67949e7c0b32dca788,1,8,1024,64,float32,25,100,31,1027.519941329956,Tesla T4,7.5,2.11.0+cu128,12.8,2026-08-23T19:20:48.879707+00:00
custom_softmax_attention,ca87722a00ebf585cd788c67949e7c0b32dca788,1,8,1024,64,float32,25,100,32,1015.8079862594604,Tesla T4,7.5,2.11.0+cu128,12.8,2026-08-23T19:20:48.879707+00:00
custom_softmax_attention,ca87722a00ebf585cd788c67949e7c0b32dca788,1,8,1024,64,float32,25,100,33,1013.1200551986694,Tesla T4,7.5,2.11.0+cu128,12.8,2026-08-23T19:20:48.879707+00:00
custom_softmax_attention,ca87722a00ebf585cd788c67949e7c0b32dca788,1,8,1024,64,float32,25,100,34,1017.2480344772339,Tesla T4,7.5,2.11.0+cu128,12.8,2026-08-23T19:20:48.879707+00:00
custom_softmax_attention,ca87722a00ebf585cd788c67949e7c0b32dca788,1,8,1024,64,float32,25,100,35,1015.8400535583496,Tesla T4,7.5,2.11.0+cu128,12.8,2026-08-23T19:20:48.879707+00:00
custom_softmax_attention,ca87722a00ebf585cd788c67949e7c0b32dca788,1,8,1024,64,float32,25,100,36,1015.2959823608398,Tesla T4,7.5,2.11.0+cu128,12.8,2026-08-23T19:20:48.879707+00:00
custom_softmax_attention,ca87722a00ebf585cd788c67949e7c0b32dca788,1,8,1024,64,float32,25,100,37,1012.9920244216919,Tesla T4,7.5,2.11.0+cu128,12.8,2026-08-23T19:20:48.879707+00:00
custom_softmax_attention,ca87722a00ebf585cd788c67949e7c0b32dca788,1,8,1024,64,float32,25,100,38,1015.7120227813721,Tesla T4,7.5,2.11.0+cu128,12.8,2026-08-23T19:20:48.879707+00:00
custom_softmax_attention,ca87722a00ebf585cd788c67949e7c0b32dca788,1,8,1024,64,float32,25,100,39,1015.8079862594604,Tesla T4,7.5,2.11.0+cu128,12.8,2026-08-23T19:20:48.879707+00:00
custom_softmax_attention,ca87722a00ebf585cd788c67949e7c0b32dca788,1,8,1024,64,float32,25,100,40,1036.0000133514404,Tesla T4,7.5,2.11.0+cu128,12.8,2026-08-23T19:20:48.879707+00:00
custom_softmax_attention,ca87722a00ebf585cd788c67949e7c0b32dca788,1,8,1024,64,float32,25,100,41,1024.8960256576538,Tesla T4,7.5,2.11.0+cu128,12.8,2026-08-23T19:20:48.879707+00:00
custom_softmax_attention,ca87722a00ebf585cd788c67949e7c0b32dca788,1,8,1024,64,float32,25,100,42,1015.6799554824829,Tesla T4,7.5,2.11.0+cu128,12.8,2026-08-23T19:20:48.879707+00:00
custom_softmax_attention,ca87722a00ebf585cd788c67949e7c0b32dca788,1,8,1024,64,float32,25,100,43,1015.8079862594604,Tesla T4,7.5,2.11.0+cu128,12.8,2026-08-23T19:20:48.879707+00:00
custom_softmax_attention,ca87722a00ebf585cd788c67949e7c0b32dca788,1,8,1024,64,float32,25,100,44,1012.671947479248,Tesla T4,7.5,2.11.0+cu128,12.8,2026-08-23T19:20:48.879707+00:00
custom_softmax_attention,ca87722a00ebf585cd788c67949e7c0b32dca788,1,8,1024,64,float32,25,100,45,1014.0479803085327,Tesla T4,7.5,2.11.0+cu128,12.8,2026-08-23T19:20:48.879707+00:00
custom_softmax_attention,ca87722a00ebf585cd788c67949e7c0b32dca788,1,8,1024,64,float32,25,100,46,1012.1920108795166,Tesla T4,7.5,2.11.0+cu128,12.8,2026-08-23T19:20:48.879707+00:00
custom_softmax_attention,ca87722a00ebf585cd788c67949e7c0b32dca788,1,8,1024,64,float32,25,100,47,1013.759970664978,Tesla T4,7.5,2.11.0+cu128,12.8,2026-08-23T19:20:48.879707+00:00
custom_softmax_attention,ca87722a00ebf585cd788c67949e7c0b32dca788,1,8,1024,64,float32,25,100,48,1017.8560018539429,Tesla T4,7.5,2.11.0+cu128,12.8,2026-08-23T19:20:48.879707+00:00
custom_softmax_attention,ca87722a00ebf585cd788c67949e7c0b32dca788,1,8,1024,64,float32,25,100,49,1011.8720531463623,Tesla T4,7.5,2.11.0+cu128,12.8,2026-08-23T19:20:48.879707+00:00
custom_softmax_attention,ca87722a00ebf585cd788c67949e7c0b32dca788,1,8,1024,64,float32,25,100,50,1024.4159698486328,Tesla T4,7.5,2.11.0+cu128,12.8,2026-08-23T19:20:48.879707+00:00
custom_softmax_attention,ca87722a00ebf585cd788c67949e7c0b32dca788,1,8,1024,64,float32,25,100,51,1030.1439762115479,Tesla T4,7.5,2.11.0+cu128,12.8,2026-08-23T19:20:48.879707+00:00
custom_softmax_attention,ca87722a00ebf585cd788c67949e7c0b32dca788,1,8,1024,64,float32,25,100,52,1012.1920108795166,Tesla T4,7.5,2.11.0+cu128,12.8,2026-08-23T19:20:48.879707+00:00
custom_softmax_attention,ca87722a00ebf585cd788c67949e7c0b32dca788,1,8,1024,64,float32,25,100,53,1012.9920244216919,Tesla T4,7.5,2.11.0+cu128,12.8,2026-08-23T19:20:48.879707+00:00
custom_softmax_attention,ca87722a00ebf585cd788c67949e7c0b32dca788,1,8,1024,64,float32,25,100,54,1011.5519762039185,Tesla T4,7.5,2.11.0+cu128,12.8,2026-08-23T19:20:48.879707+00:00
custom_softmax_attention,ca87722a00ebf585cd788c67949e7c0b32dca788,1,8,1024,64,float32,25,100,55,1012.6399993896484,Tesla T4,7.5,2.11.0+cu128,12.8,2026-08-23T19:20:48.879707+00:00
custom_softmax_attention,ca87722a00ebf585cd788c67949e7c0b32dca788,1,8,1024,64,float32,25,100,56,1015.7760381698608,Tesla T4,7.5,2.11.0+cu128,12.8,2026-08-23T19:20:48.879707+00:00
custom_softmax_attention,ca87722a00ebf585cd788c67949e7c0b32dca788,1,8,1024,64,float32,25,100,57,1012.6080513000488,Tesla T4,7.5,2.11.0+cu128,12.8,2026-08-23T19:20:48.879707+00:00
custom_softmax_attention,ca87722a00ebf585cd788c67949e7c0b32dca788,1,8,1024,64,float32,25,100,58,1014.8799419403076,Tesla T4,7.5,2.11.0+cu128,12.8,2026-08-23T19:20:48.879707+00:00
custom_softmax_attention,ca87722a00ebf585cd788c67949e7c0b32dca788,1,8,1024,64,float32,25,100,59,1012.4800205230713,Tesla T4,7.5,2.11.0+cu128,12.8,2026-08-23T19:20:48.879707+00:00
custom_softmax_attention,ca87722a00ebf585cd788c67949e7c0b32dca788,1,8,1024,64,float32,25,100,60,1020.799994468689,Tesla T4,7.5,2.11.0+cu128,12.8,2026-08-23T19:20:48.879707+00:00
custom_softmax_attention,ca87722a00ebf585cd788c67949e7c0b32dca788,1,8,1024,64,float32,25,100,61,1012.9920244216919,Tesla T4,7.5,2.11.0+cu128,12.8,2026-08-23T19:20:48.879707+00:00
custom_softmax_attention,ca87722a00ebf585cd788c67949e7c0b32dca788,1,8,1024,64,float32,25,100,62,1012.3200416564941,Tesla T4,7.5,2.11.0+cu128,12.8,2026-08-23T19:20:48.879707+00:00
custom_softmax_attention,ca87722a00ebf585cd788c67949e7c0b32dca788,1,8,1024,64,float32,25,100,63,1012.2560262680054,Tesla T4,7.5,2.11.0+cu128,12.8,2026-08-23T19:20:48.879707+00:00
custom_softmax_attention,ca87722a00ebf585cd788c67949e7c0b32dca788,1,8,1024,64,float32,25,100,64,1015.1360034942627,Tesla T4,7.5,2.11.0+cu128,12.8,2026-08-23T19:20:48.879707+00:00
custom_softmax_attention,ca87722a00ebf585cd788c67949e7c0b32dca788,1,8,1024,64,float32,25,100,65,1011.3919973373413,Tesla T4,7.5,2.11.0+cu128,12.8,2026-08-23T19:20:48.879707+00:00
custom_softmax_attention,ca87722a00ebf585cd788c67949e7c0b32dca788,1,8,1024,64,float32,25,100,66,1017.0559883117676,Tesla T4,7.5,2.11.0+cu128,12.8,2026-08-23T19:20:48.879707+00:00
custom_softmax_attention,ca87722a00ebf585cd788c67949e7c0b32dca788,1,8,1024,64,float32,25,100,67,1031.5200090408325,Tesla T4,7.5,2.11.0+cu128,12.8,2026-08-23T19:20:48.879707+00:00
custom_softmax_attention,ca87722a00ebf585cd788c67949e7c0b32dca788,1,8,1024,64,float32,25,100,68,1015.8079862594604,Tesla T4,7.5,2.11.0+cu128,12.8,2026-08-23T19:20:48.879707+00:00
custom_softmax_attention,ca87722a00ebf585cd788c67949e7c0b32dca788,1,8,1024,64,float32,25,100,69,1055.0400018692017,Tesla T4,7.5,2.11.0+cu128,12.8,2026-08-23T19:20:48.879707+00:00
custom_softmax_attention,ca87722a00ebf585cd788c67949e7c0b32dca788,1,8,1024,64,float32,25,100,70,1030.4640531539917,Tesla T4,7.5,2.11.0+cu128,12.8,2026-08-23T19:20:48.879707+00:00
custom_softmax_attention,ca87722a00ebf585cd788c67949e7c0b32dca788,1,8,1024,64,float32,25,100,71,1033.471941947937,Tesla T4,7.5,2.11.0+cu128,12.8,2026-08-23T19:20:48.879707+00:00
custom_softmax_attention,ca87722a00ebf585cd788c67949e7c0b32dca788,1,8,1024,64,float32,25,100,72,1019.7759866714478,Tesla T4,7.5,2.11.0+cu128,12.8,2026-08-23T19:20:48.879707+00:00
custom_softmax_attention,ca87722a00ebf585cd788c67949e7c0b32dca788,1,8,1024,64,float32,25,100,73,1017.5039768218994,Tesla T4,7.5,2.11.0+cu128,12.8,2026-08-23T19:20:48.879707+00:00
custom_softmax_attention,ca87722a00ebf585cd788c67949e7c0b32dca788,1,8,1024,64,float32,25,100,74,1011.7119550704956,Tesla T4,7.5,2.11.0+cu128,12.8,2026-08-23T19:20:48.879707+00:00
custom_softmax_attention,ca87722a00ebf585cd788c67949e7c0b32dca788,1,8,1024,64,float32,25,100,75,1016.9919729232788,Tesla T4,7.5,2.11.0+cu128,12.8,2026-08-23T19:20:48.879707+00:00
custom_softmax_attention,ca87722a00ebf585cd788c67949e7c0b32dca788,1,8,1024,64,float32,25,100,76,1013.5040283203125,Tesla T4,7.5,2.11.0+cu128,12.8,2026-08-23T19:20:48.879707+00:00
custom_softmax_attention,ca87722a00ebf585cd788c67949e7c0b32dca788,1,8,1024,64,float32,25,100,77,1015.0079727172852,Tesla T4,7.5,2.11.0+cu128,12.8,2026-08-23T19:20:48.879707+00:00
custom_softmax_attention,ca87722a00ebf585cd788c67949e7c0b32dca788,1,8,1024,64,float32,25,100,78,1022.1760272979736,Tesla T4,7.5,2.11.0+cu128,12.8,2026-08-23T19:20:48.879707+00:00
custom_softmax_attention,ca87722a00ebf585cd788c67949e7c0b32dca788,1,8,1024,64,float32,25,100,79,1019.4879770278931,Tesla T4,7.5,2.11.0+cu128,12.8,2026-08-23T19:20:48.879707+00:00
custom_softmax_attention,ca87722a00ebf585cd788c67949e7c0b32dca788,1,8,1024,64,float32,25,100,80,1013.759970664978,Tesla T4,7.5,2.11.0+cu128,12.8,2026-08-23T19:20:48.879707+00:00
custom_softmax_attention,ca87722a00ebf585cd788c67949e7c0b32dca788,1,8,1024,64,float32,25,100,81,1015.8079862594604,Tesla T4,7.5,2.11.0+cu128,12.8,2026-08-23T19:20:48.879707+00:00
custom_softmax_attention,ca87722a00ebf585cd788c67949e7c0b32dca788,1,8,1024,64,float32,25,100,82,1014.3040418624878,Tesla T4,7.5,2.11.0+cu128,12.8,2026-08-23T19:20:48.879707+00:00
custom_softmax_attention,ca87722a00ebf585cd788c67949e7c0b32dca788,1,8,1024,64,float32,25,100,83,1009.6640586853027,Tesla T4,7.5,2.11.0+cu128,12.8,2026-08-23T19:20:48.879707+00:00
custom_softmax_attention,ca87722a00ebf585cd788c67949e7c0b32dca788,1,8,1024,64,float32,25,100,84,1019.9040174484253,Tesla T4,7.5,2.11.0+cu128,12.8,2026-08-23T19:20:48.879707+00:00
custom_softmax_attention,ca87722a00ebf585cd788c67949e7c0b32dca788,1,8,1024,64,float32,25,100,85,1015.2959823608398,Tesla T4,7.5,2.11.0+cu128,12.8,2026-08-23T19:20:48.879707+00:00
custom_softmax_attention,ca87722a00ebf585cd788c67949e7c0b32dca788,1,8,1024,64,float32,25,100,86,1013.1200551986694,Tesla T4,7.5,2.11.0+cu128,12.8,2026-08-23T19:20:48.879707+00:00
custom_softmax_attention,ca87722a00ebf585cd788c67949e7c0b32dca788,1,8,1024,64,float32,25,100,87,1013.983964920044,Tesla T4,7.5,2.11.0+cu128,12.8,2026-08-23T19:20:48.879707+00:00
custom_softmax_attention,ca87722a00ebf585cd788c67949e7c0b32dca788,1,8,1024,64,float32,25,100,88,1058.303952217102,Tesla T4,7.5,2.11.0+cu128,12.8,2026-08-23T19:20:48.879707+00:00
custom_softmax_attention,ca87722a00ebf585cd788c67949e7c0b32dca788,1,8,1024,64,float32,25,100,89,1045.9840297698975,Tesla T4,7.5,2.11.0+cu128,12.8,2026-08-23T19:20:48.879707+00:00
custom_softmax_attention,ca87722a00ebf585cd788c67949e7c0b32dca788,1,8,1024,64,float32,25,100,90,1097.6959466934204,Tesla T4,7.5,2.11.0+cu128,12.8,2026-08-23T19:20:48.879707+00:00
custom_softmax_attention,ca87722a00ebf585cd788c67949e7c0b32dca788,1,8,1024,64,float32,25,100,91,1041.9199466705322,Tesla T4,7.5,2.11.0+cu128,12.8,2026-08-23T19:20:48.879707+00:00
custom_softmax_attention,ca87722a00ebf585cd788c67949e7c0b32dca788,1,8,1024,64,float32,25,100,92,1038.2080078125,Tesla T4,7.5,2.11.0+cu128,12.8,2026-08-23T19:20:48.879707+00:00
custom_softmax_attention,ca87722a00ebf585cd788c67949e7c0b32dca788,1,8,1024,64,float32,25,100,93,1015.8079862594604,Tesla T4,7.5,2.11.0+cu128,12.8,2026-08-23T19:20:48.879707+00:00
custom_softmax_attention,ca87722a00ebf585cd788c67949e7c0b32dca788,1,8,1024,64,float32,25,100,94,1015.7439708709717,Tesla T4,7.5,2.11.0+cu128,12.8,2026-08-23T19:20:48.879707+00:00
custom_softmax_attention,ca87722a00ebf585cd788c67949e7c0b32dca788,1,8,1024,64,float32,25,100,95,1016.3840055465698,Tesla T4,7.5,2.11.0+cu128,12.8,2026-08-23T19:20:48.879707+00:00
custom_softmax_attention,ca87722a00ebf585cd788c67949e7c0b32dca788,1,8,1024,64,float32,25,100,96,1016.5120363235474,Tesla T4,7.5,2.11.0+cu128,12.8,2026-08-23T19:20:48.879707+00:00
custom_softmax_attention,ca87722a00ebf585cd788c67949e7c0b32dca788,1,8,1024,64,float32,25,100,97,1019.0720558166504,Tesla T4,7.5,2.11.0+cu128,12.8,2026-08-23T19:20:48.879707+00:00
custom_softmax_attention,ca87722a00ebf585cd788c67949e7c0b32dca788,1,8,1024,64,float32,25,100,98,1018.01598072052,Tesla T4,7.5,2.11.0+cu128,12.8,2026-08-23T19:20:48.879707+00:00
custom_softmax_attention,ca87722a00ebf585cd788c67949e7c0b32dca788,1,8,1024,64,float32,25,100,99,1041.856050491333,Tesla T4,7.5,2.11.0+cu128,12.8,2026-08-23T19:20:48.879707+00:00
pytorch_sdpa,ca87722a00ebf585cd788c67949e7c0b32dca788,1,8,1024,64,float32,25,100,0,724.9919772148132,Tesla T4,7.5,2.11.0+cu128,12.8,2026-08-23T19:20:48.954808+00:00
pytorch_sdpa,ca87722a00ebf585cd788c67949e7c0b32dca788,1,8,1024,64,float32,25,100,1,689.5040273666382,Tesla T4,7.5,2.11.0+cu128,12.8,2026-08-23T19:20:48.954808+00:00
pytorch_sdpa,ca87722a00ebf585cd788c67949e7c0b32dca788,1,8,1024,64,float32,25,100,2,681.984007358551,Tesla T4,7.5,2.11.0+cu128,12.8,2026-08-23T19:20:48.954808+00:00
pytorch_sdpa,ca87722a00ebf585cd788c67949e7c0b32dca788,1,8,1024,64,float32,25,100,3,661.3119840621948,Tesla T4,7.5,2.11.0+cu128,12.8,2026-08-23T19:20:48.954808+00:00
pytorch_sdpa,ca87722a00ebf585cd788c67949e7c0b32dca788,1,8,1024,64,float32,25,100,4,656.6720008850098,Tesla T4,7.5,2.11.0+cu128,12.8,2026-08-23T19:20:48.954808+00:00
pytorch_sdpa,ca87722a00ebf585cd788c67949e7c0b32dca788,1,8,1024,64,float32,25,100,5,704.5120000839233,Tesla T4,7.5,2.11.0+cu128,12.8,2026-08-23T19:20:48.954808+00:00
pytorch_sdpa,ca87722a00ebf585cd788c67949e7c0b32dca788,1,8,1024,64,float32,25,100,6,659.3279838562012,Tesla T4,7.5,2.11.0+cu128,12.8,2026-08-23T19:20:48.954808+00:00
pytorch_sdpa,ca87722a00ebf585cd788c67949e7c0b32dca788,1,8,1024,64,float32,25,100,7,664.9919748306274,Tesla T4,7.5,2.11.0+cu128,12.8,2026-08-23T19:20:48.954808+00:00
pytorch_sdpa,ca87722a00ebf585cd788c67949e7c0b32dca788,1,8,1024,64,float32,25,100,8,710.0160121917725,Tesla T4,7.5,2.11.0+cu128,12.8,2026-08-23T19:20:48.954808+00:00
pytorch_sdpa,ca87722a00ebf585cd788c67949e7c0b32dca788,1,8,1024,64,float32,25,100,9,659.4560146331787,Tesla T4,7.5,2.11.0+cu128,12.8,2026-08-23T19:20:48.954808+00:00
pytorch_sdpa,ca87722a00ebf585cd788c67949e7c0b32dca788,1,8,1024,64,float32,25,100,10,659.8399877548218,Tesla T4,7.5,2.11.0+cu128,12.8,2026-08-23T19:20:48.954808+00:00
pytorch_sdpa,ca87722a00ebf585cd788c67949e7c0b32dca788,1,8,1024,64,float32,25,100,11,661.6640090942383,Tesla T4,7.5,2.11.0+cu128,12.8,2026-08-23T19:20:48.954808+00:00
pytorch_sdpa,ca87722a00ebf585cd788c67949e7c0b32dca788,1,8,1024,64,float32,25,100,12,670.2719926834106,Tesla T4,7.5,2.11.0+cu128,12.8,2026-08-23T19:20:48.954808+00:00
pytorch_sdpa,ca87722a00ebf585cd788c67949e7c0b32dca788,1,8,1024,64,float32,25,100,13,650.816023349762,Tesla T4,7.5,2.11.0+cu128,12.8,2026-08-23T19:20:48.954808+00:00
pytorch_sdpa,ca87722a00ebf585cd788c67949e7c0b32dca788,1,8,1024,64,float32,25,100,14,665.6000018119812,Tesla T4,7.5,2.11.0+cu128,12.8,2026-08-23T19:20:48.954808+00:00
pytorch_sdpa,ca87722a00ebf585cd788c67949e7c0b32dca788,1,8,1024,64,float32,25,100,15,694.815993309021,Tesla T4,7.5,2.11.0+cu128,12.8,2026-08-23T19:20:48.954808+00:00
pytorch_sdpa,ca87722a00ebf585cd788c67949e7c0b32dca788,1,8,1024,64,float32,25,100,16,672.5760102272034,Tesla T4,7.5,2.11.0+cu128,12.8,2026-08-23T19:20:48.954808+00:00
pytorch_sdpa,ca87722a00ebf585cd788c67949e7c0b32dca788,1,8,1024,64,float32,25,100,17,634.335994720459,Tesla T4,7.5,2.11.0+cu128,12.8,2026-08-23T19:20:48.954808+00:00
pytorch_sdpa,ca87722a00ebf585cd788c67949e7c0b32dca788,1,8,1024,64,float32,25,100,18,582.912027835846,Tesla T4,7.5,2.11.0+cu128,12.8,2026-08-23T19:20:48.954808+00:00
pytorch_sdpa,ca87722a00ebf585cd788c67949e7c0b32dca788,1,8,1024,64,float32,25,100,19,568.9280033111572,Tesla T4,7.5,2.11.0+cu128,12.8,2026-08-23T19:20:48.954808+00:00
pytorch_sdpa,ca87722a00ebf585cd788c67949e7c0b32dca788,1,8,1024,64,float32,25,100,20,575.2320289611816,Tesla T4,7.5,2.11.0+cu128,12.8,2026-08-23T19:20:48.954808+00:00
pytorch_sdpa,ca87722a00ebf585cd788c67949e7c0b32dca788,1,8,1024,64,float32,25,100,21,544.7679758071899,Tesla T4,7.5,2.11.0+cu128,12.8,2026-08-23T19:20:48.954808+00:00
pytorch_sdpa,ca87722a00ebf585cd788c67949e7c0b32dca788,1,8,1024,64,float32,25,100,22,561.7920160293579,Tesla T4,7.5,2.11.0+cu128,12.8,2026-08-23T19:20:48.954808+00:00
pytorch_sdpa,ca87722a00ebf585cd788c67949e7c0b32dca788,1,8,1024,64,float32,25,100,23,561.0880255699158,Tesla T4,7.5,2.11.0+cu128,12.8,2026-08-23T19:20:48.954808+00:00
pytorch_sdpa,ca87722a00ebf585cd788c67949e7c0b32dca788,1,8,1024,64,float32,25,100,24,567.8399801254272,Tesla T4,7.5,2.11.0+cu128,12.8,2026-08-23T19:20:48.954808+00:00
pytorch_sdpa,ca87722a00ebf585cd788c67949e7c0b32dca788,1,8,1024,64,float32,25,100,25,573.4400153160095,Tesla T4,7.5,2.11.0+cu128,12.8,2026-08-23T19:20:48.954808+00:00
pytorch_sdpa,ca87722a00ebf585cd788c67949e7c0b32dca788,1,8,1024,64,float32,25,100,26,579.584002494812,Tesla T4,7.5,2.11.0+cu128,12.8,2026-08-23T19:20:48.954808+00:00
pytorch_sdpa,ca87722a00ebf585cd788c67949e7c0b32dca788,1,8,1024,64,float32,25,100,27,542.7200198173523,Tesla T4,7.5,2.11.0+cu128,12.8,2026-08-23T19:20:48.954808+00:00
pytorch_sdpa,ca87722a00ebf585cd788c67949e7c0b32dca788,1,8,1024,64,float32,25,100,28,568.1920051574707,Tesla T4,7.5,2.11.0+cu128,12.8,2026-08-23T19:20:48.954808+00:00
pytorch_sdpa,ca87722a00ebf585cd788c67949e7c0b32dca788,1,8,1024,64,float32,25,100,29,580.5439949035645,Tesla T4,7.5,2.11.0+cu128,12.8,2026-08-23T19:20:48.954808+00:00
pytorch_sdpa,ca87722a00ebf585cd788c67949e7c0b32dca788,1,8,1024,64,float32,25,100,30,540.5120253562927,Tesla T4,7.5,2.11.0+cu128,12.8,2026-08-23T19:20:48.954808+00:00
pytorch_sdpa,ca87722a00ebf585cd788c67949e7c0b32dca788,1,8,1024,64,float32,25,100,31,553.9839863777161,Tesla T4,7.5,2.11.0+cu128,12.8,2026-08-23T19:20:48.954808+00:00
pytorch_sdpa,ca87722a00ebf585cd788c67949e7c0b32dca788,1,8,1024,64,float32,25,100,32,574.3039846420288,Tesla T4,7.5,2.11.0+cu128,12.8,2026-08-23T19:20:48.954808+00:00
pytorch_sdpa,ca87722a00ebf585cd788c67949e7c0b32dca788,1,8,1024,64,float32,25,100,33,570.3999996185303,Tesla T4,7.5,2.11.0+cu128,12.8,2026-08-23T19:20:48.954808+00:00
pytorch_sdpa,ca87722a00ebf585cd788c67949e7c0b32dca788,1,8,1024,64,float32,25,100,34,568.6399936676025,Tesla T4,7.5,2.11.0+cu128,12.8,2026-08-23T19:20:48.954808+00:00
pytorch_sdpa,ca87722a00ebf585cd788c67949e7c0b32dca788,1,8,1024,64,float32,25,100,35,574.400007724762,Tesla T4,7.5,2.11.0+cu128,12.8,2026-08-23T19:20:48.954808+00:00
pytorch_sdpa,ca87722a00ebf585cd788c67949e7c0b32dca788,1,8,1024,64,float32,25,100,36,608.2559823989868,Tesla T4,7.5,2.11.0+cu128,12.8,2026-08-23T19:20:48.954808+00:00
pytorch_sdpa,ca87722a00ebf585cd788c67949e7c0b32dca788,1,8,1024,64,float32,25,100,37,585.7279896736145,Tesla T4,7.5,2.11.0+cu128,12.8,2026-08-23T19:20:48.954808+00:00
pytorch_sdpa,ca87722a00ebf585cd788c67949e7c0b32dca788,1,8,1024,64,float32,25,100,38,575.4879713058472,Tesla T4,7.5,2.11.0+cu128,12.8,2026-08-23T19:20:48.954808+00:00
pytorch_sdpa,ca87722a00ebf585cd788c67949e7c0b32dca788,1,8,1024,64,float32,25,100,39,576.0319828987122,Tesla T4,7.5,2.11.0+cu128,12.8,2026-08-23T19:20:48.954808+00:00
pytorch_sdpa,ca87722a00ebf585cd788c67949e7c0b32dca788,1,8,1024,64,float32,25,100,40,598.8799929618835,Tesla T4,7.5,2.11.0+cu128,12.8,2026-08-23T19:20:48.954808+00:00
pytorch_sdpa,ca87722a00ebf585cd788c67949e7c0b32dca788,1,8,1024,64,float32,25,100,41,538.6559963226318,Tesla T4,7.5,2.11.0+cu128,12.8,2026-08-23T19:20:48.954808+00:00
pytorch_sdpa,ca87722a00ebf585cd788c67949e7c0b32dca788,1,8,1024,64,float32,25,100,42,555.3920269012451,Tesla T4,7.5,2.11.0+cu128,12.8,2026-08-23T19:20:48.954808+00:00
pytorch_sdpa,ca87722a00ebf585cd788c67949e7c0b32dca788,1,8,1024,64,float32,25,100,43,585.0239992141724,Tesla T4,7.5,2.11.0+cu128,12.8,2026-08-23T19:20:48.954808+00:00
pytorch_sdpa,ca87722a00ebf585cd788c67949e7c0b32dca788,1,8,1024,64,float32,25,100,44,579.039990901947,Tesla T4,7.5,2.11.0+cu128,12.8,2026-08-23T19:20:48.954808+00:00
pytorch_sdpa,ca87722a00ebf585cd788c67949e7c0b32dca788,1,8,1024,64,float32,25,100,45,579.9679756164551,Tesla T4,7.5,2.11.0+cu128,12.8,2026-08-23T19:20:48.954808+00:00
pytorch_sdpa,ca87722a00ebf585cd788c67949e7c0b32dca788,1,8,1024,64,float32,25,100,46,554.6560287475586,Tesla T4,7.5,2.11.0+cu128,12.8,2026-08-23T19:20:48.954808+00:00
pytorch_sdpa,ca87722a00ebf585cd788c67949e7c0b32dca788,1,8,1024,64,float32,25,100,47,599.232017993927,Tesla T4,7.5,2.11.0+cu128,12.8,2026-08-23T19:20:48.954808+00:00
pytorch_sdpa,ca87722a00ebf585cd788c67949e7c0b32dca788,1,8,1024,64,float32,25,100,48,604.1600108146667,Tesla T4,7.5,2.11.0+cu128,12.8,2026-08-23T19:20:48.954808+00:00
pytorch_sdpa,ca87722a00ebf585cd788c67949e7c0b32dca788,1,8,1024,64,float32,25,100,49,569.05597448349,Tesla T4,7.5,2.11.0+cu128,12.8,2026-08-23T19:20:48.954808+00:00
pytorch_sdpa,ca87722a00ebf585cd788c67949e7c0b32dca788,1,8,1024,64,float32,25,100,50,507.7120065689087,Tesla T4,7.5,2.11.0+cu128,12.8,2026-08-23T19:20:48.954808+00:00
pytorch_sdpa,ca87722a00ebf585cd788c67949e7c0b32dca788,1,8,1024,64,float32,25,100,51,506.20800256729126,Tesla T4,7.5,2.11.0+cu128,12.8,2026-08-23T19:20:48.954808+00:00
pytorch_sdpa,ca87722a00ebf585cd788c67949e7c0b32dca788,1,8,1024,64,float32,25,100,52,519.5519924163818,Tesla T4,7.5,2.11.0+cu128,12.8,2026-08-23T19:20:48.954808+00:00
pytorch_sdpa,ca87722a00ebf585cd788c67949e7c0b32dca788,1,8,1024,64,float32,25,100,53,541.1199927330017,Tesla T4,7.5,2.11.0+cu128,12.8,2026-08-23T19:20:48.954808+00:00
pytorch_sdpa,ca87722a00ebf585cd788c67949e7c0b32dca788,1,8,1024,64,float32,25,100,54,552.5439977645874,Tesla T4,7.5,2.11.0+cu128,12.8,2026-08-23T19:20:48.954808+00:00
pytorch_sdpa,ca87722a00ebf585cd788c67949e7c0b32dca788,1,8,1024,64,float32,25,100,55,523.7439870834351,Tesla T4,7.5,2.11.0+cu128,12.8,2026-08-23T19:20:48.954808+00:00
pytorch_sdpa,ca87722a00ebf585cd788c67949e7c0b32dca788,1,8,1024,64,float32,25,100,56,536.0000133514404,Tesla T4,7.5,2.11.0+cu128,12.8,2026-08-23T19:20:48.954808+00:00
pytorch_sdpa,ca87722a00ebf585cd788c67949e7c0b32dca788,1,8,1024,64,float32,25,100,57,533.2800149917603,Tesla T4,7.5,2.11.0+cu128,12.8,2026-08-23T19:20:48.954808+00:00
pytorch_sdpa,ca87722a00ebf585cd788c67949e7c0b32dca788,1,8,1024,64,float32,25,100,58,505.9199929237366,Tesla T4,7.5,2.11.0+cu128,12.8,2026-08-23T19:20:48.954808+00:00
pytorch_sdpa,ca87722a00ebf585cd788c67949e7c0b32dca788,1,8,1024,64,float32,25,100,59,497.9200065135956,Tesla T4,7.5,2.11.0+cu128,12.8,2026-08-23T19:20:48.954808+00:00
pytorch_sdpa,ca87722a00ebf585cd788c67949e7c0b32dca788,1,8,1024,64,float32,25,100,60,514.4320130348206,Tesla T4,7.5,2.11.0+cu128,12.8,2026-08-23T19:20:48.954808+00:00
pytorch_sdpa,ca87722a00ebf585cd788c67949e7c0b32dca788,1,8,1024,64,float32,25,100,61,522.2399830818176,Tesla T4,7.5,2.11.0+cu128,12.8,2026-08-23T19:20:48.954808+00:00
pytorch_sdpa,ca87722a00ebf585cd788c67949e7c0b32dca788,1,8,1024,64,float32,25,100,62,506.335973739624,Tesla T4,7.5,2.11.0+cu128,12.8,2026-08-23T19:20:48.954808+00:00
pytorch_sdpa,ca87722a00ebf585cd788c67949e7c0b32dca788,1,8,1024,64,float32,25,100,63,518.1440114974976,Tesla T4,7.5,2.11.0+cu128,12.8,2026-08-23T19:20:48.954808+00:00
pytorch_sdpa,ca87722a00ebf585cd788c67949e7c0b32dca788,1,8,1024,64,float32,25,100,64,499.83999133110046,Tesla T4,7.5,2.11.0+cu128,12.8,2026-08-23T19:20:48.954808+00:00
pytorch_sdpa,ca87722a00ebf585cd788c67949e7c0b32dca788,1,8,1024,64,float32,25,100,65,518.1440114974976,Tesla T4,7.5,2.11.0+cu128,12.8,2026-08-23T19:20:48.954808+00:00
pytorch_sdpa,ca87722a00ebf585cd788c67949e7c0b32dca788,1,8,1024,64,float32,25,100,66,489.79198932647705,Tesla T4,7.5,2.11.0+cu128,12.8,2026-08-23T19:20:48.954808+00:00
pytorch_sdpa,ca87722a00ebf585cd788c67949e7c0b32dca788,1,8,1024,64,float32,25,100,67,530.4319858551025,Tesla T4,7.5,2.11.0+cu128,12.8,2026-08-23T19:20:48.954808+00:00
pytorch_sdpa,ca87722a00ebf585cd788c67949e7c0b32dca788,1,8,1024,64,float32,25,100,68,522.2399830818176,Tesla T4,7.5,2.11.0+cu128,12.8,2026-08-23T19:20:48.954808+00:00
pytorch_sdpa,ca87722a00ebf585cd788c67949e7c0b32dca788,1,8,1024,64,float32,25,100,69,509.95200872421265,Tesla T4,7.5,2.11.0+cu128,12.8,2026-08-23T19:20:48.954808+00:00
pytorch_sdpa,ca87722a00ebf585cd788c67949e7c0b32dca788,1,8,1024,64,float32,25,100,70,490.3680086135864,Tesla T4,7.5,2.11.0+cu128,12.8,2026-08-23T19:20:48.954808+00:00
pytorch_sdpa,ca87722a00ebf585cd788c67949e7c0b32dca788,1,8,1024,64,float32,25,100,71,527.9039740562439,Tesla T4,7.5,2.11.0+cu128,12.8,2026-08-23T19:20:48.954808+00:00
pytorch_sdpa,ca87722a00ebf585cd788c67949e7c0b32dca788,1,8,1024,64,float32,25,100,72,512.287974357605,Tesla T4,7.5,2.11.0+cu128,12.8,2026-08-23T19:20:48.954808+00:00
pytorch_sdpa,ca87722a00ebf585cd788c67949e7c0b32dca788,1,8,1024,64,float32,25,100,73,511.7759704589844,Tesla T4,7.5,2.11.0+cu128,12.8,2026-08-23T19:20:48.954808+00:00
pytorch_sdpa,ca87722a00ebf585cd788c67949e7c0b32dca788,1,8,1024,64,float32,25,100,74,524.6080160140991,Tesla T4,7.5,2.11.0+cu128,12.8,2026-08-23T19:20:48.954808+00:00
pytorch_sdpa,ca87722a00ebf585cd788c67949e7c0b32dca788,1,8,1024,64,float32,25,100,75,516.0959959030151,Tesla T4,7.5,2.11.0+cu128,12.8,2026-08-23T19:20:48.954808+00:00
pytorch_sdpa,ca87722a00ebf585cd788c67949e7c0b32dca788,1,8,1024,64,float32,25,100,76,501.6000270843506,Tesla T4,7.5,2.11.0+cu128,12.8,2026-08-23T19:20:48.954808+00:00
pytorch_sdpa,ca87722a00ebf585cd788c67949e7c0b32dca788,1,8,1024,64,float32,25,100,77,501.43998861312866,Tesla T4,7.5,2.11.0+cu128,12.8,2026-08-23T19:20:48.954808+00:00
pytorch_sdpa,ca87722a00ebf585cd788c67949e7c0b32dca788,1,8,1024,64,float32,25,100,78,537.5999808311462,Tesla T4,7.5,2.11.0+cu128,12.8,2026-08-23T19:20:48.954808+00:00
pytorch_sdpa,ca87722a00ebf585cd788c67949e7c0b32dca788,1,8,1024,64,float32,25,100,79,505.5999755859375,Tesla T4,7.5,2.11.0+cu128,12.8,2026-08-23T19:20:48.954808+00:00
pytorch_sdpa,ca87722a00ebf585cd788c67949e7c0b32dca788,1,8,1024,64,float32,25,100,80,534.5280170440674,Tesla T4,7.5,2.11.0+cu128,12.8,2026-08-23T19:20:48.954808+00:00
pytorch_sdpa,ca87722a00ebf585cd788c67949e7c0b32dca788,1,8,1024,64,float32,25,100,81,545.0559854507446,Tesla T4,7.5,2.11.0+cu128,12.8,2026-08-23T19:20:48.954808+00:00
pytorch_sdpa,ca87722a00ebf585cd788c67949e7c0b32dca788,1,8,1024,64,float32,25,100,82,550.9120225906372,Tesla T4,7.5,2.11.0+cu128,12.8,2026-08-23T19:20:48.954808+00:00
pytorch_sdpa,ca87722a00ebf585cd788c67949e7c0b32dca788,1,8,1024,64,float32,25,100,83,504.5440196990967,Tesla T4,7.5,2.11.0+cu128,12.8,2026-08-23T19:20:48.954808+00:00
pytorch_sdpa,ca87722a00ebf585cd788c67949e7c0b32dca788,1,8,1024,64,float32,25,100,84,528.223991394043,Tesla T4,7.5,2.11.0+cu128,12.8,2026-08-23T19:20:48.954808+00:00
pytorch_sdpa,ca87722a00ebf585cd788c67949e7c0b32dca788,1,8,1024,64,float32,25,100,85,522.4320292472839,Tesla T4,7.5,2.11.0+cu128,12.8,2026-08-23T19:20:48.954808+00:00
pytorch_sdpa,ca87722a00ebf585cd788c67949e7c0b32dca788,1,8,1024,64,float32,25,100,86,521.8560099601746,Tesla T4,7.5,2.11.0+cu128,12.8,2026-08-23T19:20:48.954808+00:00
pytorch_sdpa,ca87722a00ebf585cd788c67949e7c0b32dca788,1,8,1024,64,float32,25,100,87,491.87201261520386,Tesla T4,7.5,2.11.0+cu128,12.8,2026-08-23T19:20:48.954808+00:00
pytorch_sdpa,ca87722a00ebf585cd788c67949e7c0b32dca788,1,8,1024,64,float32,25,100,88,505.0240159034729,Tesla T4,7.5,2.11.0+cu128,12.8,2026-08-23T19:20:48.954808+00:00
pytorch_sdpa,ca87722a00ebf585cd788c67949e7c0b32dca788,1,8,1024,64,float32,25,100,89,489.72800374031067,Tesla T4,7.5,2.11.0+cu128,12.8,2026-08-23T19:20:48.954808+00:00
pytorch_sdpa,ca87722a00ebf585cd788c67949e7c0b32dca788,1,8,1024,64,float32,25,100,90,492.2559857368469,Tesla T4,7.5,2.11.0+cu128,12.8,2026-08-23T19:20:48.954808+00:00
pytorch_sdpa,ca87722a00ebf585cd788c67949e7c0b32dca788,1,8,1024,64,float32,25,100,91,489.6320104598999,Tesla T4,7.5,2.11.0+cu128,12.8,2026-08-23T19:20:48.954808+00:00
pytorch_sdpa,ca87722a00ebf585cd788c67949e7c0b32dca788,1,8,1024,64,float32,25,100,92,504.800021648407,Tesla T4,7.5,2.11.0+cu128,12.8,2026-08-23T19:20:48.954808+00:00
pytorch_sdpa,ca87722a00ebf585cd788c67949e7c0b32dca788,1,8,1024,64,float32,25,100,93,507.9039931297302,Tesla T4,7.5,2.11.0+cu128,12.8,2026-08-23T19:20:48.954808+00:00
pytorch_sdpa,ca87722a00ebf585cd788c67949e7c0b32dca788,1,8,1024,64,float32,25,100,94,487.64801025390625,Tesla T4,7.5,2.11.0+cu128,12.8,2026-08-23T19:20:48.954808+00:00
pytorch_sdpa,ca87722a00ebf585cd788c67949e7c0b32dca788,1,8,1024,64,float32,25,100,95,501.69599056243896,Tesla T4,7.5,2.11.0+cu128,12.8,2026-08-23T19:20:48.954808+00:00
pytorch_sdpa,ca87722a00ebf585cd788c67949e7c0b32dca788,1,8,1024,64,float32,25,100,96,499.1999864578247,Tesla T4,7.5,2.11.0+cu128,12.8,2026-08-23T19:20:48.954808+00:00
pytorch_sdpa,ca87722a00ebf585cd788c67949e7c0b32dca788,1,8,1024,64,float32,25,100,97,502.27200984954834,Tesla T4,7.5,2.11.0+cu128,12.8,2026-08-23T19:20:48.954808+00:00
pytorch_sdpa,ca87722a00ebf585cd788c67949e7c0b32dca788,1,8,1024,64,float32,25,100,98,516.0959959030151,Tesla T4,7.5,2.11.0+cu128,12.8,2026-08-23T19:20:48.954808+00:00
pytorch_sdpa,ca87722a00ebf585cd788c67949e7c0b32dca788,1,8,1024,64,float32,25,100,99,528.3839702606201,Tesla T4,7.5,2.11.0+cu128,12.8,2026-08-23T19:20:48.954808+00:00
explicit_pytorch,ca87722a00ebf585cd788c67949e7c0b32dca788,1,8,1536,64,float32,25,100,0,4225.567817687988,Tesla T4,7.5,2.11.0+cu128,12.8,2026-08-23T19:20:49.495737+00:00
explicit_pytorch,ca87722a00ebf585cd788c67949e7c0b32dca788,1,8,1536,64,float32,25,100,1,4151.296138763428,Tesla T4,7.5,2.11.0+cu128,12.8,2026-08-23T19:20:49.495737+00:00
explicit_pytorch,ca87722a00ebf585cd788c67949e7c0b32dca788,1,8,1536,64,float32,25,100,2,4143.295764923096,Tesla T4,7.5,2.11.0+cu128,12.8,2026-08-23T19:20:49.495737+00:00
explicit_pytorch,ca87722a00ebf585cd788c67949e7c0b32dca788,1,8,1536,64,float32,25,100,3,4131.807804107666,Tesla T4,7.5,2.11.0+cu128,12.8,2026-08-23T19:20:49.495737+00:00
explicit_pytorch,ca87722a00ebf585cd788c67949e7c0b32dca788,1,8,1536,64,float32,25,100,4,4124.320030212402,Tesla T4,7.5,2.11.0+cu128,12.8,2026-08-23T19:20:49.495737+00:00
explicit_pytorch,ca87722a00ebf585cd788c67949e7c0b32dca788,1,8,1536,64,float32,25,100,5,4128.223896026611,Tesla T4,7.5,2.11.0+cu128,12.8,2026-08-23T19:20:49.495737+00:00
explicit_pytorch,ca87722a00ebf585cd788c67949e7c0b32dca788,1,8,1536,64,float32,25,100,6,4139.520168304443,Tesla T4,7.5,2.11.0+cu128,12.8,2026-08-23T19:20:49.495737+00:00
explicit_pytorch,ca87722a00ebf585cd788c67949e7c0b32dca788,1,8,1536,64,float32,25,100,7,4113.920211791992,Tesla T4,7.5,2.11.0+cu128,12.8,2026-08-23T19:20:49.495737+00:00
explicit_pytorch,ca87722a00ebf585cd788c67949e7c0b32dca788,1,8,1536,64,float32,25,100,8,4138.688087463379,Tesla T4,7.5,2.11.0+cu128,12.8,2026-08-23T19:20:49.495737+00:00
explicit_pytorch,ca87722a00ebf585cd788c67949e7c0b32dca788,1,8,1536,64,float32,25,100,9,4140.960216522217,Tesla T4,7.5,2.11.0+cu128,12.8,2026-08-23T19:20:49.495737+00:00
explicit_pytorch,ca87722a00ebf585cd788c67949e7c0b32dca788,1,8,1536,64,float32,25,100,10,4133.18395614624,Tesla T4,7.5,2.11.0+cu128,12.8,2026-08-23T19:20:49.495737+00:00
explicit_pytorch,ca87722a00ebf585cd788c67949e7c0b32dca788,1,8,1536,64,float32,25,100,11,4139.904022216797,Tesla T4,7.5,2.11.0+cu128,12.8,2026-08-23T19:20:49.495737+00:00
explicit_pytorch,ca87722a00ebf585cd788c67949e7c0b32dca788,1,8,1536,64,float32,25,100,12,4140.736103057861,Tesla T4,7.5,2.11.0+cu128,12.8,2026-08-23T19:20:49.495737+00:00
explicit_pytorch,ca87722a00ebf585cd788c67949e7c0b32dca788,1,8,1536,64,float32,25,100,13,4091.4559364318848,Tesla T4,7.5,2.11.0+cu128,12.8,2026-08-23T19:20:49.495737+00:00
explicit_pytorch,ca87722a00ebf585cd788c67949e7c0b32dca788,1,8,1536,64,float32,25,100,14,4091.9361114501953,Tesla T4,7.5,2.11.0+cu128,12.8,2026-08-23T19:20:49.495737+00:00
explicit_pytorch,ca87722a00ebf585cd788c67949e7c0b32dca788,1,8,1536,64,float32,25,100,15,4116.479873657227,Tesla T4,7.5,2.11.0+cu128,12.8,2026-08-23T19:20:49.495737+00:00
explicit_pytorch,ca87722a00ebf585cd788c67949e7c0b32dca788,1,8,1536,64,float32,25,100,16,4093.344211578369,Tesla T4,7.5,2.11.0+cu128,12.8,2026-08-23T19:20:49.495737+00:00
explicit_pytorch,ca87722a00ebf585cd788c67949e7c0b32dca788,1,8,1536,64,float32,25,100,17,4123.040199279785,Tesla T4,7.5,2.11.0+cu128,12.8,2026-08-23T19:20:49.495737+00:00
explicit_pytorch,ca87722a00ebf585cd788c67949e7c0b32dca788,1,8,1536,64,float32,25,100,18,4110.335826873779,Tesla T4,7.5,2.11.0+cu128,12.8,2026-08-23T19:20:49.495737+00:00
explicit_pytorch,ca87722a00ebf585cd788c67949e7c0b32dca788,1,8,1536,64,float32,25,100,19,4147.359848022461,Tesla T4,7.5,2.11.0+cu128,12.8,2026-08-23T19:20:49.495737+00:00
explicit_pytorch,ca87722a00ebf585cd788c67949e7c0b32dca788,1,8,1536,64,float32,25,100,20,4172.44815826416,Tesla T4,7.5,2.11.0+cu128,12.8,2026-08-23T19:20:49.495737+00:00
explicit_pytorch,ca87722a00ebf585cd788c67949e7c0b32dca788,1,8,1536,64,float32,25,100,21,4138.175964355469,Tesla T4,7.5,2.11.0+cu128,12.8,2026-08-23T19:20:49.495737+00:00
explicit_pytorch,ca87722a00ebf585cd788c67949e7c0b32dca788,1,8,1536,64,float32,25,100,22,4129.792213439941,Tesla T4,7.5,2.11.0+cu128,12.8,2026-08-23T19:20:49.495737+00:00
explicit_pytorch,ca87722a00ebf585cd788c67949e7c0b32dca788,1,8,1536,64,float32,25,100,23,4129.536151885986,Tesla T4,7.5,2.11.0+cu128,12.8,2026-08-23T19:20:49.495737+00:00
explicit_pytorch,ca87722a00ebf585cd788c67949e7c0b32dca788,1,8,1536,64,float32,25,100,24,4098.112106323242,Tesla T4,7.5,2.11.0+cu128,12.8,2026-08-23T19:20:49.495737+00:00
explicit_pytorch,ca87722a00ebf585cd788c67949e7c0b32dca788,1,8,1536,64,float32,25,100,25,4102.3359298706055,Tesla T4,7.5,2.11.0+cu128,12.8,2026-08-23T19:20:49.495737+00:00
explicit_pytorch,ca87722a00ebf585cd788c67949e7c0b32dca788,1,8,1536,64,float32,25,100,26,4112.607955932617,Tesla T4,7.5,2.11.0+cu128,12.8,2026-08-23T19:20:49.495737+00:00
explicit_pytorch,ca87722a00ebf585cd788c67949e7c0b32dca788,1,8,1536,64,float32,25,100,27,4120.863914489746,Tesla T4,7.5,2.11.0+cu128,12.8,2026-08-23T19:20:49.495737+00:00
explicit_pytorch,ca87722a00ebf585cd788c67949e7c0b32dca788,1,8,1536,64,float32,25,100,28,4080.1920890808105,Tesla T4,7.5,2.11.0+cu128,12.8,2026-08-23T19:20:49.495737+00:00
explicit_pytorch,ca87722a00ebf585cd788c67949e7c0b32dca788,1,8,1536,64,float32,25,100,29,4081.6640853881836,Tesla T4,7.5,2.11.0+cu128,12.8,2026-08-23T19:20:49.495737+00:00
explicit_pytorch,ca87722a00ebf585cd788c67949e7c0b32dca788,1,8,1536,64,float32,25,100,30,4104.191780090332,Tesla T4,7.5,2.11.0+cu128,12.8,2026-08-23T19:20:49.495737+00:00
explicit_pytorch,ca87722a00ebf585cd788c67949e7c0b32dca788,1,8,1536,64,float32,25,100,31,4117.663860321045,Tesla T4,7.5,2.11.0+cu128,12.8,2026-08-23T19:20:49.495737+00:00
explicit_pytorch,ca87722a00ebf585cd788c67949e7c0b32dca788,1,8,1536,64,float32,25,100,32,4094.111919403076,Tesla T4,7.5,2.11.0+cu128,12.8,2026-08-23T19:20:49.495737+00:00
explicit_pytorch,ca87722a00ebf585cd788c67949e7c0b32dca788,1,8,1536,64,float32,25,100,33,4113.088130950928,Tesla T4,7.5,2.11.0+cu128,12.8,2026-08-23T19:20:49.495737+00:00
explicit_pytorch,ca87722a00ebf585cd788c67949e7c0b32dca788,1,8,1536,64,float32,25,100,34,4089.8561477661133,Tesla T4,7.5,2.11.0+cu128,12.8,2026-08-23T19:20:49.495737+00:00
explicit_pytorch,ca87722a00ebf585cd788c67949e7c0b32dca788,1,8,1536,64,float32,25,100,35,4106.560230255127,Tesla T4,7.5,2.11.0+cu128,12.8,2026-08-23T19:20:49.495737+00:00
explicit_pytorch,ca87722a00ebf585cd788c67949e7c0b32dca788,1,8,1536,64,float32,25,100,36,4094.399929046631,Tesla T4,7.5,2.11.0+cu128,12.8,2026-08-23T19:20:49.495737+00:00
explicit_pytorch,ca87722a00ebf585cd788c67949e7c0b32dca788,1,8,1536,64,float32,25,100,37,4103.775978088379,Tesla T4,7.5,2.11.0+cu128,12.8,2026-08-23T19:20:49.495737+00:00
explicit_pytorch,ca87722a00ebf585cd788c67949e7c0b32dca788,1,8,1536,64,float32,25,100,38,4157.72819519043,Tesla T4,7.5,2.11.0+cu128,12.8,2026-08-23T19:20:49.495737+00:00
explicit_pytorch,ca87722a00ebf585cd788c67949e7c0b32dca788,1,8,1536,64,float32,25,100,39,4120.575904846191,Tesla T4,7.5,2.11.0+cu128,12.8,2026-08-23T19:20:49.495737+00:00
explicit_pytorch,ca87722a00ebf585cd788c67949e7c0b32dca788,1,8,1536,64,float32,25,100,40,4119.935989379883,Tesla T4,7.5,2.11.0+cu128,12.8,2026-08-23T19:20:49.495737+00:00
explicit_pytorch,ca87722a00ebf585cd788c67949e7c0b32dca788,1,8,1536,64,float32,25,100,41,4110.464096069336,Tesla T4,7.5,2.11.0+cu128,12.8,2026-08-23T19:20:49.495737+00:00
explicit_pytorch,ca87722a00ebf585cd788c67949e7c0b32dca788,1,8,1536,64,float32,25,100,42,4116.032123565674,Tesla T4,7.5,2.11.0+cu128,12.8,2026-08-23T19:20:49.495737+00:00
explicit_pytorch,ca87722a00ebf585cd788c67949e7c0b32dca788,1,8,1536,64,float32,25,100,43,4102.464199066162,Tesla T4,7.5,2.11.0+cu128,12.8,2026-08-23T19:20:49.495737+00:00
explicit_pytorch,ca87722a00ebf585cd788c67949e7c0b32dca788,1,8,1536,64,float32,25,100,44,4100.128173828125,Tesla T4,7.5,2.11.0+cu128,12.8,2026-08-23T19:20:49.495737+00:00
explicit_pytorch,ca87722a00ebf585cd788c67949e7c0b32dca788,1,8,1536,64,float32,25,100,45,4126.719951629639,Tesla T4,7.5,2.11.0+cu128,12.8,2026-08-23T19:20:49.495737+00:00
explicit_pytorch,ca87722a00ebf585cd788c67949e7c0b32dca788,1,8,1536,64,float32,25,100,46,4096.735954284668,Tesla T4,7.5,2.11.0+cu128,12.8,2026-08-23T19:20:49.495737+00:00
explicit_pytorch,ca87722a00ebf585cd788c67949e7c0b32dca788,1,8,1536,64,float32,25,100,47,4102.14376449585,Tesla T4,7.5,2.11.0+cu128,12.8,2026-08-23T19:20:49.495737+00:00
explicit_pytorch,ca87722a00ebf585cd788c67949e7c0b32dca788,1,8,1536,64,float32,25,100,48,4100.768089294434,Tesla T4,7.5,2.11.0+cu128,12.8,2026-08-23T19:20:49.495737+00:00
explicit_pytorch,ca87722a00ebf585cd788c67949e7c0b32dca788,1,8,1536,64,float32,25,100,49,4098.048210144043,Tesla T4,7.5,2.11.0+cu128,12.8,2026-08-23T19:20:49.495737+00:00
explicit_pytorch,ca87722a00ebf585cd788c67949e7c0b32dca788,1,8,1536,64,float32,25,100,50,4115.6158447265625,Tesla T4,7.5,2.11.0+cu128,12.8,2026-08-23T19:20:49.495737+00:00
explicit_pytorch,ca87722a00ebf585cd788c67949e7c0b32dca788,1,8,1536,64,float32,25,100,51,4113.183975219727,Tesla T4,7.5,2.11.0+cu128,12.8,2026-08-23T19:20:49.495737+00:00
explicit_pytorch,ca87722a00ebf585cd788c67949e7c0b32dca788,1,8,1536,64,float32,25,100,52,4134.912014007568,Tesla T4,7.5,2.11.0+cu128,12.8,2026-08-23T19:20:49.495737+00:00
explicit_pytorch,ca87722a00ebf585cd788c67949e7c0b32dca788,1,8,1536,64,float32,25,100,53,4118.559837341309,Tesla T4,7.5,2.11.0+cu128,12.8,2026-08-23T19:20:49.495737+00:00
explicit_pytorch,ca87722a00ebf585cd788c67949e7c0b32dca788,1,8,1536,64,float32,25,100,54,4138.1120681762695,Tesla T4,7.5,2.11.0+cu128,12.8,2026-08-23T19:20:49.495737+00:00
explicit_pytorch,ca87722a00ebf585cd788c67949e7c0b32dca788,1,8,1536,64,float32,25,100,55,4139.008045196533,Tesla T4,7.5,2.11.0+cu128,12.8,2026-08-23T19:20:49.495737+00:00
explicit_pytorch,ca87722a00ebf585cd788c67949e7c0b32dca788,1,8,1536,64,float32,25,100,56,4122.432231903076,Tesla T4,7.5,2.11.0+cu128,12.8,2026-08-23T19:20:49.495737+00:00
explicit_pytorch,ca87722a00ebf585cd788c67949e7c0b32dca788,1,8,1536,64,float32,25,100,57,4126.719951629639,Tesla T4,7.5,2.11.0+cu128,12.8,2026-08-23T19:20:49.495737+00:00
explicit_pytorch,ca87722a00ebf585cd788c67949e7c0b32dca788,1,8,1536,64,float32,25,100,58,4120.575904846191,Tesla T4,7.5,2.11.0+cu128,12.8,2026-08-23T19:20:49.495737+00:00
explicit_pytorch,ca87722a00ebf585cd788c67949e7c0b32dca788,1,8,1536,64,float32,25,100,59,4118.527889251709,Tesla T4,7.5,2.11.0+cu128,12.8,2026-08-23T19:20:49.495737+00:00
explicit_pytorch,ca87722a00ebf585cd788c67949e7c0b32dca788,1,8,1536,64,float32,25,100,60,4113.887786865234,Tesla T4,7.5,2.11.0+cu128,12.8,2026-08-23T19:20:49.495737+00:00
explicit_pytorch,ca87722a00ebf585cd788c67949e7c0b32dca788,1,8,1536,64,float32,25,100,61,4157.055854797363,Tesla T4,7.5,2.11.0+cu128,12.8,2026-08-23T19:20:49.495737+00:00
explicit_pytorch,ca87722a00ebf585cd788c67949e7c0b32dca788,1,8,1536,64,float32,25,100,62,4171.648025512695,Tesla T4,7.5,2.11.0+cu128,12.8,2026-08-23T19:20:49.495737+00:00
explicit_pytorch,ca87722a00ebf585cd788c67949e7c0b32dca788,1,8,1536,64,float32,25,100,63,4153.34415435791,Tesla T4,7.5,2.11.0+cu128,12.8,2026-08-23T19:20:49.495737+00:00
explicit_pytorch,ca87722a00ebf585cd788c67949e7c0b32dca788,1,8,1536,64,float32,25,100,64,4141.056060791016,Tesla T4,7.5,2.11.0+cu128,12.8,2026-08-23T19:20:49.495737+00:00
explicit_pytorch,ca87722a00ebf585cd788c67949e7c0b32dca788,1,8,1536,64,float32,25,100,65,4123.6162185668945,Tesla T4,7.5,2.11.0+cu128,12.8,2026-08-23T19:20:49.495737+00:00
explicit_pytorch,ca87722a00ebf585cd788c67949e7c0b32dca788,1,8,1536,64,float32,25,100,66,4139.103889465332,Tesla T4,7.5,2.11.0+cu128,12.8,2026-08-23T19:20:49.495737+00:00
explicit_pytorch,ca87722a00ebf585cd788c67949e7c0b32dca788,1,8,1536,64,float32,25,100,67,4134.1118812561035,Tesla T4,7.5,2.11.0+cu128,12.8,2026-08-23T19:20:49.495737+00:00
explicit_pytorch,ca87722a00ebf585cd788c67949e7c0b32dca788,1,8,1536,64,float32,25,100,68,4111.807823181152,Tesla T4,7.5,2.11.0+cu128,12.8,2026-08-23T19:20:49.495737+00:00
explicit_pytorch,ca87722a00ebf585cd788c67949e7c0b32dca788,1,8,1536,64,float32,25,100,69,4159.488201141357,Tesla T4,7.5,2.11.0+cu128,12.8,2026-08-23T19:20:49.495737+00:00
explicit_pytorch,ca87722a00ebf585cd788c67949e7c0b32dca788,1,8,1536,64,float32,25,100,70,4122.079849243164,Tesla T4,7.5,2.11.0+cu128,12.8,2026-08-23T19:20:49.495737+00:00
explicit_pytorch,ca87722a00ebf585cd788c67949e7c0b32dca788,1,8,1536,64,float32,25,100,71,4112.607955932617,Tesla T4,7.5,2.11.0+cu128,12.8,2026-08-23T19:20:49.495737+00:00
explicit_pytorch,ca87722a00ebf585cd788c67949e7c0b32dca788,1,8,1536,64,float32,25,100,72,4108.128070831299,Tesla T4,7.5,2.11.0+cu128,12.8,2026-08-23T19:20:49.495737+00:00
explicit_pytorch,ca87722a00ebf585cd788c67949e7c0b32dca788,1,8,1536,64,float32,25,100,73,4122.623920440674,Tesla T4,7.5,2.11.0+cu128,12.8,2026-08-23T19:20:49.495737+00:00
explicit_pytorch,ca87722a00ebf585cd788c67949e7c0b32dca788,1,8,1536,64,float32,25,100,74,4122.3039627075195,Tesla T4,7.5,2.11.0+cu128,12.8,2026-08-23T19:20:49.495737+00:00
explicit_pytorch,ca87722a00ebf585cd788c67949e7c0b32dca788,1,8,1536,64,float32,25,100,75,4087.7442359924316,Tesla T4,7.5,2.11.0+cu128,12.8,2026-08-23T19:20:49.495737+00:00
explicit_pytorch,ca87722a00ebf585cd788c67949e7c0b32dca788,1,8,1536,64,float32,25,100,76,4081.6640853881836,Tesla T4,7.5,2.11.0+cu128,12.8,2026-08-23T19:20:49.495737+00:00
explicit_pytorch,ca87722a00ebf585cd788c67949e7c0b32dca788,1,8,1536,64,float32,25,100,77,4096.640110015869,Tesla T4,7.5,2.11.0+cu128,12.8,2026-08-23T19:20:49.495737+00:00
explicit_pytorch,ca87722a00ebf585cd788c67949e7c0b32dca788,1,8,1536,64,float32,25,100,78,4084.1917991638184,Tesla T4,7.5,2.11.0+cu128,12.8,2026-08-23T19:20:49.495737+00:00
explicit_pytorch,ca87722a00ebf585cd788c67949e7c0b32dca788,1,8,1536,64,float32,25,100,79,4085.6637954711914,Tesla T4,7.5,2.11.0+cu128,12.8,2026-08-23T19:20:49.495737+00:00
explicit_pytorch,ca87722a00ebf585cd788c67949e7c0b32dca788,1,8,1536,64,float32,25,100,80,4090.911865234375,Tesla T4,7.5,2.11.0+cu128,12.8,2026-08-23T19:20:49.495737+00:00
explicit_pytorch,ca87722a00ebf585cd788c67949e7c0b32dca788,1,8,1536,64,float32,25,100,81,4114.943981170654,Tesla T4,7.5,2.11.0+cu128,12.8,2026-08-23T19:20:49.495737+00:00
explicit_pytorch,ca87722a00ebf585cd788c67949e7c0b32dca788,1,8,1536,64,float32,25,100,82,4110.527992248535,Tesla T4,7.5,2.11.0+cu128,12.8,2026-08-23T19:20:49.495737+00:00
explicit_pytorch,ca87722a00ebf585cd788c67949e7c0b32dca788,1,8,1536,64,float32,25,100,83,4078.5279273986816,Tesla T4,7.5,2.11.0+cu128,12.8,2026-08-23T19:20:49.495737+00:00
explicit_pytorch,ca87722a00ebf585cd788c67949e7c0b32dca788,1,8,1536,64,float32,25,100,84,4091.9361114501953,Tesla T4,7.5,2.11.0+cu128,12.8,2026-08-23T19:20:49.495737+00:00
explicit_pytorch,ca87722a00ebf585cd788c67949e7c0b32dca788,1,8,1536,64,float32,25,100,85,4082.399845123291,Tesla T4,7.5,2.11.0+cu128,12.8,2026-08-23T19:20:49.495737+00:00
explicit_pytorch,ca87722a00ebf585cd788c67949e7c0b32dca788,1,8,1536,64,float32,25,100,86,4091.7439460754395,Tesla T4,7.5,2.11.0+cu128,12.8,2026-08-23T19:20:49.495737+00:00
explicit_pytorch,ca87722a00ebf585cd788c67949e7c0b32dca788,1,8,1536,64,float32,25,100,87,4079.648017883301,Tesla T4,7.5,2.11.0+cu128,12.8,2026-08-23T19:20:49.495737+00:00
explicit_pytorch,ca87722a00ebf585cd788c67949e7c0b32dca788,1,8,1536,64,float32,25,100,88,4069.375991821289,Tesla T4,7.5,2.11.0+cu128,12.8,2026-08-23T19:20:49.495737+00:00
explicit_pytorch,ca87722a00ebf585cd788c67949e7c0b32dca788,1,8,1536,64,float32,25,100,89,4113.0242347717285,Tesla T4,7.5,2.11.0+cu128,12.8,2026-08-23T19:20:49.495737+00:00
explicit_pytorch,ca87722a00ebf585cd788c67949e7c0b32dca788,1,8,1536,64,float32,25,100,90,4087.808132171631,Tesla T4,7.5,2.11.0+cu128,12.8,2026-08-23T19:20:49.495737+00:00
explicit_pytorch,ca87722a00ebf585cd788c67949e7c0b32dca788,1,8,1536,64,float32,25,100,91,4103.871822357178,Tesla T4,7.5,2.11.0+cu128,12.8,2026-08-23T19:20:49.495737+00:00
explicit_pytorch,ca87722a00ebf585cd788c67949e7c0b32dca788,1,8,1536,64,float32,25,100,92,4094.4318771362305,Tesla T4,7.5,2.11.0+cu128,12.8,2026-08-23T19:20:49.495737+00:00
explicit_pytorch,ca87722a00ebf585cd788c67949e7c0b32dca788,1,8,1536,64,float32,25,100,93,4120.575904846191,Tesla T4,7.5,2.11.0+cu128,12.8,2026-08-23T19:20:49.495737+00:00
explicit_pytorch,ca87722a00ebf585cd788c67949e7c0b32dca788,1,8,1536,64,float32,25,100,94,4138.656139373779,Tesla T4,7.5,2.11.0+cu128,12.8,2026-08-23T19:20:49.495737+00:00
explicit_pytorch,ca87722a00ebf585cd788c67949e7c0b32dca788,1,8,1536,64,float32,25,100,95,4127.200126647949,Tesla T4,7.5,2.11.0+cu128,12.8,2026-08-23T19:20:49.495737+00:00
explicit_pytorch,ca87722a00ebf585cd788c67949e7c0b32dca788,1,8,1536,64,float32,25,100,96,4117.40779876709,Tesla T4,7.5,2.11.0+cu128,12.8,2026-08-23T19:20:49.495737+00:00
explicit_pytorch,ca87722a00ebf585cd788c67949e7c0b32dca788,1,8,1536,64,float32,25,100,97,4095.104217529297,Tesla T4,7.5,2.11.0+cu128,12.8,2026-08-23T19:20:49.495737+00:00
explicit_pytorch,ca87722a00ebf585cd788c67949e7c0b32dca788,1,8,1536,64,float32,25,100,98,4114.431858062744,Tesla T4,7.5,2.11.0+cu128,12.8,2026-08-23T19:20:49.495737+00:00
explicit_pytorch,ca87722a00ebf585cd788c67949e7c0b32dca788,1,8,1536,64,float32,25,100,99,4118.239879608154,Tesla T4,7.5,2.11.0+cu128,12.8,2026-08-23T19:20:49.495737+00:00
custom_softmax_attention,ca87722a00ebf585cd788c67949e7c0b32dca788,1,8,1536,64,float32,25,100,0,2388.000011444092,Tesla T4,7.5,2.11.0+cu128,12.8,2026-08-23T19:20:49.796122+00:00
custom_softmax_attention,ca87722a00ebf585cd788c67949e7c0b32dca788,1,8,1536,64,float32,25,100,1,2362.9438877105713,Tesla T4,7.5,2.11.0+cu128,12.8,2026-08-23T19:20:49.796122+00:00
custom_softmax_attention,ca87722a00ebf585cd788c67949e7c0b32dca788,1,8,1536,64,float32,25,100,2,2375.6799697875977,Tesla T4,7.5,2.11.0+cu128,12.8,2026-08-23T19:20:49.796122+00:00
custom_softmax_attention,ca87722a00ebf585cd788c67949e7c0b32dca788,1,8,1536,64,float32,25,100,3,2384.320020675659,Tesla T4,7.5,2.11.0+cu128,12.8,2026-08-23T19:20:49.796122+00:00
custom_softmax_attention,ca87722a00ebf585cd788c67949e7c0b32dca788,1,8,1536,64,float32,25,100,4,2455.3918838500977,Tesla T4,7.5,2.11.0+cu128,12.8,2026-08-23T19:20:49.796122+00:00
custom_softmax_attention,ca87722a00ebf585cd788c67949e7c0b32dca788,1,8,1536,64,float32,25,100,5,2435.0719451904297,Tesla T4,7.5,2.11.0+cu128,12.8,2026-08-23T19:20:49.796122+00:00
custom_softmax_attention,ca87722a00ebf585cd788c67949e7c0b32dca788,1,8,1536,64,float32,25,100,6,2430.272102355957,Tesla T4,7.5,2.11.0+cu128,12.8,2026-08-23T19:20:49.796122+00:00
custom_softmax_attention,ca87722a00ebf585cd788c67949e7c0b32dca788,1,8,1536,64,float32,25,100,7,2447.5200176239014,Tesla T4,7.5,2.11.0+cu128,12.8,2026-08-23T19:20:49.796122+00:00
custom_softmax_attention,ca87722a00ebf585cd788c67949e7c0b32dca788,1,8,1536,64,float32,25,100,8,2459.3279361724854,Tesla T4,7.5,2.11.0+cu128,12.8,2026-08-23T19:20:49.796122+00:00
custom_softmax_attention,ca87722a00ebf585cd788c67949e7c0b32dca788,1,8,1536,64,float32,25,100,9,2433.056116104126,Tesla T4,7.5,2.11.0+cu128,12.8,2026-08-23T19:20:49.796122+00:00
custom_softmax_attention,ca87722a00ebf585cd788c67949e7c0b32dca788,1,8,1536,64,float32,25,100,10,2444.1280364990234,Tesla T4,7.5,2.11.0+cu128,12.8,2026-08-23T19:20:49.796122+00:00
custom_softmax_attention,ca87722a00ebf585cd788c67949e7c0b32dca788,1,8,1536,64,float32,25,100,11,2448.575973510742,Tesla T4,7.5,2.11.0+cu128,12.8,2026-08-23T19:20:49.796122+00:00
custom_softmax_attention,ca87722a00ebf585cd788c67949e7c0b32dca788,1,8,1536,64,float32,25,100,12,2444.000005722046,Tesla T4,7.5,2.11.0+cu128,12.8,2026-08-23T19:20:49.796122+00:00
custom_softmax_attention,ca87722a00ebf585cd788c67949e7c0b32dca788,1,8,1536,64,float32,25,100,13,2429.7280311584473,Tesla T4,7.5,2.11.0+cu128,12.8,2026-08-23T19:20:49.796122+00:00
custom_softmax_attention,ca87722a00ebf585cd788c67949e7c0b32dca788,1,8,1536,64,float32,25,100,14,2433.056116104126,Tesla T4,7.5,2.11.0+cu128,12.8,2026-08-23T19:20:49.796122+00:00
custom_softmax_attention,ca87722a00ebf585cd788c67949e7c0b32dca788,1,8,1536,64,float32,25,100,15,2449.984073638916,Tesla T4,7.5,2.11.0+cu128,12.8,2026-08-23T19:20:49.796122+00:00
custom_softmax_attention,ca87722a00ebf585cd788c67949e7c0b32dca788,1,8,1536,64,float32,25,100,16,2469.95210647583,Tesla T4,7.5,2.11.0+cu128,12.8,2026-08-23T19:20:49.796122+00:00
custom_softmax_attention,ca87722a00ebf585cd788c67949e7c0b32dca788,1,8,1536,64,float32,25,100,17,2465.8560752868652,Tesla T4,7.5,2.11.0+cu128,12.8,2026-08-23T19:20:49.796122+00:00
custom_softmax_attention,ca87722a00ebf585cd788c67949e7c0b32dca788,1,8,1536,64,float32,25,100,18,2459.712028503418,Tesla T4,7.5,2.11.0+cu128,12.8,2026-08-23T19:20:49.796122+00:00
custom_softmax_attention,ca87722a00ebf585cd788c67949e7c0b32dca788,1,8,1536,64,float32,25,100,19,2461.344003677368,Tesla T4,7.5,2.11.0+cu128,12.8,2026-08-23T19:20:49.796122+00:00
custom_softmax_attention,ca87722a00ebf585cd788c67949e7c0b32dca788,1,8,1536,64,float32,25,100,20,2458.2080841064453,Tesla T4,7.5,2.11.0+cu128,12.8,2026-08-23T19:20:49.796122+00:00
custom_softmax_attention,ca87722a00ebf585cd788c67949e7c0b32dca788,1,8,1536,64,float32,25,100,21,2469.856023788452,Tesla T4,7.5,2.11.0+cu128,12.8,2026-08-23T19:20:49.796122+00:00
custom_softmax_attention,ca87722a00ebf585cd788c67949e7c0b32dca788,1,8,1536,64,float32,25,100,22,2474.368095397949,Tesla T4,7.5,2.11.0+cu128,12.8,2026-08-23T19:20:49.796122+00:00
custom_softmax_attention,ca87722a00ebf585cd788c67949e7c0b32dca788,1,8,1536,64,float32,25,100,23,2488.4159564971924,Tesla T4,7.5,2.11.0+cu128,12.8,2026-08-23T19:20:49.796122+00:00
custom_softmax_attention,ca87722a00ebf585cd788c67949e7c0b32dca788,1,8,1536,64,float32,25,100,24,2463.167905807495,Tesla T4,7.5,2.11.0+cu128,12.8,2026-08-23T19:20:49.796122+00:00
custom_softmax_attention,ca87722a00ebf585cd788c67949e7c0b32dca788,1,8,1536,64,float32,25,100,25,2461.0559940338135,Tesla T4,7.5,2.11.0+cu128,12.8,2026-08-23T19:20:49.796122+00:00
custom_softmax_attention,ca87722a00ebf585cd788c67949e7c0b32dca788,1,8,1536,64,float32,25,100,26,2462.912082672119,Tesla T4,7.5,2.11.0+cu128,12.8,2026-08-23T19:20:49.796122+00:00
custom_softmax_attention,ca87722a00ebf585cd788c67949e7c0b32dca788,1,8,1536,64,float32,25,100,27,2487.8718852996826,Tesla T4,7.5,2.11.0+cu128,12.8,2026-08-23T19:20:49.796122+00:00
custom_softmax_attention,ca87722a00ebf585cd788c67949e7c0b32dca788,1,8,1536,64,float32,25,100,28,2477.952003479004,Tesla T4,7.5,2.11.0+cu128,12.8,2026-08-23T19:20:49.796122+00:00
custom_softmax_attention,ca87722a00ebf585cd788c67949e7c0b32dca788,1,8,1536,64,float32,25,100,29,2480.191946029663,Tesla T4,7.5,2.11.0+cu128,12.8,2026-08-23T19:20:49.796122+00:00
custom_softmax_attention,ca87722a00ebf585cd788c67949e7c0b32dca788,1,8,1536,64,float32,25,100,30,2476.7680168151855,Tesla T4,7.5,2.11.0+cu128,12.8,2026-08-23T19:20:49.796122+00:00
custom_softmax_attention,ca87722a00ebf585cd788c67949e7c0b32dca788,1,8,1536,64,float32,25,100,31,2463.9360904693604,Tesla T4,7.5,2.11.0+cu128,12.8,2026-08-23T19:20:49.796122+00:00
custom_softmax_attention,ca87722a00ebf585cd788c67949e7c0b32dca788,1,8,1536,64,float32,25,100,32,2465.791940689087,Tesla T4,7.5,2.11.0+cu128,12.8,2026-08-23T19:20:49.796122+00:00
custom_softmax_attention,ca87722a00ebf585cd788c67949e7c0b32dca788,1,8,1536,64,float32,25,100,33,2467.456102371216,Tesla T4,7.5,2.11.0+cu128,12.8,2026-08-23T19:20:49.796122+00:00
custom_softmax_attention,ca87722a00ebf585cd788c67949e7c0b32dca788,1,8,1536,64,float32,25,100,34,2468.031883239746,Tesla T4,7.5,2.11.0+cu128,12.8,2026-08-23T19:20:49.796122+00:00
custom_softmax_attention,ca87722a00ebf585cd788c67949e7c0b32dca788,1,8,1536,64,float32,25,100,35,2459.6478939056396,Tesla T4,7.5,2.11.0+cu128,12.8,2026-08-23T19:20:49.796122+00:00
custom_softmax_attention,ca87722a00ebf585cd788c67949e7c0b32dca788,1,8,1536,64,float32,25,100,36,2493.6959743499756,Tesla T4,7.5,2.11.0+cu128,12.8,2026-08-23T19:20:49.796122+00:00
custom_softmax_attention,ca87722a00ebf585cd788c67949e7c0b32dca788,1,8,1536,64,float32,25,100,37,2466.5279388427734,Tesla T4,7.5,2.11.0+cu128,12.8,2026-08-23T19:20:49.796122+00:00
custom_softmax_attention,ca87722a00ebf585cd788c67949e7c0b32dca788,1,8,1536,64,float32,25,100,38,2459.6478939056396,Tesla T4,7.5,2.11.0+cu128,12.8,2026-08-23T19:20:49.796122+00:00
custom_softmax_attention,ca87722a00ebf585cd788c67949e7c0b32dca788,1,8,1536,64,float32,25,100,39,2461.695909500122,Tesla T4,7.5,2.11.0+cu128,12.8,2026-08-23T19:20:49.796122+00:00
custom_softmax_attention,ca87722a00ebf585cd788c67949e7c0b32dca788,1,8,1536,64,float32,25,100,40,2464.576005935669,Tesla T4,7.5,2.11.0+cu128,12.8,2026-08-23T19:20:49.796122+00:00
custom_softmax_attention,ca87722a00ebf585cd788c67949e7c0b32dca788,1,8,1536,64,float32,25,100,41,2479.583978652954,Tesla T4,7.5,2.11.0+cu128,12.8,2026-08-23T19:20:49.796122+00:00
custom_softmax_attention,ca87722a00ebf585cd788c67949e7c0b32dca788,1,8,1536,64,float32,25,100,42,2479.327917098999,Tesla T4,7.5,2.11.0+cu128,12.8,2026-08-23T19:20:49.796122+00:00
custom_softmax_attention,ca87722a00ebf585cd788c67949e7c0b32dca788,1,8,1536,64,float32,25,100,43,2480.3519248962402,Tesla T4,7.5,2.11.0+cu128,12.8,2026-08-23T19:20:49.796122+00:00
custom_softmax_attention,ca87722a00ebf585cd788c67949e7c0b32dca788,1,8,1536,64,float32,25,100,44,2463.871955871582,Tesla T4,7.5,2.11.0+cu128,12.8,2026-08-23T19:20:49.796122+00:00
custom_softmax_attention,ca87722a00ebf585cd788c67949e7c0b32dca788,1,8,1536,64,float32,25,100,45,2475.1040935516357,Tesla T4,7.5,2.11.0+cu128,12.8,2026-08-23T19:20:49.796122+00:00
custom_softmax_attention,ca87722a00ebf585cd788c67949e7c0b32dca788,1,8,1536,64,float32,25,100,46,2438.271999359131,Tesla T4,7.5,2.11.0+cu128,12.8,2026-08-23T19:20:49.796122+00:00
custom_softmax_attention,ca87722a00ebf585cd788c67949e7c0b32dca788,1,8,1536,64,float32,25,100,47,2410.4959964752197,Tesla T4,7.5,2.11.0+cu128,12.8,2026-08-23T19:20:49.796122+00:00
custom_softmax_attention,ca87722a00ebf585cd788c67949e7c0b32dca788,1,8,1536,64,float32,25,100,48,2439.0718936920166,Tesla T4,7.5,2.11.0+cu128,12.8,2026-08-23T19:20:49.796122+00:00
custom_softmax_attention,ca87722a00ebf585cd788c67949e7c0b32dca788,1,8,1536,64,float32,25,100,49,2436.2881183624268,Tesla T4,7.5,2.11.0+cu128,12.8,2026-08-23T19:20:49.796122+00:00
custom_softmax_attention,ca87722a00ebf585cd788c67949e7c0b32dca788,1,8,1536,64,float32,25,100,50,2429.6000003814697,Tesla T4,7.5,2.11.0+cu128,12.8,2026-08-23T19:20:49.796122+00:00
custom_softmax_attention,ca87722a00ebf585cd788c67949e7c0b32dca788,1,8,1536,64,float32,25,100,51,2444.159984588623,Tesla T4,7.5,2.11.0+cu128,12.8,2026-08-23T19:20:49.796122+00:00
custom_softmax_attention,ca87722a00ebf585cd788c67949e7c0b32dca788,1,8,1536,64,float32,25,100,52,2442.944049835205,Tesla T4,7.5,2.11.0+cu128,12.8,2026-08-23T19:20:49.796122+00:00
custom_softmax_attention,ca87722a00ebf585cd788c67949e7c0b32dca788,1,8,1536,64,float32,25,100,53,2387.968063354492,Tesla T4,7.5,2.11.0+cu128,12.8,2026-08-23T19:20:49.796122+00:00
custom_softmax_attention,ca87722a00ebf585cd788c67949e7c0b32dca788,1,8,1536,64,float32,25,100,54,2379.4240951538086,Tesla T4,7.5,2.11.0+cu128,12.8,2026-08-23T19:20:49.796122+00:00
custom_softmax_attention,ca87722a00ebf585cd788c67949e7c0b32dca788,1,8,1536,64,float32,25,100,55,2396.2879180908203,Tesla T4,7.5,2.11.0+cu128,12.8,2026-08-23T19:20:49.796122+00:00
custom_softmax_attention,ca87722a00ebf585cd788c67949e7c0b32dca788,1,8,1536,64,float32,25,100,56,2391.616106033325,Tesla T4,7.5,2.11.0+cu128,12.8,2026-08-23T19:20:49.796122+00:00
custom_softmax_attention,ca87722a00ebf585cd788c67949e7c0b32dca788,1,8,1536,64,float32,25,100,57,2429.1839599609375,Tesla T4,7.5,2.11.0+cu128,12.8,2026-08-23T19:20:49.796122+00:00
custom_softmax_attention,ca87722a00ebf585cd788c67949e7c0b32dca788,1,8,1536,64,float32,25,100,58,2412.5759601593018,Tesla T4,7.5,2.11.0+cu128,12.8,2026-08-23T19:20:49.796122+00:00
custom_softmax_attention,ca87722a00ebf585cd788c67949e7c0b32dca788,1,8,1536,64,float32,25,100,59,2412.544012069702,Tesla T4,7.5,2.11.0+cu128,12.8,2026-08-23T19:20:49.796122+00:00
custom_softmax_attention,ca87722a00ebf585cd788c67949e7c0b32dca788,1,8,1536,64,float32,25,100,60,2439.39208984375,Tesla T4,7.5,2.11.0+cu128,12.8,2026-08-23T19:20:49.796122+00:00
custom_softmax_attention,ca87722a00ebf585cd788c67949e7c0b32dca788,1,8,1536,64,float32,25,100,61,2412.5120639801025,Tesla T4,7.5,2.11.0+cu128,12.8,2026-08-23T19:20:49.796122+00:00
custom_softmax_attention,ca87722a00ebf585cd788c67949e7c0b32dca788,1,8,1536,64,float32,25,100,62,2422.7840900421143,Tesla T4,7.5,2.11.0+cu128,12.8,2026-08-23T19:20:49.796122+00:00
custom_softmax_attention,ca87722a00ebf585cd788c67949e7c0b32dca788,1,8,1536,64,float32,25,100,63,2465.696096420288,Tesla T4,7.5,2.11.0+cu128,12.8,2026-08-23T19:20:49.796122+00:00
custom_softmax_attention,ca87722a00ebf585cd788c67949e7c0b32dca788,1,8,1536,64,float32,25,100,64,2451.4880180358887,Tesla T4,7.5,2.11.0+cu128,12.8,2026-08-23T19:20:49.796122+00:00
custom_softmax_attention,ca87722a00ebf585cd788c67949e7c0b32dca788,1,8,1536,64,float32,25,100,65,2445.6639289855957,Tesla T4,7.5,2.11.0+cu128,12.8,2026-08-23T19:20:49.796122+00:00
custom_softmax_attention,ca87722a00ebf585cd788c67949e7c0b32dca788,1,8,1536,64,float32,25,100,66,2451.359987258911,Tesla T4,7.5,2.11.0+cu128,12.8,2026-08-23T19:20:49.796122+00:00
custom_softmax_attention,ca87722a00ebf585cd788c67949e7c0b32dca788,1,8,1536,64,float32,25,100,67,2444.1919326782227,Tesla T4,7.5,2.11.0+cu128,12.8,2026-08-23T19:20:49.796122+00:00
custom_softmax_attention,ca87722a00ebf585cd788c67949e7c0b32dca788,1,8,1536,64,float32,25,100,68,2480.0639152526855,Tesla T4,7.5,2.11.0+cu128,12.8,2026-08-23T19:20:49.796122+00:00
custom_softmax_attention,ca87722a00ebf585cd788c67949e7c0b32dca788,1,8,1536,64,float32,25,100,69,2406.5279960632324,Tesla T4,7.5,2.11.0+cu128,12.8,2026-08-23T19:20:49.796122+00:00
custom_softmax_attention,ca87722a00ebf585cd788c67949e7c0b32dca788,1,8,1536,64,float32,25,100,70,2416.6719913482666,Tesla T4,7.5,2.11.0+cu128,12.8,2026-08-23T19:20:49.796122+00:00
custom_softmax_attention,ca87722a00ebf585cd788c67949e7c0b32dca788,1,8,1536,64,float32,25,100,71,2400.0320434570312,Tesla T4,7.5,2.11.0+cu128,12.8,2026-08-23T19:20:49.796122+00:00
custom_softmax_attention,ca87722a00ebf585cd788c67949e7c0b32dca788,1,8,1536,64,float32,25,100,72,2407.4881076812744,Tesla T4,7.5,2.11.0+cu128,12.8,2026-08-23T19:20:49.796122+00:00
custom_softmax_attention,ca87722a00ebf585cd788c67949e7c0b32dca788,1,8,1536,64,float32,25,100,73,2376.960039138794,Tesla T4,7.5,2.11.0+cu128,12.8,2026-08-23T19:20:49.796122+00:00
custom_softmax_attention,ca87722a00ebf585cd788c67949e7c0b32dca788,1,8,1536,64,float32,25,100,74,2362.560033798218,Tesla T4,7.5,2.11.0+cu128,12.8,2026-08-23T19:20:49.796122+00:00
custom_softmax_attention,ca87722a00ebf585cd788c67949e7c0b32dca788,1,8,1536,64,float32,25,100,75,2363.392114639282,Tesla T4,7.5,2.11.0+cu128,12.8,2026-08-23T19:20:49.796122+00:00
custom_softmax_attention,ca87722a00ebf585cd788c67949e7c0b32dca788,1,8,1536,64,float32,25,100,76,2359.2960834503174,Tesla T4,7.5,2.11.0+cu128,12.8,2026-08-23T19:20:49.796122+00:00
custom_softmax_attention,ca87722a00ebf585cd788c67949e7c0b32dca788,1,8,1536,64,float32,25,100,77,2351.583957672119,Tesla T4,7.5,2.11.0+cu128,12.8,2026-08-23T19:20:49.796122+00:00
custom_softmax_attention,ca87722a00ebf585cd788c67949e7c0b32dca788,1,8,1536,64,float32,25,100,78,2334.559917449951,Tesla T4,7.5,2.11.0+cu128,12.8,2026-08-23T19:20:49.796122+00:00
custom_softmax_attention,ca87722a00ebf585cd788c67949e7c0b32dca788,1,8,1536,64,float32,25,100,79,2336.735963821411,Tesla T4,7.5,2.11.0+cu128,12.8,2026-08-23T19:20:49.796122+00:00
custom_softmax_attention,ca87722a00ebf585cd788c67949e7c0b32dca788,1,8,1536,64,float32,25,100,80,2340.8639430999756,Tesla T4,7.5,2.11.0+cu128,12.8,2026-08-23T19:20:49.796122+00:00
custom_softmax_attention,ca87722a00ebf585cd788c67949e7c0b32dca788,1,8,1536,64,float32,25,100,81,2367.7120208740234,Tesla T4,7.5,2.11.0+cu128,12.8,2026-08-23T19:20:49.796122+00:00
custom_softmax_attention,ca87722a00ebf585cd788c67949e7c0b32dca788,1,8,1536,64,float32,25,100,82,2358.0479621887207,Tesla T4,7.5,2.11.0+cu128,12.8,2026-08-23T19:20:49.796122+00:00
custom_softmax_attention,ca87722a00ebf585cd788c67949e7c0b32dca788,1,8,1536,64,float32,25,100,83,2334.7198963165283,Tesla T4,7.5,2.11.0+cu128,12.8,2026-08-23T19:20:49.796122+00:00
custom_softmax_attention,ca87722a00ebf585cd788c67949e7c0b32dca788,1,8,1536,64,float32,25,100,84,2336.22407913208,Tesla T4,7.5,2.11.0+cu128,12.8,2026-08-23T19:20:49.796122+00:00
custom_softmax_attention,ca87722a00ebf585cd788c67949e7c0b32dca788,1,8,1536,64,float32,25,100,85,2355.2000522613525,Tesla T4,7.5,2.11.0+cu128,12.8,2026-08-23T19:20:49.796122+00:00
custom_softmax_attention,ca87722a00ebf585cd788c67949e7c0b32dca788,1,8,1536,64,float32,25,100,86,2392.3521041870117,Tesla T4,7.5,2.11.0+cu128,12.8,2026-08-23T19:20:49.796122+00:00
custom_softmax_attention,ca87722a00ebf585cd788c67949e7c0b32dca788,1,8,1536,64,float32,25,100,87,2408.9601039886475,Tesla T4,7.5,2.11.0+cu128,12.8,2026-08-23T19:20:49.796122+00:00
custom_softmax_attention,ca87722a00ebf585cd788c67949e7c0b32dca788,1,8,1536,64,float32,25,100,88,2433.7921142578125,Tesla T4,7.5,2.11.0+cu128,12.8,2026-08-23T19:20:49.796122+00:00
custom_softmax_attention,ca87722a00ebf585cd788c67949e7c0b32dca788,1,8,1536,64,float32,25,100,89,2447.360038757324,Tesla T4,7.5,2.11.0+cu128,12.8,2026-08-23T19:20:49.796122+00:00
custom_softmax_attention,ca87722a00ebf585cd788c67949e7c0b32dca788,1,8,1536,64,float32,25,100,90,2413.856029510498,Tesla T4,7.5,2.11.0+cu128,12.8,2026-08-23T19:20:49.796122+00:00
custom_softmax_attention,ca87722a00ebf585cd788c67949e7c0b32dca788,1,8,1536,64,float32,25,100,91,2434.783935546875,Tesla T4,7.5,2.11.0+cu128,12.8,2026-08-23T19:20:49.796122+00:00
custom_softmax_attention,ca87722a00ebf585cd788c67949e7c0b32dca788,1,8,1536,64,float32,25,100,92,2412.6720428466797,Tesla T4,7.5,2.11.0+cu128,12.8,2026-08-23T19:20:49.796122+00:00
custom_softmax_attention,ca87722a00ebf585cd788c67949e7c0b32dca788,1,8,1536,64,float32,25,100,93,2407.360076904297,Tesla T4,7.5,2.11.0+cu128,12.8,2026-08-23T19:20:49.796122+00:00
custom_softmax_attention,ca87722a00ebf585cd788c67949e7c0b32dca788,1,8,1536,64,float32,25,100,94,2408.224105834961,Tesla T4,7.5,2.11.0+cu128,12.8,2026-08-23T19:20:49.796122+00:00
custom_softmax_attention,ca87722a00ebf585cd788c67949e7c0b32dca788,1,8,1536,64,float32,25,100,95,2461.695909500122,Tesla T4,7.5,2.11.0+cu128,12.8,2026-08-23T19:20:49.796122+00:00
custom_softmax_attention,ca87722a00ebf585cd788c67949e7c0b32dca788,1,8,1536,64,float32,25,100,96,2425.6958961486816,Tesla T4,7.5,2.11.0+cu128,12.8,2026-08-23T19:20:49.796122+00:00
custom_softmax_attention,ca87722a00ebf585cd788c67949e7c0b32dca788,1,8,1536,64,float32,25,100,97,2443.2320594787598,Tesla T4,7.5,2.11.0+cu128,12.8,2026-08-23T19:20:49.796122+00:00
custom_softmax_attention,ca87722a00ebf585cd788c67949e7c0b32dca788,1,8,1536,64,float32,25,100,98,2429.919958114624,Tesla T4,7.5,2.11.0+cu128,12.8,2026-08-23T19:20:49.796122+00:00
custom_softmax_attention,ca87722a00ebf585cd788c67949e7c0b32dca788,1,8,1536,64,float32,25,100,99,2438.8480186462402,Tesla T4,7.5,2.11.0+cu128,12.8,2026-08-23T19:20:49.796122+00:00
pytorch_sdpa,ca87722a00ebf585cd788c67949e7c0b32dca788,1,8,1536,64,float32,25,100,0,1285.5360507965088,Tesla T4,7.5,2.11.0+cu128,12.8,2026-08-23T19:20:49.942560+00:00
pytorch_sdpa,ca87722a00ebf585cd788c67949e7c0b32dca788,1,8,1536,64,float32,25,100,1,1282.080054283142,Tesla T4,7.5,2.11.0+cu128,12.8,2026-08-23T19:20:49.942560+00:00
pytorch_sdpa,ca87722a00ebf585cd788c67949e7c0b32dca788,1,8,1536,64,float32,25,100,2,1349.0240573883057,Tesla T4,7.5,2.11.0+cu128,12.8,2026-08-23T19:20:49.942560+00:00
pytorch_sdpa,ca87722a00ebf585cd788c67949e7c0b32dca788,1,8,1536,64,float32,25,100,3,1384.3200206756592,Tesla T4,7.5,2.11.0+cu128,12.8,2026-08-23T19:20:49.942560+00:00
pytorch_sdpa,ca87722a00ebf585cd788c67949e7c0b32dca788,1,8,1536,64,float32,25,100,4,1291.2960052490234,Tesla T4,7.5,2.11.0+cu128,12.8,2026-08-23T19:20:49.942560+00:00
pytorch_sdpa,ca87722a00ebf585cd788c67949e7c0b32dca788,1,8,1536,64,float32,25,100,5,1277.8559923171997,Tesla T4,7.5,2.11.0+cu128,12.8,2026-08-23T19:20:49.942560+00:00
pytorch_sdpa,ca87722a00ebf585cd788c67949e7c0b32dca788,1,8,1536,64,float32,25,100,6,1329.2479515075684,Tesla T4,7.5,2.11.0+cu128,12.8,2026-08-23T19:20:49.942560+00:00
pytorch_sdpa,ca87722a00ebf585cd788c67949e7c0b32dca788,1,8,1536,64,float32,25,100,7,1195.904016494751,Tesla T4,7.5,2.11.0+cu128,12.8,2026-08-23T19:20:49.942560+00:00
pytorch_sdpa,ca87722a00ebf585cd788c67949e7c0b32dca788,1,8,1536,64,float32,25,100,8,1206.7519426345825,Tesla T4,7.5,2.11.0+cu128,12.8,2026-08-23T19:20:49.942560+00:00
pytorch_sdpa,ca87722a00ebf585cd788c67949e7c0b32dca788,1,8,1536,64,float32,25,100,9,1143.231987953186,Tesla T4,7.5,2.11.0+cu128,12.8,2026-08-23T19:20:49.942560+00:00
pytorch_sdpa,ca87722a00ebf585cd788c67949e7c0b32dca788,1,8,1536,64,float32,25,100,10,1123.9999532699585,Tesla T4,7.5,2.11.0+cu128,12.8,2026-08-23T19:20:49.942560+00:00
pytorch_sdpa,ca87722a00ebf585cd788c67949e7c0b32dca788,1,8,1536,64,float32,25,100,11,1163.2000207901,Tesla T4,7.5,2.11.0+cu128,12.8,2026-08-23T19:20:49.942560+00:00
pytorch_sdpa,ca87722a00ebf585cd788c67949e7c0b32dca788,1,8,1536,64,float32,25,100,12,1253.3760070800781,Tesla T4,7.5,2.11.0+cu128,12.8,2026-08-23T19:20:49.942560+00:00
pytorch_sdpa,ca87722a00ebf585cd788c67949e7c0b32dca788,1,8,1536,64,float32,25,100,13,1142.9120302200317,Tesla T4,7.5,2.11.0+cu128,12.8,2026-08-23T19:20:49.942560+00:00
pytorch_sdpa,ca87722a00ebf585cd788c67949e7c0b32dca788,1,8,1536,64,float32,25,100,14,1239.1680479049683,Tesla T4,7.5,2.11.0+cu128,12.8,2026-08-23T19:20:49.942560+00:00
pytorch_sdpa,ca87722a00ebf585cd788c67949e7c0b32dca788,1,8,1536,64,float32,25,100,15,1147.2320556640625,Tesla T4,7.5,2.11.0+cu128,12.8,2026-08-23T19:20:49.942560+00:00
pytorch_sdpa,ca87722a00ebf585cd788c67949e7c0b32dca788,1,8,1536,64,float32,25,100,16,1144.8320150375366,Tesla T4,7.5,2.11.0+cu128,12.8,2026-08-23T19:20:49.942560+00:00
pytorch_sdpa,ca87722a00ebf585cd788c67949e7c0b32dca788,1,8,1536,64,float32,25,100,17,1202.2720575332642,Tesla T4,7.5,2.11.0+cu128,12.8,2026-08-23T19:20:49.942560+00:00
pytorch_sdpa,ca87722a00ebf585cd788c67949e7c0b32dca788,1,8,1536,64,float32,25,100,18,1145.5039978027344,Tesla T4,7.5,2.11.0+cu128,12.8,2026-08-23T19:20:49.942560+00:00
pytorch_sdpa,ca87722a00ebf585cd788c67949e7c0b32dca788,1,8,1536,64,float32,25,100,19,1194.4639682769775,Tesla T4,7.5,2.11.0+cu128,12.8,2026-08-23T19:20:49.942560+00:00
pytorch_sdpa,ca87722a00ebf585cd788c67949e7c0b32dca788,1,8,1536,64,float32,25,100,20,1104.7999858856201,Tesla T4,7.5,2.11.0+cu128,12.8,2026-08-23T19:20:49.942560+00:00
pytorch_sdpa,ca87722a00ebf585cd788c67949e7c0b32dca788,1,8,1536,64,float32,25,100,21,1087.6799821853638,Tesla T4,7.5,2.11.0+cu128,12.8,2026-08-23T19:20:49.942560+00:00
pytorch_sdpa,ca87722a00ebf585cd788c67949e7c0b32dca788,1,8,1536,64,float32,25,100,22,1172.8639602661133,Tesla T4,7.5,2.11.0+cu128,12.8,2026-08-23T19:20:49.942560+00:00
pytorch_sdpa,ca87722a00ebf585cd788c67949e7c0b32dca788,1,8,1536,64,float32,25,100,23,1163.5839939117432,Tesla T4,7.5,2.11.0+cu128,12.8,2026-08-23T19:20:49.942560+00:00
pytorch_sdpa,ca87722a00ebf585cd788c67949e7c0b32dca788,1,8,1536,64,float32,25,100,24,1041.5040254592896,Tesla T4,7.5,2.11.0+cu128,12.8,2026-08-23T19:20:49.942560+00:00
pytorch_sdpa,ca87722a00ebf585cd788c67949e7c0b32dca788,1,8,1536,64,float32,25,100,25,1025.66397190094,Tesla T4,7.5,2.11.0+cu128,12.8,2026-08-23T19:20:49.942560+00:00
pytorch_sdpa,ca87722a00ebf585cd788c67949e7c0b32dca788,1,8,1536,64,float32,25,100,26,1034.9440574645996,Tesla T4,7.5,2.11.0+cu128,12.8,2026-08-23T19:20:49.942560+00:00
pytorch_sdpa,ca87722a00ebf585cd788c67949e7c0b32dca788,1,8,1536,64,float32,25,100,27,1110.7200384140015,Tesla T4,7.5,2.11.0+cu128,12.8,2026-08-23T19:20:49.942560+00:00
pytorch_sdpa,ca87722a00ebf585cd788c67949e7c0b32dca788,1,8,1536,64,float32,25,100,28,1020.2239751815796,Tesla T4,7.5,2.11.0+cu128,12.8,2026-08-23T19:20:49.942560+00:00
pytorch_sdpa,ca87722a00ebf585cd788c67949e7c0b32dca788,1,8,1536,64,float32,25,100,29,1054.1119575500488,Tesla T4,7.5,2.11.0+cu128,12.8,2026-08-23T19:20:49.942560+00:00
pytorch_sdpa,ca87722a00ebf585cd788c67949e7c0b32dca788,1,8,1536,64,float32,25,100,30,1099.776029586792,Tesla T4,7.5,2.11.0+cu128,12.8,2026-08-23T19:20:49.942560+00:00
pytorch_sdpa,ca87722a00ebf585cd788c67949e7c0b32dca788,1,8,1536,64,float32,25,100,31,1012.2560262680054,Tesla T4,7.5,2.11.0+cu128,12.8,2026-08-23T19:20:49.942560+00:00
pytorch_sdpa,ca87722a00ebf585cd788c67949e7c0b32dca788,1,8,1536,64,float32,25,100,32,1083.3920240402222,Tesla T4,7.5,2.11.0+cu128,12.8,2026-08-23T19:20:49.942560+00:00
pytorch_sdpa,ca87722a00ebf585cd788c67949e7c0b32dca788,1,8,1536,64,float32,25,100,33,1060.3200197219849,Tesla T4,7.5,2.11.0+cu128,12.8,2026-08-23T19:20:49.942560+00:00
pytorch_sdpa,ca87722a00ebf585cd788c67949e7c0b32dca788,1,8,1536,64,float32,25,100,34,1007.6160430908203,Tesla T4,7.5,2.11.0+cu128,12.8,2026-08-23T19:20:49.942560+00:00
pytorch_sdpa,ca87722a00ebf585cd788c67949e7c0b32dca788,1,8,1536,64,float32,25,100,35,1023.0400562286377,Tesla T4,7.5,2.11.0+cu128,12.8,2026-08-23T19:20:49.942560+00:00
pytorch_sdpa,ca87722a00ebf585cd788c67949e7c0b32dca788,1,8,1536,64,float32,25,100,36,1019.6479558944702,Tesla T4,7.5,2.11.0+cu128,12.8,2026-08-23T19:20:49.942560+00:00
pytorch_sdpa,ca87722a00ebf585cd788c67949e7c0b32dca788,1,8,1536,64,float32,25,100,37,1036.2880229949951,Tesla T4,7.5,2.11.0+cu128,12.8,2026-08-23T19:20:49.942560+00:00
pytorch_sdpa,ca87722a00ebf585cd788c67949e7c0b32dca788,1,8,1536,64,float32,25,100,38,1052.0639419555664,Tesla T4,7.5,2.11.0+cu128,12.8,2026-08-23T19:20:49.942560+00:00
pytorch_sdpa,ca87722a00ebf585cd788c67949e7c0b32dca788,1,8,1536,64,float32,25,100,39,1056.3520193099976,Tesla T4,7.5,2.11.0+cu128,12.8,2026-08-23T19:20:49.942560+00:00
pytorch_sdpa,ca87722a00ebf585cd788c67949e7c0b32dca788,1,8,1536,64,float32,25,100,40,1022.9760408401489,Tesla T4,7.5,2.11.0+cu128,12.8,2026-08-23T19:20:49.942560+00:00
pytorch_sdpa,ca87722a00ebf585cd788c67949e7c0b32dca788,1,8,1536,64,float32,25,100,41,1083.616018295288,Tesla T4,7.5,2.11.0+cu128,12.8,2026-08-23T19:20:49.942560+00:00
pytorch_sdpa,ca87722a00ebf585cd788c67949e7c0b32dca788,1,8,1536,64,float32,25,100,42,1008.0640316009521,Tesla T4,7.5,2.11.0+cu128,12.8,2026-08-23T19:20:49.942560+00:00
pytorch_sdpa,ca87722a00ebf585cd788c67949e7c0b32dca788,1,8,1536,64,float32,25,100,43,978.3679842948914,Tesla T4,7.5,2.11.0+cu128,12.8,2026-08-23T19:20:49.942560+00:00
pytorch_sdpa,ca87722a00ebf585cd788c67949e7c0b32dca788,1,8,1536,64,float32,25,100,44,1050.6240129470825,Tesla T4,7.5,2.11.0+cu128,12.8,2026-08-23T19:20:49.942560+00:00
pytorch_sdpa,ca87722a00ebf585cd788c67949e7c0b32dca788,1,8,1536,64,float32,25,100,45,996.1280226707458,Tesla T4,7.5,2.11.0+cu128,12.8,2026-08-23T19:20:49.942560+00:00
pytorch_sdpa,ca87722a00ebf585cd788c67949e7c0b32dca788,1,8,1536,64,float32,25,100,46,1075.551986694336,Tesla T4,7.5,2.11.0+cu128,12.8,2026-08-23T19:20:49.942560+00:00
pytorch_sdpa,ca87722a00ebf585cd788c67949e7c0b32dca788,1,8,1536,64,float32,25,100,47,1041.4400100708008,Tesla T4,7.5,2.11.0+cu128,12.8,2026-08-23T19:20:49.942560+00:00
pytorch_sdpa,ca87722a00ebf585cd788c67949e7c0b32dca788,1,8,1536,64,float32,25,100,48,980.9920191764832,Tesla T4,7.5,2.11.0+cu128,12.8,2026-08-23T19:20:49.942560+00:00
pytorch_sdpa,ca87722a00ebf585cd788c67949e7c0b32dca788,1,8,1536,64,float32,25,100,49,1005.344033241272,Tesla T4,7.5,2.11.0+cu128,12.8,2026-08-23T19:20:49.942560+00:00
pytorch_sdpa,ca87722a00ebf585cd788c67949e7c0b32dca788,1,8,1536,64,float32,25,100,50,990.2719855308533,Tesla T4,7.5,2.11.0+cu128,12.8,2026-08-23T19:20:49.942560+00:00
pytorch_sdpa,ca87722a00ebf585cd788c67949e7c0b32dca788,1,8,1536,64,float32,25,100,51,1046.5600490570068,Tesla T4,7.5,2.11.0+cu128,12.8,2026-08-23T19:20:49.942560+00:00
pytorch_sdpa,ca87722a00ebf585cd788c67949e7c0b32dca788,1,8,1536,64,float32,25,100,52,1003.5840272903442,Tesla T4,7.5,2.11.0+cu128,12.8,2026-08-23T19:20:49.942560+00:00
pytorch_sdpa,ca87722a00ebf585cd788c67949e7c0b32dca788,1,8,1536,64,float32,25,100,53,1009.6640586853027,Tesla T4,7.5,2.11.0+cu128,12.8,2026-08-23T19:20:49.942560+00:00
pytorch_sdpa,ca87722a00ebf585cd788c67949e7c0b32dca788,1,8,1536,64,float32,25,100,54,1024.1600275039673,Tesla T4,7.5,2.11.0+cu128,12.8,2026-08-23T19:20:49.942560+00:00
pytorch_sdpa,ca87722a00ebf585cd788c67949e7c0b32dca788,1,8,1536,64,float32,25,100,55,1009.6640586853027,Tesla T4,7.5,2.11.0+cu128,12.8,2026-08-23T19:20:49.942560+00:00
pytorch_sdpa,ca87722a00ebf585cd788c67949e7c0b32dca788,1,8,1536,64,float32,25,100,56,1024.1600275039673,Tesla T4,7.5,2.11.0+cu128,12.8,2026-08-23T19:20:49.942560+00:00
pytorch_sdpa,ca87722a00ebf585cd788c67949e7c0b32dca788,1,8,1536,64,float32,25,100,57,1071.1040496826172,Tesla T4,7.5,2.11.0+cu128,12.8,2026-08-23T19:20:49.942560+00:00
pytorch_sdpa,ca87722a00ebf585cd788c67949e7c0b32dca788,1,8,1536,64,float32,25,100,58,1088.7360572814941,Tesla T4,7.5,2.11.0+cu128,12.8,2026-08-23T19:20:49.942560+00:00
pytorch_sdpa,ca87722a00ebf585cd788c67949e7c0b32dca788,1,8,1536,64,float32,25,100,59,1021.9520330429077,Tesla T4,7.5,2.11.0+cu128,12.8,2026-08-23T19:20:49.942560+00:00
pytorch_sdpa,ca87722a00ebf585cd788c67949e7c0b32dca788,1,8,1536,64,float32,25,100,60,931.1680197715759,Tesla T4,7.5,2.11.0+cu128,12.8,2026-08-23T19:20:49.942560+00:00
pytorch_sdpa,ca87722a00ebf585cd788c67949e7c0b32dca788,1,8,1536,64,float32,25,100,61,1021.9520330429077,Tesla T4,7.5,2.11.0+cu128,12.8,2026-08-23T19:20:49.942560+00:00
pytorch_sdpa,ca87722a00ebf585cd788c67949e7c0b32dca788,1,8,1536,64,float32,25,100,62,948.1599926948547,Tesla T4,7.5,2.11.0+cu128,12.8,2026-08-23T19:20:49.942560+00:00
pytorch_sdpa,ca87722a00ebf585cd788c67949e7c0b32dca788,1,8,1536,64,float32,25,100,63,983.2320213317871,Tesla T4,7.5,2.11.0+cu128,12.8,2026-08-23T19:20:49.942560+00:00
pytorch_sdpa,ca87722a00ebf585cd788c67949e7c0b32dca788,1,8,1536,64,float32,25,100,64,1026.75199508667,Tesla T4,7.5,2.11.0+cu128,12.8,2026-08-23T19:20:49.942560+00:00
pytorch_sdpa,ca87722a00ebf585cd788c67949e7c0b32dca788,1,8,1536,64,float32,25,100,65,1029.8559665679932,Tesla T4,7.5,2.11.0+cu128,12.8,2026-08-23T19:20:49.942560+00:00
pytorch_sdpa,ca87722a00ebf585cd788c67949e7c0b32dca788,1,8,1536,64,float32,25,100,66,1029.6640396118164,Tesla T4,7.5,2.11.0+cu128,12.8,2026-08-23T19:20:49.942560+00:00
pytorch_sdpa,ca87722a00ebf585cd788c67949e7c0b32dca788,1,8,1536,64,float32,25,100,67,1037.600040435791,Tesla T4,7.5,2.11.0+cu128,12.8,2026-08-23T19:20:49.942560+00:00
pytorch_sdpa,ca87722a00ebf585cd788c67949e7c0b32dca788,1,8,1536,64,float32,25,100,68,1046.8480587005615,Tesla T4,7.5,2.11.0+cu128,12.8,2026-08-23T19:20:49.942560+00:00
pytorch_sdpa,ca87722a00ebf585cd788c67949e7c0b32dca788,1,8,1536,64,float32,25,100,69,1047.6479530334473,Tesla T4,7.5,2.11.0+cu128,12.8,2026-08-23T19:20:49.942560+00:00
pytorch_sdpa,ca87722a00ebf585cd788c67949e7c0b32dca788,1,8,1536,64,float32,25,100,70,1017.8560018539429,Tesla T4,7.5,2.11.0+cu128,12.8,2026-08-23T19:20:49.942560+00:00
pytorch_sdpa,ca87722a00ebf585cd788c67949e7c0b32dca788,1,8,1536,64,float32,25,100,71,960.4799747467041,Tesla T4,7.5,2.11.0+cu128,12.8,2026-08-23T19:20:49.942560+00:00
pytorch_sdpa,ca87722a00ebf585cd788c67949e7c0b32dca788,1,8,1536,64,float32,25,100,72,987.1360063552856,Tesla T4,7.5,2.11.0+cu128,12.8,2026-08-23T19:20:49.942560+00:00
pytorch_sdpa,ca87722a00ebf585cd788c67949e7c0b32dca788,1,8,1536,64,float32,25,100,73,1044.4799661636353,Tesla T4,7.5,2.11.0+cu128,12.8,2026-08-23T19:20:49.942560+00:00
pytorch_sdpa,ca87722a00ebf585cd788c67949e7c0b32dca788,1,8,1536,64,float32,25,100,74,978.9760112762451,Tesla T4,7.5,2.11.0+cu128,12.8,2026-08-23T19:20:49.942560+00:00
pytorch_sdpa,ca87722a00ebf585cd788c67949e7c0b32dca788,1,8,1536,64,float32,25,100,75,1025.1840353012085,Tesla T4,7.5,2.11.0+cu128,12.8,2026-08-23T19:20:49.942560+00:00
pytorch_sdpa,ca87722a00ebf585cd788c67949e7c0b32dca788,1,8,1536,64,float32,25,100,76,991.8400049209595,Tesla T4,7.5,2.11.0+cu128,12.8,2026-08-23T19:20:49.942560+00:00
pytorch_sdpa,ca87722a00ebf585cd788c67949e7c0b32dca788,1,8,1536,64,float32,25,100,77,921.3759899139404,Tesla T4,7.5,2.11.0+cu128,12.8,2026-08-23T19:20:49.942560+00:00
pytorch_sdpa,ca87722a00ebf585cd788c67949e7c0b32dca788,1,8,1536,64,float32,25,100,78,1028.0959606170654,Tesla T4,7.5,2.11.0+cu128,12.8,2026-08-23T19:20:49.942560+00:00
pytorch_sdpa,ca87722a00ebf585cd788c67949e7c0b32dca788,1,8,1536,64,float32,25,100,79,1038.2720232009888,Tesla T4,7.5,2.11.0+cu128,12.8,2026-08-23T19:20:49.942560+00:00
pytorch_sdpa,ca87722a00ebf585cd788c67949e7c0b32dca788,1,8,1536,64,float32,25,100,80,984.4480156898499,Tesla T4,7.5,2.11.0+cu128,12.8,2026-08-23T19:20:49.942560+00:00
pytorch_sdpa,ca87722a00ebf585cd788c67949e7c0b32dca788,1,8,1536,64,float32,25,100,81,938.3360147476196,Tesla T4,7.5,2.11.0+cu128,12.8,2026-08-23T19:20:49.942560+00:00
pytorch_sdpa,ca87722a00ebf585cd788c67949e7c0b32dca788,1,8,1536,64,float32,25,100,82,1028.4160375595093,Tesla T4,7.5,2.11.0+cu128,12.8,2026-08-23T19:20:49.942560+00:00
pytorch_sdpa,ca87722a00ebf585cd788c67949e7c0b32dca788,1,8,1536,64,float32,25,100,83,1042.4319505691528,Tesla T4,7.5,2.11.0+cu128,12.8,2026-08-23T19:20:49.942560+00:00
pytorch_sdpa,ca87722a00ebf585cd788c67949e7c0b32dca788,1,8,1536,64,float32,25,100,84,1022.9760408401489,Tesla T4,7.5,2.11.0+cu128,12.8,2026-08-23T19:20:49.942560+00:00
pytorch_sdpa,ca87722a00ebf585cd788c67949e7c0b32dca788,1,8,1536,64,float32,25,100,85,1013.983964920044,Tesla T4,7.5,2.11.0+cu128,12.8,2026-08-23T19:20:49.942560+00:00
pytorch_sdpa,ca87722a00ebf585cd788c67949e7c0b32dca788,1,8,1536,64,float32,25,100,86,1047.2320318222046,Tesla T4,7.5,2.11.0+cu128,12.8,2026-08-23T19:20:49.942560+00:00
pytorch_sdpa,ca87722a00ebf585cd788c67949e7c0b32dca788,1,8,1536,64,float32,25,100,87,983.0399751663208,Tesla T4,7.5,2.11.0+cu128,12.8,2026-08-23T19:20:49.942560+00:00
pytorch_sdpa,ca87722a00ebf585cd788c67949e7c0b32dca788,1,8,1536,64,float32,25,100,88,1064.7039413452148,Tesla T4,7.5,2.11.0+cu128,12.8,2026-08-23T19:20:49.942560+00:00
pytorch_sdpa,ca87722a00ebf585cd788c67949e7c0b32dca788,1,8,1536,64,float32,25,100,89,955.839991569519,Tesla T4,7.5,2.11.0+cu128,12.8,2026-08-23T19:20:49.942560+00:00
pytorch_sdpa,ca87722a00ebf585cd788c67949e7c0b32dca788,1,8,1536,64,float32,25,100,90,997.376024723053,Tesla T4,7.5,2.11.0+cu128,12.8,2026-08-23T19:20:49.942560+00:00
pytorch_sdpa,ca87722a00ebf585cd788c67949e7c0b32dca788,1,8,1536,64,float32,25,100,91,974.5280146598816,Tesla T4,7.5,2.11.0+cu128,12.8,2026-08-23T19:20:49.942560+00:00
pytorch_sdpa,ca87722a00ebf585cd788c67949e7c0b32dca788,1,8,1536,64,float32,25,100,92,1055.008053779602,Tesla T4,7.5,2.11.0+cu128,12.8,2026-08-23T19:20:49.942560+00:00
pytorch_sdpa,ca87722a00ebf585cd788c67949e7c0b32dca788,1,8,1536,64,float32,25,100,93,986.4000082015991,Tesla T4,7.5,2.11.0+cu128,12.8,2026-08-23T19:20:49.942560+00:00
pytorch_sdpa,ca87722a00ebf585cd788c67949e7c0b32dca788,1,8,1536,64,float32,25,100,94,993.120014667511,Tesla T4,7.5,2.11.0+cu128,12.8,2026-08-23T19:20:49.942560+00:00
pytorch_sdpa,ca87722a00ebf585cd788c67949e7c0b32dca788,1,8,1536,64,float32,25,100,95,1005.728006362915,Tesla T4,7.5,2.11.0+cu128,12.8,2026-08-23T19:20:49.942560+00:00
pytorch_sdpa,ca87722a00ebf585cd788c67949e7c0b32dca788,1,8,1536,64,float32,25,100,96,982.1760058403015,Tesla T4,7.5,2.11.0+cu128,12.8,2026-08-23T19:20:49.942560+00:00
pytorch_sdpa,ca87722a00ebf585cd788c67949e7c0b32dca788,1,8,1536,64,float32,25,100,97,1011.7119550704956,Tesla T4,7.5,2.11.0+cu128,12.8,2026-08-23T19:20:49.942560+00:00
pytorch_sdpa,ca87722a00ebf585cd788c67949e7c0b32dca788,1,8,1536,64,float32,25,100,98,995.5199956893921,Tesla T4,7.5,2.11.0+cu128,12.8,2026-08-23T19:20:49.942560+00:00
pytorch_sdpa,ca87722a00ebf585cd788c67949e7c0b32dca788,1,8,1536,64,float32,25,100,99,986.0799908638,Tesla T4,7.5,2.11.0+cu128,12.8,2026-08-23T19:20:49.942560+00:00
explicit_pytorch,ca87722a00ebf585cd788c67949e7c0b32dca788,1,8,2048,64,float32,25,100,0,7258.080005645752,Tesla T4,7.5,2.11.0+cu128,12.8,2026-08-23T19:20:50.866900+00:00
explicit_pytorch,ca87722a00ebf585cd788c67949e7c0b32dca788,1,8,2048,64,float32,25,100,1,7161.856174468994,Tesla T4,7.5,2.11.0+cu128,12.8,2026-08-23T19:20:50.866900+00:00
explicit_pytorch,ca87722a00ebf585cd788c67949e7c0b32dca788,1,8,2048,64,float32,25,100,2,7168.000221252441,Tesla T4,7.5,2.11.0+cu128,12.8,2026-08-23T19:20:50.866900+00:00
explicit_pytorch,ca87722a00ebf585cd788c67949e7c0b32dca788,1,8,2048,64,float32,25,100,3,7157.695770263672,Tesla T4,7.5,2.11.0+cu128,12.8,2026-08-23T19:20:50.866900+00:00
explicit_pytorch,ca87722a00ebf585cd788c67949e7c0b32dca788,1,8,2048,64,float32,25,100,4,7126.463890075684,Tesla T4,7.5,2.11.0+cu128,12.8,2026-08-23T19:20:50.866900+00:00
explicit_pytorch,ca87722a00ebf585cd788c67949e7c0b32dca788,1,8,2048,64,float32,25,100,5,7127.552032470703,Tesla T4,7.5,2.11.0+cu128,12.8,2026-08-23T19:20:50.866900+00:00
explicit_pytorch,ca87722a00ebf585cd788c67949e7c0b32dca788,1,8,2048,64,float32,25,100,6,7129.183769226074,Tesla T4,7.5,2.11.0+cu128,12.8,2026-08-23T19:20:50.866900+00:00
explicit_pytorch,ca87722a00ebf585cd788c67949e7c0b32dca788,1,8,2048,64,float32,25,100,7,7099.008083343506,Tesla T4,7.5,2.11.0+cu128,12.8,2026-08-23T19:20:50.866900+00:00
explicit_pytorch,ca87722a00ebf585cd788c67949e7c0b32dca788,1,8,2048,64,float32,25,100,8,7081.823825836182,Tesla T4,7.5,2.11.0+cu128,12.8,2026-08-23T19:20:50.866900+00:00
explicit_pytorch,ca87722a00ebf585cd788c67949e7c0b32dca788,1,8,2048,64,float32,25,100,9,7077.888011932373,Tesla T4,7.5,2.11.0+cu128,12.8,2026-08-23T19:20:50.866900+00:00
explicit_pytorch,ca87722a00ebf585cd788c67949e7c0b32dca788,1,8,2048,64,float32,25,100,10,7074.528217315674,Tesla T4,7.5,2.11.0+cu128,12.8,2026-08-23T19:20:50.866900+00:00
explicit_pytorch,ca87722a00ebf585cd788c67949e7c0b32dca788,1,8,2048,64,float32,25,100,11,7051.263809204102,Tesla T4,7.5,2.11.0+cu128,12.8,2026-08-23T19:20:50.866900+00:00
explicit_pytorch,ca87722a00ebf585cd788c67949e7c0b32dca788,1,8,2048,64,float32,25,100,12,7100.41618347168,Tesla T4,7.5,2.11.0+cu128,12.8,2026-08-23T19:20:50.866900+00:00
explicit_pytorch,ca87722a00ebf585cd788c67949e7c0b32dca788,1,8,2048,64,float32,25,100,13,7079.9360275268555,Tesla T4,7.5,2.11.0+cu128,12.8,2026-08-23T19:20:50.866900+00:00
explicit_pytorch,ca87722a00ebf585cd788c67949e7c0b32dca788,1,8,2048,64,float32,25,100,14,7097.439765930176,Tesla T4,7.5,2.11.0+cu128,12.8,2026-08-23T19:20:50.866900+00:00
explicit_pytorch,ca87722a00ebf585cd788c67949e7c0b32dca788,1,8,2048,64,float32,25,100,15,7096.896171569824,Tesla T4,7.5,2.11.0+cu128,12.8,2026-08-23T19:20:50.866900+00:00
explicit_pytorch,ca87722a00ebf585cd788c67949e7c0b32dca788,1,8,2048,64,float32,25,100,16,7121.920108795166,Tesla T4,7.5,2.11.0+cu128,12.8,2026-08-23T19:20:50.866900+00:00
explicit_pytorch,ca87722a00ebf585cd788c67949e7c0b32dca788,1,8,2048,64,float32,25,100,17,7102.880001068115,Tesla T4,7.5,2.11.0+cu128,12.8,2026-08-23T19:20:50.866900+00:00
explicit_pytorch,ca87722a00ebf585cd788c67949e7c0b32dca788,1,8,2048,64,float32,25,100,18,7107.48815536499,Tesla T4,7.5,2.11.0+cu128,12.8,2026-08-23T19:20:50.866900+00:00
explicit_pytorch,ca87722a00ebf585cd788c67949e7c0b32dca788,1,8,2048,64,float32,25,100,19,7088.064193725586,Tesla T4,7.5,2.11.0+cu128,12.8,2026-08-23T19:20:50.866900+00:00
explicit_pytorch,ca87722a00ebf585cd788c67949e7c0b32dca788,1,8,2048,64,float32,25,100,20,7087.168216705322,Tesla T4,7.5,2.11.0+cu128,12.8,2026-08-23T19:20:50.866900+00:00
explicit_pytorch,ca87722a00ebf585cd788c67949e7c0b32dca788,1,8,2048,64,float32,25,100,21,7095.712184906006,Tesla T4,7.5,2.11.0+cu128,12.8,2026-08-23T19:20:50.866900+00:00
explicit_pytorch,ca87722a00ebf585cd788c67949e7c0b32dca788,1,8,2048,64,float32,25,100,22,7090.591907501221,Tesla T4,7.5,2.11.0+cu128,12.8,2026-08-23T19:20:50.866900+00:00
explicit_pytorch,ca87722a00ebf585cd788c67949e7c0b32dca788,1,8,2048,64,float32,25,100,23,7071.743965148926,Tesla T4,7.5,2.11.0+cu128,12.8,2026-08-23T19:20:50.866900+00:00
explicit_pytorch,ca87722a00ebf585cd788c67949e7c0b32dca788,1,8,2048,64,float32,25,100,24,7106.751918792725,Tesla T4,7.5,2.11.0+cu128,12.8,2026-08-23T19:20:50.866900+00:00
explicit_pytorch,ca87722a00ebf585cd788c67949e7c0b32dca788,1,8,2048,64,float32,25,100,25,7076.096057891846,Tesla T4,7.5,2.11.0+cu128,12.8,2026-08-23T19:20:50.866900+00:00
explicit_pytorch,ca87722a00ebf585cd788c67949e7c0b32dca788,1,8,2048,64,float32,25,100,26,7082.528114318848,Tesla T4,7.5,2.11.0+cu128,12.8,2026-08-23T19:20:50.866900+00:00
explicit_pytorch,ca87722a00ebf585cd788c67949e7c0b32dca788,1,8,2048,64,float32,25,100,27,7073.791980743408,Tesla T4,7.5,2.11.0+cu128,12.8,2026-08-23T19:20:50.866900+00:00
explicit_pytorch,ca87722a00ebf585cd788c67949e7c0b32dca788,1,8,2048,64,float32,25,100,28,7087.520122528076,Tesla T4,7.5,2.11.0+cu128,12.8,2026-08-23T19:20:50.866900+00:00
explicit_pytorch,ca87722a00ebf585cd788c67949e7c0b32dca788,1,8,2048,64,float32,25,100,29,7051.263809204102,Tesla T4,7.5,2.11.0+cu128,12.8,2026-08-23T19:20:50.866900+00:00
explicit_pytorch,ca87722a00ebf585cd788c67949e7c0b32dca788,1,8,2048,64,float32,25,100,30,7059.455871582031,Tesla T4,7.5,2.11.0+cu128,12.8,2026-08-23T19:20:50.866900+00:00
explicit_pytorch,ca87722a00ebf585cd788c67949e7c0b32dca788,1,8,2048,64,float32,25,100,31,7066.944122314453,Tesla T4,7.5,2.11.0+cu128,12.8,2026-08-23T19:20:50.866900+00:00
explicit_pytorch,ca87722a00ebf585cd788c67949e7c0b32dca788,1,8,2048,64,float32,25,100,32,7045.119762420654,Tesla T4,7.5,2.11.0+cu128,12.8,2026-08-23T19:20:50.866900+00:00
explicit_pytorch,ca87722a00ebf585cd788c67949e7c0b32dca788,1,8,2048,64,float32,25,100,33,7075.4241943359375,Tesla T4,7.5,2.11.0+cu128,12.8,2026-08-23T19:20:50.866900+00:00
explicit_pytorch,ca87722a00ebf585cd788c67949e7c0b32dca788,1,8,2048,64,float32,25,100,34,7057.055950164795,Tesla T4,7.5,2.11.0+cu128,12.8,2026-08-23T19:20:50.866900+00:00
explicit_pytorch,ca87722a00ebf585cd788c67949e7c0b32dca788,1,8,2048,64,float32,25,100,35,7067.776203155518,Tesla T4,7.5,2.11.0+cu128,12.8,2026-08-23T19:20:50.866900+00:00
explicit_pytorch,ca87722a00ebf585cd788c67949e7c0b32dca788,1,8,2048,64,float32,25,100,36,7178.048133850098,Tesla T4,7.5,2.11.0+cu128,12.8,2026-08-23T19:20:50.866900+00:00
explicit_pytorch,ca87722a00ebf585cd788c67949e7c0b32dca788,1,8,2048,64,float32,25,100,37,7114.272117614746,Tesla T4,7.5,2.11.0+cu128,12.8,2026-08-23T19:20:50.866900+00:00
explicit_pytorch,ca87722a00ebf585cd788c67949e7c0b32dca788,1,8,2048,64,float32,25,100,38,7118.207931518555,Tesla T4,7.5,2.11.0+cu128,12.8,2026-08-23T19:20:50.866900+00:00
explicit_pytorch,ca87722a00ebf585cd788c67949e7c0b32dca788,1,8,2048,64,float32,25,100,39,7087.488174438477,Tesla T4,7.5,2.11.0+cu128,12.8,2026-08-23T19:20:50.866900+00:00
explicit_pytorch,ca87722a00ebf585cd788c67949e7c0b32dca788,1,8,2048,64,float32,25,100,40,7086.080074310303,Tesla T4,7.5,2.11.0+cu128,12.8,2026-08-23T19:20:50.866900+00:00
explicit_pytorch,ca87722a00ebf585cd788c67949e7c0b32dca788,1,8,2048,64,float32,25,100,41,7075.295925140381,Tesla T4,7.5,2.11.0+cu128,12.8,2026-08-23T19:20:50.866900+00:00
explicit_pytorch,ca87722a00ebf585cd788c67949e7c0b32dca788,1,8,2048,64,float32,25,100,42,7096.096038818359,Tesla T4,7.5,2.11.0+cu128,12.8,2026-08-23T19:20:50.866900+00:00
explicit_pytorch,ca87722a00ebf585cd788c67949e7c0b32dca788,1,8,2048,64,float32,25,100,43,7108.607769012451,Tesla T4,7.5,2.11.0+cu128,12.8,2026-08-23T19:20:50.866900+00:00
explicit_pytorch,ca87722a00ebf585cd788c67949e7c0b32dca788,1,8,2048,64,float32,25,100,44,7113.728046417236,Tesla T4,7.5,2.11.0+cu128,12.8,2026-08-23T19:20:50.866900+00:00
explicit_pytorch,ca87722a00ebf585cd788c67949e7c0b32dca788,1,8,2048,64,float32,25,100,45,7107.872009277344,Tesla T4,7.5,2.11.0+cu128,12.8,2026-08-23T19:20:50.866900+00:00
explicit_pytorch,ca87722a00ebf585cd788c67949e7c0b32dca788,1,8,2048,64,float32,25,100,46,7152.575969696045,Tesla T4,7.5,2.11.0+cu128,12.8,2026-08-23T19:20:50.866900+00:00
explicit_pytorch,ca87722a00ebf585cd788c67949e7c0b32dca788,1,8,2048,64,float32,25,100,47,7084.03205871582,Tesla T4,7.5,2.11.0+cu128,12.8,2026-08-23T19:20:50.866900+00:00
explicit_pytorch,ca87722a00ebf585cd788c67949e7c0b32dca788,1,8,2048,64,float32,25,100,48,7066.112041473389,Tesla T4,7.5,2.11.0+cu128,12.8,2026-08-23T19:20:50.866900+00:00
explicit_pytorch,ca87722a00ebf585cd788c67949e7c0b32dca788,1,8,2048,64,float32,25,100,49,7063.007831573486,Tesla T4,7.5,2.11.0+cu128,12.8,2026-08-23T19:20:50.866900+00:00
explicit_pytorch,ca87722a00ebf585cd788c67949e7c0b32dca788,1,8,2048,64,float32,25,100,50,7052.95991897583,Tesla T4,7.5,2.11.0+cu128,12.8,2026-08-23T19:20:50.866900+00:00
explicit_pytorch,ca87722a00ebf585cd788c67949e7c0b32dca788,1,8,2048,64,float32,25,100,51,7074.624061584473,Tesla T4,7.5,2.11.0+cu128,12.8,2026-08-23T19:20:50.866900+00:00
explicit_pytorch,ca87722a00ebf585cd788c67949e7c0b32dca788,1,8,2048,64,float32,25,100,52,7051.072120666504,Tesla T4,7.5,2.11.0+cu128,12.8,2026-08-23T19:20:50.866900+00:00
explicit_pytorch,ca87722a00ebf585cd788c67949e7c0b32dca788,1,8,2048,64,float32,25,100,53,7077.888011932373,Tesla T4,7.5,2.11.0+cu128,12.8,2026-08-23T19:20:50.866900+00:00
explicit_pytorch,ca87722a00ebf585cd788c67949e7c0b32dca788,1,8,2048,64,float32,25,100,54,7053.311824798584,Tesla T4,7.5,2.11.0+cu128,12.8,2026-08-23T19:20:50.866900+00:00
explicit_pytorch,ca87722a00ebf585cd788c67949e7c0b32dca788,1,8,2048,64,float32,25,100,55,7079.9360275268555,Tesla T4,7.5,2.11.0+cu128,12.8,2026-08-23T19:20:50.866900+00:00
explicit_pytorch,ca87722a00ebf585cd788c67949e7c0b32dca788,1,8,2048,64,float32,25,100,56,7080.287933349609,Tesla T4,7.5,2.11.0+cu128,12.8,2026-08-23T19:20:50.866900+00:00
explicit_pytorch,ca87722a00ebf585cd788c67949e7c0b32dca788,1,8,2048,64,float32,25,100,57,7112.703800201416,Tesla T4,7.5,2.11.0+cu128,12.8,2026-08-23T19:20:50.866900+00:00
explicit_pytorch,ca87722a00ebf585cd788c67949e7c0b32dca788,1,8,2048,64,float32,25,100,58,7116.799831390381,Tesla T4,7.5,2.11.0+cu128,12.8,2026-08-23T19:20:50.866900+00:00
explicit_pytorch,ca87722a00ebf585cd788c67949e7c0b32dca788,1,8,2048,64,float32,25,100,59,7147.744178771973,Tesla T4,7.5,2.11.0+cu128,12.8,2026-08-23T19:20:50.866900+00:00
explicit_pytorch,ca87722a00ebf585cd788c67949e7c0b32dca788,1,8,2048,64,float32,25,100,60,7143.807888031006,Tesla T4,7.5,2.11.0+cu128,12.8,2026-08-23T19:20:50.866900+00:00
explicit_pytorch,ca87722a00ebf585cd788c67949e7c0b32dca788,1,8,2048,64,float32,25,100,61,7143.424034118652,Tesla T4,7.5,2.11.0+cu128,12.8,2026-08-23T19:20:50.866900+00:00
explicit_pytorch,ca87722a00ebf585cd788c67949e7c0b32dca788,1,8,2048,64,float32,25,100,62,7120.8319664001465,Tesla T4,7.5,2.11.0+cu128,12.8,2026-08-23T19:20:50.866900+00:00
explicit_pytorch,ca87722a00ebf585cd788c67949e7c0b32dca788,1,8,2048,64,float32,25,100,63,7157.887935638428,Tesla T4,7.5,2.11.0+cu128,12.8,2026-08-23T19:20:50.866900+00:00
explicit_pytorch,ca87722a00ebf585cd788c67949e7c0b32dca788,1,8,2048,64,float32,25,100,64,7117.40779876709,Tesla T4,7.5,2.11.0+cu128,12.8,2026-08-23T19:20:50.866900+00:00
explicit_pytorch,ca87722a00ebf585cd788c67949e7c0b32dca788,1,8,2048,64,float32,25,100,65,7100.41618347168,Tesla T4,7.5,2.11.0+cu128,12.8,2026-08-23T19:20:50.866900+00:00
explicit_pytorch,ca87722a00ebf585cd788c67949e7c0b32dca788,1,8,2048,64,float32,25,100,66,7113.088130950928,Tesla T4,7.5,2.11.0+cu128,12.8,2026-08-23T19:20:50.866900+00:00
explicit_pytorch,ca87722a00ebf585cd788c67949e7c0b32dca788,1,8,2048,64,float32,25,100,67,7084.03205871582,Tesla T4,7.5,2.11.0+cu128,12.8,2026-08-23T19:20:50.866900+00:00
explicit_pytorch,ca87722a00ebf585cd788c67949e7c0b32dca788,1,8,2048,64,float32,25,100,68,7067.679882049561,Tesla T4,7.5,2.11.0+cu128,12.8,2026-08-23T19:20:50.866900+00:00
explicit_pytorch,ca87722a00ebf585cd788c67949e7c0b32dca788,1,8,2048,64,float32,25,100,69,7071.936130523682,Tesla T4,7.5,2.11.0+cu128,12.8,2026-08-23T19:20:50.866900+00:00
explicit_pytorch,ca87722a00ebf585cd788c67949e7c0b32dca788,1,8,2048,64,float32,25,100,70,7065.5999183654785,Tesla T4,7.5,2.11.0+cu128,12.8,2026-08-23T19:20:50.866900+00:00
explicit_pytorch,ca87722a00ebf585cd788c67949e7c0b32dca788,1,8,2048,64,float32,25,100,71,7071.775913238525,Tesla T4,7.5,2.11.0+cu128,12.8,2026-08-23T19:20:50.866900+00:00
explicit_pytorch,ca87722a00ebf585cd788c67949e7c0b32dca788,1,8,2048,64,float32,25,100,72,7080.160140991211,Tesla T4,7.5,2.11.0+cu128,12.8,2026-08-23T19:20:50.866900+00:00
explicit_pytorch,ca87722a00ebf585cd788c67949e7c0b32dca788,1,8,2048,64,float32,25,100,73,7092.0000076293945,Tesla T4,7.5,2.11.0+cu128,12.8,2026-08-23T19:20:50.866900+00:00
explicit_pytorch,ca87722a00ebf585cd788c67949e7c0b32dca788,1,8,2048,64,float32,25,100,74,7093.984127044678,Tesla T4,7.5,2.11.0+cu128,12.8,2026-08-23T19:20:50.866900+00:00
explicit_pytorch,ca87722a00ebf585cd788c67949e7c0b32dca788,1,8,2048,64,float32,25,100,75,7092.671871185303,Tesla T4,7.5,2.11.0+cu128,12.8,2026-08-23T19:20:50.866900+00:00
explicit_pytorch,ca87722a00ebf585cd788c67949e7c0b32dca788,1,8,2048,64,float32,25,100,76,7118.624210357666,Tesla T4,7.5,2.11.0+cu128,12.8,2026-08-23T19:20:50.866900+00:00
explicit_pytorch,ca87722a00ebf585cd788c67949e7c0b32dca788,1,8,2048,64,float32,25,100,77,7098.495960235596,Tesla T4,7.5,2.11.0+cu128,12.8,2026-08-23T19:20:50.866900+00:00
explicit_pytorch,ca87722a00ebf585cd788c67949e7c0b32dca788,1,8,2048,64,float32,25,100,78,7104.735851287842,Tesla T4,7.5,2.11.0+cu128,12.8,2026-08-23T19:20:50.866900+00:00
explicit_pytorch,ca87722a00ebf585cd788c67949e7c0b32dca788,1,8,2048,64,float32,25,100,79,7115.13614654541,Tesla T4,7.5,2.11.0+cu128,12.8,2026-08-23T19:20:50.866900+00:00
explicit_pytorch,ca87722a00ebf585cd788c67949e7c0b32dca788,1,8,2048,64,float32,25,100,80,7095.871925354004,Tesla T4,7.5,2.11.0+cu128,12.8,2026-08-23T19:20:50.866900+00:00
explicit_pytorch,ca87722a00ebf585cd788c67949e7c0b32dca788,1,8,2048,64,float32,25,100,81,7122.27201461792,Tesla T4,7.5,2.11.0+cu128,12.8,2026-08-23T19:20:50.866900+00:00
explicit_pytorch,ca87722a00ebf585cd788c67949e7c0b32dca788,1,8,2048,64,float32,25,100,82,7096.320152282715,Tesla T4,7.5,2.11.0+cu128,12.8,2026-08-23T19:20:50.866900+00:00
explicit_pytorch,ca87722a00ebf585cd788c67949e7c0b32dca788,1,8,2048,64,float32,25,100,83,7089.888095855713,Tesla T4,7.5,2.11.0+cu128,12.8,2026-08-23T19:20:50.866900+00:00
explicit_pytorch,ca87722a00ebf585cd788c67949e7c0b32dca788,1,8,2048,64,float32,25,100,84,7111.2961769104,Tesla T4,7.5,2.11.0+cu128,12.8,2026-08-23T19:20:50.866900+00:00
explicit_pytorch,ca87722a00ebf585cd788c67949e7c0b32dca788,1,8,2048,64,float32,25,100,85,7052.544116973877,Tesla T4,7.5,2.11.0+cu128,12.8,2026-08-23T19:20:50.866900+00:00
explicit_pytorch,ca87722a00ebf585cd788c67949e7c0b32dca788,1,8,2048,64,float32,25,100,86,7086.080074310303,Tesla T4,7.5,2.11.0+cu128,12.8,2026-08-23T19:20:50.866900+00:00
explicit_pytorch,ca87722a00ebf585cd788c67949e7c0b32dca788,1,8,2048,64,float32,25,100,87,7089.536190032959,Tesla T4,7.5,2.11.0+cu128,12.8,2026-08-23T19:20:50.866900+00:00
explicit_pytorch,ca87722a00ebf585cd788c67949e7c0b32dca788,1,8,2048,64,float32,25,100,88,7073.728084564209,Tesla T4,7.5,2.11.0+cu128,12.8,2026-08-23T19:20:50.866900+00:00
explicit_pytorch,ca87722a00ebf585cd788c67949e7c0b32dca788,1,8,2048,64,float32,25,100,89,7074.079990386963,Tesla T4,7.5,2.11.0+cu128,12.8,2026-08-23T19:20:50.866900+00:00
explicit_pytorch,ca87722a00ebf585cd788c67949e7c0b32dca788,1,8,2048,64,float32,25,100,90,7039.423942565918,Tesla T4,7.5,2.11.0+cu128,12.8,2026-08-23T19:20:50.866900+00:00
explicit_pytorch,ca87722a00ebf585cd788c67949e7c0b32dca788,1,8,2048,64,float32,25,100,91,7049.088001251221,Tesla T4,7.5,2.11.0+cu128,12.8,2026-08-23T19:20:50.866900+00:00
explicit_pytorch,ca87722a00ebf585cd788c67949e7c0b32dca788,1,8,2048,64,float32,25,100,92,7079.6799659729,Tesla T4,7.5,2.11.0+cu128,12.8,2026-08-23T19:20:50.866900+00:00
explicit_pytorch,ca87722a00ebf585cd788c67949e7c0b32dca788,1,8,2048,64,float32,25,100,93,7106.783866882324,Tesla T4,7.5,2.11.0+cu128,12.8,2026-08-23T19:20:50.866900+00:00
explicit_pytorch,ca87722a00ebf585cd788c67949e7c0b32dca788,1,8,2048,64,float32,25,100,94,7106.207847595215,Tesla T4,7.5,2.11.0+cu128,12.8,2026-08-23T19:20:50.866900+00:00
explicit_pytorch,ca87722a00ebf585cd788c67949e7c0b32dca788,1,8,2048,64,float32,25,100,95,7074.912071228027,Tesla T4,7.5,2.11.0+cu128,12.8,2026-08-23T19:20:50.866900+00:00
explicit_pytorch,ca87722a00ebf585cd788c67949e7c0b32dca788,1,8,2048,64,float32,25,100,96,7145.69616317749,Tesla T4,7.5,2.11.0+cu128,12.8,2026-08-23T19:20:50.866900+00:00
explicit_pytorch,ca87722a00ebf585cd788c67949e7c0b32dca788,1,8,2048,64,float32,25,100,97,7106.527805328369,Tesla T4,7.5,2.11.0+cu128,12.8,2026-08-23T19:20:50.866900+00:00
explicit_pytorch,ca87722a00ebf585cd788c67949e7c0b32dca788,1,8,2048,64,float32,25,100,98,7067.647933959961,Tesla T4,7.5,2.11.0+cu128,12.8,2026-08-23T19:20:50.866900+00:00
explicit_pytorch,ca87722a00ebf585cd788c67949e7c0b32dca788,1,8,2048,64,float32,25,100,99,7075.839996337891,Tesla T4,7.5,2.11.0+cu128,12.8,2026-08-23T19:20:50.866900+00:00
custom_softmax_attention,ca87722a00ebf585cd788c67949e7c0b32dca788,1,8,2048,64,float32,25,100,0,4440.735816955566,Tesla T4,7.5,2.11.0+cu128,12.8,2026-08-23T19:20:51.391247+00:00
custom_softmax_attention,ca87722a00ebf585cd788c67949e7c0b32dca788,1,8,2048,64,float32,25,100,1,4366.367816925049,Tesla T4,7.5,2.11.0+cu128,12.8,2026-08-23T19:20:51.391247+00:00
custom_softmax_attention,ca87722a00ebf585cd788c67949e7c0b32dca788,1,8,2048,64,float32,25,100,2,4339.712142944336,Tesla T4,7.5,2.11.0+cu128,12.8,2026-08-23T19:20:51.391247+00:00
custom_softmax_attention,ca87722a00ebf585cd788c67949e7c0b32dca788,1,8,2048,64,float32,25,100,3,4290.175914764404,Tesla T4,7.5,2.11.0+cu128,12.8,2026-08-23T19:20:51.391247+00:00
custom_softmax_attention,ca87722a00ebf585cd788c67949e7c0b32dca788,1,8,2048,64,float32,25,100,4,4292.511940002441,Tesla T4,7.5,2.11.0+cu128,12.8,2026-08-23T19:20:51.391247+00:00
custom_softmax_attention,ca87722a00ebf585cd788c67949e7c0b32dca788,1,8,2048,64,float32,25,100,5,4316.703796386719,Tesla T4,7.5,2.11.0+cu128,12.8,2026-08-23T19:20:51.391247+00:00
custom_softmax_attention,ca87722a00ebf585cd788c67949e7c0b32dca788,1,8,2048,64,float32,25,100,6,4309.023857116699,Tesla T4,7.5,2.11.0+cu128,12.8,2026-08-23T19:20:51.391247+00:00
custom_softmax_attention,ca87722a00ebf585cd788c67949e7c0b32dca788,1,8,2048,64,float32,25,100,7,4261.824131011963,Tesla T4,7.5,2.11.0+cu128,12.8,2026-08-23T19:20:51.391247+00:00
custom_softmax_attention,ca87722a00ebf585cd788c67949e7c0b32dca788,1,8,2048,64,float32,25,100,8,4235.29577255249,Tesla T4,7.5,2.11.0+cu128,12.8,2026-08-23T19:20:51.391247+00:00
custom_softmax_attention,ca87722a00ebf585cd788c67949e7c0b32dca788,1,8,2048,64,float32,25,100,9,4247.007846832275,Tesla T4,7.5,2.11.0+cu128,12.8,2026-08-23T19:20:51.391247+00:00
custom_softmax_attention,ca87722a00ebf585cd788c67949e7c0b32dca788,1,8,2048,64,float32,25,100,10,4243.423938751221,Tesla T4,7.5,2.11.0+cu128,12.8,2026-08-23T19:20:51.391247+00:00
custom_softmax_attention,ca87722a00ebf585cd788c67949e7c0b32dca788,1,8,2048,64,float32,25,100,11,4235.4559898376465,Tesla T4,7.5,2.11.0+cu128,12.8,2026-08-23T19:20:51.391247+00:00
custom_softmax_attention,ca87722a00ebf585cd788c67949e7c0b32dca788,1,8,2048,64,float32,25,100,12,4236.288070678711,Tesla T4,7.5,2.11.0+cu128,12.8,2026-08-23T19:20:51.391247+00:00
custom_softmax_attention,ca87722a00ebf585cd788c67949e7c0b32dca788,1,8,2048,64,float32,25,100,13,4261.888027191162,Tesla T4,7.5,2.11.0+cu128,12.8,2026-08-23T19:20:51.391247+00:00
custom_softmax_attention,ca87722a00ebf585cd788c67949e7c0b32dca788,1,8,2048,64,float32,25,100,14,4254.176139831543,Tesla T4,7.5,2.11.0+cu128,12.8,2026-08-23T19:20:51.391247+00:00
custom_softmax_attention,ca87722a00ebf585cd788c67949e7c0b32dca788,1,8,2048,64,float32,25,100,15,4271.8400955200195,Tesla T4,7.5,2.11.0+cu128,12.8,2026-08-23T19:20:51.391247+00:00
custom_softmax_attention,ca87722a00ebf585cd788c67949e7c0b32dca788,1,8,2048,64,float32,25,100,16,4218.880176544189,Tesla T4,7.5,2.11.0+cu128,12.8,2026-08-23T19:20:51.391247+00:00
custom_softmax_attention,ca87722a00ebf585cd788c67949e7c0b32dca788,1,8,2048,64,float32,25,100,17,4187.615871429443,Tesla T4,7.5,2.11.0+cu128,12.8,2026-08-23T19:20:51.391247+00:00
custom_softmax_attention,ca87722a00ebf585cd788c67949e7c0b32dca788,1,8,2048,64,float32,25,100,18,4194.1118240356445,Tesla T4,7.5,2.11.0+cu128,12.8,2026-08-23T19:20:51.391247+00:00
custom_softmax_attention,ca87722a00ebf585cd788c67949e7c0b32dca788,1,8,2048,64,float32,25,100,19,4195.456027984619,Tesla T4,7.5,2.11.0+cu128,12.8,2026-08-23T19:20:51.391247+00:00
custom_softmax_attention,ca87722a00ebf585cd788c67949e7c0b32dca788,1,8,2048,64,float32,25,100,20,4192.255973815918,Tesla T4,7.5,2.11.0+cu128,12.8,2026-08-23T19:20:51.391247+00:00
custom_softmax_attention,ca87722a00ebf585cd788c67949e7c0b32dca788,1,8,2048,64,float32,25,100,21,4251.4238357543945,Tesla T4,7.5,2.11.0+cu128,12.8,2026-08-23T19:20:51.391247+00:00
custom_softmax_attention,ca87722a00ebf585cd788c67949e7c0b32dca788,1,8,2048,64,float32,25,100,22,4244.063854217529,Tesla T4,7.5,2.11.0+cu128,12.8,2026-08-23T19:20:51.391247+00:00
custom_softmax_attention,ca87722a00ebf585cd788c67949e7c0b32dca788,1,8,2048,64,float32,25,100,23,4243.423938751221,Tesla T4,7.5,2.11.0+cu128,12.8,2026-08-23T19:20:51.391247+00:00
custom_softmax_attention,ca87722a00ebf585cd788c67949e7c0b32dca788,1,8,2048,64,float32,25,100,24,4253.9520263671875,Tesla T4,7.5,2.11.0+cu128,12.8,2026-08-23T19:20:51.391247+00:00
custom_softmax_attention,ca87722a00ebf585cd788c67949e7c0b32dca788,1,8,2048,64,float32,25,100,25,4236.959934234619,Tesla T4,7.5,2.11.0+cu128,12.8,2026-08-23T19:20:51.391247+00:00
custom_softmax_attention,ca87722a00ebf585cd788c67949e7c0b32dca788,1,8,2048,64,float32,25,100,26,4194.208145141602,Tesla T4,7.5,2.11.0+cu128,12.8,2026-08-23T19:20:51.391247+00:00
custom_softmax_attention,ca87722a00ebf585cd788c67949e7c0b32dca788,1,8,2048,64,float32,25,100,27,4187.679767608643,Tesla T4,7.5,2.11.0+cu128,12.8,2026-08-23T19:20:51.391247+00:00
custom_softmax_attention,ca87722a00ebf585cd788c67949e7c0b32dca788,1,8,2048,64,float32,25,100,28,4177.855968475342,Tesla T4,7.5,2.11.0+cu128,12.8,2026-08-23T19:20:51.391247+00:00
custom_softmax_attention,ca87722a00ebf585cd788c67949e7c0b32dca788,1,8,2048,64,float32,25,100,29,4206.367969512939,Tesla T4,7.5,2.11.0+cu128,12.8,2026-08-23T19:20:51.391247+00:00
custom_softmax_attention,ca87722a00ebf585cd788c67949e7c0b32dca788,1,8,2048,64,float32,25,100,30,4145.1520919799805,Tesla T4,7.5,2.11.0+cu128,12.8,2026-08-23T19:20:51.391247+00:00
custom_softmax_attention,ca87722a00ebf585cd788c67949e7c0b32dca788,1,8,2048,64,float32,25,100,31,4113.664150238037,Tesla T4,7.5,2.11.0+cu128,12.8,2026-08-23T19:20:51.391247+00:00
custom_softmax_attention,ca87722a00ebf585cd788c67949e7c0b32dca788,1,8,2048,64,float32,25,100,32,4093.440055847168,Tesla T4,7.5,2.11.0+cu128,12.8,2026-08-23T19:20:51.391247+00:00
custom_softmax_attention,ca87722a00ebf585cd788c67949e7c0b32dca788,1,8,2048,64,float32,25,100,33,4120.512008666992,Tesla T4,7.5,2.11.0+cu128,12.8,2026-08-23T19:20:51.391247+00:00
custom_softmax_attention,ca87722a00ebf585cd788c67949e7c0b32dca788,1,8,2048,64,float32,25,100,34,4083.7440490722656,Tesla T4,7.5,2.11.0+cu128,12.8,2026-08-23T19:20:51.391247+00:00
custom_softmax_attention,ca87722a00ebf585cd788c67949e7c0b32dca788,1,8,2048,64,float32,25,100,35,4109.407901763916,Tesla T4,7.5,2.11.0+cu128,12.8,2026-08-23T19:20:51.391247+00:00
custom_softmax_attention,ca87722a00ebf585cd788c67949e7c0b32dca788,1,8,2048,64,float32,25,100,36,4179.967880249023,Tesla T4,7.5,2.11.0+cu128,12.8,2026-08-23T19:20:51.391247+00:00
custom_softmax_attention,ca87722a00ebf585cd788c67949e7c0b32dca788,1,8,2048,64,float32,25,100,37,4149.3120193481445,Tesla T4,7.5,2.11.0+cu128,12.8,2026-08-23T19:20:51.391247+00:00
custom_softmax_attention,ca87722a00ebf585cd788c67949e7c0b32dca788,1,8,2048,64,float32,25,100,38,4151.296138763428,Tesla T4,7.5,2.11.0+cu128,12.8,2026-08-23T19:20:51.391247+00:00
custom_softmax_attention,ca87722a00ebf585cd788c67949e7c0b32dca788,1,8,2048,64,float32,25,100,39,4140.704154968262,Tesla T4,7.5,2.11.0+cu128,12.8,2026-08-23T19:20:51.391247+00:00
custom_softmax_attention,ca87722a00ebf585cd788c67949e7c0b32dca788,1,8,2048,64,float32,25,100,40,4196.352005004883,Tesla T4,7.5,2.11.0+cu128,12.8,2026-08-23T19:20:51.391247+00:00
custom_softmax_attention,ca87722a00ebf585cd788c67949e7c0b32dca788,1,8,2048,64,float32,25,100,41,4215.007781982422,Tesla T4,7.5,2.11.0+cu128,12.8,2026-08-23T19:20:51.391247+00:00
custom_softmax_attention,ca87722a00ebf585cd788c67949e7c0b32dca788,1,8,2048,64,float32,25,100,42,4199.520111083984,Tesla T4,7.5,2.11.0+cu128,12.8,2026-08-23T19:20:51.391247+00:00
custom_softmax_attention,ca87722a00ebf585cd788c67949e7c0b32dca788,1,8,2048,64,float32,25,100,43,4214.784145355225,Tesla T4,7.5,2.11.0+cu128,12.8,2026-08-23T19:20:51.391247+00:00
custom_softmax_attention,ca87722a00ebf585cd788c67949e7c0b32dca788,1,8,2048,64,float32,25,100,44,4202.52799987793,Tesla T4,7.5,2.11.0+cu128,12.8,2026-08-23T19:20:51.391247+00:00
custom_softmax_attention,ca87722a00ebf585cd788c67949e7c0b32dca788,1,8,2048,64,float32,25,100,45,4229.184150695801,Tesla T4,7.5,2.11.0+cu128,12.8,2026-08-23T19:20:51.391247+00:00
custom_softmax_attention,ca87722a00ebf585cd788c67949e7c0b32dca788,1,8,2048,64,float32,25,100,46,4259.136199951172,Tesla T4,7.5,2.11.0+cu128,12.8,2026-08-23T19:20:51.391247+00:00
custom_softmax_attention,ca87722a00ebf585cd788c67949e7c0b32dca788,1,8,2048,64,float32,25,100,47,4247.615814208984,Tesla T4,7.5,2.11.0+cu128,12.8,2026-08-23T19:20:51.391247+00:00
custom_softmax_attention,ca87722a00ebf585cd788c67949e7c0b32dca788,1,8,2048,64,float32,25,100,48,4262.303829193115,Tesla T4,7.5,2.11.0+cu128,12.8,2026-08-23T19:20:51.391247+00:00
custom_softmax_attention,ca87722a00ebf585cd788c67949e7c0b32dca788,1,8,2048,64,float32,25,100,49,4262.720108032227,Tesla T4,7.5,2.11.0+cu128,12.8,2026-08-23T19:20:51.391247+00:00
custom_softmax_attention,ca87722a00ebf585cd788c67949e7c0b32dca788,1,8,2048,64,float32,25,100,50,4189.280033111572,Tesla T4,7.5,2.11.0+cu128,12.8,2026-08-23T19:20:51.391247+00:00
custom_softmax_attention,ca87722a00ebf585cd788c67949e7c0b32dca788,1,8,2048,64,float32,25,100,51,4208.799839019775,Tesla T4,7.5,2.11.0+cu128,12.8,2026-08-23T19:20:51.391247+00:00
custom_softmax_attention,ca87722a00ebf585cd788c67949e7c0b32dca788,1,8,2048,64,float32,25,100,52,4199.20015335083,Tesla T4,7.5,2.11.0+cu128,12.8,2026-08-23T19:20:51.391247+00:00
custom_softmax_attention,ca87722a00ebf585cd788c67949e7c0b32dca788,1,8,2048,64,float32,25,100,53,4192.255973815918,Tesla T4,7.5,2.11.0+cu128,12.8,2026-08-23T19:20:51.391247+00:00
custom_softmax_attention,ca87722a00ebf585cd788c67949e7c0b32dca788,1,8,2048,64,float32,25,100,54,4188.159942626953,Tesla T4,7.5,2.11.0+cu128,12.8,2026-08-23T19:20:51.391247+00:00
custom_softmax_attention,ca87722a00ebf585cd788c67949e7c0b32dca788,1,8,2048,64,float32,25,100,55,4192.0318603515625,Tesla T4,7.5,2.11.0+cu128,12.8,2026-08-23T19:20:51.391247+00:00
custom_softmax_attention,ca87722a00ebf585cd788c67949e7c0b32dca788,1,8,2048,64,float32,25,100,56,4190.624237060547,Tesla T4,7.5,2.11.0+cu128,12.8,2026-08-23T19:20:51.391247+00:00
custom_softmax_attention,ca87722a00ebf585cd788c67949e7c0b32dca788,1,8,2048,64,float32,25,100,57,4205.7600021362305,Tesla T4,7.5,2.11.0+cu128,12.8,2026-08-23T19:20:51.391247+00:00
custom_softmax_attention,ca87722a00ebf585cd788c67949e7c0b32dca788,1,8,2048,64,float32,25,100,58,4192.671775817871,Tesla T4,7.5,2.11.0+cu128,12.8,2026-08-23T19:20:51.391247+00:00
custom_softmax_attention,ca87722a00ebf585cd788c67949e7c0b32dca788,1,8,2048,64,float32,25,100,59,4229.087829589844,Tesla T4,7.5,2.11.0+cu128,12.8,2026-08-23T19:20:51.391247+00:00
custom_softmax_attention,ca87722a00ebf585cd788c67949e7c0b32dca788,1,8,2048,64,float32,25,100,60,4212.736129760742,Tesla T4,7.5,2.11.0+cu128,12.8,2026-08-23T19:20:51.391247+00:00
custom_softmax_attention,ca87722a00ebf585cd788c67949e7c0b32dca788,1,8,2048,64,float32,25,100,61,4190.49596786499,Tesla T4,7.5,2.11.0+cu128,12.8,2026-08-23T19:20:51.391247+00:00
custom_softmax_attention,ca87722a00ebf585cd788c67949e7c0b32dca788,1,8,2048,64,float32,25,100,62,4218.400001525879,Tesla T4,7.5,2.11.0+cu128,12.8,2026-08-23T19:20:51.391247+00:00
custom_softmax_attention,ca87722a00ebf585cd788c67949e7c0b32dca788,1,8,2048,64,float32,25,100,63,4196.383953094482,Tesla T4,7.5,2.11.0+cu128,12.8,2026-08-23T19:20:51.391247+00:00
custom_softmax_attention,ca87722a00ebf585cd788c67949e7c0b32dca788,1,8,2048,64,float32,25,100,64,4202.047824859619,Tesla T4,7.5,2.11.0+cu128,12.8,2026-08-23T19:20:51.391247+00:00
custom_softmax_attention,ca87722a00ebf585cd788c67949e7c0b32dca788,1,8,2048,64,float32,25,100,65,4241.695880889893,Tesla T4,7.5,2.11.0+cu128,12.8,2026-08-23T19:20:51.391247+00:00
custom_softmax_attention,ca87722a00ebf585cd788c67949e7c0b32dca788,1,8,2048,64,float32,25,100,66,4276.224136352539,Tesla T4,7.5,2.11.0+cu128,12.8,2026-08-23T19:20:51.391247+00:00
custom_softmax_attention,ca87722a00ebf585cd788c67949e7c0b32dca788,1,8,2048,64,float32,25,100,67,4217.696189880371,Tesla T4,7.5,2.11.0+cu128,12.8,2026-08-23T19:20:51.391247+00:00
custom_softmax_attention,ca87722a00ebf585cd788c67949e7c0b32dca788,1,8,2048,64,float32,25,100,68,4198.336124420166,Tesla T4,7.5,2.11.0+cu128,12.8,2026-08-23T19:20:51.391247+00:00
custom_softmax_attention,ca87722a00ebf585cd788c67949e7c0b32dca788,1,8,2048,64,float32,25,100,69,4167.679786682129,Tesla T4,7.5,2.11.0+cu128,12.8,2026-08-23T19:20:51.391247+00:00
custom_softmax_attention,ca87722a00ebf585cd788c67949e7c0b32dca788,1,8,2048,64,float32,25,100,70,4164.83211517334,Tesla T4,7.5,2.11.0+cu128,12.8,2026-08-23T19:20:51.391247+00:00
custom_softmax_attention,ca87722a00ebf585cd788c67949e7c0b32dca788,1,8,2048,64,float32,25,100,71,4147.2320556640625,Tesla T4,7.5,2.11.0+cu128,12.8,2026-08-23T19:20:51.391247+00:00
custom_softmax_attention,ca87722a00ebf585cd788c67949e7c0b32dca788,1,8,2048,64,float32,25,100,72,4167.679786682129,Tesla T4,7.5,2.11.0+cu128,12.8,2026-08-23T19:20:51.391247+00:00
custom_softmax_attention,ca87722a00ebf585cd788c67949e7c0b32dca788,1,8,2048,64,float32,25,100,73,4153.247833251953,Tesla T4,7.5,2.11.0+cu128,12.8,2026-08-23T19:20:51.391247+00:00
custom_softmax_attention,ca87722a00ebf585cd788c67949e7c0b32dca788,1,8,2048,64,float32,25,100,74,4138.976097106934,Tesla T4,7.5,2.11.0+cu128,12.8,2026-08-23T19:20:51.391247+00:00
custom_softmax_attention,ca87722a00ebf585cd788c67949e7c0b32dca788,1,8,2048,64,float32,25,100,75,4162.240028381348,Tesla T4,7.5,2.11.0+cu128,12.8,2026-08-23T19:20:51.391247+00:00
custom_softmax_attention,ca87722a00ebf585cd788c67949e7c0b32dca788,1,8,2048,64,float32,25,100,76,4151.296138763428,Tesla T4,7.5,2.11.0+cu128,12.8,2026-08-23T19:20:51.391247+00:00
custom_softmax_attention,ca87722a00ebf585cd788c67949e7c0b32dca788,1,8,2048,64,float32,25,100,77,4143.807888031006,Tesla T4,7.5,2.11.0+cu128,12.8,2026-08-23T19:20:51.391247+00:00
custom_softmax_attention,ca87722a00ebf585cd788c67949e7c0b32dca788,1,8,2048,64,float32,25,100,78,4140.128135681152,Tesla T4,7.5,2.11.0+cu128,12.8,2026-08-23T19:20:51.391247+00:00
custom_softmax_attention,ca87722a00ebf585cd788c67949e7c0b32dca788,1,8,2048,64,float32,25,100,79,4139.008045196533,Tesla T4,7.5,2.11.0+cu128,12.8,2026-08-23T19:20:51.391247+00:00
custom_softmax_attention,ca87722a00ebf585cd788c67949e7c0b32dca788,1,8,2048,64,float32,25,100,80,4167.679786682129,Tesla T4,7.5,2.11.0+cu128,12.8,2026-08-23T19:20:51.391247+00:00
custom_softmax_attention,ca87722a00ebf585cd788c67949e7c0b32dca788,1,8,2048,64,float32,25,100,81,4177.919864654541,Tesla T4,7.5,2.11.0+cu128,12.8,2026-08-23T19:20:51.391247+00:00
custom_softmax_attention,ca87722a00ebf585cd788c67949e7c0b32dca788,1,8,2048,64,float32,25,100,82,4154.272079467773,Tesla T4,7.5,2.11.0+cu128,12.8,2026-08-23T19:20:51.391247+00:00
custom_softmax_attention,ca87722a00ebf585cd788c67949e7c0b32dca788,1,8,2048,64,float32,25,100,83,4100.575923919678,Tesla T4,7.5,2.11.0+cu128,12.8,2026-08-23T19:20:51.391247+00:00
custom_softmax_attention,ca87722a00ebf585cd788c67949e7c0b32dca788,1,8,2048,64,float32,25,100,84,4129.183769226074,Tesla T4,7.5,2.11.0+cu128,12.8,2026-08-23T19:20:51.391247+00:00
custom_softmax_attention,ca87722a00ebf585cd788c67949e7c0b32dca788,1,8,2048,64,float32,25,100,85,4122.687816619873,Tesla T4,7.5,2.11.0+cu128,12.8,2026-08-23T19:20:51.391247+00:00
custom_softmax_attention,ca87722a00ebf585cd788c67949e7c0b32dca788,1,8,2048,64,float32,25,100,86,4113.952159881592,Tesla T4,7.5,2.11.0+cu128,12.8,2026-08-23T19:20:51.391247+00:00
custom_softmax_attention,ca87722a00ebf585cd788c67949e7c0b32dca788,1,8,2048,64,float32,25,100,87,4118.3037757873535,Tesla T4,7.5,2.11.0+cu128,12.8,2026-08-23T19:20:51.391247+00:00
custom_softmax_attention,ca87722a00ebf585cd788c67949e7c0b32dca788,1,8,2048,64,float32,25,100,88,4202.52799987793,Tesla T4,7.5,2.11.0+cu128,12.8,2026-08-23T19:20:51.391247+00:00
custom_softmax_attention,ca87722a00ebf585cd788c67949e7c0b32dca788,1,8,2048,64,float32,25,100,89,4255.775928497314,Tesla T4,7.5,2.11.0+cu128,12.8,2026-08-23T19:20:51.391247+00:00
custom_softmax_attention,ca87722a00ebf585cd788c67949e7c0b32dca788,1,8,2048,64,float32,25,100,90,4258.75186920166,Tesla T4,7.5,2.11.0+cu128,12.8,2026-08-23T19:20:51.391247+00:00
custom_softmax_attention,ca87722a00ebf585cd788c67949e7c0b32dca788,1,8,2048,64,float32,25,100,91,4266.655921936035,Tesla T4,7.5,2.11.0+cu128,12.8,2026-08-23T19:20:51.391247+00:00
custom_softmax_attention,ca87722a00ebf585cd788c67949e7c0b32dca788,1,8,2048,64,float32,25,100,92,4225.024223327637,Tesla T4,7.5,2.11.0+cu128,12.8,2026-08-23T19:20:51.391247+00:00
custom_softmax_attention,ca87722a00ebf585cd788c67949e7c0b32dca788,1,8,2048,64,float32,25,100,93,4200.0322341918945,Tesla T4,7.5,2.11.0+cu128,12.8,2026-08-23T19:20:51.391247+00:00
custom_softmax_attention,ca87722a00ebf585cd788c67949e7c0b32dca788,1,8,2048,64,float32,25,100,94,4190.944194793701,Tesla T4,7.5,2.11.0+cu128,12.8,2026-08-23T19:20:51.391247+00:00
custom_softmax_attention,ca87722a00ebf585cd788c67949e7c0b32dca788,1,8,2048,64,float32,25,100,95,4222.784042358398,Tesla T4,7.5,2.11.0+cu128,12.8,2026-08-23T19:20:51.391247+00:00
custom_softmax_attention,ca87722a00ebf585cd788c67949e7c0b32dca788,1,8,2048,64,float32,25,100,96,4212.736129760742,Tesla T4,7.5,2.11.0+cu128,12.8,2026-08-23T19:20:51.391247+00:00
custom_softmax_attention,ca87722a00ebf585cd788c67949e7c0b32dca788,1,8,2048,64,float32,25,100,97,4185.887813568115,Tesla T4,7.5,2.11.0+cu128,12.8,2026-08-23T19:20:51.391247+00:00
custom_softmax_attention,ca87722a00ebf585cd788c67949e7c0b32dca788,1,8,2048,64,float32,25,100,98,4155.7440757751465,Tesla T4,7.5,2.11.0+cu128,12.8,2026-08-23T19:20:51.391247+00:00
custom_softmax_attention,ca87722a00ebf585cd788c67949e7c0b32dca788,1,8,2048,64,float32,25,100,99,4147.2320556640625,Tesla T4,7.5,2.11.0+cu128,12.8,2026-08-23T19:20:51.391247+00:00
pytorch_sdpa,ca87722a00ebf585cd788c67949e7c0b32dca788,1,8,2048,64,float32,25,100,0,1771.0720300674438,Tesla T4,7.5,2.11.0+cu128,12.8,2026-08-23T19:20:51.614019+00:00
pytorch_sdpa,ca87722a00ebf585cd788c67949e7c0b32dca788,1,8,2048,64,float32,25,100,1,1775.2959728240967,Tesla T4,7.5,2.11.0+cu128,12.8,2026-08-23T19:20:51.614019+00:00
pytorch_sdpa,ca87722a00ebf585cd788c67949e7c0b32dca788,1,8,2048,64,float32,25,100,2,1796.6079711914062,Tesla T4,7.5,2.11.0+cu128,12.8,2026-08-23T19:20:51.614019+00:00
pytorch_sdpa,ca87722a00ebf585cd788c67949e7c0b32dca788,1,8,2048,64,float32,25,100,3,1765.3759717941284,Tesla T4,7.5,2.11.0+cu128,12.8,2026-08-23T19:20:51.614019+00:00
pytorch_sdpa,ca87722a00ebf585cd788c67949e7c0b32dca788,1,8,2048,64,float32,25,100,4,1789.9199724197388,Tesla T4,7.5,2.11.0+cu128,12.8,2026-08-23T19:20:51.614019+00:00
pytorch_sdpa,ca87722a00ebf585cd788c67949e7c0b32dca788,1,8,2048,64,float32,25,100,5,1724.4160175323486,Tesla T4,7.5,2.11.0+cu128,12.8,2026-08-23T19:20:51.614019+00:00
pytorch_sdpa,ca87722a00ebf585cd788c67949e7c0b32dca788,1,8,2048,64,float32,25,100,6,1843.0720567703247,Tesla T4,7.5,2.11.0+cu128,12.8,2026-08-23T19:20:51.614019+00:00
pytorch_sdpa,ca87722a00ebf585cd788c67949e7c0b32dca788,1,8,2048,64,float32,25,100,7,1745.1519966125488,Tesla T4,7.5,2.11.0+cu128,12.8,2026-08-23T19:20:51.614019+00:00
pytorch_sdpa,ca87722a00ebf585cd788c67949e7c0b32dca788,1,8,2048,64,float32,25,100,8,1820.6720352172852,Tesla T4,7.5,2.11.0+cu128,12.8,2026-08-23T19:20:51.614019+00:00
pytorch_sdpa,ca87722a00ebf585cd788c67949e7c0b32dca788,1,8,2048,64,float32,25,100,9,1758.4320306777954,Tesla T4,7.5,2.11.0+cu128,12.8,2026-08-23T19:20:51.614019+00:00
pytorch_sdpa,ca87722a00ebf585cd788c67949e7c0b32dca788,1,8,2048,64,float32,25,100,10,1763.3600234985352,Tesla T4,7.5,2.11.0+cu128,12.8,2026-08-23T19:20:51.614019+00:00
pytorch_sdpa,ca87722a00ebf585cd788c67949e7c0b32dca788,1,8,2048,64,float32,25,100,11,1677.1199703216553,Tesla T4,7.5,2.11.0+cu128,12.8,2026-08-23T19:20:51.614019+00:00
pytorch_sdpa,ca87722a00ebf585cd788c67949e7c0b32dca788,1,8,2048,64,float32,25,100,12,1718.559980392456,Tesla T4,7.5,2.11.0+cu128,12.8,2026-08-23T19:20:51.614019+00:00
pytorch_sdpa,ca87722a00ebf585cd788c67949e7c0b32dca788,1,8,2048,64,float32,25,100,13,1719.7439670562744,Tesla T4,7.5,2.11.0+cu128,12.8,2026-08-23T19:20:51.614019+00:00
pytorch_sdpa,ca87722a00ebf585cd788c67949e7c0b32dca788,1,8,2048,64,float32,25,100,14,1716.480016708374,Tesla T4,7.5,2.11.0+cu128,12.8,2026-08-23T19:20:51.614019+00:00
pytorch_sdpa,ca87722a00ebf585cd788c67949e7c0b32dca788,1,8,2048,64,float32,25,100,15,1826.8159627914429,Tesla T4,7.5,2.11.0+cu128,12.8,2026-08-23T19:20:51.614019+00:00
pytorch_sdpa,ca87722a00ebf585cd788c67949e7c0b32dca788,1,8,2048,64,float32,25,100,16,1773.9520072937012,Tesla T4,7.5,2.11.0+cu128,12.8,2026-08-23T19:20:51.614019+00:00
pytorch_sdpa,ca87722a00ebf585cd788c67949e7c0b32dca788,1,8,2048,64,float32,25,100,17,1761.2799406051636,Tesla T4,7.5,2.11.0+cu128,12.8,2026-08-23T19:20:51.614019+00:00
pytorch_sdpa,ca87722a00ebf585cd788c67949e7c0b32dca788,1,8,2048,64,float32,25,100,18,1716.223955154419,Tesla T4,7.5,2.11.0+cu128,12.8,2026-08-23T19:20:51.614019+00:00
pytorch_sdpa,ca87722a00ebf585cd788c67949e7c0b32dca788,1,8,2048,64,float32,25,100,19,1749.0240335464478,Tesla T4,7.5,2.11.0+cu128,12.8,2026-08-23T19:20:51.614019+00:00
pytorch_sdpa,ca87722a00ebf585cd788c67949e7c0b32dca788,1,8,2048,64,float32,25,100,20,1698.4959840774536,Tesla T4,7.5,2.11.0+cu128,12.8,2026-08-23T19:20:51.614019+00:00
pytorch_sdpa,ca87722a00ebf585cd788c67949e7c0b32dca788,1,8,2048,64,float32,25,100,21,1656.831979751587,Tesla T4,7.5,2.11.0+cu128,12.8,2026-08-23T19:20:51.614019+00:00
pytorch_sdpa,ca87722a00ebf585cd788c67949e7c0b32dca788,1,8,2048,64,float32,25,100,22,1667.072057723999,Tesla T4,7.5,2.11.0+cu128,12.8,2026-08-23T19:20:51.614019+00:00
pytorch_sdpa,ca87722a00ebf585cd788c67949e7c0b32dca788,1,8,2048,64,float32,25,100,23,1703.104019165039,Tesla T4,7.5,2.11.0+cu128,12.8,2026-08-23T19:20:51.614019+00:00
pytorch_sdpa,ca87722a00ebf585cd788c67949e7c0b32dca788,1,8,2048,64,float32,25,100,24,1695.7440376281738,Tesla T4,7.5,2.11.0+cu128,12.8,2026-08-23T19:20:51.614019+00:00
pytorch_sdpa,ca87722a00ebf585cd788c67949e7c0b32dca788,1,8,2048,64,float32,25,100,25,1642.5600051879883,Tesla T4,7.5,2.11.0+cu128,12.8,2026-08-23T19:20:51.614019+00:00
pytorch_sdpa,ca87722a00ebf585cd788c67949e7c0b32dca788,1,8,2048,64,float32,25,100,26,1644.4480419158936,Tesla T4,7.5,2.11.0+cu128,12.8,2026-08-23T19:20:51.614019+00:00
pytorch_sdpa,ca87722a00ebf585cd788c67949e7c0b32dca788,1,8,2048,64,float32,25,100,27,1669.119954109192,Tesla T4,7.5,2.11.0+cu128,12.8,2026-08-23T19:20:51.614019+00:00
pytorch_sdpa,ca87722a00ebf585cd788c67949e7c0b32dca788,1,8,2048,64,float32,25,100,28,1654.8479795455933,Tesla T4,7.5,2.11.0+cu128,12.8,2026-08-23T19:20:51.614019+00:00
pytorch_sdpa,ca87722a00ebf585cd788c67949e7c0b32dca788,1,8,2048,64,float32,25,100,29,1660.5759859085083,Tesla T4,7.5,2.11.0+cu128,12.8,2026-08-23T19:20:51.614019+00:00
pytorch_sdpa,ca87722a00ebf585cd788c67949e7c0b32dca788,1,8,2048,64,float32,25,100,30,1660.5759859085083,Tesla T4,7.5,2.11.0+cu128,12.8,2026-08-23T19:20:51.614019+00:00
pytorch_sdpa,ca87722a00ebf585cd788c67949e7c0b32dca788,1,8,2048,64,float32,25,100,31,1597.5680351257324,Tesla T4,7.5,2.11.0+cu128,12.8,2026-08-23T19:20:51.614019+00:00
pytorch_sdpa,ca87722a00ebf585cd788c67949e7c0b32dca788,1,8,2048,64,float32,25,100,32,1646.2719440460205,Tesla T4,7.5,2.11.0+cu128,12.8,2026-08-23T19:20:51.614019+00:00
pytorch_sdpa,ca87722a00ebf585cd788c67949e7c0b32dca788,1,8,2048,64,float32,25,100,33,1637.9200220108032,Tesla T4,7.5,2.11.0+cu128,12.8,2026-08-23T19:20:51.614019+00:00
pytorch_sdpa,ca87722a00ebf585cd788c67949e7c0b32dca788,1,8,2048,64,float32,25,100,34,1616.8320178985596,Tesla T4,7.5,2.11.0+cu128,12.8,2026-08-23T19:20:51.614019+00:00
pytorch_sdpa,ca87722a00ebf585cd788c67949e7c0b32dca788,1,8,2048,64,float32,25,100,35,1635.2319717407227,Tesla T4,7.5,2.11.0+cu128,12.8,2026-08-23T19:20:51.614019+00:00
pytorch_sdpa,ca87722a00ebf585cd788c67949e7c0b32dca788,1,8,2048,64,float32,25,100,36,1573.9840269088745,Tesla T4,7.5,2.11.0+cu128,12.8,2026-08-23T19:20:51.614019+00:00
pytorch_sdpa,ca87722a00ebf585cd788c67949e7c0b32dca788,1,8,2048,64,float32,25,100,37,1574.9119520187378,Tesla T4,7.5,2.11.0+cu128,12.8,2026-08-23T19:20:51.614019+00:00
pytorch_sdpa,ca87722a00ebf585cd788c67949e7c0b32dca788,1,8,2048,64,float32,25,100,38,1632.1280002593994,Tesla T4,7.5,2.11.0+cu128,12.8,2026-08-23T19:20:51.614019+00:00
pytorch_sdpa,ca87722a00ebf585cd788c67949e7c0b32dca788,1,8,2048,64,float32,25,100,39,1635.3919506072998,Tesla T4,7.5,2.11.0+cu128,12.8,2026-08-23T19:20:51.614019+00:00
pytorch_sdpa,ca87722a00ebf585cd788c67949e7c0b32dca788,1,8,2048,64,float32,25,100,40,1602.1440029144287,Tesla T4,7.5,2.11.0+cu128,12.8,2026-08-23T19:20:51.614019+00:00
pytorch_sdpa,ca87722a00ebf585cd788c67949e7c0b32dca788,1,8,2048,64,float32,25,100,41,1598.7199544906616,Tesla T4,7.5,2.11.0+cu128,12.8,2026-08-23T19:20:51.614019+00:00
pytorch_sdpa,ca87722a00ebf585cd788c67949e7c0b32dca788,1,8,2048,64,float32,25,100,42,1687.168002128601,Tesla T4,7.5,2.11.0+cu128,12.8,2026-08-23T19:20:51.614019+00:00
pytorch_sdpa,ca87722a00ebf585cd788c67949e7c0b32dca788,1,8,2048,64,float32,25,100,43,1687.615990638733,Tesla T4,7.5,2.11.0+cu128,12.8,2026-08-23T19:20:51.614019+00:00
pytorch_sdpa,ca87722a00ebf585cd788c67949e7c0b32dca788,1,8,2048,64,float32,25,100,44,1571.2000131607056,Tesla T4,7.5,2.11.0+cu128,12.8,2026-08-23T19:20:51.614019+00:00
pytorch_sdpa,ca87722a00ebf585cd788c67949e7c0b32dca788,1,8,2048,64,float32,25,100,45,1687.6800060272217,Tesla T4,7.5,2.11.0+cu128,12.8,2026-08-23T19:20:51.614019+00:00
pytorch_sdpa,ca87722a00ebf585cd788c67949e7c0b32dca788,1,8,2048,64,float32,25,100,46,1739.7119998931885,Tesla T4,7.5,2.11.0+cu128,12.8,2026-08-23T19:20:51.614019+00:00
pytorch_sdpa,ca87722a00ebf585cd788c67949e7c0b32dca788,1,8,2048,64,float32,25,100,47,1676.800012588501,Tesla T4,7.5,2.11.0+cu128,12.8,2026-08-23T19:20:51.614019+00:00
pytorch_sdpa,ca87722a00ebf585cd788c67949e7c0b32dca788,1,8,2048,64,float32,25,100,48,1626.1119842529297,Tesla T4,7.5,2.11.0+cu128,12.8,2026-08-23T19:20:51.614019+00:00
pytorch_sdpa,ca87722a00ebf585cd788c67949e7c0b32dca788,1,8,2048,64,float32,25,100,49,1689.8880004882812,Tesla T4,7.5,2.11.0+cu128,12.8,2026-08-23T19:20:51.614019+00:00
pytorch_sdpa,ca87722a00ebf585cd788c67949e7c0b32dca788,1,8,2048,64,float32,25,100,50,1679.360032081604,Tesla T4,7.5,2.11.0+cu128,12.8,2026-08-23T19:20:51.614019+00:00
pytorch_sdpa,ca87722a00ebf585cd788c67949e7c0b32dca788,1,8,2048,64,float32,25,100,51,1700.7039785385132,Tesla T4,7.5,2.11.0+cu128,12.8,2026-08-23T19:20:51.614019+00:00
pytorch_sdpa,ca87722a00ebf585cd788c67949e7c0b32dca788,1,8,2048,64,float32,25,100,52,1623.039960861206,Tesla T4,7.5,2.11.0+cu128,12.8,2026-08-23T19:20:51.614019+00:00
pytorch_sdpa,ca87722a00ebf585cd788c67949e7c0b32dca788,1,8,2048,64,float32,25,100,53,1615.8720254898071,Tesla T4,7.5,2.11.0+cu128,12.8,2026-08-23T19:20:51.614019+00:00
pytorch_sdpa,ca87722a00ebf585cd788c67949e7c0b32dca788,1,8,2048,64,float32,25,100,54,1620.1280355453491,Tesla T4,7.5,2.11.0+cu128,12.8,2026-08-23T19:20:51.614019+00:00
pytorch_sdpa,ca87722a00ebf585cd788c67949e7c0b32dca788,1,8,2048,64,float32,25,100,55,1681.2160015106201,Tesla T4,7.5,2.11.0+cu128,12.8,2026-08-23T19:20:51.614019+00:00
pytorch_sdpa,ca87722a00ebf585cd788c67949e7c0b32dca788,1,8,2048,64,float32,25,100,56,1689.2160177230835,Tesla T4,7.5,2.11.0+cu128,12.8,2026-08-23T19:20:51.614019+00:00
pytorch_sdpa,ca87722a00ebf585cd788c67949e7c0b32dca788,1,8,2048,64,float32,25,100,57,1649.183988571167,Tesla T4,7.5,2.11.0+cu128,12.8,2026-08-23T19:20:51.614019+00:00
pytorch_sdpa,ca87722a00ebf585cd788c67949e7c0b32dca788,1,8,2048,64,float32,25,100,58,1679.360032081604,Tesla T4,7.5,2.11.0+cu128,12.8,2026-08-23T19:20:51.614019+00:00
pytorch_sdpa,ca87722a00ebf585cd788c67949e7c0b32dca788,1,8,2048,64,float32,25,100,59,1643.7760591506958,Tesla T4,7.5,2.11.0+cu128,12.8,2026-08-23T19:20:51.614019+00:00
pytorch_sdpa,ca87722a00ebf585cd788c67949e7c0b32dca788,1,8,2048,64,float32,25,100,60,1767.4239873886108,Tesla T4,7.5,2.11.0+cu128,12.8,2026-08-23T19:20:51.614019+00:00
pytorch_sdpa,ca87722a00ebf585cd788c67949e7c0b32dca788,1,8,2048,64,float32,25,100,61,1645.8560228347778,Tesla T4,7.5,2.11.0+cu128,12.8,2026-08-23T19:20:51.614019+00:00
pytorch_sdpa,ca87722a00ebf585cd788c67949e7c0b32dca788,1,8,2048,64,float32,25,100,62,1632.5440406799316,Tesla T4,7.5,2.11.0+cu128,12.8,2026-08-23T19:20:51.614019+00:00
pytorch_sdpa,ca87722a00ebf585cd788c67949e7c0b32dca788,1,8,2048,64,float32,25,100,63,1582.6560258865356,Tesla T4,7.5,2.11.0+cu128,12.8,2026-08-23T19:20:51.614019+00:00
pytorch_sdpa,ca87722a00ebf585cd788c67949e7c0b32dca788,1,8,2048,64,float32,25,100,64,1637.8560066223145,Tesla T4,7.5,2.11.0+cu128,12.8,2026-08-23T19:20:51.614019+00:00
pytorch_sdpa,ca87722a00ebf585cd788c67949e7c0b32dca788,1,8,2048,64,float32,25,100,65,1597.823977470398,Tesla T4,7.5,2.11.0+cu128,12.8,2026-08-23T19:20:51.614019+00:00
pytorch_sdpa,ca87722a00ebf585cd788c67949e7c0b32dca788,1,8,2048,64,float32,25,100,66,1616.6080236434937,Tesla T4,7.5,2.11.0+cu128,12.8,2026-08-23T19:20:51.614019+00:00
pytorch_sdpa,ca87722a00ebf585cd788c67949e7c0b32dca788,1,8,2048,64,float32,25,100,67,1708.0320119857788,Tesla T4,7.5,2.11.0+cu128,12.8,2026-08-23T19:20:51.614019+00:00
pytorch_sdpa,ca87722a00ebf585cd788c67949e7c0b32dca788,1,8,2048,64,float32,25,100,68,1578.0479907989502,Tesla T4,7.5,2.11.0+cu128,12.8,2026-08-23T19:20:51.614019+00:00
pytorch_sdpa,ca87722a00ebf585cd788c67949e7c0b32dca788,1,8,2048,64,float32,25,100,69,1630.2080154418945,Tesla T4,7.5,2.11.0+cu128,12.8,2026-08-23T19:20:51.614019+00:00
pytorch_sdpa,ca87722a00ebf585cd788c67949e7c0b32dca788,1,8,2048,64,float32,25,100,70,1601.7600297927856,Tesla T4,7.5,2.11.0+cu128,12.8,2026-08-23T19:20:51.614019+00:00
pytorch_sdpa,ca87722a00ebf585cd788c67949e7c0b32dca788,1,8,2048,64,float32,25,100,71,1647.0719575881958,Tesla T4,7.5,2.11.0+cu128,12.8,2026-08-23T19:20:51.614019+00:00
pytorch_sdpa,ca87722a00ebf585cd788c67949e7c0b32dca788,1,8,2048,64,float32,25,100,72,1657.7919721603394,Tesla T4,7.5,2.11.0+cu128,12.8,2026-08-23T19:20:51.614019+00:00
pytorch_sdpa,ca87722a00ebf585cd788c67949e7c0b32dca788,1,8,2048,64,float32,25,100,73,1673.2159852981567,Tesla T4,7.5,2.11.0+cu128,12.8,2026-08-23T19:20:51.614019+00:00
pytorch_sdpa,ca87722a00ebf585cd788c67949e7c0b32dca788,1,8,2048,64,float32,25,100,74,1671.1679697036743,Tesla T4,7.5,2.11.0+cu128,12.8,2026-08-23T19:20:51.614019+00:00
pytorch_sdpa,ca87722a00ebf585cd788c67949e7c0b32dca788,1,8,2048,64,float32,25,100,75,1649.8240232467651,Tesla T4,7.5,2.11.0+cu128,12.8,2026-08-23T19:20:51.614019+00:00
pytorch_sdpa,ca87722a00ebf585cd788c67949e7c0b32dca788,1,8,2048,64,float32,25,100,76,1726.207971572876,Tesla T4,7.5,2.11.0+cu128,12.8,2026-08-23T19:20:51.614019+00:00
pytorch_sdpa,ca87722a00ebf585cd788c67949e7c0b32dca788,1,8,2048,64,float32,25,100,77,1642.6559686660767,Tesla T4,7.5,2.11.0+cu128,12.8,2026-08-23T19:20:51.614019+00:00
pytorch_sdpa,ca87722a00ebf585cd788c67949e7c0b32dca788,1,8,2048,64,float32,25,100,78,1663.1360054016113,Tesla T4,7.5,2.11.0+cu128,12.8,2026-08-23T19:20:51.614019+00:00
pytorch_sdpa,ca87722a00ebf585cd788c67949e7c0b32dca788,1,8,2048,64,float32,25,100,79,1643.9679861068726,Tesla T4,7.5,2.11.0+cu128,12.8,2026-08-23T19:20:51.614019+00:00
pytorch_sdpa,ca87722a00ebf585cd788c67949e7c0b32dca788,1,8,2048,64,float32,25,100,80,1687.5519752502441,Tesla T4,7.5,2.11.0+cu128,12.8,2026-08-23T19:20:51.614019+00:00
pytorch_sdpa,ca87722a00ebf585cd788c67949e7c0b32dca788,1,8,2048,64,float32,25,100,81,1730.5599451065063,Tesla T4,7.5,2.11.0+cu128,12.8,2026-08-23T19:20:51.614019+00:00
pytorch_sdpa,ca87722a00ebf585cd788c67949e7c0b32dca788,1,8,2048,64,float32,25,100,82,1703.935980796814,Tesla T4,7.5,2.11.0+cu128,12.8,2026-08-23T19:20:51.614019+00:00
pytorch_sdpa,ca87722a00ebf585cd788c67949e7c0b32dca788,1,8,2048,64,float32,25,100,83,1632.7359676361084,Tesla T4,7.5,2.11.0+cu128,12.8,2026-08-23T19:20:51.614019+00:00
pytorch_sdpa,ca87722a00ebf585cd788c67949e7c0b32dca788,1,8,2048,64,float32,25,100,84,1668.287992477417,Tesla T4,7.5,2.11.0+cu128,12.8,2026-08-23T19:20:51.614019+00:00
pytorch_sdpa,ca87722a00ebf585cd788c67949e7c0b32dca788,1,8,2048,64,float32,25,100,85,1591.2959575653076,Tesla T4,7.5,2.11.0+cu128,12.8,2026-08-23T19:20:51.614019+00:00
pytorch_sdpa,ca87722a00ebf585cd788c67949e7c0b32dca788,1,8,2048,64,float32,25,100,86,1697.8880167007446,Tesla T4,7.5,2.11.0+cu128,12.8,2026-08-23T19:20:51.614019+00:00
pytorch_sdpa,ca87722a00ebf585cd788c67949e7c0b32dca788,1,8,2048,64,float32,25,100,87,1630.8799982070923,Tesla T4,7.5,2.11.0+cu128,12.8,2026-08-23T19:20:51.614019+00:00
pytorch_sdpa,ca87722a00ebf585cd788c67949e7c0b32dca788,1,8,2048,64,float32,25,100,88,1604.2879819869995,Tesla T4,7.5,2.11.0+cu128,12.8,2026-08-23T19:20:51.614019+00:00
pytorch_sdpa,ca87722a00ebf585cd788c67949e7c0b32dca788,1,8,2048,64,float32,25,100,89,1627.6479959487915,Tesla T4,7.5,2.11.0+cu128,12.8,2026-08-23T19:20:51.614019+00:00
pytorch_sdpa,ca87722a00ebf585cd788c67949e7c0b32dca788,1,8,2048,64,float32,25,100,90,1683.5839748382568,Tesla T4,7.5,2.11.0+cu128,12.8,2026-08-23T19:20:51.614019+00:00
pytorch_sdpa,ca87722a00ebf585cd788c67949e7c0b32dca788,1,8,2048,64,float32,25,100,91,1642.4959897994995,Tesla T4,7.5,2.11.0+cu128,12.8,2026-08-23T19:20:51.614019+00:00
pytorch_sdpa,ca87722a00ebf585cd788c67949e7c0b32dca788,1,8,2048,64,float32,25,100,92,1630.2080154418945,Tesla T4,7.5,2.11.0+cu128,12.8,2026-08-23T19:20:51.614019+00:00
pytorch_sdpa,ca87722a00ebf585cd788c67949e7c0b32dca788,1,8,2048,64,float32,25,100,93,1618.783950805664,Tesla T4,7.5,2.11.0+cu128,12.8,2026-08-23T19:20:51.614019+00:00
pytorch_sdpa,ca87722a00ebf585cd788c67949e7c0b32dca788,1,8,2048,64,float32,25,100,94,1630.2080154418945,Tesla T4,7.5,2.11.0+cu128,12.8,2026-08-23T19:20:51.614019+00:00
pytorch_sdpa,ca87722a00ebf585cd788c67949e7c0b32dca788,1,8,2048,64,float32,25,100,95,1636.0960006713867,Tesla T4,7.5,2.11.0+cu128,12.8,2026-08-23T19:20:51.614019+00:00
pytorch_sdpa,ca87722a00ebf585cd788c67949e7c0b32dca788,1,8,2048,64,float32,25,100,96,1573.3439922332764,Tesla T4,7.5,2.11.0+cu128,12.8,2026-08-23T19:20:51.614019+00:00
pytorch_sdpa,ca87722a00ebf585cd788c67949e7c0b32dca788,1,8,2048,64,float32,25,100,97,1598.9760160446167,Tesla T4,7.5,2.11.0+cu128,12.8,2026-08-23T19:20:51.614019+00:00
pytorch_sdpa,ca87722a00ebf585cd788c67949e7c0b32dca788,1,8,2048,64,float32,25,100,98,1679.360032081604,Tesla T4,7.5,2.11.0+cu128,12.8,2026-08-23T19:20:51.614019+00:00
pytorch_sdpa,ca87722a00ebf585cd788c67949e7c0b32dca788,1,8,2048,64,float32,25,100,99,1609.4080209732056,Tesla T4,7.5,2.11.0+cu128,12.8,2026-08-23T19:20:51.614019+00:00
